left_group,left_path,left_split,phash_distance,right_group,right_path,right_split
arabic-003_03,train/bonafide/huawei/arabic-003_03.jpg,train,4,arabic-005_03,train/bonafide/huawei/arabic-005_03.jpg,dev
arabic-003_03,train/bonafide/huawei/arabic-003_03.jpg,train,4,arabic-005_03,train/attack/digital_2/iphone15pro/arabic-005_03.jpg,dev
arabic-003_03,train/bonafide/huawei/arabic-003_03.jpg,train,4,arabic-005_03,test/attack/digital_3/huawei/arabic-005_03.jpg,dev
arabic-NM-1029,train/bonafide/huawei/arabic-NM-1029.jpg,train,4,arabic-NM-1064,train/attack/digital_1/huawei/arabic-NM-1064.jpg,dev
chinese-018_03,train/bonafide/huawei/chinese-018_03.jpg,train,2,chinese-039_03,train/bonafide/huawei/chinese-039_03.jpg,dev
chinese-018_03,train/bonafide/huawei/chinese-018_03.jpg,train,4,chinese-142_03,train/bonafide/huawei/chinese-142_03.jpg,dev
chinese-018_03,train/bonafide/huawei/chinese-018_03.jpg,train,4,chinese-039_03,train/attack/digital_2/huawei/chinese-039_03.jpg,dev
chinese-018_03,train/bonafide/huawei/chinese-018_03.jpg,train,4,chinese-142_03,train/attack/digital_2/huawei/chinese-142_03.jpg,dev
chinese-018_03,train/bonafide/huawei/chinese-018_03.jpg,train,4,chinese-039_03,train/attack/digital_1/huawei/chinese-039_03.jpg,dev
chinese-018_03,train/bonafide/huawei/chinese-018_03.jpg,train,2,chinese-039_03,test/attack/digital_3/huawei/chinese-039_03.jpg,dev
chinese-018_03,train/bonafide/huawei/chinese-018_03.jpg,train,4,chinese-142_03,test/attack/digital_3/huawei/chinese-142_03.jpg,dev
chinese-018_03,train/bonafide/huawei/chinese-018_03.jpg,train,4,chinese-020_03,train/bonafide/huawei/chinese-020_03.jpg,internal_test
chinese-018_03,train/bonafide/huawei/chinese-018_03.jpg,train,4,chinese-020_03,train/attack/digital_2/huawei/chinese-020_03.jpg,internal_test
chinese-018_03,train/bonafide/huawei/chinese-018_03.jpg,train,4,chinese-020_03,train/attack/digital_1/huawei/chinese-020_03.jpg,internal_test
chinese-018_03,train/bonafide/huawei/chinese-018_03.jpg,train,4,chinese-020_03,train/attack/digital_1/iphone15pro/chinese-020_03.jpg,internal_test
chinese-018_03,train/bonafide/huawei/chinese-018_03.jpg,train,4,chinese-020_03,test/attack/digital_3/huawei/chinese-020_03.jpg,internal_test
chinese-081_03,train/bonafide/huawei/chinese-081_03.jpg,train,2,chinese-039_03,train/bonafide/huawei/chinese-039_03.jpg,dev
chinese-081_03,train/bonafide/huawei/chinese-081_03.jpg,train,4,chinese-039_03,train/attack/digital_2/huawei/chinese-039_03.jpg,dev
chinese-081_03,train/bonafide/huawei/chinese-081_03.jpg,train,2,chinese-039_03,train/attack/digital_1/huawei/chinese-039_03.jpg,dev
chinese-081_03,train/bonafide/huawei/chinese-081_03.jpg,train,4,chinese-142_03,train/attack/digital_1/huawei/chinese-142_03.jpg,dev
chinese-081_03,train/bonafide/huawei/chinese-081_03.jpg,train,4,chinese-039_03,train/attack/digital_1/scan/chinese-039_03.jpg,dev
chinese-081_03,train/bonafide/huawei/chinese-081_03.jpg,train,4,chinese-039_03,test/attack/digital_3/scan/chinese-039_03.jpg,dev
chinese-081_03,train/bonafide/huawei/chinese-081_03.jpg,train,2,chinese-039_03,test/attack/digital_3/huawei/chinese-039_03.jpg,dev
chinese-081_03,train/bonafide/huawei/chinese-081_03.jpg,train,4,chinese-020_03,train/bonafide/huawei/chinese-020_03.jpg,internal_test
chinese-081_03,train/bonafide/huawei/chinese-081_03.jpg,train,4,chinese-020_03,train/attack/digital_2/huawei/chinese-020_03.jpg,internal_test
chinese-081_03,train/bonafide/huawei/chinese-081_03.jpg,train,4,chinese-020_03,train/attack/digital_1/huawei/chinese-020_03.jpg,internal_test
chinese-081_03,train/bonafide/huawei/chinese-081_03.jpg,train,4,chinese-020_03,test/attack/digital_3/huawei/chinese-020_03.jpg,internal_test
chinese-102_03,train/bonafide/huawei/chinese-102_03.jpg,train,4,chinese-142_03,train/bonafide/huawei/chinese-142_03.jpg,dev
chinese-102_03,train/bonafide/huawei/chinese-102_03.jpg,train,4,chinese-142_03,train/attack/digital_2/huawei/chinese-142_03.jpg,dev
chinese-102_03,train/bonafide/huawei/chinese-102_03.jpg,train,4,chinese-142_03,train/attack/digital_1/huawei/chinese-142_03.jpg,dev
chinese-102_03,train/bonafide/huawei/chinese-102_03.jpg,train,4,chinese-142_03,test/attack/digital_3/huawei/chinese-142_03.jpg,dev
chinese-102_03,train/bonafide/huawei/chinese-102_03.jpg,train,4,chinese-020_03,train/bonafide/huawei/chinese-020_03.jpg,internal_test
chinese-102_03,train/bonafide/huawei/chinese-102_03.jpg,train,4,chinese-020_03,train/attack/digital_2/huawei/chinese-020_03.jpg,internal_test
chinese-102_03,train/bonafide/huawei/chinese-102_03.jpg,train,4,chinese-020_03,test/attack/digital_3/huawei/chinese-020_03.jpg,internal_test
chinese-107_03,train/bonafide/huawei/chinese-107_03.jpg,train,2,chinese-039_03,train/bonafide/huawei/chinese-039_03.jpg,dev
chinese-107_03,train/bonafide/huawei/chinese-107_03.jpg,train,4,chinese-142_03,train/bonafide/huawei/chinese-142_03.jpg,dev
chinese-107_03,train/bonafide/huawei/chinese-107_03.jpg,train,4,chinese-039_03,train/bonafide/iphone15pro/chinese-039_03.jpg,dev
chinese-107_03,train/bonafide/huawei/chinese-107_03.jpg,train,4,chinese-039_03,train/bonafide/scan/chinese-039_03.jpg,dev
chinese-107_03,train/bonafide/huawei/chinese-107_03.jpg,train,4,chinese-039_03,train/attack/digital_2/huawei/chinese-039_03.jpg,dev
chinese-107_03,train/bonafide/huawei/chinese-107_03.jpg,train,4,chinese-142_03,train/attack/digital_2/huawei/chinese-142_03.jpg,dev
chinese-107_03,train/bonafide/huawei/chinese-107_03.jpg,train,4,chinese-039_03,train/attack/digital_1/huawei/chinese-039_03.jpg,dev
chinese-107_03,train/bonafide/huawei/chinese-107_03.jpg,train,4,chinese-039_03,test/attack/digital_3/scan/chinese-039_03.jpg,dev
chinese-107_03,train/bonafide/huawei/chinese-107_03.jpg,train,2,chinese-039_03,test/attack/digital_3/huawei/chinese-039_03.jpg,dev
chinese-107_03,train/bonafide/huawei/chinese-107_03.jpg,train,4,chinese-142_03,test/attack/digital_3/huawei/chinese-142_03.jpg,dev
chinese-107_03,train/bonafide/huawei/chinese-107_03.jpg,train,4,chinese-020_03,train/bonafide/huawei/chinese-020_03.jpg,internal_test
chinese-107_03,train/bonafide/huawei/chinese-107_03.jpg,train,4,chinese-020_03,train/attack/digital_2/huawei/chinese-020_03.jpg,internal_test
chinese-107_03,train/bonafide/huawei/chinese-107_03.jpg,train,4,chinese-020_03,train/attack/digital_1/huawei/chinese-020_03.jpg,internal_test
chinese-107_03,train/bonafide/huawei/chinese-107_03.jpg,train,4,chinese-020_03,train/attack/digital_1/iphone15pro/chinese-020_03.jpg,internal_test
chinese-107_03,train/bonafide/huawei/chinese-107_03.jpg,train,4,chinese-020_03,test/attack/digital_3/huawei/chinese-020_03.jpg,internal_test
chinese-113_03,train/bonafide/huawei/chinese-113_03.jpg,train,4,chinese-039_03,train/bonafide/huawei/chinese-039_03.jpg,dev
chinese-113_03,train/bonafide/huawei/chinese-113_03.jpg,train,4,chinese-142_03,train/bonafide/huawei/chinese-142_03.jpg,dev
chinese-113_03,train/bonafide/huawei/chinese-113_03.jpg,train,4,chinese-142_03,train/attack/digital_2/huawei/chinese-142_03.jpg,dev
chinese-113_03,train/bonafide/huawei/chinese-113_03.jpg,train,4,chinese-039_03,test/attack/digital_3/huawei/chinese-039_03.jpg,dev
chinese-113_03,train/bonafide/huawei/chinese-113_03.jpg,train,4,chinese-142_03,test/attack/digital_3/huawei/chinese-142_03.jpg,dev
chinese-113_03,train/bonafide/huawei/chinese-113_03.jpg,train,4,chinese-020_03,train/bonafide/huawei/chinese-020_03.jpg,internal_test
chinese-113_03,train/bonafide/huawei/chinese-113_03.jpg,train,4,chinese-020_03,train/attack/digital_2/huawei/chinese-020_03.jpg,internal_test
chinese-113_03,train/bonafide/huawei/chinese-113_03.jpg,train,4,chinese-020_03,train/attack/digital_1/huawei/chinese-020_03.jpg,internal_test
chinese-113_03,train/bonafide/huawei/chinese-113_03.jpg,train,4,chinese-020_03,train/attack/digital_1/iphone15pro/chinese-020_03.jpg,internal_test
chinese-113_03,train/bonafide/huawei/chinese-113_03.jpg,train,4,chinese-020_03,test/attack/digital_3/huawei/chinese-020_03.jpg,internal_test
french-044_03,train/bonafide/huawei/french-044_03.jpg,train,4,french-033_03,train/bonafide/huawei/french-033_03.jpg,dev
french-044_03,train/bonafide/huawei/french-044_03.jpg,train,4,french-033_03,train/bonafide/iphone15pro/french-033_03.jpg,dev
french-044_03,train/bonafide/huawei/french-044_03.jpg,train,4,french-033_03,train/bonafide/scan/french-033_03.jpg,dev
french-044_03,train/bonafide/huawei/french-044_03.jpg,train,4,french-033_03,train/attack/digital_2/iphone15pro/french-033_03.jpg,dev
french-044_03,train/bonafide/huawei/french-044_03.jpg,train,4,french-033_03,train/attack/digital_2/scan/french-033_03.jpg,dev
french-044_03,train/bonafide/huawei/french-044_03.jpg,train,4,french-033_03,train/attack/digital_2/huawei/french-033_03.jpg,dev
french-044_03,train/bonafide/huawei/french-044_03.jpg,train,4,french-033_03,train/attack/digital_1/iphone15pro/french-033_03.jpg,dev
french-044_03,train/bonafide/huawei/french-044_03.jpg,train,4,french-033_03,test/attack/digital_3/scan/french-033_03.jpg,dev
french-044_03,train/bonafide/huawei/french-044_03.jpg,train,2,french-033_03,test/attack/digital_3/huawei/french-033_03.jpg,dev
french-044_03,train/bonafide/huawei/french-044_03.jpg,train,4,french-033_03,test/attack/digital_3/iphone15pro/french-033_03.jpg,dev
french-044_03,train/bonafide/huawei/french-044_03.jpg,train,2,french-022_03,train/bonafide/huawei/french-022_03.jpg,internal_test
french-044_03,train/bonafide/huawei/french-044_03.jpg,train,4,french-068_03,train/bonafide/huawei/french-068_03.jpg,internal_test
french-044_03,train/bonafide/huawei/french-044_03.jpg,train,4,french-022_03,train/bonafide/scan/french-022_03.jpg,internal_test
french-044_03,train/bonafide/huawei/french-044_03.jpg,train,4,french-022_03,train/attack/digital_2/scan/french-022_03.jpg,internal_test
french-044_03,train/bonafide/huawei/french-044_03.jpg,train,4,french-068_03,train/attack/digital_2/huawei/french-068_03.jpg,internal_test
french-044_03,train/bonafide/huawei/french-044_03.jpg,train,2,french-022_03,train/attack/digital_2/huawei/french-022_03.jpg,internal_test
french-044_03,train/bonafide/huawei/french-044_03.jpg,train,4,french-022_03,train/attack/digital_1/huawei/french-022_03.jpg,internal_test
french-044_03,train/bonafide/huawei/french-044_03.jpg,train,4,french-068_03,train/attack/digital_1/huawei/french-068_03.jpg,internal_test
french-044_03,train/bonafide/huawei/french-044_03.jpg,train,4,french-022_03,train/attack/digital_1/scan/french-022_03.jpg,internal_test
french-044_03,train/bonafide/huawei/french-044_03.jpg,train,4,french-022_03,test/attack/digital_3/scan/french-022_03.jpg,internal_test
french-044_03,train/bonafide/huawei/french-044_03.jpg,train,2,french-022_03,test/attack/digital_3/huawei/french-022_03.jpg,internal_test
french-044_03,train/bonafide/huawei/french-044_03.jpg,train,4,french-068_03,test/attack/digital_3/huawei/french-068_03.jpg,internal_test
french-091_03,train/bonafide/huawei/french-091_03.jpg,train,4,french-033_03,train/attack/digital_2/huawei/french-033_03.jpg,dev
french-091_03,train/bonafide/huawei/french-091_03.jpg,train,4,french-033_03,train/attack/digital_1/huawei/french-033_03.jpg,dev
french-091_03,train/bonafide/huawei/french-091_03.jpg,train,4,french-033_03,test/attack/digital_3/huawei/french-033_03.jpg,dev
french-091_03,train/bonafide/huawei/french-091_03.jpg,train,4,french-022_03,train/bonafide/huawei/french-022_03.jpg,internal_test
french-091_03,train/bonafide/huawei/french-091_03.jpg,train,4,french-019_03,train/bonafide/scan/french-019_03.jpg,internal_test
french-091_03,train/bonafide/huawei/french-091_03.jpg,train,4,french-022_03,train/bonafide/scan/french-022_03.jpg,internal_test
french-091_03,train/bonafide/huawei/french-091_03.jpg,train,4,french-022_03,train/attack/digital_2/scan/french-022_03.jpg,internal_test
french-091_03,train/bonafide/huawei/french-091_03.jpg,train,4,french-022_03,train/attack/digital_2/huawei/french-022_03.jpg,internal_test
french-091_03,train/bonafide/huawei/french-091_03.jpg,train,4,french-022_03,train/attack/digital_1/scan/french-022_03.jpg,internal_test
french-091_03,train/bonafide/huawei/french-091_03.jpg,train,4,french-022_03,test/attack/digital_3/scan/french-022_03.jpg,internal_test
french-091_03,train/bonafide/huawei/french-091_03.jpg,train,4,french-022_03,test/attack/digital_3/huawei/french-022_03.jpg,internal_test
french-091_03,train/bonafide/huawei/french-091_03.jpg,train,4,french-128_03,test/attack/digital_3/scan/french-128_03.jpg,internal_test
french-118_03,train/bonafide/huawei/french-118_03.jpg,train,4,french-114_03,train/bonafide/huawei/french-114_03.jpg,dev
french-118_03,train/bonafide/huawei/french-118_03.jpg,train,4,french-114_03,train/bonafide/scan/french-114_03.jpg,dev
french-118_03,train/bonafide/huawei/french-118_03.jpg,train,4,french-114_03,train/attack/digital_2/scan/french-114_03.jpg,dev
french-118_03,train/bonafide/huawei/french-118_03.jpg,train,2,french-033_03,train/attack/digital_2/huawei/french-033_03.jpg,dev
french-118_03,train/bonafide/huawei/french-118_03.jpg,train,4,french-114_03,train/attack/digital_2/huawei/french-114_03.jpg,dev
french-118_03,train/bonafide/huawei/french-118_03.jpg,train,4,french-114_03,train/attack/digital_1/huawei/french-114_03.jpg,dev
french-118_03,train/bonafide/huawei/french-118_03.jpg,train,4,french-114_03,train/attack/digital_1/scan/french-114_03.jpg,dev
french-118_03,train/bonafide/huawei/french-118_03.jpg,train,4,french-033_03,test/attack/digital_3/huawei/french-033_03.jpg,dev
french-118_03,train/bonafide/huawei/french-118_03.jpg,train,4,french-114_03,test/attack/digital_3/scan/french-114_03.jpg,dev
french-118_03,train/bonafide/huawei/french-118_03.jpg,train,4,french-114_03,test/attack/digital_3/huawei/french-114_03.jpg,dev
french-118_03,train/bonafide/huawei/french-118_03.jpg,train,4,french-022_03,train/bonafide/huawei/french-022_03.jpg,internal_test
french-118_03,train/bonafide/huawei/french-118_03.jpg,train,4,french-022_03,train/attack/digital_2/huawei/french-022_03.jpg,internal_test
french-118_03,train/bonafide/huawei/french-118_03.jpg,train,4,french-022_03,test/attack/digital_3/huawei/french-022_03.jpg,internal_test
french-118_03,train/bonafide/huawei/french-118_03.jpg,train,4,french-068_03,test/attack/digital_3/scan/french-068_03.jpg,internal_test
french-124_03,train/bonafide/huawei/french-124_03.jpg,train,4,french-019_03,train/bonafide/huawei/french-019_03.jpg,internal_test
french-124_03,train/bonafide/huawei/french-124_03.jpg,train,4,french-019_03,train/bonafide/scan/french-019_03.jpg,internal_test
french-124_03,train/bonafide/huawei/french-124_03.jpg,train,4,french-019_03,train/attack/digital_2/scan/french-019_03.jpg,internal_test
french-124_03,train/bonafide/huawei/french-124_03.jpg,train,2,french-019_03,train/attack/digital_2/huawei/french-019_03.jpg,internal_test
french-124_03,train/bonafide/huawei/french-124_03.jpg,train,4,french-019_03,train/attack/digital_1/scan/french-019_03.jpg,internal_test
french-124_03,train/bonafide/huawei/french-124_03.jpg,train,4,french-019_03,test/attack/digital_3/scan/french-019_03.jpg,internal_test
french-124_03,train/bonafide/huawei/french-124_03.jpg,train,4,french-019_03,test/attack/digital_3/huawei/french-019_03.jpg,internal_test
french-135_03,train/bonafide/huawei/french-135_03.jpg,train,4,french-033_03,train/bonafide/huawei/french-033_03.jpg,dev
french-135_03,train/bonafide/huawei/french-135_03.jpg,train,4,french-033_03,train/bonafide/iphone15pro/french-033_03.jpg,dev
french-135_03,train/bonafide/huawei/french-135_03.jpg,train,4,french-033_03,train/bonafide/scan/french-033_03.jpg,dev
french-135_03,train/bonafide/huawei/french-135_03.jpg,train,4,french-033_03,train/attack/digital_2/iphone15pro/french-033_03.jpg,dev
french-135_03,train/bonafide/huawei/french-135_03.jpg,train,4,french-033_03,train/attack/digital_2/scan/french-033_03.jpg,dev
french-135_03,train/bonafide/huawei/french-135_03.jpg,train,4,french-033_03,train/attack/digital_1/iphone15pro/french-033_03.jpg,dev
french-135_03,train/bonafide/huawei/french-135_03.jpg,train,4,french-033_03,test/attack/digital_3/scan/french-033_03.jpg,dev
french-135_03,train/bonafide/huawei/french-135_03.jpg,train,4,french-033_03,test/attack/digital_3/iphone15pro/french-033_03.jpg,dev
french-135_03,train/bonafide/huawei/french-135_03.jpg,train,4,french-019_03,train/bonafide/huawei/french-019_03.jpg,internal_test
french-135_03,train/bonafide/huawei/french-135_03.jpg,train,4,french-019_03,train/bonafide/iphone15pro/french-019_03.jpg,internal_test
french-135_03,train/bonafide/huawei/french-135_03.jpg,train,4,french-022_03,train/bonafide/iphone15pro/french-022_03.jpg,internal_test
french-135_03,train/bonafide/huawei/french-135_03.jpg,train,4,french-019_03,train/attack/digital_2/iphone15pro/french-019_03.jpg,internal_test
french-135_03,train/bonafide/huawei/french-135_03.jpg,train,4,french-022_03,train/attack/digital_2/iphone15pro/french-022_03.jpg,internal_test
french-135_03,train/bonafide/huawei/french-135_03.jpg,train,4,french-019_03,train/attack/digital_2/scan/french-019_03.jpg,internal_test
french-135_03,train/bonafide/huawei/french-135_03.jpg,train,4,french-019_03,train/attack/digital_2/huawei/french-019_03.jpg,internal_test
french-135_03,train/bonafide/huawei/french-135_03.jpg,train,0,french-019_03,train/attack/digital_1/huawei/french-019_03.jpg,internal_test
french-135_03,train/bonafide/huawei/french-135_03.jpg,train,2,french-019_03,train/attack/digital_1/iphone15pro/french-019_03.jpg,internal_test
french-135_03,train/bonafide/huawei/french-135_03.jpg,train,4,french-022_03,train/attack/digital_1/iphone15pro/french-022_03.jpg,internal_test
french-135_03,train/bonafide/huawei/french-135_03.jpg,train,4,french-019_03,train/attack/digital_1/scan/french-019_03.jpg,internal_test
french-135_03,train/bonafide/huawei/french-135_03.jpg,train,4,french-019_03,test/attack/digital_3/huawei/french-019_03.jpg,internal_test
french-135_03,train/bonafide/huawei/french-135_03.jpg,train,4,french-019_03,test/attack/digital_3/iphone15pro/french-019_03.jpg,internal_test
french-135_03,train/bonafide/huawei/french-135_03.jpg,train,4,french-022_03,test/attack/digital_3/iphone15pro/french-022_03.jpg,internal_test
indian-108_03,train/bonafide/huawei/indian-108_03.jpg,train,4,indian-038_03,train/bonafide/huawei/indian-038_03.jpg,dev
indian-108_03,train/bonafide/huawei/indian-108_03.jpg,train,4,indian-038_03,train/attack/digital_2/huawei/indian-038_03.jpg,dev
indian-108_03,train/bonafide/huawei/indian-108_03.jpg,train,4,indian-038_03,train/attack/digital_1/huawei/indian-038_03.jpg,dev
indian-108_03,train/bonafide/huawei/indian-108_03.jpg,train,4,indian-038_03,test/attack/digital_3/huawei/indian-038_03.jpg,dev
indian-108_03,train/bonafide/huawei/indian-108_03.jpg,train,4,indian-094_03,train/attack/digital_1/huawei/indian-094_03.jpg,internal_test
persian-010_03,train/bonafide/huawei/persian-010_03.jpg,train,0,persian-122_03,train/bonafide/huawei/persian-122_03.jpg,dev
persian-010_03,train/bonafide/huawei/persian-010_03.jpg,train,2,persian-122_03,train/bonafide/iphone15pro/persian-122_03.jpg,dev
persian-010_03,train/bonafide/huawei/persian-010_03.jpg,train,4,persian-122_03,train/bonafide/scan/persian-122_03.jpg,dev
persian-010_03,train/bonafide/huawei/persian-010_03.jpg,train,2,persian-122_03,train/attack/digital_2/iphone15pro/persian-122_03.jpg,dev
persian-010_03,train/bonafide/huawei/persian-010_03.jpg,train,2,persian-122_03,train/attack/digital_2/scan/persian-122_03.jpg,dev
persian-010_03,train/bonafide/huawei/persian-010_03.jpg,train,2,persian-122_03,train/attack/digital_2/huawei/persian-122_03.jpg,dev
persian-010_03,train/bonafide/huawei/persian-010_03.jpg,train,0,persian-122_03,train/attack/digital_1/huawei/persian-122_03.jpg,dev
persian-010_03,train/bonafide/huawei/persian-010_03.jpg,train,2,persian-122_03,train/attack/digital_1/iphone15pro/persian-122_03.jpg,dev
persian-010_03,train/bonafide/huawei/persian-010_03.jpg,train,2,persian-122_03,train/attack/digital_1/scan/persian-122_03.jpg,dev
persian-010_03,train/bonafide/huawei/persian-010_03.jpg,train,4,persian-122_03,test/attack/digital_3/scan/persian-122_03.jpg,dev
persian-010_03,train/bonafide/huawei/persian-010_03.jpg,train,0,persian-122_03,test/attack/digital_3/huawei/persian-122_03.jpg,dev
persian-010_03,train/bonafide/huawei/persian-010_03.jpg,train,2,persian-122_03,test/attack/digital_3/iphone15pro/persian-122_03.jpg,dev
persian-087_03,train/bonafide/huawei/persian-087_03.jpg,train,4,persian-045_03,train/bonafide/scan/persian-045_03.jpg,dev
persian-087_03,train/bonafide/huawei/persian-087_03.jpg,train,4,persian-045_03,train/attack/digital_1/huawei/persian-045_03.jpg,dev
persian-087_03,train/bonafide/huawei/persian-087_03.jpg,train,4,persian-045_03,test/attack/digital_3/scan/persian-045_03.jpg,dev
persian-144_03,train/bonafide/huawei/persian-144_03.jpg,train,4,persian-122_03,train/attack/digital_2/scan/persian-122_03.jpg,dev
persian-144_03,train/bonafide/huawei/persian-144_03.jpg,train,4,persian-122_03,train/attack/digital_1/scan/persian-122_03.jpg,dev
persian-NF-1001,train/bonafide/huawei/persian-NF-1001.jpg,train,4,persian-NM-1074,train/bonafide/huawei/persian-NM-1074.jpg,internal_test
persian-NF-1001,train/bonafide/huawei/persian-NF-1001.jpg,train,4,persian-NM-1074,train/bonafide/scan/persian-NM-1074.jpg,internal_test
persian-NF-1001,train/bonafide/huawei/persian-NF-1001.jpg,train,4,persian-NM-1074,train/attack/digital_2/scan/persian-NM-1074.jpg,internal_test
persian-NF-1001,train/bonafide/huawei/persian-NF-1001.jpg,train,4,persian-NM-1074,train/attack/digital_1/scan/persian-NM-1074.jpg,internal_test
persian-NF-1001,train/bonafide/huawei/persian-NF-1001.jpg,train,4,persian-NM-1074,test/attack/digital_3/scan/persian-NM-1074.jpg,internal_test
persian-NF-1001,train/bonafide/huawei/persian-NF-1001.jpg,train,4,persian-NM-1074,test/attack/digital_3/huawei/persian-NM-1074.jpg,internal_test
persian-NF-1031,train/bonafide/huawei/persian-NF-1031.jpg,train,4,persian-NF-1097,train/attack/digital_2/scan/persian-NF-1097.jpg,dev
portugal-004_03,train/bonafide/huawei/portugal-004_03.jpg,train,4,portugal-172_03,train/bonafide/iphone15pro/portugal-172_03.jpg,dev
portugal-004_03,train/bonafide/huawei/portugal-004_03.jpg,train,4,portugal-172_03,train/bonafide/scan/portugal-172_03.jpg,dev
portugal-004_03,train/bonafide/huawei/portugal-004_03.jpg,train,2,portugal-172_03,train/attack/digital_2/iphone15pro/portugal-172_03.jpg,dev
portugal-004_03,train/bonafide/huawei/portugal-004_03.jpg,train,2,portugal-172_03,train/attack/digital_1/iphone15pro/portugal-172_03.jpg,dev
portugal-004_03,train/bonafide/huawei/portugal-004_03.jpg,train,4,portugal-172_03,train/attack/digital_1/scan/portugal-172_03.jpg,dev
portugal-004_03,train/bonafide/huawei/portugal-004_03.jpg,train,4,portugal-172_03,test/attack/digital_3/scan/portugal-172_03.jpg,dev
portugal-004_03,train/bonafide/huawei/portugal-004_03.jpg,train,2,portugal-172_03,test/attack/digital_3/iphone15pro/portugal-172_03.jpg,dev
portugal-004_03,train/bonafide/huawei/portugal-004_03.jpg,train,4,portugal-119_03,train/bonafide/huawei/portugal-119_03.jpg,internal_test
portugal-004_03,train/bonafide/huawei/portugal-004_03.jpg,train,4,portugal-070_03,train/bonafide/iphone15pro/portugal-070_03.jpg,internal_test
portugal-004_03,train/bonafide/huawei/portugal-004_03.jpg,train,4,portugal-070_03,train/bonafide/scan/portugal-070_03.jpg,internal_test
portugal-004_03,train/bonafide/huawei/portugal-004_03.jpg,train,4,portugal-119_03,train/bonafide/scan/portugal-119_03.jpg,internal_test
portugal-004_03,train/bonafide/huawei/portugal-004_03.jpg,train,4,portugal-119_03,train/attack/digital_2/scan/portugal-119_03.jpg,internal_test
portugal-004_03,train/bonafide/huawei/portugal-004_03.jpg,train,4,portugal-070_03,train/attack/digital_2/scan/portugal-070_03.jpg,internal_test
portugal-004_03,train/bonafide/huawei/portugal-004_03.jpg,train,4,portugal-119_03,train/attack/digital_1/huawei/portugal-119_03.jpg,internal_test
portugal-004_03,train/bonafide/huawei/portugal-004_03.jpg,train,2,portugal-070_03,train/attack/digital_1/iphone15pro/portugal-070_03.jpg,internal_test
portugal-004_03,train/bonafide/huawei/portugal-004_03.jpg,train,2,portugal-070_03,train/attack/digital_1/scan/portugal-070_03.jpg,internal_test
portugal-004_03,train/bonafide/huawei/portugal-004_03.jpg,train,4,portugal-119_03,train/attack/digital_1/scan/portugal-119_03.jpg,internal_test
portugal-004_03,train/bonafide/huawei/portugal-004_03.jpg,train,4,portugal-070_03,test/attack/digital_3/scan/portugal-070_03.jpg,internal_test
portugal-004_03,train/bonafide/huawei/portugal-004_03.jpg,train,4,portugal-070_03,test/attack/digital_3/iphone15pro/portugal-070_03.jpg,internal_test
portugal-004_03,train/bonafide/huawei/portugal-004_03.jpg,train,4,portugal-119_03,test/attack/digital_3/scan/portugal-119_03.jpg,internal_test
portugal-004_03,train/bonafide/huawei/portugal-004_03.jpg,train,4,portugal-119_03,test/attack/digital_3/huawei/portugal-119_03.jpg,internal_test
portugal-013_03,train/bonafide/huawei/portugal-013_03.jpg,train,4,portugal-070_03,train/bonafide/scan/portugal-070_03.jpg,internal_test
portugal-013_03,train/bonafide/huawei/portugal-013_03.jpg,train,4,portugal-070_03,train/attack/digital_2/scan/portugal-070_03.jpg,internal_test
portugal-017_03,train/bonafide/huawei/portugal-017_03.jpg,train,2,portugal-172_03,train/bonafide/iphone15pro/portugal-172_03.jpg,dev
portugal-017_03,train/bonafide/huawei/portugal-017_03.jpg,train,2,portugal-172_03,train/bonafide/scan/portugal-172_03.jpg,dev
portugal-017_03,train/bonafide/huawei/portugal-017_03.jpg,train,0,portugal-172_03,train/attack/digital_2/iphone15pro/portugal-172_03.jpg,dev
portugal-017_03,train/bonafide/huawei/portugal-017_03.jpg,train,4,portugal-172_03,train/attack/digital_2/scan/portugal-172_03.jpg,dev
portugal-017_03,train/bonafide/huawei/portugal-017_03.jpg,train,4,portugal-172_03,train/attack/digital_1/huawei/portugal-172_03.jpg,dev
portugal-017_03,train/bonafide/huawei/portugal-017_03.jpg,train,0,portugal-172_03,train/attack/digital_1/iphone15pro/portugal-172_03.jpg,dev
portugal-017_03,train/bonafide/huawei/portugal-017_03.jpg,train,2,portugal-172_03,train/attack/digital_1/scan/portugal-172_03.jpg,dev
portugal-017_03,train/bonafide/huawei/portugal-017_03.jpg,train,2,portugal-172_03,test/attack/digital_3/scan/portugal-172_03.jpg,dev
portugal-017_03,train/bonafide/huawei/portugal-017_03.jpg,train,4,portugal-172_03,test/attack/digital_3/huawei/portugal-172_03.jpg,dev
portugal-017_03,train/bonafide/huawei/portugal-017_03.jpg,train,0,portugal-172_03,test/attack/digital_3/iphone15pro/portugal-172_03.jpg,dev
portugal-017_03,train/bonafide/huawei/portugal-017_03.jpg,train,4,portugal-119_03,train/bonafide/huawei/portugal-119_03.jpg,internal_test
portugal-017_03,train/bonafide/huawei/portugal-017_03.jpg,train,2,portugal-070_03,train/bonafide/iphone15pro/portugal-070_03.jpg,internal_test
portugal-017_03,train/bonafide/huawei/portugal-017_03.jpg,train,4,portugal-070_03,train/bonafide/scan/portugal-070_03.jpg,internal_test
portugal-017_03,train/bonafide/huawei/portugal-017_03.jpg,train,4,portugal-119_03,train/bonafide/scan/portugal-119_03.jpg,internal_test
portugal-017_03,train/bonafide/huawei/portugal-017_03.jpg,train,4,portugal-070_03,train/attack/digital_2/iphone15pro/portugal-070_03.jpg,internal_test
portugal-017_03,train/bonafide/huawei/portugal-017_03.jpg,train,4,portugal-119_03,train/attack/digital_2/scan/portugal-119_03.jpg,internal_test
portugal-017_03,train/bonafide/huawei/portugal-017_03.jpg,train,4,portugal-070_03,train/attack/digital_2/scan/portugal-070_03.jpg,internal_test
portugal-017_03,train/bonafide/huawei/portugal-017_03.jpg,train,4,portugal-119_03,train/attack/digital_1/huawei/portugal-119_03.jpg,internal_test
portugal-017_03,train/bonafide/huawei/portugal-017_03.jpg,train,2,portugal-070_03,train/attack/digital_1/iphone15pro/portugal-070_03.jpg,internal_test
portugal-017_03,train/bonafide/huawei/portugal-017_03.jpg,train,2,portugal-070_03,train/attack/digital_1/scan/portugal-070_03.jpg,internal_test
portugal-017_03,train/bonafide/huawei/portugal-017_03.jpg,train,4,portugal-119_03,train/attack/digital_1/scan/portugal-119_03.jpg,internal_test
portugal-017_03,train/bonafide/huawei/portugal-017_03.jpg,train,2,portugal-070_03,test/attack/digital_3/scan/portugal-070_03.jpg,internal_test
portugal-017_03,train/bonafide/huawei/portugal-017_03.jpg,train,2,portugal-070_03,test/attack/digital_3/iphone15pro/portugal-070_03.jpg,internal_test
portugal-017_03,train/bonafide/huawei/portugal-017_03.jpg,train,4,portugal-119_03,test/attack/digital_3/scan/portugal-119_03.jpg,internal_test
portugal-017_03,train/bonafide/huawei/portugal-017_03.jpg,train,4,portugal-119_03,test/attack/digital_3/huawei/portugal-119_03.jpg,internal_test
portugal-026_03,train/bonafide/huawei/portugal-026_03.jpg,train,4,portugal-172_03,train/attack/digital_2/iphone15pro/portugal-172_03.jpg,dev
portugal-026_03,train/bonafide/huawei/portugal-026_03.jpg,train,4,portugal-172_03,train/attack/digital_1/iphone15pro/portugal-172_03.jpg,dev
portugal-026_03,train/bonafide/huawei/portugal-026_03.jpg,train,4,portugal-172_03,test/attack/digital_3/iphone15pro/portugal-172_03.jpg,dev
portugal-026_03,train/bonafide/huawei/portugal-026_03.jpg,train,4,portugal-119_03,train/bonafide/huawei/portugal-119_03.jpg,internal_test
portugal-026_03,train/bonafide/huawei/portugal-026_03.jpg,train,4,portugal-070_03,train/bonafide/iphone15pro/portugal-070_03.jpg,internal_test
portugal-026_03,train/bonafide/huawei/portugal-026_03.jpg,train,4,portugal-070_03,train/bonafide/scan/portugal-070_03.jpg,internal_test
portugal-026_03,train/bonafide/huawei/portugal-026_03.jpg,train,4,portugal-119_03,train/bonafide/scan/portugal-119_03.jpg,internal_test
portugal-026_03,train/bonafide/huawei/portugal-026_03.jpg,train,4,portugal-070_03,train/attack/digital_2/scan/portugal-070_03.jpg,internal_test
portugal-026_03,train/bonafide/huawei/portugal-026_03.jpg,train,4,portugal-119_03,train/attack/digital_1/huawei/portugal-119_03.jpg,internal_test
portugal-026_03,train/bonafide/huawei/portugal-026_03.jpg,train,4,portugal-070_03,train/attack/digital_1/iphone15pro/portugal-070_03.jpg,internal_test
portugal-026_03,train/bonafide/huawei/portugal-026_03.jpg,train,4,portugal-070_03,train/attack/digital_1/scan/portugal-070_03.jpg,internal_test
portugal-026_03,train/bonafide/huawei/portugal-026_03.jpg,train,4,portugal-119_03,test/attack/digital_3/scan/portugal-119_03.jpg,internal_test
portugal-026_03,train/bonafide/huawei/portugal-026_03.jpg,train,4,portugal-119_03,test/attack/digital_3/huawei/portugal-119_03.jpg,internal_test
portugal-029_03,train/bonafide/huawei/portugal-029_03.jpg,train,4,portugal-172_03,train/attack/digital_2/iphone15pro/portugal-172_03.jpg,dev
portugal-029_03,train/bonafide/huawei/portugal-029_03.jpg,train,4,portugal-172_03,train/attack/digital_1/huawei/portugal-172_03.jpg,dev
portugal-029_03,train/bonafide/huawei/portugal-029_03.jpg,train,4,portugal-172_03,train/attack/digital_1/iphone15pro/portugal-172_03.jpg,dev
portugal-029_03,train/bonafide/huawei/portugal-029_03.jpg,train,4,portugal-172_03,test/attack/digital_3/iphone15pro/portugal-172_03.jpg,dev
portugal-029_03,train/bonafide/huawei/portugal-029_03.jpg,train,4,portugal-119_03,train/bonafide/huawei/portugal-119_03.jpg,internal_test
portugal-029_03,train/bonafide/huawei/portugal-029_03.jpg,train,2,portugal-070_03,train/bonafide/iphone15pro/portugal-070_03.jpg,internal_test
portugal-029_03,train/bonafide/huawei/portugal-029_03.jpg,train,2,portugal-070_03,train/bonafide/scan/portugal-070_03.jpg,internal_test
portugal-029_03,train/bonafide/huawei/portugal-029_03.jpg,train,4,portugal-119_03,train/bonafide/scan/portugal-119_03.jpg,internal_test
portugal-029_03,train/bonafide/huawei/portugal-029_03.jpg,train,4,portugal-070_03,train/attack/digital_2/iphone15pro/portugal-070_03.jpg,internal_test
portugal-029_03,train/bonafide/huawei/portugal-029_03.jpg,train,4,portugal-119_03,train/attack/digital_2/scan/portugal-119_03.jpg,internal_test
portugal-029_03,train/bonafide/huawei/portugal-029_03.jpg,train,2,portugal-070_03,train/attack/digital_2/scan/portugal-070_03.jpg,internal_test
portugal-029_03,train/bonafide/huawei/portugal-029_03.jpg,train,4,portugal-119_03,train/attack/digital_1/huawei/portugal-119_03.jpg,internal_test
portugal-029_03,train/bonafide/huawei/portugal-029_03.jpg,train,2,portugal-070_03,train/attack/digital_1/iphone15pro/portugal-070_03.jpg,internal_test
portugal-029_03,train/bonafide/huawei/portugal-029_03.jpg,train,2,portugal-070_03,train/attack/digital_1/scan/portugal-070_03.jpg,internal_test
portugal-029_03,train/bonafide/huawei/portugal-029_03.jpg,train,4,portugal-119_03,train/attack/digital_1/scan/portugal-119_03.jpg,internal_test
portugal-029_03,train/bonafide/huawei/portugal-029_03.jpg,train,4,portugal-070_03,test/attack/digital_3/scan/portugal-070_03.jpg,internal_test
portugal-029_03,train/bonafide/huawei/portugal-029_03.jpg,train,4,portugal-070_03,test/attack/digital_3/iphone15pro/portugal-070_03.jpg,internal_test
portugal-029_03,train/bonafide/huawei/portugal-029_03.jpg,train,4,portugal-119_03,test/attack/digital_3/scan/portugal-119_03.jpg,internal_test
portugal-029_03,train/bonafide/huawei/portugal-029_03.jpg,train,4,portugal-119_03,test/attack/digital_3/huawei/portugal-119_03.jpg,internal_test
portugal-042_03,train/bonafide/huawei/portugal-042_03.jpg,train,4,portugal-061_03,train/bonafide/huawei/portugal-061_03.jpg,internal_test
portugal-042_03,train/bonafide/huawei/portugal-042_03.jpg,train,2,portugal-061_03,train/bonafide/iphone15pro/portugal-061_03.jpg,internal_test
portugal-042_03,train/bonafide/huawei/portugal-042_03.jpg,train,0,portugal-061_03,train/bonafide/scan/portugal-061_03.jpg,internal_test
portugal-042_03,train/bonafide/huawei/portugal-042_03.jpg,train,2,portugal-061_03,train/attack/digital_2/iphone15pro/portugal-061_03.jpg,internal_test
portugal-042_03,train/bonafide/huawei/portugal-042_03.jpg,train,4,portugal-119_03,train/attack/digital_2/iphone15pro/portugal-119_03.jpg,internal_test
portugal-042_03,train/bonafide/huawei/portugal-042_03.jpg,train,0,portugal-061_03,train/attack/digital_2/scan/portugal-061_03.jpg,internal_test
portugal-042_03,train/bonafide/huawei/portugal-042_03.jpg,train,4,portugal-061_03,train/attack/digital_2/huawei/portugal-061_03.jpg,internal_test
portugal-042_03,train/bonafide/huawei/portugal-042_03.jpg,train,4,portugal-061_03,train/attack/digital_1/huawei/portugal-061_03.jpg,internal_test
portugal-042_03,train/bonafide/huawei/portugal-042_03.jpg,train,4,portugal-119_03,train/attack/digital_1/iphone15pro/portugal-119_03.jpg,internal_test
portugal-042_03,train/bonafide/huawei/portugal-042_03.jpg,train,2,portugal-061_03,train/attack/digital_1/iphone15pro/portugal-061_03.jpg,internal_test
portugal-042_03,train/bonafide/huawei/portugal-042_03.jpg,train,2,portugal-061_03,train/attack/digital_1/scan/portugal-061_03.jpg,internal_test
portugal-042_03,train/bonafide/huawei/portugal-042_03.jpg,train,0,portugal-061_03,test/attack/digital_3/scan/portugal-061_03.jpg,internal_test
portugal-042_03,train/bonafide/huawei/portugal-042_03.jpg,train,4,portugal-061_03,test/attack/digital_3/huawei/portugal-061_03.jpg,internal_test
portugal-042_03,train/bonafide/huawei/portugal-042_03.jpg,train,2,portugal-061_03,test/attack/digital_3/iphone15pro/portugal-061_03.jpg,internal_test
portugal-066_03,train/bonafide/huawei/portugal-066_03.jpg,train,4,portugal-172_03,train/bonafide/scan/portugal-172_03.jpg,dev
portugal-066_03,train/bonafide/huawei/portugal-066_03.jpg,train,4,portugal-172_03,train/attack/digital_2/iphone15pro/portugal-172_03.jpg,dev
portugal-066_03,train/bonafide/huawei/portugal-066_03.jpg,train,4,portugal-172_03,train/attack/digital_2/scan/portugal-172_03.jpg,dev
portugal-066_03,train/bonafide/huawei/portugal-066_03.jpg,train,4,portugal-172_03,train/attack/digital_1/huawei/portugal-172_03.jpg,dev
portugal-066_03,train/bonafide/huawei/portugal-066_03.jpg,train,4,portugal-172_03,train/attack/digital_1/iphone15pro/portugal-172_03.jpg,dev
portugal-066_03,train/bonafide/huawei/portugal-066_03.jpg,train,4,portugal-172_03,train/attack/digital_1/scan/portugal-172_03.jpg,dev
portugal-066_03,train/bonafide/huawei/portugal-066_03.jpg,train,4,portugal-172_03,test/attack/digital_3/scan/portugal-172_03.jpg,dev
portugal-066_03,train/bonafide/huawei/portugal-066_03.jpg,train,4,portugal-172_03,test/attack/digital_3/huawei/portugal-172_03.jpg,dev
portugal-066_03,train/bonafide/huawei/portugal-066_03.jpg,train,4,portugal-172_03,test/attack/digital_3/iphone15pro/portugal-172_03.jpg,dev
portugal-066_03,train/bonafide/huawei/portugal-066_03.jpg,train,4,portugal-070_03,train/bonafide/iphone15pro/portugal-070_03.jpg,internal_test
portugal-066_03,train/bonafide/huawei/portugal-066_03.jpg,train,4,portugal-070_03,train/attack/digital_2/iphone15pro/portugal-070_03.jpg,internal_test
portugal-066_03,train/bonafide/huawei/portugal-066_03.jpg,train,4,portugal-070_03,train/attack/digital_1/iphone15pro/portugal-070_03.jpg,internal_test
portugal-066_03,train/bonafide/huawei/portugal-066_03.jpg,train,4,portugal-070_03,train/attack/digital_1/scan/portugal-070_03.jpg,internal_test
portugal-066_03,train/bonafide/huawei/portugal-066_03.jpg,train,2,portugal-070_03,test/attack/digital_3/scan/portugal-070_03.jpg,internal_test
portugal-066_03,train/bonafide/huawei/portugal-066_03.jpg,train,2,portugal-070_03,test/attack/digital_3/iphone15pro/portugal-070_03.jpg,internal_test
portugal-105_03,train/bonafide/huawei/portugal-105_03.jpg,train,4,portugal-172_03,train/bonafide/huawei/portugal-172_03.jpg,dev
portugal-105_03,train/bonafide/huawei/portugal-105_03.jpg,train,4,portugal-172_03,train/bonafide/iphone15pro/portugal-172_03.jpg,dev
portugal-105_03,train/bonafide/huawei/portugal-105_03.jpg,train,4,portugal-172_03,train/bonafide/scan/portugal-172_03.jpg,dev
portugal-105_03,train/bonafide/huawei/portugal-105_03.jpg,train,2,portugal-172_03,train/attack/digital_2/scan/portugal-172_03.jpg,dev
portugal-105_03,train/bonafide/huawei/portugal-105_03.jpg,train,4,portugal-172_03,train/attack/digital_2/huawei/portugal-172_03.jpg,dev
portugal-105_03,train/bonafide/huawei/portugal-105_03.jpg,train,4,portugal-172_03,train/attack/digital_1/scan/portugal-172_03.jpg,dev
portugal-105_03,train/bonafide/huawei/portugal-105_03.jpg,train,4,portugal-172_03,test/attack/digital_3/huawei/portugal-172_03.jpg,dev
portugal-105_03,train/bonafide/huawei/portugal-105_03.jpg,train,4,portugal-070_03,train/bonafide/scan/portugal-070_03.jpg,internal_test
portugal-105_03,train/bonafide/huawei/portugal-105_03.jpg,train,4,portugal-070_03,train/attack/digital_2/iphone15pro/portugal-070_03.jpg,internal_test
portugal-105_03,train/bonafide/huawei/portugal-105_03.jpg,train,4,portugal-119_03,train/attack/digital_2/scan/portugal-119_03.jpg,internal_test
portugal-105_03,train/bonafide/huawei/portugal-105_03.jpg,train,4,portugal-070_03,train/attack/digital_2/scan/portugal-070_03.jpg,internal_test
portugal-105_03,train/bonafide/huawei/portugal-105_03.jpg,train,4,portugal-070_03,train/attack/digital_1/iphone15pro/portugal-070_03.jpg,internal_test
portugal-105_03,train/bonafide/huawei/portugal-105_03.jpg,train,4,portugal-070_03,train/attack/digital_1/scan/portugal-070_03.jpg,internal_test
portugal-105_03,train/bonafide/huawei/portugal-105_03.jpg,train,4,portugal-119_03,train/attack/digital_1/scan/portugal-119_03.jpg,internal_test
portugal-105_03,train/bonafide/huawei/portugal-105_03.jpg,train,4,portugal-070_03,test/attack/digital_3/scan/portugal-070_03.jpg,internal_test
portugal-105_03,train/bonafide/huawei/portugal-105_03.jpg,train,4,portugal-070_03,test/attack/digital_3/huawei/portugal-070_03.jpg,internal_test
portugal-105_03,train/bonafide/huawei/portugal-105_03.jpg,train,4,portugal-070_03,test/attack/digital_3/iphone15pro/portugal-070_03.jpg,internal_test
portugal-125_03,train/bonafide/huawei/portugal-125_03.jpg,train,4,portugal-172_03,train/bonafide/huawei/portugal-172_03.jpg,dev
portugal-125_03,train/bonafide/huawei/portugal-125_03.jpg,train,4,portugal-172_03,train/bonafide/iphone15pro/portugal-172_03.jpg,dev
portugal-125_03,train/bonafide/huawei/portugal-125_03.jpg,train,2,portugal-172_03,train/bonafide/scan/portugal-172_03.jpg,dev
portugal-125_03,train/bonafide/huawei/portugal-125_03.jpg,train,2,portugal-172_03,train/attack/digital_2/iphone15pro/portugal-172_03.jpg,dev
portugal-125_03,train/bonafide/huawei/portugal-125_03.jpg,train,2,portugal-172_03,train/attack/digital_2/scan/portugal-172_03.jpg,dev
portugal-125_03,train/bonafide/huawei/portugal-125_03.jpg,train,4,portugal-172_03,train/attack/digital_2/huawei/portugal-172_03.jpg,dev
portugal-125_03,train/bonafide/huawei/portugal-125_03.jpg,train,2,portugal-172_03,train/attack/digital_1/huawei/portugal-172_03.jpg,dev
portugal-125_03,train/bonafide/huawei/portugal-125_03.jpg,train,2,portugal-172_03,train/attack/digital_1/iphone15pro/portugal-172_03.jpg,dev
portugal-125_03,train/bonafide/huawei/portugal-125_03.jpg,train,2,portugal-172_03,train/attack/digital_1/scan/portugal-172_03.jpg,dev
portugal-125_03,train/bonafide/huawei/portugal-125_03.jpg,train,2,portugal-172_03,test/attack/digital_3/scan/portugal-172_03.jpg,dev
portugal-125_03,train/bonafide/huawei/portugal-125_03.jpg,train,2,portugal-172_03,test/attack/digital_3/huawei/portugal-172_03.jpg,dev
portugal-125_03,train/bonafide/huawei/portugal-125_03.jpg,train,2,portugal-172_03,test/attack/digital_3/iphone15pro/portugal-172_03.jpg,dev
portugal-125_03,train/bonafide/huawei/portugal-125_03.jpg,train,4,portugal-119_03,train/bonafide/huawei/portugal-119_03.jpg,internal_test
portugal-125_03,train/bonafide/huawei/portugal-125_03.jpg,train,2,portugal-070_03,train/bonafide/iphone15pro/portugal-070_03.jpg,internal_test
portugal-125_03,train/bonafide/huawei/portugal-125_03.jpg,train,4,portugal-070_03,train/bonafide/scan/portugal-070_03.jpg,internal_test
portugal-125_03,train/bonafide/huawei/portugal-125_03.jpg,train,4,portugal-119_03,train/bonafide/scan/portugal-119_03.jpg,internal_test
portugal-125_03,train/bonafide/huawei/portugal-125_03.jpg,train,2,portugal-070_03,train/attack/digital_2/iphone15pro/portugal-070_03.jpg,internal_test
portugal-125_03,train/bonafide/huawei/portugal-125_03.jpg,train,4,portugal-119_03,train/attack/digital_2/scan/portugal-119_03.jpg,internal_test
portugal-125_03,train/bonafide/huawei/portugal-125_03.jpg,train,4,portugal-070_03,train/attack/digital_2/scan/portugal-070_03.jpg,internal_test
portugal-125_03,train/bonafide/huawei/portugal-125_03.jpg,train,4,portugal-119_03,train/attack/digital_1/huawei/portugal-119_03.jpg,internal_test
portugal-125_03,train/bonafide/huawei/portugal-125_03.jpg,train,2,portugal-070_03,train/attack/digital_1/iphone15pro/portugal-070_03.jpg,internal_test
portugal-125_03,train/bonafide/huawei/portugal-125_03.jpg,train,2,portugal-070_03,train/attack/digital_1/scan/portugal-070_03.jpg,internal_test
portugal-125_03,train/bonafide/huawei/portugal-125_03.jpg,train,4,portugal-119_03,train/attack/digital_1/scan/portugal-119_03.jpg,internal_test
portugal-125_03,train/bonafide/huawei/portugal-125_03.jpg,train,0,portugal-070_03,test/attack/digital_3/scan/portugal-070_03.jpg,internal_test
portugal-125_03,train/bonafide/huawei/portugal-125_03.jpg,train,0,portugal-070_03,test/attack/digital_3/iphone15pro/portugal-070_03.jpg,internal_test
portugal-125_03,train/bonafide/huawei/portugal-125_03.jpg,train,4,portugal-119_03,test/attack/digital_3/scan/portugal-119_03.jpg,internal_test
portugal-125_03,train/bonafide/huawei/portugal-125_03.jpg,train,4,portugal-119_03,test/attack/digital_3/huawei/portugal-119_03.jpg,internal_test
portugal-143_03,train/bonafide/huawei/portugal-143_03.jpg,train,4,portugal-119_03,train/bonafide/huawei/portugal-119_03.jpg,internal_test
portugal-143_03,train/bonafide/huawei/portugal-143_03.jpg,train,4,portugal-119_03,train/bonafide/scan/portugal-119_03.jpg,internal_test
portugal-143_03,train/bonafide/huawei/portugal-143_03.jpg,train,4,portugal-119_03,train/attack/digital_1/huawei/portugal-119_03.jpg,internal_test
portugal-143_03,train/bonafide/huawei/portugal-143_03.jpg,train,4,portugal-119_03,test/attack/digital_3/scan/portugal-119_03.jpg,internal_test
portugal-143_03,train/bonafide/huawei/portugal-143_03.jpg,train,4,portugal-119_03,test/attack/digital_3/huawei/portugal-119_03.jpg,internal_test
portugal-NF-1016,train/bonafide/huawei/portugal-NF-1016.jpg,train,4,portugal-NF-1022,train/bonafide/huawei/portugal-NF-1022.jpg,internal_test
portugal-NF-1016,train/bonafide/huawei/portugal-NF-1016.jpg,train,4,portugal-NF-1022,train/attack/digital_1/huawei/portugal-NF-1022.jpg,internal_test
portugal-NF-1016,train/bonafide/huawei/portugal-NF-1016.jpg,train,4,portugal-NF-1022,test/attack/digital_3/huawei/portugal-NF-1022.jpg,internal_test
portugal-NF-1026,train/bonafide/huawei/portugal-NF-1026.jpg,train,4,portugal-NF-1022,train/bonafide/huawei/portugal-NF-1022.jpg,internal_test
portugal-NF-1026,train/bonafide/huawei/portugal-NF-1026.jpg,train,4,portugal-NF-1022,train/attack/digital_2/huawei/portugal-NF-1022.jpg,internal_test
portugal-NF-1026,train/bonafide/huawei/portugal-NF-1026.jpg,train,4,portugal-NF-1022,train/attack/digital_1/huawei/portugal-NF-1022.jpg,internal_test
portugal-NF-1026,train/bonafide/huawei/portugal-NF-1026.jpg,train,2,portugal-NF-1022,test/attack/digital_3/huawei/portugal-NF-1022.jpg,internal_test
portugal-NF-1041,train/bonafide/huawei/portugal-NF-1041.jpg,train,4,portugal-NF-1022,train/attack/digital_1/scan/portugal-NF-1022.jpg,internal_test
portugal-NF-1041,train/bonafide/huawei/portugal-NF-1041.jpg,train,4,portugal-NF-1022,test/attack/digital_3/scan/portugal-NF-1022.jpg,internal_test
portugal-NF-1086,train/bonafide/huawei/portugal-NF-1086.jpg,train,4,portugal-NF-1022,train/bonafide/huawei/portugal-NF-1022.jpg,internal_test
portugal-NF-1086,train/bonafide/huawei/portugal-NF-1086.jpg,train,4,portugal-NF-1022,train/attack/digital_2/huawei/portugal-NF-1022.jpg,internal_test
portugal-NF-1086,train/bonafide/huawei/portugal-NF-1086.jpg,train,4,portugal-NF-1022,train/attack/digital_1/huawei/portugal-NF-1022.jpg,internal_test
portugal-NF-1086,train/bonafide/huawei/portugal-NF-1086.jpg,train,4,portugal-NF-1022,test/attack/digital_3/huawei/portugal-NF-1022.jpg,internal_test
portugal-NF-1105,train/bonafide/huawei/portugal-NF-1105.jpg,train,4,portugal-NF-1022,train/bonafide/scan/portugal-NF-1022.jpg,internal_test
portugal-NF-1105,train/bonafide/huawei/portugal-NF-1105.jpg,train,4,portugal-NF-1022,train/attack/digital_2/huawei/portugal-NF-1022.jpg,internal_test
portugal-NF-1105,train/bonafide/huawei/portugal-NF-1105.jpg,train,4,portugal-NF-1022,train/attack/digital_1/scan/portugal-NF-1022.jpg,internal_test
portugal-NF-1105,train/bonafide/huawei/portugal-NF-1105.jpg,train,4,portugal-NF-1022,test/attack/digital_3/scan/portugal-NF-1022.jpg,internal_test
turkiye-008_03,train/bonafide/huawei/turkiye-008_03.jpg,train,4,turkiye-041_03,train/bonafide/huawei/turkiye-041_03.jpg,dev
turkiye-008_03,train/bonafide/huawei/turkiye-008_03.jpg,train,4,turkiye-101_03,train/bonafide/huawei/turkiye-101_03.jpg,dev
turkiye-008_03,train/bonafide/huawei/turkiye-008_03.jpg,train,2,turkiye-104_03,train/bonafide/huawei/turkiye-104_03.jpg,dev
turkiye-008_03,train/bonafide/huawei/turkiye-008_03.jpg,train,4,turkiye-041_03,train/bonafide/iphone15pro/turkiye-041_03.jpg,dev
turkiye-008_03,train/bonafide/huawei/turkiye-008_03.jpg,train,2,turkiye-101_03,train/bonafide/iphone15pro/turkiye-101_03.jpg,dev
turkiye-008_03,train/bonafide/huawei/turkiye-008_03.jpg,train,4,turkiye-104_03,train/bonafide/iphone15pro/turkiye-104_03.jpg,dev
turkiye-008_03,train/bonafide/huawei/turkiye-008_03.jpg,train,4,turkiye-041_03,train/bonafide/scan/turkiye-041_03.jpg,dev
turkiye-008_03,train/bonafide/huawei/turkiye-008_03.jpg,train,2,turkiye-101_03,train/bonafide/scan/turkiye-101_03.jpg,dev
turkiye-008_03,train/bonafide/huawei/turkiye-008_03.jpg,train,4,turkiye-104_03,train/bonafide/scan/turkiye-104_03.jpg,dev
turkiye-008_03,train/bonafide/huawei/turkiye-008_03.jpg,train,4,turkiye-041_03,train/attack/digital_2/iphone15pro/turkiye-041_03.jpg,dev
turkiye-008_03,train/bonafide/huawei/turkiye-008_03.jpg,train,4,turkiye-104_03,train/attack/digital_2/iphone15pro/turkiye-104_03.jpg,dev
turkiye-008_03,train/bonafide/huawei/turkiye-008_03.jpg,train,2,turkiye-101_03,train/attack/digital_2/iphone15pro/turkiye-101_03.jpg,dev
turkiye-008_03,train/bonafide/huawei/turkiye-008_03.jpg,train,4,turkiye-041_03,train/attack/digital_2/scan/turkiye-041_03.jpg,dev
turkiye-008_03,train/bonafide/huawei/turkiye-008_03.jpg,train,4,turkiye-101_03,train/attack/digital_2/scan/turkiye-101_03.jpg,dev
turkiye-008_03,train/bonafide/huawei/turkiye-008_03.jpg,train,4,turkiye-041_03,train/attack/digital_2/huawei/turkiye-041_03.jpg,dev
turkiye-008_03,train/bonafide/huawei/turkiye-008_03.jpg,train,4,turkiye-104_03,train/attack/digital_2/huawei/turkiye-104_03.jpg,dev
turkiye-008_03,train/bonafide/huawei/turkiye-008_03.jpg,train,4,turkiye-041_03,train/attack/digital_1/huawei/turkiye-041_03.jpg,dev
turkiye-008_03,train/bonafide/huawei/turkiye-008_03.jpg,train,2,turkiye-101_03,train/attack/digital_1/huawei/turkiye-101_03.jpg,dev
turkiye-008_03,train/bonafide/huawei/turkiye-008_03.jpg,train,4,turkiye-104_03,train/attack/digital_1/huawei/turkiye-104_03.jpg,dev
turkiye-008_03,train/bonafide/huawei/turkiye-008_03.jpg,train,4,turkiye-041_03,train/attack/digital_1/iphone15pro/turkiye-041_03.jpg,dev
turkiye-008_03,train/bonafide/huawei/turkiye-008_03.jpg,train,2,turkiye-101_03,train/attack/digital_1/iphone15pro/turkiye-101_03.jpg,dev
turkiye-008_03,train/bonafide/huawei/turkiye-008_03.jpg,train,4,turkiye-104_03,train/attack/digital_1/iphone15pro/turkiye-104_03.jpg,dev
turkiye-008_03,train/bonafide/huawei/turkiye-008_03.jpg,train,4,turkiye-041_03,train/attack/digital_1/scan/turkiye-041_03.jpg,dev
turkiye-008_03,train/bonafide/huawei/turkiye-008_03.jpg,train,2,turkiye-101_03,train/attack/digital_1/scan/turkiye-101_03.jpg,dev
turkiye-008_03,train/bonafide/huawei/turkiye-008_03.jpg,train,4,turkiye-104_03,train/attack/digital_1/scan/turkiye-104_03.jpg,dev
turkiye-008_03,train/bonafide/huawei/turkiye-008_03.jpg,train,4,turkiye-041_03,test/attack/digital_3/scan/turkiye-041_03.jpg,dev
turkiye-008_03,train/bonafide/huawei/turkiye-008_03.jpg,train,4,turkiye-041_03,test/attack/digital_3/huawei/turkiye-041_03.jpg,dev
turkiye-008_03,train/bonafide/huawei/turkiye-008_03.jpg,train,4,turkiye-041_03,test/attack/digital_3/iphone15pro/turkiye-041_03.jpg,dev
turkiye-008_03,train/bonafide/huawei/turkiye-008_03.jpg,train,4,turkiye-101_03,test/attack/digital_3/scan/turkiye-101_03.jpg,dev
turkiye-008_03,train/bonafide/huawei/turkiye-008_03.jpg,train,4,turkiye-101_03,test/attack/digital_3/huawei/turkiye-101_03.jpg,dev
turkiye-008_03,train/bonafide/huawei/turkiye-008_03.jpg,train,2,turkiye-101_03,test/attack/digital_3/iphone15pro/turkiye-101_03.jpg,dev
turkiye-008_03,train/bonafide/huawei/turkiye-008_03.jpg,train,4,turkiye-104_03,test/attack/digital_3/huawei/turkiye-104_03.jpg,dev
turkiye-008_03,train/bonafide/huawei/turkiye-008_03.jpg,train,4,turkiye-104_03,test/attack/digital_3/iphone15pro/turkiye-104_03.jpg,dev
turkiye-008_03,train/bonafide/huawei/turkiye-008_03.jpg,train,4,turkiye-031_03,train/bonafide/huawei/turkiye-031_03.jpg,internal_test
turkiye-008_03,train/bonafide/huawei/turkiye-008_03.jpg,train,4,turkiye-032_03,train/bonafide/huawei/turkiye-032_03.jpg,internal_test
turkiye-008_03,train/bonafide/huawei/turkiye-008_03.jpg,train,4,turkiye-121_03,train/bonafide/huawei/turkiye-121_03.jpg,internal_test
turkiye-008_03,train/bonafide/huawei/turkiye-008_03.jpg,train,2,turkiye-031_03,train/bonafide/iphone15pro/turkiye-031_03.jpg,internal_test
turkiye-008_03,train/bonafide/huawei/turkiye-008_03.jpg,train,4,turkiye-032_03,train/bonafide/iphone15pro/turkiye-032_03.jpg,internal_test
turkiye-008_03,train/bonafide/huawei/turkiye-008_03.jpg,train,2,turkiye-115_03,train/bonafide/iphone15pro/turkiye-115_03.jpg,internal_test
turkiye-008_03,train/bonafide/huawei/turkiye-008_03.jpg,train,4,turkiye-121_03,train/bonafide/iphone15pro/turkiye-121_03.jpg,internal_test
turkiye-008_03,train/bonafide/huawei/turkiye-008_03.jpg,train,2,turkiye-031_03,train/bonafide/scan/turkiye-031_03.jpg,internal_test
turkiye-008_03,train/bonafide/huawei/turkiye-008_03.jpg,train,4,turkiye-032_03,train/bonafide/scan/turkiye-032_03.jpg,internal_test
turkiye-008_03,train/bonafide/huawei/turkiye-008_03.jpg,train,2,turkiye-115_03,train/bonafide/scan/turkiye-115_03.jpg,internal_test
turkiye-008_03,train/bonafide/huawei/turkiye-008_03.jpg,train,4,turkiye-121_03,train/bonafide/scan/turkiye-121_03.jpg,internal_test
turkiye-008_03,train/bonafide/huawei/turkiye-008_03.jpg,train,4,turkiye-032_03,train/attack/digital_2/iphone15pro/turkiye-032_03.jpg,internal_test
turkiye-008_03,train/bonafide/huawei/turkiye-008_03.jpg,train,4,turkiye-115_03,train/attack/digital_2/iphone15pro/turkiye-115_03.jpg,internal_test
turkiye-008_03,train/bonafide/huawei/turkiye-008_03.jpg,train,2,turkiye-121_03,train/attack/digital_2/iphone15pro/turkiye-121_03.jpg,internal_test
turkiye-008_03,train/bonafide/huawei/turkiye-008_03.jpg,train,2,turkiye-031_03,train/attack/digital_2/iphone15pro/turkiye-031_03.jpg,internal_test
turkiye-008_03,train/bonafide/huawei/turkiye-008_03.jpg,train,2,turkiye-115_03,train/attack/digital_2/scan/turkiye-115_03.jpg,internal_test
turkiye-008_03,train/bonafide/huawei/turkiye-008_03.jpg,train,4,turkiye-121_03,train/attack/digital_2/scan/turkiye-121_03.jpg,internal_test
turkiye-008_03,train/bonafide/huawei/turkiye-008_03.jpg,train,2,turkiye-031_03,train/attack/digital_2/scan/turkiye-031_03.jpg,internal_test
turkiye-008_03,train/bonafide/huawei/turkiye-008_03.jpg,train,4,turkiye-032_03,train/attack/digital_2/huawei/turkiye-032_03.jpg,internal_test
turkiye-008_03,train/bonafide/huawei/turkiye-008_03.jpg,train,2,turkiye-031_03,train/attack/digital_2/huawei/turkiye-031_03.jpg,internal_test
turkiye-008_03,train/bonafide/huawei/turkiye-008_03.jpg,train,2,turkiye-031_03,train/attack/digital_1/huawei/turkiye-031_03.jpg,internal_test
turkiye-008_03,train/bonafide/huawei/turkiye-008_03.jpg,train,4,turkiye-032_03,train/attack/digital_1/huawei/turkiye-032_03.jpg,internal_test
turkiye-008_03,train/bonafide/huawei/turkiye-008_03.jpg,train,4,turkiye-115_03,train/attack/digital_1/huawei/turkiye-115_03.jpg,internal_test
turkiye-008_03,train/bonafide/huawei/turkiye-008_03.jpg,train,4,turkiye-121_03,train/attack/digital_1/huawei/turkiye-121_03.jpg,internal_test
turkiye-008_03,train/bonafide/huawei/turkiye-008_03.jpg,train,4,turkiye-032_03,train/attack/digital_1/iphone15pro/turkiye-032_03.jpg,internal_test
turkiye-008_03,train/bonafide/huawei/turkiye-008_03.jpg,train,4,turkiye-115_03,train/attack/digital_1/iphone15pro/turkiye-115_03.jpg,internal_test
turkiye-008_03,train/bonafide/huawei/turkiye-008_03.jpg,train,2,turkiye-121_03,train/attack/digital_1/iphone15pro/turkiye-121_03.jpg,internal_test
turkiye-008_03,train/bonafide/huawei/turkiye-008_03.jpg,train,4,turkiye-032_03,train/attack/digital_1/scan/turkiye-032_03.jpg,internal_test
turkiye-008_03,train/bonafide/huawei/turkiye-008_03.jpg,train,2,turkiye-115_03,train/attack/digital_1/scan/turkiye-115_03.jpg,internal_test
turkiye-008_03,train/bonafide/huawei/turkiye-008_03.jpg,train,4,turkiye-121_03,train/attack/digital_1/scan/turkiye-121_03.jpg,internal_test
turkiye-008_03,train/bonafide/huawei/turkiye-008_03.jpg,train,2,turkiye-031_03,test/attack/digital_3/scan/turkiye-031_03.jpg,internal_test
turkiye-008_03,train/bonafide/huawei/turkiye-008_03.jpg,train,4,turkiye-031_03,test/attack/digital_3/huawei/turkiye-031_03.jpg,internal_test
turkiye-008_03,train/bonafide/huawei/turkiye-008_03.jpg,train,2,turkiye-031_03,test/attack/digital_3/iphone15pro/turkiye-031_03.jpg,internal_test
turkiye-008_03,train/bonafide/huawei/turkiye-008_03.jpg,train,4,turkiye-032_03,test/attack/digital_3/scan/turkiye-032_03.jpg,internal_test
turkiye-008_03,train/bonafide/huawei/turkiye-008_03.jpg,train,4,turkiye-032_03,test/attack/digital_3/huawei/turkiye-032_03.jpg,internal_test
turkiye-008_03,train/bonafide/huawei/turkiye-008_03.jpg,train,2,turkiye-115_03,test/attack/digital_3/scan/turkiye-115_03.jpg,internal_test
turkiye-008_03,train/bonafide/huawei/turkiye-008_03.jpg,train,4,turkiye-115_03,test/attack/digital_3/iphone15pro/turkiye-115_03.jpg,internal_test
turkiye-008_03,train/bonafide/huawei/turkiye-008_03.jpg,train,4,turkiye-121_03,test/attack/digital_3/scan/turkiye-121_03.jpg,internal_test
turkiye-008_03,train/bonafide/huawei/turkiye-008_03.jpg,train,4,turkiye-121_03,test/attack/digital_3/huawei/turkiye-121_03.jpg,internal_test
turkiye-008_03,train/bonafide/huawei/turkiye-008_03.jpg,train,2,turkiye-121_03,test/attack/digital_3/iphone15pro/turkiye-121_03.jpg,internal_test
turkiye-036_03,train/bonafide/huawei/turkiye-036_03.jpg,train,4,turkiye-101_03,train/bonafide/huawei/turkiye-101_03.jpg,dev
turkiye-036_03,train/bonafide/huawei/turkiye-036_03.jpg,train,4,turkiye-101_03,train/attack/digital_2/scan/turkiye-101_03.jpg,dev
turkiye-036_03,train/bonafide/huawei/turkiye-036_03.jpg,train,2,turkiye-101_03,train/attack/digital_2/huawei/turkiye-101_03.jpg,dev
turkiye-036_03,train/bonafide/huawei/turkiye-036_03.jpg,train,4,turkiye-101_03,test/attack/digital_3/scan/turkiye-101_03.jpg,dev
turkiye-036_03,train/bonafide/huawei/turkiye-036_03.jpg,train,4,turkiye-101_03,test/attack/digital_3/huawei/turkiye-101_03.jpg,dev
turkiye-036_03,train/bonafide/huawei/turkiye-036_03.jpg,train,4,turkiye-115_03,train/bonafide/huawei/turkiye-115_03.jpg,internal_test
turkiye-036_03,train/bonafide/huawei/turkiye-036_03.jpg,train,4,turkiye-115_03,train/attack/digital_2/huawei/turkiye-115_03.jpg,internal_test
turkiye-036_03,train/bonafide/huawei/turkiye-036_03.jpg,train,4,turkiye-115_03,train/attack/digital_1/huawei/turkiye-115_03.jpg,internal_test
turkiye-036_03,train/bonafide/huawei/turkiye-036_03.jpg,train,4,turkiye-115_03,test/attack/digital_3/huawei/turkiye-115_03.jpg,internal_test
turkiye-086_03,train/bonafide/huawei/turkiye-086_03.jpg,train,4,turkiye-041_03,train/bonafide/huawei/turkiye-041_03.jpg,dev
turkiye-086_03,train/bonafide/huawei/turkiye-086_03.jpg,train,4,turkiye-041_03,train/bonafide/iphone15pro/turkiye-041_03.jpg,dev
turkiye-086_03,train/bonafide/huawei/turkiye-086_03.jpg,train,4,turkiye-041_03,train/bonafide/scan/turkiye-041_03.jpg,dev
turkiye-086_03,train/bonafide/huawei/turkiye-086_03.jpg,train,4,turkiye-041_03,train/attack/digital_2/iphone15pro/turkiye-041_03.jpg,dev
turkiye-086_03,train/bonafide/huawei/turkiye-086_03.jpg,train,4,turkiye-041_03,train/attack/digital_2/scan/turkiye-041_03.jpg,dev
turkiye-086_03,train/bonafide/huawei/turkiye-086_03.jpg,train,4,turkiye-041_03,train/attack/digital_2/huawei/turkiye-041_03.jpg,dev
turkiye-086_03,train/bonafide/huawei/turkiye-086_03.jpg,train,4,turkiye-041_03,train/attack/digital_1/huawei/turkiye-041_03.jpg,dev
turkiye-086_03,train/bonafide/huawei/turkiye-086_03.jpg,train,4,turkiye-041_03,train/attack/digital_1/iphone15pro/turkiye-041_03.jpg,dev
turkiye-086_03,train/bonafide/huawei/turkiye-086_03.jpg,train,4,turkiye-041_03,train/attack/digital_1/scan/turkiye-041_03.jpg,dev
turkiye-086_03,train/bonafide/huawei/turkiye-086_03.jpg,train,4,turkiye-041_03,test/attack/digital_3/scan/turkiye-041_03.jpg,dev
turkiye-086_03,train/bonafide/huawei/turkiye-086_03.jpg,train,4,turkiye-041_03,test/attack/digital_3/huawei/turkiye-041_03.jpg,dev
turkiye-086_03,train/bonafide/huawei/turkiye-086_03.jpg,train,4,turkiye-041_03,test/attack/digital_3/iphone15pro/turkiye-041_03.jpg,dev
turkiye-086_03,train/bonafide/huawei/turkiye-086_03.jpg,train,4,turkiye-031_03,train/bonafide/huawei/turkiye-031_03.jpg,internal_test
turkiye-086_03,train/bonafide/huawei/turkiye-086_03.jpg,train,4,turkiye-115_03,train/bonafide/huawei/turkiye-115_03.jpg,internal_test
turkiye-086_03,train/bonafide/huawei/turkiye-086_03.jpg,train,4,turkiye-031_03,train/bonafide/iphone15pro/turkiye-031_03.jpg,internal_test
turkiye-086_03,train/bonafide/huawei/turkiye-086_03.jpg,train,4,turkiye-121_03,train/bonafide/iphone15pro/turkiye-121_03.jpg,internal_test
turkiye-086_03,train/bonafide/huawei/turkiye-086_03.jpg,train,4,turkiye-031_03,train/bonafide/scan/turkiye-031_03.jpg,internal_test
turkiye-086_03,train/bonafide/huawei/turkiye-086_03.jpg,train,2,turkiye-121_03,train/bonafide/scan/turkiye-121_03.jpg,internal_test
turkiye-086_03,train/bonafide/huawei/turkiye-086_03.jpg,train,2,turkiye-121_03,train/attack/digital_2/iphone15pro/turkiye-121_03.jpg,internal_test
turkiye-086_03,train/bonafide/huawei/turkiye-086_03.jpg,train,4,turkiye-031_03,train/attack/digital_2/iphone15pro/turkiye-031_03.jpg,internal_test
turkiye-086_03,train/bonafide/huawei/turkiye-086_03.jpg,train,4,turkiye-032_03,train/attack/digital_2/scan/turkiye-032_03.jpg,internal_test
turkiye-086_03,train/bonafide/huawei/turkiye-086_03.jpg,train,2,turkiye-121_03,train/attack/digital_2/scan/turkiye-121_03.jpg,internal_test
turkiye-086_03,train/bonafide/huawei/turkiye-086_03.jpg,train,4,turkiye-031_03,train/attack/digital_2/scan/turkiye-031_03.jpg,internal_test
turkiye-086_03,train/bonafide/huawei/turkiye-086_03.jpg,train,4,turkiye-115_03,train/attack/digital_2/huawei/turkiye-115_03.jpg,internal_test
turkiye-086_03,train/bonafide/huawei/turkiye-086_03.jpg,train,2,turkiye-031_03,train/attack/digital_2/huawei/turkiye-031_03.jpg,internal_test
turkiye-086_03,train/bonafide/huawei/turkiye-086_03.jpg,train,4,turkiye-031_03,train/attack/digital_1/huawei/turkiye-031_03.jpg,internal_test
turkiye-086_03,train/bonafide/huawei/turkiye-086_03.jpg,train,4,turkiye-121_03,train/attack/digital_1/iphone15pro/turkiye-121_03.jpg,internal_test
turkiye-086_03,train/bonafide/huawei/turkiye-086_03.jpg,train,4,turkiye-032_03,train/attack/digital_1/scan/turkiye-032_03.jpg,internal_test
turkiye-086_03,train/bonafide/huawei/turkiye-086_03.jpg,train,4,turkiye-121_03,train/attack/digital_1/scan/turkiye-121_03.jpg,internal_test
turkiye-086_03,train/bonafide/huawei/turkiye-086_03.jpg,train,4,turkiye-031_03,test/attack/digital_3/scan/turkiye-031_03.jpg,internal_test
turkiye-086_03,train/bonafide/huawei/turkiye-086_03.jpg,train,4,turkiye-031_03,test/attack/digital_3/huawei/turkiye-031_03.jpg,internal_test
turkiye-086_03,train/bonafide/huawei/turkiye-086_03.jpg,train,4,turkiye-031_03,test/attack/digital_3/iphone15pro/turkiye-031_03.jpg,internal_test
turkiye-086_03,train/bonafide/huawei/turkiye-086_03.jpg,train,4,turkiye-115_03,test/attack/digital_3/huawei/turkiye-115_03.jpg,internal_test
turkiye-086_03,train/bonafide/huawei/turkiye-086_03.jpg,train,2,turkiye-121_03,test/attack/digital_3/scan/turkiye-121_03.jpg,internal_test
turkiye-086_03,train/bonafide/huawei/turkiye-086_03.jpg,train,2,turkiye-121_03,test/attack/digital_3/iphone15pro/turkiye-121_03.jpg,internal_test
turkiye-092_03,train/bonafide/huawei/turkiye-092_03.jpg,train,4,turkiye-101_03,train/bonafide/iphone15pro/turkiye-101_03.jpg,dev
turkiye-092_03,train/bonafide/huawei/turkiye-092_03.jpg,train,4,turkiye-101_03,train/attack/digital_2/iphone15pro/turkiye-101_03.jpg,dev
turkiye-092_03,train/bonafide/huawei/turkiye-092_03.jpg,train,4,turkiye-101_03,train/attack/digital_1/iphone15pro/turkiye-101_03.jpg,dev
turkiye-092_03,train/bonafide/huawei/turkiye-092_03.jpg,train,4,turkiye-101_03,test/attack/digital_3/iphone15pro/turkiye-101_03.jpg,dev
turkiye-092_03,train/bonafide/huawei/turkiye-092_03.jpg,train,4,turkiye-115_03,train/bonafide/iphone15pro/turkiye-115_03.jpg,internal_test
turkiye-126_03,train/bonafide/huawei/turkiye-126_03.jpg,train,4,turkiye-041_03,train/bonafide/iphone15pro/turkiye-041_03.jpg,dev
turkiye-126_03,train/bonafide/huawei/turkiye-126_03.jpg,train,4,turkiye-101_03,train/bonafide/iphone15pro/turkiye-101_03.jpg,dev
turkiye-126_03,train/bonafide/huawei/turkiye-126_03.jpg,train,4,turkiye-041_03,train/attack/digital_2/iphone15pro/turkiye-041_03.jpg,dev
turkiye-126_03,train/bonafide/huawei/turkiye-126_03.jpg,train,4,turkiye-101_03,train/attack/digital_2/iphone15pro/turkiye-101_03.jpg,dev
turkiye-126_03,train/bonafide/huawei/turkiye-126_03.jpg,train,4,turkiye-041_03,train/attack/digital_1/iphone15pro/turkiye-041_03.jpg,dev
turkiye-126_03,train/bonafide/huawei/turkiye-126_03.jpg,train,4,turkiye-101_03,train/attack/digital_1/iphone15pro/turkiye-101_03.jpg,dev
turkiye-126_03,train/bonafide/huawei/turkiye-126_03.jpg,train,4,turkiye-041_03,test/attack/digital_3/iphone15pro/turkiye-041_03.jpg,dev
turkiye-126_03,train/bonafide/huawei/turkiye-126_03.jpg,train,4,turkiye-101_03,test/attack/digital_3/iphone15pro/turkiye-101_03.jpg,dev
turkiye-126_03,train/bonafide/huawei/turkiye-126_03.jpg,train,2,turkiye-121_03,train/bonafide/huawei/turkiye-121_03.jpg,internal_test
turkiye-126_03,train/bonafide/huawei/turkiye-126_03.jpg,train,4,turkiye-115_03,train/bonafide/iphone15pro/turkiye-115_03.jpg,internal_test
turkiye-126_03,train/bonafide/huawei/turkiye-126_03.jpg,train,4,turkiye-115_03,train/bonafide/scan/turkiye-115_03.jpg,internal_test
turkiye-126_03,train/bonafide/huawei/turkiye-126_03.jpg,train,4,turkiye-115_03,train/attack/digital_2/iphone15pro/turkiye-115_03.jpg,internal_test
turkiye-126_03,train/bonafide/huawei/turkiye-126_03.jpg,train,4,turkiye-115_03,train/attack/digital_2/scan/turkiye-115_03.jpg,internal_test
turkiye-126_03,train/bonafide/huawei/turkiye-126_03.jpg,train,4,turkiye-121_03,train/attack/digital_2/huawei/turkiye-121_03.jpg,internal_test
turkiye-126_03,train/bonafide/huawei/turkiye-126_03.jpg,train,2,turkiye-121_03,train/attack/digital_1/huawei/turkiye-121_03.jpg,internal_test
turkiye-126_03,train/bonafide/huawei/turkiye-126_03.jpg,train,4,turkiye-115_03,train/attack/digital_1/scan/turkiye-115_03.jpg,internal_test
turkiye-126_03,train/bonafide/huawei/turkiye-126_03.jpg,train,4,turkiye-121_03,train/attack/digital_1/scan/turkiye-121_03.jpg,internal_test
turkiye-126_03,train/bonafide/huawei/turkiye-126_03.jpg,train,2,turkiye-121_03,test/attack/digital_3/huawei/turkiye-121_03.jpg,internal_test
turkiye-127_03,train/bonafide/huawei/turkiye-127_03.jpg,train,4,turkiye-041_03,train/bonafide/huawei/turkiye-041_03.jpg,dev
turkiye-127_03,train/bonafide/huawei/turkiye-127_03.jpg,train,4,turkiye-101_03,train/bonafide/huawei/turkiye-101_03.jpg,dev
turkiye-127_03,train/bonafide/huawei/turkiye-127_03.jpg,train,4,turkiye-104_03,train/bonafide/huawei/turkiye-104_03.jpg,dev
turkiye-127_03,train/bonafide/huawei/turkiye-127_03.jpg,train,4,turkiye-041_03,train/bonafide/iphone15pro/turkiye-041_03.jpg,dev
turkiye-127_03,train/bonafide/huawei/turkiye-127_03.jpg,train,2,turkiye-101_03,train/bonafide/iphone15pro/turkiye-101_03.jpg,dev
turkiye-127_03,train/bonafide/huawei/turkiye-127_03.jpg,train,4,turkiye-041_03,train/bonafide/scan/turkiye-041_03.jpg,dev
turkiye-127_03,train/bonafide/huawei/turkiye-127_03.jpg,train,2,turkiye-101_03,train/bonafide/scan/turkiye-101_03.jpg,dev
turkiye-127_03,train/bonafide/huawei/turkiye-127_03.jpg,train,4,turkiye-041_03,train/attack/digital_2/iphone15pro/turkiye-041_03.jpg,dev
turkiye-127_03,train/bonafide/huawei/turkiye-127_03.jpg,train,2,turkiye-101_03,train/attack/digital_2/iphone15pro/turkiye-101_03.jpg,dev
turkiye-127_03,train/bonafide/huawei/turkiye-127_03.jpg,train,2,turkiye-041_03,train/attack/digital_2/scan/turkiye-041_03.jpg,dev
turkiye-127_03,train/bonafide/huawei/turkiye-127_03.jpg,train,4,turkiye-101_03,train/attack/digital_2/scan/turkiye-101_03.jpg,dev
turkiye-127_03,train/bonafide/huawei/turkiye-127_03.jpg,train,4,turkiye-041_03,train/attack/digital_2/huawei/turkiye-041_03.jpg,dev
turkiye-127_03,train/bonafide/huawei/turkiye-127_03.jpg,train,4,turkiye-101_03,train/attack/digital_2/huawei/turkiye-101_03.jpg,dev
turkiye-127_03,train/bonafide/huawei/turkiye-127_03.jpg,train,4,turkiye-041_03,train/attack/digital_1/huawei/turkiye-041_03.jpg,dev
turkiye-127_03,train/bonafide/huawei/turkiye-127_03.jpg,train,2,turkiye-101_03,train/attack/digital_1/huawei/turkiye-101_03.jpg,dev
turkiye-127_03,train/bonafide/huawei/turkiye-127_03.jpg,train,4,turkiye-041_03,train/attack/digital_1/iphone15pro/turkiye-041_03.jpg,dev
turkiye-127_03,train/bonafide/huawei/turkiye-127_03.jpg,train,2,turkiye-101_03,train/attack/digital_1/iphone15pro/turkiye-101_03.jpg,dev
turkiye-127_03,train/bonafide/huawei/turkiye-127_03.jpg,train,2,turkiye-041_03,train/attack/digital_1/scan/turkiye-041_03.jpg,dev
turkiye-127_03,train/bonafide/huawei/turkiye-127_03.jpg,train,0,turkiye-101_03,train/attack/digital_1/scan/turkiye-101_03.jpg,dev
turkiye-127_03,train/bonafide/huawei/turkiye-127_03.jpg,train,4,turkiye-104_03,train/attack/digital_1/scan/turkiye-104_03.jpg,dev
turkiye-127_03,train/bonafide/huawei/turkiye-127_03.jpg,train,4,turkiye-041_03,test/attack/digital_3/scan/turkiye-041_03.jpg,dev
turkiye-127_03,train/bonafide/huawei/turkiye-127_03.jpg,train,4,turkiye-041_03,test/attack/digital_3/huawei/turkiye-041_03.jpg,dev
turkiye-127_03,train/bonafide/huawei/turkiye-127_03.jpg,train,4,turkiye-041_03,test/attack/digital_3/iphone15pro/turkiye-041_03.jpg,dev
turkiye-127_03,train/bonafide/huawei/turkiye-127_03.jpg,train,4,turkiye-101_03,test/attack/digital_3/scan/turkiye-101_03.jpg,dev
turkiye-127_03,train/bonafide/huawei/turkiye-127_03.jpg,train,2,turkiye-101_03,test/attack/digital_3/huawei/turkiye-101_03.jpg,dev
turkiye-127_03,train/bonafide/huawei/turkiye-127_03.jpg,train,2,turkiye-101_03,test/attack/digital_3/iphone15pro/turkiye-101_03.jpg,dev
turkiye-127_03,train/bonafide/huawei/turkiye-127_03.jpg,train,4,turkiye-031_03,train/bonafide/huawei/turkiye-031_03.jpg,internal_test
turkiye-127_03,train/bonafide/huawei/turkiye-127_03.jpg,train,4,turkiye-121_03,train/bonafide/huawei/turkiye-121_03.jpg,internal_test
turkiye-127_03,train/bonafide/huawei/turkiye-127_03.jpg,train,4,turkiye-031_03,train/bonafide/iphone15pro/turkiye-031_03.jpg,internal_test
turkiye-127_03,train/bonafide/huawei/turkiye-127_03.jpg,train,2,turkiye-115_03,train/bonafide/iphone15pro/turkiye-115_03.jpg,internal_test
turkiye-127_03,train/bonafide/huawei/turkiye-127_03.jpg,train,4,turkiye-031_03,train/bonafide/scan/turkiye-031_03.jpg,internal_test
turkiye-127_03,train/bonafide/huawei/turkiye-127_03.jpg,train,2,turkiye-115_03,train/bonafide/scan/turkiye-115_03.jpg,internal_test
turkiye-127_03,train/bonafide/huawei/turkiye-127_03.jpg,train,4,turkiye-115_03,train/attack/digital_2/iphone15pro/turkiye-115_03.jpg,internal_test
turkiye-127_03,train/bonafide/huawei/turkiye-127_03.jpg,train,4,turkiye-121_03,train/attack/digital_2/iphone15pro/turkiye-121_03.jpg,internal_test
turkiye-127_03,train/bonafide/huawei/turkiye-127_03.jpg,train,4,turkiye-031_03,train/attack/digital_2/iphone15pro/turkiye-031_03.jpg,internal_test
turkiye-127_03,train/bonafide/huawei/turkiye-127_03.jpg,train,2,turkiye-115_03,train/attack/digital_2/scan/turkiye-115_03.jpg,internal_test
turkiye-127_03,train/bonafide/huawei/turkiye-127_03.jpg,train,4,turkiye-031_03,train/attack/digital_2/scan/turkiye-031_03.jpg,internal_test
turkiye-127_03,train/bonafide/huawei/turkiye-127_03.jpg,train,4,turkiye-031_03,train/attack/digital_2/huawei/turkiye-031_03.jpg,internal_test
turkiye-127_03,train/bonafide/huawei/turkiye-127_03.jpg,train,2,turkiye-031_03,train/attack/digital_1/huawei/turkiye-031_03.jpg,internal_test
turkiye-127_03,train/bonafide/huawei/turkiye-127_03.jpg,train,2,turkiye-115_03,train/attack/digital_1/huawei/turkiye-115_03.jpg,internal_test
turkiye-127_03,train/bonafide/huawei/turkiye-127_03.jpg,train,4,turkiye-121_03,train/attack/digital_1/huawei/turkiye-121_03.jpg,internal_test
turkiye-127_03,train/bonafide/huawei/turkiye-127_03.jpg,train,4,turkiye-115_03,train/attack/digital_1/iphone15pro/turkiye-115_03.jpg,internal_test
turkiye-127_03,train/bonafide/huawei/turkiye-127_03.jpg,train,4,turkiye-121_03,train/attack/digital_1/iphone15pro/turkiye-121_03.jpg,internal_test
turkiye-127_03,train/bonafide/huawei/turkiye-127_03.jpg,train,2,turkiye-115_03,train/attack/digital_1/scan/turkiye-115_03.jpg,internal_test
turkiye-127_03,train/bonafide/huawei/turkiye-127_03.jpg,train,4,turkiye-121_03,train/attack/digital_1/scan/turkiye-121_03.jpg,internal_test
turkiye-127_03,train/bonafide/huawei/turkiye-127_03.jpg,train,4,turkiye-031_03,test/attack/digital_3/scan/turkiye-031_03.jpg,internal_test
turkiye-127_03,train/bonafide/huawei/turkiye-127_03.jpg,train,4,turkiye-031_03,test/attack/digital_3/huawei/turkiye-031_03.jpg,internal_test
turkiye-127_03,train/bonafide/huawei/turkiye-127_03.jpg,train,4,turkiye-031_03,test/attack/digital_3/iphone15pro/turkiye-031_03.jpg,internal_test
turkiye-127_03,train/bonafide/huawei/turkiye-127_03.jpg,train,2,turkiye-115_03,test/attack/digital_3/scan/turkiye-115_03.jpg,internal_test
turkiye-127_03,train/bonafide/huawei/turkiye-127_03.jpg,train,4,turkiye-115_03,test/attack/digital_3/iphone15pro/turkiye-115_03.jpg,internal_test
turkiye-127_03,train/bonafide/huawei/turkiye-127_03.jpg,train,4,turkiye-121_03,test/attack/digital_3/huawei/turkiye-121_03.jpg,internal_test
turkiye-127_03,train/bonafide/huawei/turkiye-127_03.jpg,train,4,turkiye-121_03,test/attack/digital_3/iphone15pro/turkiye-121_03.jpg,internal_test
turkiye-130_03,train/bonafide/huawei/turkiye-130_03.jpg,train,4,turkiye-104_03,train/attack/digital_1/huawei/turkiye-104_03.jpg,dev
turkiye-130_03,train/bonafide/huawei/turkiye-130_03.jpg,train,4,turkiye-104_03,test/attack/digital_3/huawei/turkiye-104_03.jpg,dev
turkiye-130_03,train/bonafide/huawei/turkiye-130_03.jpg,train,4,turkiye-115_03,train/bonafide/huawei/turkiye-115_03.jpg,internal_test
turkiye-130_03,train/bonafide/huawei/turkiye-130_03.jpg,train,4,turkiye-031_03,test/attack/digital_3/huawei/turkiye-031_03.jpg,internal_test
turkiye-130_03,train/bonafide/huawei/turkiye-130_03.jpg,train,4,turkiye-115_03,test/attack/digital_3/huawei/turkiye-115_03.jpg,internal_test
ukraine-NF-1005,train/bonafide/huawei/ukraine-NF-1005.jpg,train,4,ukraine-NF-1057,train/bonafide/huawei/ukraine-NF-1057.jpg,dev
ukraine-NF-1005,train/bonafide/huawei/ukraine-NF-1005.jpg,train,4,ukraine-NF-1057,train/attack/digital_2/scan/ukraine-NF-1057.jpg,dev
ukraine-NF-1005,train/bonafide/huawei/ukraine-NF-1005.jpg,train,4,ukraine-NF-1057,train/attack/digital_2/huawei/ukraine-NF-1057.jpg,dev
ukraine-NF-1005,train/bonafide/huawei/ukraine-NF-1005.jpg,train,4,ukraine-NF-1057,train/attack/digital_1/scan/ukraine-NF-1057.jpg,dev
ukraine-NF-1005,train/bonafide/huawei/ukraine-NF-1005.jpg,train,4,ukraine-NF-1057,test/attack/digital_3/huawei/ukraine-NF-1057.jpg,dev
ukraine-NF-1021,train/bonafide/huawei/ukraine-NF-1021.jpg,train,4,ukraine-NF-1057,train/bonafide/huawei/ukraine-NF-1057.jpg,dev
ukraine-NF-1021,train/bonafide/huawei/ukraine-NF-1021.jpg,train,4,ukraine-NF-1057,train/bonafide/iphone15pro/ukraine-NF-1057.jpg,dev
ukraine-NF-1021,train/bonafide/huawei/ukraine-NF-1021.jpg,train,2,ukraine-NF-1057,train/bonafide/scan/ukraine-NF-1057.jpg,dev
ukraine-NF-1021,train/bonafide/huawei/ukraine-NF-1021.jpg,train,4,ukraine-NF-1057,train/attack/digital_2/iphone15pro/ukraine-NF-1057.jpg,dev
ukraine-NF-1021,train/bonafide/huawei/ukraine-NF-1021.jpg,train,4,ukraine-NF-1057,train/attack/digital_2/scan/ukraine-NF-1057.jpg,dev
ukraine-NF-1021,train/bonafide/huawei/ukraine-NF-1021.jpg,train,4,ukraine-NF-1057,train/attack/digital_2/huawei/ukraine-NF-1057.jpg,dev
ukraine-NF-1021,train/bonafide/huawei/ukraine-NF-1021.jpg,train,4,ukraine-NF-1057,train/attack/digital_1/huawei/ukraine-NF-1057.jpg,dev
ukraine-NF-1021,train/bonafide/huawei/ukraine-NF-1021.jpg,train,4,ukraine-NF-1057,train/attack/digital_1/iphone15pro/ukraine-NF-1057.jpg,dev
ukraine-NF-1021,train/bonafide/huawei/ukraine-NF-1021.jpg,train,4,ukraine-NF-1057,train/attack/digital_1/scan/ukraine-NF-1057.jpg,dev
ukraine-NF-1021,train/bonafide/huawei/ukraine-NF-1021.jpg,train,2,ukraine-NF-1057,test/attack/digital_3/scan/ukraine-NF-1057.jpg,dev
ukraine-NF-1021,train/bonafide/huawei/ukraine-NF-1021.jpg,train,4,ukraine-NF-1057,test/attack/digital_3/huawei/ukraine-NF-1057.jpg,dev
ukraine-NF-1021,train/bonafide/huawei/ukraine-NF-1021.jpg,train,4,ukraine-NF-1057,test/attack/digital_3/iphone15pro/ukraine-NF-1057.jpg,dev
ukraine-NF-1032,train/bonafide/huawei/ukraine-NF-1032.jpg,train,4,ukraine-NF-1057,train/bonafide/huawei/ukraine-NF-1057.jpg,dev
ukraine-NF-1032,train/bonafide/huawei/ukraine-NF-1032.jpg,train,2,ukraine-NF-1057,train/bonafide/iphone15pro/ukraine-NF-1057.jpg,dev
ukraine-NF-1032,train/bonafide/huawei/ukraine-NF-1032.jpg,train,4,ukraine-NF-1057,train/bonafide/scan/ukraine-NF-1057.jpg,dev
ukraine-NF-1032,train/bonafide/huawei/ukraine-NF-1032.jpg,train,2,ukraine-NF-1057,train/attack/digital_2/iphone15pro/ukraine-NF-1057.jpg,dev
ukraine-NF-1032,train/bonafide/huawei/ukraine-NF-1032.jpg,train,4,ukraine-NF-1057,train/attack/digital_2/scan/ukraine-NF-1057.jpg,dev
ukraine-NF-1032,train/bonafide/huawei/ukraine-NF-1032.jpg,train,4,ukraine-NF-1057,train/attack/digital_2/huawei/ukraine-NF-1057.jpg,dev
ukraine-NF-1032,train/bonafide/huawei/ukraine-NF-1032.jpg,train,2,ukraine-NF-1057,train/attack/digital_1/huawei/ukraine-NF-1057.jpg,dev
ukraine-NF-1032,train/bonafide/huawei/ukraine-NF-1032.jpg,train,2,ukraine-NF-1057,train/attack/digital_1/iphone15pro/ukraine-NF-1057.jpg,dev
ukraine-NF-1032,train/bonafide/huawei/ukraine-NF-1032.jpg,train,4,ukraine-NF-1057,train/attack/digital_1/scan/ukraine-NF-1057.jpg,dev
ukraine-NF-1032,train/bonafide/huawei/ukraine-NF-1032.jpg,train,4,ukraine-NF-1057,test/attack/digital_3/scan/ukraine-NF-1057.jpg,dev
ukraine-NF-1032,train/bonafide/huawei/ukraine-NF-1032.jpg,train,4,ukraine-NF-1057,test/attack/digital_3/huawei/ukraine-NF-1057.jpg,dev
ukraine-NF-1032,train/bonafide/huawei/ukraine-NF-1032.jpg,train,2,ukraine-NF-1057,test/attack/digital_3/iphone15pro/ukraine-NF-1057.jpg,dev
usa-009_03,train/bonafide/huawei/usa-009_03.jpg,train,4,usa-117_03,train/bonafide/iphone15pro/usa-117_03.jpg,dev
usa-009_03,train/bonafide/huawei/usa-009_03.jpg,train,4,usa-117_03,train/attack/digital_2/iphone15pro/usa-117_03.jpg,dev
usa-009_03,train/bonafide/huawei/usa-009_03.jpg,train,4,usa-117_03,train/attack/digital_1/iphone15pro/usa-117_03.jpg,dev
usa-009_03,train/bonafide/huawei/usa-009_03.jpg,train,4,usa-117_03,test/attack/digital_3/iphone15pro/usa-117_03.jpg,dev
usa-009_03,train/bonafide/huawei/usa-009_03.jpg,train,4,usa-NF-1094,test/attack/digital_3/huawei/usa-NF-1094.jpg,internal_test
usa-011_03,train/bonafide/huawei/usa-011_03.jpg,train,2,usa-134_03,train/bonafide/huawei/usa-134_03.jpg,dev
usa-011_03,train/bonafide/huawei/usa-011_03.jpg,train,4,usa-134_03,train/bonafide/iphone15pro/usa-134_03.jpg,dev
usa-011_03,train/bonafide/huawei/usa-011_03.jpg,train,4,usa-134_03,train/attack/digital_2/iphone15pro/usa-134_03.jpg,dev
usa-011_03,train/bonafide/huawei/usa-011_03.jpg,train,2,usa-134_03,train/attack/digital_2/huawei/usa-134_03.jpg,dev
usa-011_03,train/bonafide/huawei/usa-011_03.jpg,train,2,usa-134_03,train/attack/digital_1/huawei/usa-134_03.jpg,dev
usa-011_03,train/bonafide/huawei/usa-011_03.jpg,train,4,usa-134_03,train/attack/digital_1/iphone15pro/usa-134_03.jpg,dev
usa-011_03,train/bonafide/huawei/usa-011_03.jpg,train,2,usa-134_03,test/attack/digital_3/huawei/usa-134_03.jpg,dev
usa-011_03,train/bonafide/huawei/usa-011_03.jpg,train,4,usa-134_03,test/attack/digital_3/iphone15pro/usa-134_03.jpg,dev
usa-016_03,train/bonafide/huawei/usa-016_03.jpg,train,2,usa-NF-1094,train/attack/digital_1/huawei/usa-NF-1094.jpg,internal_test
usa-034_03,train/bonafide/huawei/usa-034_03.jpg,train,2,usa-134_03,train/bonafide/huawei/usa-134_03.jpg,dev
usa-034_03,train/bonafide/huawei/usa-034_03.jpg,train,4,usa-134_03,train/bonafide/iphone15pro/usa-134_03.jpg,dev
usa-034_03,train/bonafide/huawei/usa-034_03.jpg,train,4,usa-NM-1052,train/bonafide/iphone15pro/usa-NM-1052.jpg,dev
usa-034_03,train/bonafide/huawei/usa-034_03.jpg,train,4,usa-134_03,train/attack/digital_2/iphone15pro/usa-134_03.jpg,dev
usa-034_03,train/bonafide/huawei/usa-034_03.jpg,train,2,usa-134_03,train/attack/digital_2/huawei/usa-134_03.jpg,dev
usa-034_03,train/bonafide/huawei/usa-034_03.jpg,train,2,usa-134_03,train/attack/digital_1/huawei/usa-134_03.jpg,dev
usa-034_03,train/bonafide/huawei/usa-034_03.jpg,train,4,usa-134_03,train/attack/digital_1/iphone15pro/usa-134_03.jpg,dev
usa-034_03,train/bonafide/huawei/usa-034_03.jpg,train,2,usa-134_03,test/attack/digital_3/huawei/usa-134_03.jpg,dev
usa-034_03,train/bonafide/huawei/usa-034_03.jpg,train,4,usa-134_03,test/attack/digital_3/iphone15pro/usa-134_03.jpg,dev
usa-063_03,train/bonafide/huawei/usa-063_03.jpg,train,4,usa-134_03,train/bonafide/huawei/usa-134_03.jpg,dev
usa-063_03,train/bonafide/huawei/usa-063_03.jpg,train,4,usa-117_03,train/bonafide/iphone15pro/usa-117_03.jpg,dev
usa-063_03,train/bonafide/huawei/usa-063_03.jpg,train,4,usa-117_03,train/attack/digital_2/iphone15pro/usa-117_03.jpg,dev
usa-063_03,train/bonafide/huawei/usa-063_03.jpg,train,4,usa-134_03,train/attack/digital_2/huawei/usa-134_03.jpg,dev
usa-063_03,train/bonafide/huawei/usa-063_03.jpg,train,4,usa-134_03,train/attack/digital_1/huawei/usa-134_03.jpg,dev
usa-063_03,train/bonafide/huawei/usa-063_03.jpg,train,4,usa-117_03,train/attack/digital_1/iphone15pro/usa-117_03.jpg,dev
usa-063_03,train/bonafide/huawei/usa-063_03.jpg,train,4,usa-117_03,test/attack/digital_3/iphone15pro/usa-117_03.jpg,dev
usa-063_03,train/bonafide/huawei/usa-063_03.jpg,train,4,usa-134_03,test/attack/digital_3/huawei/usa-134_03.jpg,dev
usa-063_03,train/bonafide/huawei/usa-063_03.jpg,train,4,usa-NF-1094,train/attack/digital_1/huawei/usa-NF-1094.jpg,internal_test
usa-063_03,train/bonafide/huawei/usa-063_03.jpg,train,4,usa-NF-1094,test/attack/digital_3/huawei/usa-NF-1094.jpg,internal_test
usa-136_03,train/bonafide/huawei/usa-136_03.jpg,train,4,usa-NF-1094,train/bonafide/huawei/usa-NF-1094.jpg,internal_test
usa-136_03,train/bonafide/huawei/usa-136_03.jpg,train,4,usa-NF-1094,train/attack/digital_2/huawei/usa-NF-1094.jpg,internal_test
usa-136_03,train/bonafide/huawei/usa-136_03.jpg,train,4,usa-NF-1094,test/attack/digital_3/huawei/usa-NF-1094.jpg,internal_test
usa-NF-1004,train/bonafide/huawei/usa-NF-1004.jpg,train,4,usa-NM-1052,train/bonafide/iphone15pro/usa-NM-1052.jpg,dev
usa-NF-1004,train/bonafide/huawei/usa-NF-1004.jpg,train,4,usa-NM-1052,train/attack/digital_2/huawei/usa-NM-1052.jpg,dev
usa-NF-1004,train/bonafide/huawei/usa-NF-1004.jpg,train,4,usa-NM-1052,train/attack/digital_1/iphone15pro/usa-NM-1052.jpg,dev
usa-NF-1044,train/bonafide/huawei/usa-NF-1044.jpg,train,4,usa-NF-1009,train/bonafide/huawei/usa-NF-1009.jpg,internal_test
usa-NF-1044,train/bonafide/huawei/usa-NF-1044.jpg,train,4,usa-NF-1009,train/attack/digital_1/huawei/usa-NF-1009.jpg,internal_test
usa-NF-1044,train/bonafide/huawei/usa-NF-1044.jpg,train,4,usa-NF-1009,test/attack/digital_3/huawei/usa-NF-1009.jpg,internal_test
usa-NF-1051,train/bonafide/huawei/usa-NF-1051.jpg,train,2,usa-NF-1009,train/bonafide/huawei/usa-NF-1009.jpg,internal_test
usa-NF-1051,train/bonafide/huawei/usa-NF-1051.jpg,train,2,usa-NF-1009,train/attack/digital_1/huawei/usa-NF-1009.jpg,internal_test
usa-NF-1051,train/bonafide/huawei/usa-NF-1051.jpg,train,2,usa-NF-1009,test/attack/digital_3/huawei/usa-NF-1009.jpg,internal_test
usa-NF-1062,train/bonafide/huawei/usa-NF-1062.jpg,train,4,usa-NF-1009,train/attack/digital_2/huawei/usa-NF-1009.jpg,internal_test
usa-NF-1093,train/bonafide/huawei/usa-NF-1093.jpg,train,4,usa-NF-1009,train/bonafide/huawei/usa-NF-1009.jpg,internal_test
usa-NF-1093,train/bonafide/huawei/usa-NF-1093.jpg,train,4,usa-NF-1009,train/attack/digital_1/huawei/usa-NF-1009.jpg,internal_test
usa-NF-1093,train/bonafide/huawei/usa-NF-1093.jpg,train,4,usa-NF-1009,test/attack/digital_3/huawei/usa-NF-1009.jpg,internal_test
arabic-003_03,train/bonafide/iphone15pro/arabic-003_03.jpg,train,4,arabic-005_03,train/bonafide/iphone15pro/arabic-005_03.jpg,dev
arabic-003_03,train/bonafide/iphone15pro/arabic-003_03.jpg,train,4,arabic-005_03,train/bonafide/scan/arabic-005_03.jpg,dev
arabic-003_03,train/bonafide/iphone15pro/arabic-003_03.jpg,train,4,arabic-005_03,train/attack/digital_2/iphone15pro/arabic-005_03.jpg,dev
arabic-003_03,train/bonafide/iphone15pro/arabic-003_03.jpg,train,4,arabic-005_03,train/attack/digital_2/scan/arabic-005_03.jpg,dev
arabic-003_03,train/bonafide/iphone15pro/arabic-003_03.jpg,train,4,arabic-005_03,train/attack/digital_1/iphone15pro/arabic-005_03.jpg,dev
arabic-003_03,train/bonafide/iphone15pro/arabic-003_03.jpg,train,4,arabic-005_03,train/attack/digital_1/scan/arabic-005_03.jpg,dev
arabic-003_03,train/bonafide/iphone15pro/arabic-003_03.jpg,train,4,arabic-005_03,test/attack/digital_3/scan/arabic-005_03.jpg,dev
arabic-003_03,train/bonafide/iphone15pro/arabic-003_03.jpg,train,4,arabic-005_03,test/attack/digital_3/iphone15pro/arabic-005_03.jpg,dev
arabic-024_03,train/bonafide/iphone15pro/arabic-024_03.jpg,train,4,arabic-005_03,train/bonafide/huawei/arabic-005_03.jpg,dev
arabic-024_03,train/bonafide/iphone15pro/arabic-024_03.jpg,train,4,arabic-005_03,train/bonafide/iphone15pro/arabic-005_03.jpg,dev
arabic-024_03,train/bonafide/iphone15pro/arabic-024_03.jpg,train,4,arabic-005_03,train/attack/digital_1/iphone15pro/arabic-005_03.jpg,dev
arabic-024_03,train/bonafide/iphone15pro/arabic-024_03.jpg,train,4,arabic-005_03,test/attack/digital_3/huawei/arabic-005_03.jpg,dev
arabic-024_03,train/bonafide/iphone15pro/arabic-024_03.jpg,train,4,arabic-005_03,test/attack/digital_3/iphone15pro/arabic-005_03.jpg,dev
arabic-NF-1040,train/bonafide/iphone15pro/arabic-NF-1040.jpg,train,4,arabic-NF-1030,train/bonafide/scan/arabic-NF-1030.jpg,dev
arabic-NF-1040,train/bonafide/iphone15pro/arabic-NF-1040.jpg,train,4,arabic-NF-1030,train/attack/digital_2/scan/arabic-NF-1030.jpg,dev
arabic-NF-1040,train/bonafide/iphone15pro/arabic-NF-1040.jpg,train,4,arabic-NF-1030,train/attack/digital_1/huawei/arabic-NF-1030.jpg,dev
arabic-NF-1040,train/bonafide/iphone15pro/arabic-NF-1040.jpg,train,4,arabic-NF-1030,train/attack/digital_1/iphone15pro/arabic-NF-1030.jpg,dev
arabic-NF-1040,train/bonafide/iphone15pro/arabic-NF-1040.jpg,train,2,arabic-NF-1030,train/attack/digital_1/scan/arabic-NF-1030.jpg,dev
arabic-NF-1040,train/bonafide/iphone15pro/arabic-NF-1040.jpg,train,4,arabic-NF-1030,test/attack/digital_3/scan/arabic-NF-1030.jpg,dev
chinese-018_03,train/bonafide/iphone15pro/chinese-018_03.jpg,train,4,chinese-039_03,train/bonafide/huawei/chinese-039_03.jpg,dev
chinese-018_03,train/bonafide/iphone15pro/chinese-018_03.jpg,train,4,chinese-039_03,train/bonafide/iphone15pro/chinese-039_03.jpg,dev
chinese-018_03,train/bonafide/iphone15pro/chinese-018_03.jpg,train,4,chinese-039_03,train/bonafide/scan/chinese-039_03.jpg,dev
chinese-018_03,train/bonafide/iphone15pro/chinese-018_03.jpg,train,4,chinese-039_03,train/attack/digital_2/iphone15pro/chinese-039_03.jpg,dev
chinese-018_03,train/bonafide/iphone15pro/chinese-018_03.jpg,train,4,chinese-039_03,train/attack/digital_2/scan/chinese-039_03.jpg,dev
chinese-018_03,train/bonafide/iphone15pro/chinese-018_03.jpg,train,4,chinese-039_03,train/attack/digital_1/huawei/chinese-039_03.jpg,dev
chinese-018_03,train/bonafide/iphone15pro/chinese-018_03.jpg,train,4,chinese-039_03,train/attack/digital_1/iphone15pro/chinese-039_03.jpg,dev
chinese-018_03,train/bonafide/iphone15pro/chinese-018_03.jpg,train,2,chinese-039_03,train/attack/digital_1/scan/chinese-039_03.jpg,dev
chinese-018_03,train/bonafide/iphone15pro/chinese-018_03.jpg,train,4,chinese-039_03,test/attack/digital_3/scan/chinese-039_03.jpg,dev
chinese-018_03,train/bonafide/iphone15pro/chinese-018_03.jpg,train,4,chinese-039_03,test/attack/digital_3/huawei/chinese-039_03.jpg,dev
chinese-018_03,train/bonafide/iphone15pro/chinese-018_03.jpg,train,4,chinese-039_03,test/attack/digital_3/iphone15pro/chinese-039_03.jpg,dev
chinese-018_03,train/bonafide/iphone15pro/chinese-018_03.jpg,train,4,chinese-020_03,train/bonafide/iphone15pro/chinese-020_03.jpg,internal_test
chinese-018_03,train/bonafide/iphone15pro/chinese-018_03.jpg,train,4,chinese-020_03,train/bonafide/scan/chinese-020_03.jpg,internal_test
chinese-018_03,train/bonafide/iphone15pro/chinese-018_03.jpg,train,4,chinese-020_03,train/attack/digital_2/iphone15pro/chinese-020_03.jpg,internal_test
chinese-018_03,train/bonafide/iphone15pro/chinese-018_03.jpg,train,4,chinese-020_03,train/attack/digital_2/scan/chinese-020_03.jpg,internal_test
chinese-018_03,train/bonafide/iphone15pro/chinese-018_03.jpg,train,4,chinese-020_03,train/attack/digital_1/huawei/chinese-020_03.jpg,internal_test
chinese-018_03,train/bonafide/iphone15pro/chinese-018_03.jpg,train,2,chinese-020_03,train/attack/digital_1/iphone15pro/chinese-020_03.jpg,internal_test
chinese-018_03,train/bonafide/iphone15pro/chinese-018_03.jpg,train,4,chinese-020_03,train/attack/digital_1/scan/chinese-020_03.jpg,internal_test
chinese-018_03,train/bonafide/iphone15pro/chinese-018_03.jpg,train,4,chinese-020_03,test/attack/digital_3/scan/chinese-020_03.jpg,internal_test
chinese-018_03,train/bonafide/iphone15pro/chinese-018_03.jpg,train,4,chinese-020_03,test/attack/digital_3/iphone15pro/chinese-020_03.jpg,internal_test
chinese-081_03,train/bonafide/iphone15pro/chinese-081_03.jpg,train,4,chinese-039_03,train/attack/digital_1/scan/chinese-039_03.jpg,dev
chinese-107_03,train/bonafide/iphone15pro/chinese-107_03.jpg,train,4,chinese-039_03,train/bonafide/iphone15pro/chinese-039_03.jpg,dev
chinese-107_03,train/bonafide/iphone15pro/chinese-107_03.jpg,train,4,chinese-142_03,train/bonafide/iphone15pro/chinese-142_03.jpg,dev
chinese-107_03,train/bonafide/iphone15pro/chinese-107_03.jpg,train,4,chinese-039_03,train/bonafide/scan/chinese-039_03.jpg,dev
chinese-107_03,train/bonafide/iphone15pro/chinese-107_03.jpg,train,4,chinese-142_03,train/attack/digital_2/iphone15pro/chinese-142_03.jpg,dev
chinese-107_03,train/bonafide/iphone15pro/chinese-107_03.jpg,train,4,chinese-142_03,test/attack/digital_3/iphone15pro/chinese-142_03.jpg,dev
chinese-113_03,train/bonafide/iphone15pro/chinese-113_03.jpg,train,4,chinese-020_03,train/attack/digital_1/iphone15pro/chinese-020_03.jpg,internal_test
french-044_03,train/bonafide/iphone15pro/french-044_03.jpg,train,4,french-033_03,train/bonafide/huawei/french-033_03.jpg,dev
french-044_03,train/bonafide/iphone15pro/french-044_03.jpg,train,2,french-033_03,train/bonafide/iphone15pro/french-033_03.jpg,dev
french-044_03,train/bonafide/iphone15pro/french-044_03.jpg,train,2,french-033_03,train/bonafide/scan/french-033_03.jpg,dev
french-044_03,train/bonafide/iphone15pro/french-044_03.jpg,train,2,french-033_03,train/attack/digital_2/iphone15pro/french-033_03.jpg,dev
french-044_03,train/bonafide/iphone15pro/french-044_03.jpg,train,2,french-033_03,train/attack/digital_2/scan/french-033_03.jpg,dev
french-044_03,train/bonafide/iphone15pro/french-044_03.jpg,train,2,french-033_03,train/attack/digital_1/iphone15pro/french-033_03.jpg,dev
french-044_03,train/bonafide/iphone15pro/french-044_03.jpg,train,4,french-033_03,train/attack/digital_1/scan/french-033_03.jpg,dev
french-044_03,train/bonafide/iphone15pro/french-044_03.jpg,train,2,french-033_03,test/attack/digital_3/scan/french-033_03.jpg,dev
french-044_03,train/bonafide/iphone15pro/french-044_03.jpg,train,4,french-033_03,test/attack/digital_3/huawei/french-033_03.jpg,dev
french-044_03,train/bonafide/iphone15pro/french-044_03.jpg,train,2,french-033_03,test/attack/digital_3/iphone15pro/french-033_03.jpg,dev
french-044_03,train/bonafide/iphone15pro/french-044_03.jpg,train,4,french-114_03,test/attack/digital_3/iphone15pro/french-114_03.jpg,dev
french-044_03,train/bonafide/iphone15pro/french-044_03.jpg,train,4,french-019_03,train/bonafide/huawei/french-019_03.jpg,internal_test
french-044_03,train/bonafide/iphone15pro/french-044_03.jpg,train,4,french-022_03,train/bonafide/huawei/french-022_03.jpg,internal_test
french-044_03,train/bonafide/iphone15pro/french-044_03.jpg,train,4,french-068_03,train/bonafide/huawei/french-068_03.jpg,internal_test
french-044_03,train/bonafide/iphone15pro/french-044_03.jpg,train,2,french-019_03,train/bonafide/iphone15pro/french-019_03.jpg,internal_test
french-044_03,train/bonafide/iphone15pro/french-044_03.jpg,train,2,french-022_03,train/bonafide/iphone15pro/french-022_03.jpg,internal_test
french-044_03,train/bonafide/iphone15pro/french-044_03.jpg,train,4,french-068_03,train/bonafide/iphone15pro/french-068_03.jpg,internal_test
french-044_03,train/bonafide/iphone15pro/french-044_03.jpg,train,4,french-019_03,train/attack/digital_2/iphone15pro/french-019_03.jpg,internal_test
french-044_03,train/bonafide/iphone15pro/french-044_03.jpg,train,4,french-068_03,train/attack/digital_2/iphone15pro/french-068_03.jpg,internal_test
french-044_03,train/bonafide/iphone15pro/french-044_03.jpg,train,2,french-022_03,train/attack/digital_2/iphone15pro/french-022_03.jpg,internal_test
french-044_03,train/bonafide/iphone15pro/french-044_03.jpg,train,4,french-068_03,train/attack/digital_2/huawei/french-068_03.jpg,internal_test
french-044_03,train/bonafide/iphone15pro/french-044_03.jpg,train,4,french-022_03,train/attack/digital_2/huawei/french-022_03.jpg,internal_test
french-044_03,train/bonafide/iphone15pro/french-044_03.jpg,train,2,french-019_03,train/attack/digital_1/huawei/french-019_03.jpg,internal_test
french-044_03,train/bonafide/iphone15pro/french-044_03.jpg,train,4,french-022_03,train/attack/digital_1/huawei/french-022_03.jpg,internal_test
french-044_03,train/bonafide/iphone15pro/french-044_03.jpg,train,4,french-068_03,train/attack/digital_1/huawei/french-068_03.jpg,internal_test
french-044_03,train/bonafide/iphone15pro/french-044_03.jpg,train,2,french-019_03,train/attack/digital_1/iphone15pro/french-019_03.jpg,internal_test
french-044_03,train/bonafide/iphone15pro/french-044_03.jpg,train,2,french-022_03,train/attack/digital_1/iphone15pro/french-022_03.jpg,internal_test
french-044_03,train/bonafide/iphone15pro/french-044_03.jpg,train,4,french-068_03,train/attack/digital_1/iphone15pro/french-068_03.jpg,internal_test
french-044_03,train/bonafide/iphone15pro/french-044_03.jpg,train,4,french-019_03,test/attack/digital_3/huawei/french-019_03.jpg,internal_test
french-044_03,train/bonafide/iphone15pro/french-044_03.jpg,train,2,french-019_03,test/attack/digital_3/iphone15pro/french-019_03.jpg,internal_test
french-044_03,train/bonafide/iphone15pro/french-044_03.jpg,train,4,french-022_03,test/attack/digital_3/huawei/french-022_03.jpg,internal_test
french-044_03,train/bonafide/iphone15pro/french-044_03.jpg,train,2,french-022_03,test/attack/digital_3/iphone15pro/french-022_03.jpg,internal_test
french-044_03,train/bonafide/iphone15pro/french-044_03.jpg,train,4,french-068_03,test/attack/digital_3/huawei/french-068_03.jpg,internal_test
french-044_03,train/bonafide/iphone15pro/french-044_03.jpg,train,4,french-068_03,test/attack/digital_3/iphone15pro/french-068_03.jpg,internal_test
french-091_03,train/bonafide/iphone15pro/french-091_03.jpg,train,4,french-033_03,train/bonafide/iphone15pro/french-033_03.jpg,dev
french-091_03,train/bonafide/iphone15pro/french-091_03.jpg,train,4,french-033_03,train/bonafide/scan/french-033_03.jpg,dev
french-091_03,train/bonafide/iphone15pro/french-091_03.jpg,train,4,french-033_03,train/attack/digital_2/iphone15pro/french-033_03.jpg,dev
french-091_03,train/bonafide/iphone15pro/french-091_03.jpg,train,4,french-033_03,train/attack/digital_2/scan/french-033_03.jpg,dev
french-091_03,train/bonafide/iphone15pro/french-091_03.jpg,train,4,french-033_03,train/attack/digital_1/iphone15pro/french-033_03.jpg,dev
french-091_03,train/bonafide/iphone15pro/french-091_03.jpg,train,4,french-033_03,train/attack/digital_1/scan/french-033_03.jpg,dev
french-091_03,train/bonafide/iphone15pro/french-091_03.jpg,train,4,french-033_03,test/attack/digital_3/scan/french-033_03.jpg,dev
french-091_03,train/bonafide/iphone15pro/french-091_03.jpg,train,4,french-033_03,test/attack/digital_3/iphone15pro/french-033_03.jpg,dev
french-091_03,train/bonafide/iphone15pro/french-091_03.jpg,train,4,french-114_03,test/attack/digital_3/iphone15pro/french-114_03.jpg,dev
french-091_03,train/bonafide/iphone15pro/french-091_03.jpg,train,2,french-019_03,train/bonafide/iphone15pro/french-019_03.jpg,internal_test
french-091_03,train/bonafide/iphone15pro/french-091_03.jpg,train,2,french-022_03,train/bonafide/iphone15pro/french-022_03.jpg,internal_test
french-091_03,train/bonafide/iphone15pro/french-091_03.jpg,train,4,french-068_03,train/bonafide/iphone15pro/french-068_03.jpg,internal_test
french-091_03,train/bonafide/iphone15pro/french-091_03.jpg,train,4,french-019_03,train/attack/digital_2/iphone15pro/french-019_03.jpg,internal_test
french-091_03,train/bonafide/iphone15pro/french-091_03.jpg,train,4,french-068_03,train/attack/digital_2/iphone15pro/french-068_03.jpg,internal_test
french-091_03,train/bonafide/iphone15pro/french-091_03.jpg,train,2,french-022_03,train/attack/digital_2/iphone15pro/french-022_03.jpg,internal_test
french-091_03,train/bonafide/iphone15pro/french-091_03.jpg,train,2,french-022_03,train/attack/digital_1/iphone15pro/french-022_03.jpg,internal_test
french-091_03,train/bonafide/iphone15pro/french-091_03.jpg,train,4,french-068_03,train/attack/digital_1/iphone15pro/french-068_03.jpg,internal_test
french-091_03,train/bonafide/iphone15pro/french-091_03.jpg,train,2,french-019_03,test/attack/digital_3/iphone15pro/french-019_03.jpg,internal_test
french-091_03,train/bonafide/iphone15pro/french-091_03.jpg,train,2,french-022_03,test/attack/digital_3/iphone15pro/french-022_03.jpg,internal_test
french-124_03,train/bonafide/iphone15pro/french-124_03.jpg,train,4,french-033_03,train/attack/digital_1/scan/french-033_03.jpg,dev
french-124_03,train/bonafide/iphone15pro/french-124_03.jpg,train,4,french-019_03,train/bonafide/iphone15pro/french-019_03.jpg,internal_test
french-124_03,train/bonafide/iphone15pro/french-124_03.jpg,train,4,french-022_03,train/bonafide/iphone15pro/french-022_03.jpg,internal_test
french-124_03,train/bonafide/iphone15pro/french-124_03.jpg,train,2,french-019_03,train/attack/digital_2/iphone15pro/french-019_03.jpg,internal_test
french-124_03,train/bonafide/iphone15pro/french-124_03.jpg,train,4,french-022_03,train/attack/digital_2/iphone15pro/french-022_03.jpg,internal_test
french-124_03,train/bonafide/iphone15pro/french-124_03.jpg,train,4,french-019_03,train/attack/digital_1/iphone15pro/french-019_03.jpg,internal_test
french-124_03,train/bonafide/iphone15pro/french-124_03.jpg,train,4,french-022_03,train/attack/digital_1/iphone15pro/french-022_03.jpg,internal_test
french-124_03,train/bonafide/iphone15pro/french-124_03.jpg,train,4,french-019_03,test/attack/digital_3/iphone15pro/french-019_03.jpg,internal_test
french-124_03,train/bonafide/iphone15pro/french-124_03.jpg,train,4,french-022_03,test/attack/digital_3/iphone15pro/french-022_03.jpg,internal_test
french-135_03,train/bonafide/iphone15pro/french-135_03.jpg,train,4,french-033_03,train/bonafide/huawei/french-033_03.jpg,dev
french-135_03,train/bonafide/iphone15pro/french-135_03.jpg,train,2,french-033_03,train/bonafide/iphone15pro/french-033_03.jpg,dev
french-135_03,train/bonafide/iphone15pro/french-135_03.jpg,train,2,french-033_03,train/bonafide/scan/french-033_03.jpg,dev
french-135_03,train/bonafide/iphone15pro/french-135_03.jpg,train,2,french-033_03,train/attack/digital_2/iphone15pro/french-033_03.jpg,dev
french-135_03,train/bonafide/iphone15pro/french-135_03.jpg,train,2,french-033_03,train/attack/digital_2/scan/french-033_03.jpg,dev
french-135_03,train/bonafide/iphone15pro/french-135_03.jpg,train,2,french-033_03,train/attack/digital_1/iphone15pro/french-033_03.jpg,dev
french-135_03,train/bonafide/iphone15pro/french-135_03.jpg,train,4,french-033_03,train/attack/digital_1/scan/french-033_03.jpg,dev
french-135_03,train/bonafide/iphone15pro/french-135_03.jpg,train,2,french-033_03,test/attack/digital_3/scan/french-033_03.jpg,dev
french-135_03,train/bonafide/iphone15pro/french-135_03.jpg,train,4,french-033_03,test/attack/digital_3/huawei/french-033_03.jpg,dev
french-135_03,train/bonafide/iphone15pro/french-135_03.jpg,train,2,french-033_03,test/attack/digital_3/iphone15pro/french-033_03.jpg,dev
french-135_03,train/bonafide/iphone15pro/french-135_03.jpg,train,4,french-114_03,test/attack/digital_3/iphone15pro/french-114_03.jpg,dev
french-135_03,train/bonafide/iphone15pro/french-135_03.jpg,train,4,french-019_03,train/bonafide/huawei/french-019_03.jpg,internal_test
french-135_03,train/bonafide/iphone15pro/french-135_03.jpg,train,4,french-022_03,train/bonafide/huawei/french-022_03.jpg,internal_test
french-135_03,train/bonafide/iphone15pro/french-135_03.jpg,train,4,french-068_03,train/bonafide/huawei/french-068_03.jpg,internal_test
french-135_03,train/bonafide/iphone15pro/french-135_03.jpg,train,2,french-019_03,train/bonafide/iphone15pro/french-019_03.jpg,internal_test
french-135_03,train/bonafide/iphone15pro/french-135_03.jpg,train,2,french-022_03,train/bonafide/iphone15pro/french-022_03.jpg,internal_test
french-135_03,train/bonafide/iphone15pro/french-135_03.jpg,train,4,french-068_03,train/bonafide/iphone15pro/french-068_03.jpg,internal_test
french-135_03,train/bonafide/iphone15pro/french-135_03.jpg,train,4,french-019_03,train/attack/digital_2/iphone15pro/french-019_03.jpg,internal_test
french-135_03,train/bonafide/iphone15pro/french-135_03.jpg,train,4,french-068_03,train/attack/digital_2/iphone15pro/french-068_03.jpg,internal_test
french-135_03,train/bonafide/iphone15pro/french-135_03.jpg,train,2,french-022_03,train/attack/digital_2/iphone15pro/french-022_03.jpg,internal_test
french-135_03,train/bonafide/iphone15pro/french-135_03.jpg,train,4,french-068_03,train/attack/digital_2/huawei/french-068_03.jpg,internal_test
french-135_03,train/bonafide/iphone15pro/french-135_03.jpg,train,4,french-022_03,train/attack/digital_2/huawei/french-022_03.jpg,internal_test
french-135_03,train/bonafide/iphone15pro/french-135_03.jpg,train,2,french-019_03,train/attack/digital_1/huawei/french-019_03.jpg,internal_test
french-135_03,train/bonafide/iphone15pro/french-135_03.jpg,train,4,french-022_03,train/attack/digital_1/huawei/french-022_03.jpg,internal_test
french-135_03,train/bonafide/iphone15pro/french-135_03.jpg,train,4,french-068_03,train/attack/digital_1/huawei/french-068_03.jpg,internal_test
french-135_03,train/bonafide/iphone15pro/french-135_03.jpg,train,2,french-019_03,train/attack/digital_1/iphone15pro/french-019_03.jpg,internal_test
french-135_03,train/bonafide/iphone15pro/french-135_03.jpg,train,2,french-022_03,train/attack/digital_1/iphone15pro/french-022_03.jpg,internal_test
french-135_03,train/bonafide/iphone15pro/french-135_03.jpg,train,4,french-068_03,train/attack/digital_1/iphone15pro/french-068_03.jpg,internal_test
french-135_03,train/bonafide/iphone15pro/french-135_03.jpg,train,4,french-019_03,test/attack/digital_3/huawei/french-019_03.jpg,internal_test
french-135_03,train/bonafide/iphone15pro/french-135_03.jpg,train,2,french-019_03,test/attack/digital_3/iphone15pro/french-019_03.jpg,internal_test
french-135_03,train/bonafide/iphone15pro/french-135_03.jpg,train,4,french-022_03,test/attack/digital_3/huawei/french-022_03.jpg,internal_test
french-135_03,train/bonafide/iphone15pro/french-135_03.jpg,train,2,french-022_03,test/attack/digital_3/iphone15pro/french-022_03.jpg,internal_test
french-135_03,train/bonafide/iphone15pro/french-135_03.jpg,train,4,french-068_03,test/attack/digital_3/huawei/french-068_03.jpg,internal_test
french-135_03,train/bonafide/iphone15pro/french-135_03.jpg,train,4,french-068_03,test/attack/digital_3/iphone15pro/french-068_03.jpg,internal_test
indian-012_03,train/bonafide/iphone15pro/indian-012_03.jpg,train,4,indian-038_03,test/attack/digital_3/scan/indian-038_03.jpg,dev
indian-021_03,train/bonafide/iphone15pro/indian-021_03.jpg,train,2,indian-038_03,train/bonafide/iphone15pro/indian-038_03.jpg,dev
indian-021_03,train/bonafide/iphone15pro/indian-021_03.jpg,train,2,indian-038_03,train/attack/digital_2/iphone15pro/indian-038_03.jpg,dev
indian-021_03,train/bonafide/iphone15pro/indian-021_03.jpg,train,2,indian-038_03,train/attack/digital_1/iphone15pro/indian-038_03.jpg,dev
indian-021_03,train/bonafide/iphone15pro/indian-021_03.jpg,train,2,indian-038_03,test/attack/digital_3/iphone15pro/indian-038_03.jpg,dev
indian-108_03,train/bonafide/iphone15pro/indian-108_03.jpg,train,4,indian-038_03,train/bonafide/iphone15pro/indian-038_03.jpg,dev
indian-108_03,train/bonafide/iphone15pro/indian-108_03.jpg,train,4,indian-038_03,train/attack/digital_2/iphone15pro/indian-038_03.jpg,dev
indian-108_03,train/bonafide/iphone15pro/indian-108_03.jpg,train,4,indian-038_03,train/attack/digital_1/iphone15pro/indian-038_03.jpg,dev
indian-108_03,train/bonafide/iphone15pro/indian-108_03.jpg,train,4,indian-038_03,test/attack/digital_3/scan/indian-038_03.jpg,dev
indian-108_03,train/bonafide/iphone15pro/indian-108_03.jpg,train,4,indian-038_03,test/attack/digital_3/iphone15pro/indian-038_03.jpg,dev
persian-010_03,train/bonafide/iphone15pro/persian-010_03.jpg,train,2,persian-122_03,train/bonafide/huawei/persian-122_03.jpg,dev
persian-010_03,train/bonafide/iphone15pro/persian-010_03.jpg,train,2,persian-122_03,train/bonafide/iphone15pro/persian-122_03.jpg,dev
persian-010_03,train/bonafide/iphone15pro/persian-010_03.jpg,train,2,persian-122_03,train/bonafide/scan/persian-122_03.jpg,dev
persian-010_03,train/bonafide/iphone15pro/persian-010_03.jpg,train,0,persian-122_03,train/attack/digital_2/iphone15pro/persian-122_03.jpg,dev
persian-010_03,train/bonafide/iphone15pro/persian-010_03.jpg,train,2,persian-122_03,train/attack/digital_2/scan/persian-122_03.jpg,dev
persian-010_03,train/bonafide/iphone15pro/persian-010_03.jpg,train,2,persian-122_03,train/attack/digital_2/huawei/persian-122_03.jpg,dev
persian-010_03,train/bonafide/iphone15pro/persian-010_03.jpg,train,2,persian-122_03,train/attack/digital_1/huawei/persian-122_03.jpg,dev
persian-010_03,train/bonafide/iphone15pro/persian-010_03.jpg,train,0,persian-122_03,train/attack/digital_1/iphone15pro/persian-122_03.jpg,dev
persian-010_03,train/bonafide/iphone15pro/persian-010_03.jpg,train,2,persian-122_03,train/attack/digital_1/scan/persian-122_03.jpg,dev
persian-010_03,train/bonafide/iphone15pro/persian-010_03.jpg,train,2,persian-122_03,test/attack/digital_3/scan/persian-122_03.jpg,dev
persian-010_03,train/bonafide/iphone15pro/persian-010_03.jpg,train,2,persian-122_03,test/attack/digital_3/huawei/persian-122_03.jpg,dev
persian-010_03,train/bonafide/iphone15pro/persian-010_03.jpg,train,0,persian-122_03,test/attack/digital_3/iphone15pro/persian-122_03.jpg,dev
persian-069_03,train/bonafide/iphone15pro/persian-069_03.jpg,train,4,persian-122_03,train/bonafide/iphone15pro/persian-122_03.jpg,dev
persian-069_03,train/bonafide/iphone15pro/persian-069_03.jpg,train,4,persian-122_03,train/attack/digital_2/scan/persian-122_03.jpg,dev
persian-069_03,train/bonafide/iphone15pro/persian-069_03.jpg,train,4,persian-122_03,train/attack/digital_1/scan/persian-122_03.jpg,dev
persian-087_03,train/bonafide/iphone15pro/persian-087_03.jpg,train,4,persian-045_03,train/bonafide/iphone15pro/persian-045_03.jpg,dev
persian-087_03,train/bonafide/iphone15pro/persian-087_03.jpg,train,4,persian-045_03,train/bonafide/scan/persian-045_03.jpg,dev
persian-087_03,train/bonafide/iphone15pro/persian-087_03.jpg,train,4,persian-045_03,train/attack/digital_2/iphone15pro/persian-045_03.jpg,dev
persian-087_03,train/bonafide/iphone15pro/persian-087_03.jpg,train,4,persian-045_03,train/attack/digital_2/scan/persian-045_03.jpg,dev
persian-087_03,train/bonafide/iphone15pro/persian-087_03.jpg,train,4,persian-045_03,train/attack/digital_1/iphone15pro/persian-045_03.jpg,dev
persian-087_03,train/bonafide/iphone15pro/persian-087_03.jpg,train,4,persian-045_03,train/attack/digital_1/scan/persian-045_03.jpg,dev
persian-087_03,train/bonafide/iphone15pro/persian-087_03.jpg,train,4,persian-045_03,test/attack/digital_3/scan/persian-045_03.jpg,dev
persian-144_03,train/bonafide/iphone15pro/persian-144_03.jpg,train,4,persian-122_03,train/bonafide/huawei/persian-122_03.jpg,dev
persian-144_03,train/bonafide/iphone15pro/persian-144_03.jpg,train,4,persian-122_03,train/bonafide/iphone15pro/persian-122_03.jpg,dev
persian-144_03,train/bonafide/iphone15pro/persian-144_03.jpg,train,4,persian-122_03,train/attack/digital_2/iphone15pro/persian-122_03.jpg,dev
persian-144_03,train/bonafide/iphone15pro/persian-144_03.jpg,train,4,persian-122_03,train/attack/digital_2/scan/persian-122_03.jpg,dev
persian-144_03,train/bonafide/iphone15pro/persian-144_03.jpg,train,4,persian-122_03,train/attack/digital_2/huawei/persian-122_03.jpg,dev
persian-144_03,train/bonafide/iphone15pro/persian-144_03.jpg,train,4,persian-122_03,train/attack/digital_1/huawei/persian-122_03.jpg,dev
persian-144_03,train/bonafide/iphone15pro/persian-144_03.jpg,train,4,persian-122_03,train/attack/digital_1/iphone15pro/persian-122_03.jpg,dev
persian-144_03,train/bonafide/iphone15pro/persian-144_03.jpg,train,4,persian-122_03,train/attack/digital_1/scan/persian-122_03.jpg,dev
persian-144_03,train/bonafide/iphone15pro/persian-144_03.jpg,train,4,persian-122_03,test/attack/digital_3/huawei/persian-122_03.jpg,dev
persian-144_03,train/bonafide/iphone15pro/persian-144_03.jpg,train,4,persian-122_03,test/attack/digital_3/iphone15pro/persian-122_03.jpg,dev
persian-NF-1001,train/bonafide/iphone15pro/persian-NF-1001.jpg,train,4,persian-NM-1074,train/bonafide/huawei/persian-NM-1074.jpg,internal_test
persian-NF-1001,train/bonafide/iphone15pro/persian-NF-1001.jpg,train,2,persian-NM-1074,train/bonafide/scan/persian-NM-1074.jpg,internal_test
persian-NF-1001,train/bonafide/iphone15pro/persian-NF-1001.jpg,train,4,persian-NM-1074,train/attack/digital_2/scan/persian-NM-1074.jpg,internal_test
persian-NF-1001,train/bonafide/iphone15pro/persian-NF-1001.jpg,train,4,persian-NM-1074,train/attack/digital_2/huawei/persian-NM-1074.jpg,internal_test
persian-NF-1001,train/bonafide/iphone15pro/persian-NF-1001.jpg,train,2,persian-NM-1074,train/attack/digital_1/huawei/persian-NM-1074.jpg,internal_test
persian-NF-1001,train/bonafide/iphone15pro/persian-NF-1001.jpg,train,2,persian-NM-1074,train/attack/digital_1/scan/persian-NM-1074.jpg,internal_test
persian-NF-1001,train/bonafide/iphone15pro/persian-NF-1001.jpg,train,2,persian-NM-1074,test/attack/digital_3/scan/persian-NM-1074.jpg,internal_test
persian-NF-1001,train/bonafide/iphone15pro/persian-NF-1001.jpg,train,4,persian-NM-1074,test/attack/digital_3/huawei/persian-NM-1074.jpg,internal_test
persian-NF-1079,train/bonafide/iphone15pro/persian-NF-1079.jpg,train,4,persian-NM-1074,train/bonafide/iphone15pro/persian-NM-1074.jpg,internal_test
persian-NF-1079,train/bonafide/iphone15pro/persian-NF-1079.jpg,train,4,persian-NM-1074,test/attack/digital_3/iphone15pro/persian-NM-1074.jpg,internal_test
portugal-004_03,train/bonafide/iphone15pro/portugal-004_03.jpg,train,4,portugal-172_03,train/bonafide/iphone15pro/portugal-172_03.jpg,dev
portugal-004_03,train/bonafide/iphone15pro/portugal-004_03.jpg,train,4,portugal-172_03,train/bonafide/scan/portugal-172_03.jpg,dev
portugal-004_03,train/bonafide/iphone15pro/portugal-004_03.jpg,train,2,portugal-172_03,train/attack/digital_2/iphone15pro/portugal-172_03.jpg,dev
portugal-004_03,train/bonafide/iphone15pro/portugal-004_03.jpg,train,2,portugal-172_03,train/attack/digital_1/iphone15pro/portugal-172_03.jpg,dev
portugal-004_03,train/bonafide/iphone15pro/portugal-004_03.jpg,train,4,portugal-172_03,train/attack/digital_1/scan/portugal-172_03.jpg,dev
portugal-004_03,train/bonafide/iphone15pro/portugal-004_03.jpg,train,4,portugal-172_03,test/attack/digital_3/scan/portugal-172_03.jpg,dev
portugal-004_03,train/bonafide/iphone15pro/portugal-004_03.jpg,train,2,portugal-172_03,test/attack/digital_3/iphone15pro/portugal-172_03.jpg,dev
portugal-004_03,train/bonafide/iphone15pro/portugal-004_03.jpg,train,2,portugal-119_03,train/bonafide/huawei/portugal-119_03.jpg,internal_test
portugal-004_03,train/bonafide/iphone15pro/portugal-004_03.jpg,train,4,portugal-070_03,train/bonafide/iphone15pro/portugal-070_03.jpg,internal_test
portugal-004_03,train/bonafide/iphone15pro/portugal-004_03.jpg,train,4,portugal-070_03,train/bonafide/scan/portugal-070_03.jpg,internal_test
portugal-004_03,train/bonafide/iphone15pro/portugal-004_03.jpg,train,2,portugal-119_03,train/bonafide/scan/portugal-119_03.jpg,internal_test
portugal-004_03,train/bonafide/iphone15pro/portugal-004_03.jpg,train,4,portugal-119_03,train/attack/digital_2/scan/portugal-119_03.jpg,internal_test
portugal-004_03,train/bonafide/iphone15pro/portugal-004_03.jpg,train,4,portugal-070_03,train/attack/digital_2/scan/portugal-070_03.jpg,internal_test
portugal-004_03,train/bonafide/iphone15pro/portugal-004_03.jpg,train,4,portugal-119_03,train/attack/digital_2/huawei/portugal-119_03.jpg,internal_test
portugal-004_03,train/bonafide/iphone15pro/portugal-004_03.jpg,train,2,portugal-119_03,train/attack/digital_1/huawei/portugal-119_03.jpg,internal_test
portugal-004_03,train/bonafide/iphone15pro/portugal-004_03.jpg,train,2,portugal-070_03,train/attack/digital_1/iphone15pro/portugal-070_03.jpg,internal_test
portugal-004_03,train/bonafide/iphone15pro/portugal-004_03.jpg,train,2,portugal-070_03,train/attack/digital_1/scan/portugal-070_03.jpg,internal_test
portugal-004_03,train/bonafide/iphone15pro/portugal-004_03.jpg,train,4,portugal-119_03,train/attack/digital_1/scan/portugal-119_03.jpg,internal_test
portugal-004_03,train/bonafide/iphone15pro/portugal-004_03.jpg,train,4,portugal-070_03,test/attack/digital_3/scan/portugal-070_03.jpg,internal_test
portugal-004_03,train/bonafide/iphone15pro/portugal-004_03.jpg,train,4,portugal-070_03,test/attack/digital_3/iphone15pro/portugal-070_03.jpg,internal_test
portugal-004_03,train/bonafide/iphone15pro/portugal-004_03.jpg,train,2,portugal-119_03,test/attack/digital_3/scan/portugal-119_03.jpg,internal_test
portugal-004_03,train/bonafide/iphone15pro/portugal-004_03.jpg,train,2,portugal-119_03,test/attack/digital_3/huawei/portugal-119_03.jpg,internal_test
portugal-017_03,train/bonafide/iphone15pro/portugal-017_03.jpg,train,2,portugal-172_03,train/bonafide/iphone15pro/portugal-172_03.jpg,dev
portugal-017_03,train/bonafide/iphone15pro/portugal-017_03.jpg,train,2,portugal-172_03,train/bonafide/scan/portugal-172_03.jpg,dev
portugal-017_03,train/bonafide/iphone15pro/portugal-017_03.jpg,train,2,portugal-172_03,train/attack/digital_2/iphone15pro/portugal-172_03.jpg,dev
portugal-017_03,train/bonafide/iphone15pro/portugal-017_03.jpg,train,4,portugal-172_03,train/attack/digital_2/scan/portugal-172_03.jpg,dev
portugal-017_03,train/bonafide/iphone15pro/portugal-017_03.jpg,train,2,portugal-172_03,train/attack/digital_1/iphone15pro/portugal-172_03.jpg,dev
portugal-017_03,train/bonafide/iphone15pro/portugal-017_03.jpg,train,2,portugal-172_03,train/attack/digital_1/scan/portugal-172_03.jpg,dev
portugal-017_03,train/bonafide/iphone15pro/portugal-017_03.jpg,train,4,portugal-172_03,test/attack/digital_3/scan/portugal-172_03.jpg,dev
portugal-017_03,train/bonafide/iphone15pro/portugal-017_03.jpg,train,2,portugal-172_03,test/attack/digital_3/iphone15pro/portugal-172_03.jpg,dev
portugal-017_03,train/bonafide/iphone15pro/portugal-017_03.jpg,train,4,portugal-119_03,train/bonafide/huawei/portugal-119_03.jpg,internal_test
portugal-017_03,train/bonafide/iphone15pro/portugal-017_03.jpg,train,4,portugal-070_03,train/bonafide/iphone15pro/portugal-070_03.jpg,internal_test
portugal-017_03,train/bonafide/iphone15pro/portugal-017_03.jpg,train,2,portugal-070_03,train/bonafide/scan/portugal-070_03.jpg,internal_test
portugal-017_03,train/bonafide/iphone15pro/portugal-017_03.jpg,train,4,portugal-119_03,train/bonafide/scan/portugal-119_03.jpg,internal_test
portugal-017_03,train/bonafide/iphone15pro/portugal-017_03.jpg,train,4,portugal-070_03,train/attack/digital_2/iphone15pro/portugal-070_03.jpg,internal_test
portugal-017_03,train/bonafide/iphone15pro/portugal-017_03.jpg,train,2,portugal-119_03,train/attack/digital_2/scan/portugal-119_03.jpg,internal_test
portugal-017_03,train/bonafide/iphone15pro/portugal-017_03.jpg,train,2,portugal-070_03,train/attack/digital_2/scan/portugal-070_03.jpg,internal_test
portugal-017_03,train/bonafide/iphone15pro/portugal-017_03.jpg,train,4,portugal-119_03,train/attack/digital_2/huawei/portugal-119_03.jpg,internal_test
portugal-017_03,train/bonafide/iphone15pro/portugal-017_03.jpg,train,4,portugal-119_03,train/attack/digital_1/huawei/portugal-119_03.jpg,internal_test
portugal-017_03,train/bonafide/iphone15pro/portugal-017_03.jpg,train,2,portugal-070_03,train/attack/digital_1/iphone15pro/portugal-070_03.jpg,internal_test
portugal-017_03,train/bonafide/iphone15pro/portugal-017_03.jpg,train,4,portugal-119_03,train/attack/digital_1/iphone15pro/portugal-119_03.jpg,internal_test
portugal-017_03,train/bonafide/iphone15pro/portugal-017_03.jpg,train,2,portugal-070_03,train/attack/digital_1/scan/portugal-070_03.jpg,internal_test
portugal-017_03,train/bonafide/iphone15pro/portugal-017_03.jpg,train,2,portugal-119_03,train/attack/digital_1/scan/portugal-119_03.jpg,internal_test
portugal-017_03,train/bonafide/iphone15pro/portugal-017_03.jpg,train,4,portugal-070_03,test/attack/digital_3/scan/portugal-070_03.jpg,internal_test
portugal-017_03,train/bonafide/iphone15pro/portugal-017_03.jpg,train,4,portugal-070_03,test/attack/digital_3/huawei/portugal-070_03.jpg,internal_test
portugal-017_03,train/bonafide/iphone15pro/portugal-017_03.jpg,train,4,portugal-070_03,test/attack/digital_3/iphone15pro/portugal-070_03.jpg,internal_test
portugal-017_03,train/bonafide/iphone15pro/portugal-017_03.jpg,train,4,portugal-119_03,test/attack/digital_3/scan/portugal-119_03.jpg,internal_test
portugal-017_03,train/bonafide/iphone15pro/portugal-017_03.jpg,train,4,portugal-119_03,test/attack/digital_3/huawei/portugal-119_03.jpg,internal_test
portugal-029_03,train/bonafide/iphone15pro/portugal-029_03.jpg,train,4,portugal-172_03,train/bonafide/iphone15pro/portugal-172_03.jpg,dev
portugal-029_03,train/bonafide/iphone15pro/portugal-029_03.jpg,train,4,portugal-172_03,train/bonafide/scan/portugal-172_03.jpg,dev
portugal-029_03,train/bonafide/iphone15pro/portugal-029_03.jpg,train,4,portugal-172_03,train/attack/digital_2/iphone15pro/portugal-172_03.jpg,dev
portugal-029_03,train/bonafide/iphone15pro/portugal-029_03.jpg,train,4,portugal-172_03,train/attack/digital_1/iphone15pro/portugal-172_03.jpg,dev
portugal-029_03,train/bonafide/iphone15pro/portugal-029_03.jpg,train,4,portugal-172_03,train/attack/digital_1/scan/portugal-172_03.jpg,dev
portugal-029_03,train/bonafide/iphone15pro/portugal-029_03.jpg,train,4,portugal-172_03,test/attack/digital_3/iphone15pro/portugal-172_03.jpg,dev
portugal-029_03,train/bonafide/iphone15pro/portugal-029_03.jpg,train,4,portugal-119_03,train/bonafide/huawei/portugal-119_03.jpg,internal_test
portugal-029_03,train/bonafide/iphone15pro/portugal-029_03.jpg,train,4,portugal-119_03,train/bonafide/iphone15pro/portugal-119_03.jpg,internal_test
portugal-029_03,train/bonafide/iphone15pro/portugal-029_03.jpg,train,4,portugal-070_03,train/bonafide/scan/portugal-070_03.jpg,internal_test
portugal-029_03,train/bonafide/iphone15pro/portugal-029_03.jpg,train,4,portugal-119_03,train/bonafide/scan/portugal-119_03.jpg,internal_test
portugal-029_03,train/bonafide/iphone15pro/portugal-029_03.jpg,train,4,portugal-119_03,train/attack/digital_2/iphone15pro/portugal-119_03.jpg,internal_test
portugal-029_03,train/bonafide/iphone15pro/portugal-029_03.jpg,train,4,portugal-119_03,train/attack/digital_2/scan/portugal-119_03.jpg,internal_test
portugal-029_03,train/bonafide/iphone15pro/portugal-029_03.jpg,train,4,portugal-070_03,train/attack/digital_2/scan/portugal-070_03.jpg,internal_test
portugal-029_03,train/bonafide/iphone15pro/portugal-029_03.jpg,train,4,portugal-119_03,train/attack/digital_2/huawei/portugal-119_03.jpg,internal_test
portugal-029_03,train/bonafide/iphone15pro/portugal-029_03.jpg,train,4,portugal-119_03,train/attack/digital_1/huawei/portugal-119_03.jpg,internal_test
portugal-029_03,train/bonafide/iphone15pro/portugal-029_03.jpg,train,4,portugal-070_03,train/attack/digital_1/iphone15pro/portugal-070_03.jpg,internal_test
portugal-029_03,train/bonafide/iphone15pro/portugal-029_03.jpg,train,4,portugal-119_03,train/attack/digital_1/iphone15pro/portugal-119_03.jpg,internal_test
portugal-029_03,train/bonafide/iphone15pro/portugal-029_03.jpg,train,4,portugal-070_03,train/attack/digital_1/scan/portugal-070_03.jpg,internal_test
portugal-029_03,train/bonafide/iphone15pro/portugal-029_03.jpg,train,4,portugal-119_03,train/attack/digital_1/scan/portugal-119_03.jpg,internal_test
portugal-029_03,train/bonafide/iphone15pro/portugal-029_03.jpg,train,4,portugal-119_03,test/attack/digital_3/scan/portugal-119_03.jpg,internal_test
portugal-029_03,train/bonafide/iphone15pro/portugal-029_03.jpg,train,4,portugal-119_03,test/attack/digital_3/huawei/portugal-119_03.jpg,internal_test
portugal-029_03,train/bonafide/iphone15pro/portugal-029_03.jpg,train,4,portugal-119_03,test/attack/digital_3/iphone15pro/portugal-119_03.jpg,internal_test
portugal-042_03,train/bonafide/iphone15pro/portugal-042_03.jpg,train,4,portugal-061_03,train/bonafide/huawei/portugal-061_03.jpg,internal_test
portugal-042_03,train/bonafide/iphone15pro/portugal-042_03.jpg,train,2,portugal-061_03,train/bonafide/iphone15pro/portugal-061_03.jpg,internal_test
portugal-042_03,train/bonafide/iphone15pro/portugal-042_03.jpg,train,0,portugal-061_03,train/bonafide/scan/portugal-061_03.jpg,internal_test
portugal-042_03,train/bonafide/iphone15pro/portugal-042_03.jpg,train,2,portugal-061_03,train/attack/digital_2/iphone15pro/portugal-061_03.jpg,internal_test
portugal-042_03,train/bonafide/iphone15pro/portugal-042_03.jpg,train,4,portugal-119_03,train/attack/digital_2/iphone15pro/portugal-119_03.jpg,internal_test
portugal-042_03,train/bonafide/iphone15pro/portugal-042_03.jpg,train,0,portugal-061_03,train/attack/digital_2/scan/portugal-061_03.jpg,internal_test
portugal-042_03,train/bonafide/iphone15pro/portugal-042_03.jpg,train,4,portugal-061_03,train/attack/digital_2/huawei/portugal-061_03.jpg,internal_test
portugal-042_03,train/bonafide/iphone15pro/portugal-042_03.jpg,train,4,portugal-061_03,train/attack/digital_1/huawei/portugal-061_03.jpg,internal_test
portugal-042_03,train/bonafide/iphone15pro/portugal-042_03.jpg,train,4,portugal-119_03,train/attack/digital_1/iphone15pro/portugal-119_03.jpg,internal_test
portugal-042_03,train/bonafide/iphone15pro/portugal-042_03.jpg,train,2,portugal-061_03,train/attack/digital_1/iphone15pro/portugal-061_03.jpg,internal_test
portugal-042_03,train/bonafide/iphone15pro/portugal-042_03.jpg,train,2,portugal-061_03,train/attack/digital_1/scan/portugal-061_03.jpg,internal_test
portugal-042_03,train/bonafide/iphone15pro/portugal-042_03.jpg,train,0,portugal-061_03,test/attack/digital_3/scan/portugal-061_03.jpg,internal_test
portugal-042_03,train/bonafide/iphone15pro/portugal-042_03.jpg,train,4,portugal-061_03,test/attack/digital_3/huawei/portugal-061_03.jpg,internal_test
portugal-042_03,train/bonafide/iphone15pro/portugal-042_03.jpg,train,2,portugal-061_03,test/attack/digital_3/iphone15pro/portugal-061_03.jpg,internal_test
portugal-105_03,train/bonafide/iphone15pro/portugal-105_03.jpg,train,4,portugal-172_03,train/bonafide/iphone15pro/portugal-172_03.jpg,dev
portugal-105_03,train/bonafide/iphone15pro/portugal-105_03.jpg,train,4,portugal-172_03,train/bonafide/scan/portugal-172_03.jpg,dev
portugal-105_03,train/bonafide/iphone15pro/portugal-105_03.jpg,train,4,portugal-172_03,train/attack/digital_2/iphone15pro/portugal-172_03.jpg,dev
portugal-105_03,train/bonafide/iphone15pro/portugal-105_03.jpg,train,4,portugal-172_03,train/attack/digital_1/iphone15pro/portugal-172_03.jpg,dev
portugal-105_03,train/bonafide/iphone15pro/portugal-105_03.jpg,train,4,portugal-172_03,train/attack/digital_1/scan/portugal-172_03.jpg,dev
portugal-105_03,train/bonafide/iphone15pro/portugal-105_03.jpg,train,4,portugal-172_03,test/attack/digital_3/iphone15pro/portugal-172_03.jpg,dev
portugal-105_03,train/bonafide/iphone15pro/portugal-105_03.jpg,train,4,portugal-119_03,train/bonafide/huawei/portugal-119_03.jpg,internal_test
portugal-105_03,train/bonafide/iphone15pro/portugal-105_03.jpg,train,4,portugal-070_03,train/bonafide/scan/portugal-070_03.jpg,internal_test
portugal-105_03,train/bonafide/iphone15pro/portugal-105_03.jpg,train,4,portugal-119_03,train/bonafide/scan/portugal-119_03.jpg,internal_test
portugal-105_03,train/bonafide/iphone15pro/portugal-105_03.jpg,train,4,portugal-119_03,train/attack/digital_2/scan/portugal-119_03.jpg,internal_test
portugal-105_03,train/bonafide/iphone15pro/portugal-105_03.jpg,train,4,portugal-070_03,train/attack/digital_2/scan/portugal-070_03.jpg,internal_test
portugal-105_03,train/bonafide/iphone15pro/portugal-105_03.jpg,train,4,portugal-119_03,train/attack/digital_2/huawei/portugal-119_03.jpg,internal_test
portugal-105_03,train/bonafide/iphone15pro/portugal-105_03.jpg,train,4,portugal-070_03,train/attack/digital_1/huawei/portugal-070_03.jpg,internal_test
portugal-105_03,train/bonafide/iphone15pro/portugal-105_03.jpg,train,4,portugal-119_03,train/attack/digital_1/huawei/portugal-119_03.jpg,internal_test
portugal-105_03,train/bonafide/iphone15pro/portugal-105_03.jpg,train,4,portugal-070_03,train/attack/digital_1/iphone15pro/portugal-070_03.jpg,internal_test
portugal-105_03,train/bonafide/iphone15pro/portugal-105_03.jpg,train,4,portugal-070_03,train/attack/digital_1/scan/portugal-070_03.jpg,internal_test
portugal-105_03,train/bonafide/iphone15pro/portugal-105_03.jpg,train,4,portugal-119_03,train/attack/digital_1/scan/portugal-119_03.jpg,internal_test
portugal-105_03,train/bonafide/iphone15pro/portugal-105_03.jpg,train,4,portugal-070_03,test/attack/digital_3/huawei/portugal-070_03.jpg,internal_test
portugal-105_03,train/bonafide/iphone15pro/portugal-105_03.jpg,train,4,portugal-119_03,test/attack/digital_3/scan/portugal-119_03.jpg,internal_test
portugal-105_03,train/bonafide/iphone15pro/portugal-105_03.jpg,train,4,portugal-119_03,test/attack/digital_3/huawei/portugal-119_03.jpg,internal_test
portugal-125_03,train/bonafide/iphone15pro/portugal-125_03.jpg,train,4,portugal-172_03,train/bonafide/huawei/portugal-172_03.jpg,dev
portugal-125_03,train/bonafide/iphone15pro/portugal-125_03.jpg,train,4,portugal-172_03,train/bonafide/iphone15pro/portugal-172_03.jpg,dev
portugal-125_03,train/bonafide/iphone15pro/portugal-125_03.jpg,train,2,portugal-172_03,train/bonafide/scan/portugal-172_03.jpg,dev
portugal-125_03,train/bonafide/iphone15pro/portugal-125_03.jpg,train,2,portugal-172_03,train/attack/digital_2/iphone15pro/portugal-172_03.jpg,dev
portugal-125_03,train/bonafide/iphone15pro/portugal-125_03.jpg,train,2,portugal-172_03,train/attack/digital_2/scan/portugal-172_03.jpg,dev
portugal-125_03,train/bonafide/iphone15pro/portugal-125_03.jpg,train,4,portugal-172_03,train/attack/digital_2/huawei/portugal-172_03.jpg,dev
portugal-125_03,train/bonafide/iphone15pro/portugal-125_03.jpg,train,2,portugal-172_03,train/attack/digital_1/huawei/portugal-172_03.jpg,dev
portugal-125_03,train/bonafide/iphone15pro/portugal-125_03.jpg,train,2,portugal-172_03,train/attack/digital_1/iphone15pro/portugal-172_03.jpg,dev
portugal-125_03,train/bonafide/iphone15pro/portugal-125_03.jpg,train,2,portugal-172_03,train/attack/digital_1/scan/portugal-172_03.jpg,dev
portugal-125_03,train/bonafide/iphone15pro/portugal-125_03.jpg,train,2,portugal-172_03,test/attack/digital_3/scan/portugal-172_03.jpg,dev
portugal-125_03,train/bonafide/iphone15pro/portugal-125_03.jpg,train,2,portugal-172_03,test/attack/digital_3/huawei/portugal-172_03.jpg,dev
portugal-125_03,train/bonafide/iphone15pro/portugal-125_03.jpg,train,2,portugal-172_03,test/attack/digital_3/iphone15pro/portugal-172_03.jpg,dev
portugal-125_03,train/bonafide/iphone15pro/portugal-125_03.jpg,train,4,portugal-119_03,train/bonafide/huawei/portugal-119_03.jpg,internal_test
portugal-125_03,train/bonafide/iphone15pro/portugal-125_03.jpg,train,2,portugal-070_03,train/bonafide/iphone15pro/portugal-070_03.jpg,internal_test
portugal-125_03,train/bonafide/iphone15pro/portugal-125_03.jpg,train,4,portugal-070_03,train/bonafide/scan/portugal-070_03.jpg,internal_test
portugal-125_03,train/bonafide/iphone15pro/portugal-125_03.jpg,train,4,portugal-119_03,train/bonafide/scan/portugal-119_03.jpg,internal_test
portugal-125_03,train/bonafide/iphone15pro/portugal-125_03.jpg,train,2,portugal-070_03,train/attack/digital_2/iphone15pro/portugal-070_03.jpg,internal_test
portugal-125_03,train/bonafide/iphone15pro/portugal-125_03.jpg,train,4,portugal-119_03,train/attack/digital_2/scan/portugal-119_03.jpg,internal_test
portugal-125_03,train/bonafide/iphone15pro/portugal-125_03.jpg,train,4,portugal-070_03,train/attack/digital_2/scan/portugal-070_03.jpg,internal_test
portugal-125_03,train/bonafide/iphone15pro/portugal-125_03.jpg,train,4,portugal-119_03,train/attack/digital_1/huawei/portugal-119_03.jpg,internal_test
portugal-125_03,train/bonafide/iphone15pro/portugal-125_03.jpg,train,2,portugal-070_03,train/attack/digital_1/iphone15pro/portugal-070_03.jpg,internal_test
portugal-125_03,train/bonafide/iphone15pro/portugal-125_03.jpg,train,2,portugal-070_03,train/attack/digital_1/scan/portugal-070_03.jpg,internal_test
portugal-125_03,train/bonafide/iphone15pro/portugal-125_03.jpg,train,4,portugal-119_03,train/attack/digital_1/scan/portugal-119_03.jpg,internal_test
portugal-125_03,train/bonafide/iphone15pro/portugal-125_03.jpg,train,0,portugal-070_03,test/attack/digital_3/scan/portugal-070_03.jpg,internal_test
portugal-125_03,train/bonafide/iphone15pro/portugal-125_03.jpg,train,0,portugal-070_03,test/attack/digital_3/iphone15pro/portugal-070_03.jpg,internal_test
portugal-125_03,train/bonafide/iphone15pro/portugal-125_03.jpg,train,4,portugal-119_03,test/attack/digital_3/scan/portugal-119_03.jpg,internal_test
portugal-125_03,train/bonafide/iphone15pro/portugal-125_03.jpg,train,4,portugal-119_03,test/attack/digital_3/huawei/portugal-119_03.jpg,internal_test
portugal-NF-1016,train/bonafide/iphone15pro/portugal-NF-1016.jpg,train,4,portugal-NF-1022,test/attack/digital_3/iphone15pro/portugal-NF-1022.jpg,internal_test
portugal-NF-1041,train/bonafide/iphone15pro/portugal-NF-1041.jpg,train,4,portugal-NF-1022,train/attack/digital_1/scan/portugal-NF-1022.jpg,internal_test
portugal-NF-1041,train/bonafide/iphone15pro/portugal-NF-1041.jpg,train,4,portugal-NF-1022,test/attack/digital_3/scan/portugal-NF-1022.jpg,internal_test
portugal-NF-1105,train/bonafide/iphone15pro/portugal-NF-1105.jpg,train,4,portugal-NF-1022,train/attack/digital_1/scan/portugal-NF-1022.jpg,internal_test
portugal-NF-1105,train/bonafide/iphone15pro/portugal-NF-1105.jpg,train,4,portugal-NF-1022,test/attack/digital_3/scan/portugal-NF-1022.jpg,internal_test
portugal-NF-1107,train/bonafide/iphone15pro/portugal-NF-1107.jpg,train,4,portugal-NF-1024,train/attack/digital_2/scan/portugal-NF-1024.jpg,dev
portugal-NM-1102,train/bonafide/iphone15pro/portugal-NM-1102.jpg,train,4,netherland-flickr_M_31998389253_0a26f25b0d_h,test/bonafide/scan/netherland-flickr_M_31998389253_0a26f25b0d_h.jpg,external_clean_test
russian-123_03,train/bonafide/iphone15pro/russian-123_03.jpg,train,4,russian-141_03,train/attack/digital_2/iphone15pro/russian-141_03.jpg,dev
russian-123_03,train/bonafide/iphone15pro/russian-123_03.jpg,train,4,russian-141_03,train/attack/digital_1/iphone15pro/russian-141_03.jpg,dev
russian-123_03,train/bonafide/iphone15pro/russian-123_03.jpg,train,4,russian-141_03,test/attack/digital_3/iphone15pro/russian-141_03.jpg,dev
russian-NF-1099,train/bonafide/iphone15pro/russian-NF-1099.jpg,train,4,russian-NF-1069,train/bonafide/huawei/russian-NF-1069.jpg,internal_test
russian-NF-1099,train/bonafide/iphone15pro/russian-NF-1099.jpg,train,4,russian-NF-1069,train/bonafide/scan/russian-NF-1069.jpg,internal_test
russian-NF-1099,train/bonafide/iphone15pro/russian-NF-1099.jpg,train,4,russian-NF-1069,train/attack/digital_2/iphone15pro/russian-NF-1069.jpg,internal_test
russian-NF-1099,train/bonafide/iphone15pro/russian-NF-1099.jpg,train,4,russian-NF-1069,train/attack/digital_2/scan/russian-NF-1069.jpg,internal_test
russian-NF-1099,train/bonafide/iphone15pro/russian-NF-1099.jpg,train,4,russian-NF-1069,train/attack/digital_2/huawei/russian-NF-1069.jpg,internal_test
russian-NF-1099,train/bonafide/iphone15pro/russian-NF-1099.jpg,train,4,russian-NF-1069,train/attack/digital_1/scan/russian-NF-1069.jpg,internal_test
russian-NF-1099,train/bonafide/iphone15pro/russian-NF-1099.jpg,train,4,russian-NF-1069,test/attack/digital_3/scan/russian-NF-1069.jpg,internal_test
russian-NF-1099,train/bonafide/iphone15pro/russian-NF-1099.jpg,train,4,russian-NF-1069,test/attack/digital_3/huawei/russian-NF-1069.jpg,internal_test
russian-NF-1099,train/bonafide/iphone15pro/russian-NF-1099.jpg,train,4,russian-NF-1069,test/attack/digital_3/iphone15pro/russian-NF-1069.jpg,internal_test
turkiye-008_03,train/bonafide/iphone15pro/turkiye-008_03.jpg,train,4,turkiye-041_03,train/bonafide/iphone15pro/turkiye-041_03.jpg,dev
turkiye-008_03,train/bonafide/iphone15pro/turkiye-008_03.jpg,train,4,turkiye-101_03,train/bonafide/iphone15pro/turkiye-101_03.jpg,dev
turkiye-008_03,train/bonafide/iphone15pro/turkiye-008_03.jpg,train,4,turkiye-041_03,train/attack/digital_2/iphone15pro/turkiye-041_03.jpg,dev
turkiye-008_03,train/bonafide/iphone15pro/turkiye-008_03.jpg,train,4,turkiye-101_03,train/attack/digital_2/iphone15pro/turkiye-101_03.jpg,dev
turkiye-008_03,train/bonafide/iphone15pro/turkiye-008_03.jpg,train,4,turkiye-041_03,train/attack/digital_1/iphone15pro/turkiye-041_03.jpg,dev
turkiye-008_03,train/bonafide/iphone15pro/turkiye-008_03.jpg,train,4,turkiye-101_03,train/attack/digital_1/iphone15pro/turkiye-101_03.jpg,dev
turkiye-008_03,train/bonafide/iphone15pro/turkiye-008_03.jpg,train,4,turkiye-041_03,test/attack/digital_3/iphone15pro/turkiye-041_03.jpg,dev
turkiye-008_03,train/bonafide/iphone15pro/turkiye-008_03.jpg,train,4,turkiye-101_03,test/attack/digital_3/iphone15pro/turkiye-101_03.jpg,dev
turkiye-008_03,train/bonafide/iphone15pro/turkiye-008_03.jpg,train,2,turkiye-121_03,train/bonafide/huawei/turkiye-121_03.jpg,internal_test
turkiye-008_03,train/bonafide/iphone15pro/turkiye-008_03.jpg,train,4,turkiye-115_03,train/bonafide/iphone15pro/turkiye-115_03.jpg,internal_test
turkiye-008_03,train/bonafide/iphone15pro/turkiye-008_03.jpg,train,4,turkiye-115_03,train/bonafide/scan/turkiye-115_03.jpg,internal_test
turkiye-008_03,train/bonafide/iphone15pro/turkiye-008_03.jpg,train,4,turkiye-115_03,train/attack/digital_2/iphone15pro/turkiye-115_03.jpg,internal_test
turkiye-008_03,train/bonafide/iphone15pro/turkiye-008_03.jpg,train,4,turkiye-115_03,train/attack/digital_2/scan/turkiye-115_03.jpg,internal_test
turkiye-008_03,train/bonafide/iphone15pro/turkiye-008_03.jpg,train,4,turkiye-121_03,train/attack/digital_2/huawei/turkiye-121_03.jpg,internal_test
turkiye-008_03,train/bonafide/iphone15pro/turkiye-008_03.jpg,train,2,turkiye-121_03,train/attack/digital_1/huawei/turkiye-121_03.jpg,internal_test
turkiye-008_03,train/bonafide/iphone15pro/turkiye-008_03.jpg,train,4,turkiye-115_03,train/attack/digital_1/scan/turkiye-115_03.jpg,internal_test
turkiye-008_03,train/bonafide/iphone15pro/turkiye-008_03.jpg,train,4,turkiye-121_03,train/attack/digital_1/scan/turkiye-121_03.jpg,internal_test
turkiye-008_03,train/bonafide/iphone15pro/turkiye-008_03.jpg,train,2,turkiye-121_03,test/attack/digital_3/huawei/turkiye-121_03.jpg,internal_test
turkiye-036_03,train/bonafide/iphone15pro/turkiye-036_03.jpg,train,4,turkiye-101_03,train/bonafide/huawei/turkiye-101_03.jpg,dev
turkiye-036_03,train/bonafide/iphone15pro/turkiye-036_03.jpg,train,4,turkiye-104_03,train/bonafide/huawei/turkiye-104_03.jpg,dev
turkiye-036_03,train/bonafide/iphone15pro/turkiye-036_03.jpg,train,4,turkiye-101_03,train/bonafide/iphone15pro/turkiye-101_03.jpg,dev
turkiye-036_03,train/bonafide/iphone15pro/turkiye-036_03.jpg,train,4,turkiye-104_03,train/bonafide/iphone15pro/turkiye-104_03.jpg,dev
turkiye-036_03,train/bonafide/iphone15pro/turkiye-036_03.jpg,train,2,turkiye-101_03,train/bonafide/scan/turkiye-101_03.jpg,dev
turkiye-036_03,train/bonafide/iphone15pro/turkiye-036_03.jpg,train,4,turkiye-104_03,train/attack/digital_2/iphone15pro/turkiye-104_03.jpg,dev
turkiye-036_03,train/bonafide/iphone15pro/turkiye-036_03.jpg,train,4,turkiye-101_03,train/attack/digital_2/iphone15pro/turkiye-101_03.jpg,dev
turkiye-036_03,train/bonafide/iphone15pro/turkiye-036_03.jpg,train,4,turkiye-041_03,train/attack/digital_2/scan/turkiye-041_03.jpg,dev
turkiye-036_03,train/bonafide/iphone15pro/turkiye-036_03.jpg,train,4,turkiye-101_03,train/attack/digital_2/scan/turkiye-101_03.jpg,dev
turkiye-036_03,train/bonafide/iphone15pro/turkiye-036_03.jpg,train,4,turkiye-101_03,train/attack/digital_2/huawei/turkiye-101_03.jpg,dev
turkiye-036_03,train/bonafide/iphone15pro/turkiye-036_03.jpg,train,4,turkiye-101_03,train/attack/digital_1/huawei/turkiye-101_03.jpg,dev
turkiye-036_03,train/bonafide/iphone15pro/turkiye-036_03.jpg,train,4,turkiye-101_03,train/attack/digital_1/iphone15pro/turkiye-101_03.jpg,dev
turkiye-036_03,train/bonafide/iphone15pro/turkiye-036_03.jpg,train,4,turkiye-104_03,train/attack/digital_1/iphone15pro/turkiye-104_03.jpg,dev
turkiye-036_03,train/bonafide/iphone15pro/turkiye-036_03.jpg,train,4,turkiye-041_03,train/attack/digital_1/scan/turkiye-041_03.jpg,dev
turkiye-036_03,train/bonafide/iphone15pro/turkiye-036_03.jpg,train,2,turkiye-101_03,train/attack/digital_1/scan/turkiye-101_03.jpg,dev
turkiye-036_03,train/bonafide/iphone15pro/turkiye-036_03.jpg,train,4,turkiye-104_03,train/attack/digital_1/scan/turkiye-104_03.jpg,dev
turkiye-036_03,train/bonafide/iphone15pro/turkiye-036_03.jpg,train,4,turkiye-101_03,test/attack/digital_3/scan/turkiye-101_03.jpg,dev
turkiye-036_03,train/bonafide/iphone15pro/turkiye-036_03.jpg,train,2,turkiye-101_03,test/attack/digital_3/huawei/turkiye-101_03.jpg,dev
turkiye-036_03,train/bonafide/iphone15pro/turkiye-036_03.jpg,train,4,turkiye-101_03,test/attack/digital_3/iphone15pro/turkiye-101_03.jpg,dev
turkiye-036_03,train/bonafide/iphone15pro/turkiye-036_03.jpg,train,4,turkiye-104_03,test/attack/digital_3/iphone15pro/turkiye-104_03.jpg,dev
turkiye-036_03,train/bonafide/iphone15pro/turkiye-036_03.jpg,train,4,turkiye-115_03,train/bonafide/iphone15pro/turkiye-115_03.jpg,internal_test
turkiye-036_03,train/bonafide/iphone15pro/turkiye-036_03.jpg,train,4,turkiye-115_03,train/bonafide/scan/turkiye-115_03.jpg,internal_test
turkiye-036_03,train/bonafide/iphone15pro/turkiye-036_03.jpg,train,4,turkiye-115_03,train/attack/digital_2/iphone15pro/turkiye-115_03.jpg,internal_test
turkiye-036_03,train/bonafide/iphone15pro/turkiye-036_03.jpg,train,4,turkiye-115_03,train/attack/digital_2/scan/turkiye-115_03.jpg,internal_test
turkiye-036_03,train/bonafide/iphone15pro/turkiye-036_03.jpg,train,4,turkiye-031_03,train/attack/digital_1/huawei/turkiye-031_03.jpg,internal_test
turkiye-036_03,train/bonafide/iphone15pro/turkiye-036_03.jpg,train,2,turkiye-115_03,train/attack/digital_1/huawei/turkiye-115_03.jpg,internal_test
turkiye-036_03,train/bonafide/iphone15pro/turkiye-036_03.jpg,train,2,turkiye-115_03,train/attack/digital_1/iphone15pro/turkiye-115_03.jpg,internal_test
turkiye-036_03,train/bonafide/iphone15pro/turkiye-036_03.jpg,train,4,turkiye-115_03,train/attack/digital_1/scan/turkiye-115_03.jpg,internal_test
turkiye-036_03,train/bonafide/iphone15pro/turkiye-036_03.jpg,train,2,turkiye-115_03,test/attack/digital_3/scan/turkiye-115_03.jpg,internal_test
turkiye-036_03,train/bonafide/iphone15pro/turkiye-036_03.jpg,train,4,turkiye-115_03,test/attack/digital_3/iphone15pro/turkiye-115_03.jpg,internal_test
turkiye-083_03,train/bonafide/iphone15pro/turkiye-083_03.jpg,train,4,turkiye-032_03,test/attack/digital_3/huawei/turkiye-032_03.jpg,internal_test
turkiye-086_03,train/bonafide/iphone15pro/turkiye-086_03.jpg,train,4,turkiye-041_03,train/bonafide/iphone15pro/turkiye-041_03.jpg,dev
turkiye-086_03,train/bonafide/iphone15pro/turkiye-086_03.jpg,train,4,turkiye-101_03,train/bonafide/iphone15pro/turkiye-101_03.jpg,dev
turkiye-086_03,train/bonafide/iphone15pro/turkiye-086_03.jpg,train,4,turkiye-041_03,train/attack/digital_2/iphone15pro/turkiye-041_03.jpg,dev
turkiye-086_03,train/bonafide/iphone15pro/turkiye-086_03.jpg,train,4,turkiye-104_03,train/attack/digital_2/iphone15pro/turkiye-104_03.jpg,dev
turkiye-086_03,train/bonafide/iphone15pro/turkiye-086_03.jpg,train,4,turkiye-101_03,train/attack/digital_2/iphone15pro/turkiye-101_03.jpg,dev
turkiye-086_03,train/bonafide/iphone15pro/turkiye-086_03.jpg,train,4,turkiye-041_03,train/attack/digital_1/iphone15pro/turkiye-041_03.jpg,dev
turkiye-086_03,train/bonafide/iphone15pro/turkiye-086_03.jpg,train,4,turkiye-101_03,train/attack/digital_1/iphone15pro/turkiye-101_03.jpg,dev
turkiye-086_03,train/bonafide/iphone15pro/turkiye-086_03.jpg,train,4,turkiye-041_03,test/attack/digital_3/iphone15pro/turkiye-041_03.jpg,dev
turkiye-086_03,train/bonafide/iphone15pro/turkiye-086_03.jpg,train,4,turkiye-101_03,test/attack/digital_3/iphone15pro/turkiye-101_03.jpg,dev
turkiye-086_03,train/bonafide/iphone15pro/turkiye-086_03.jpg,train,4,turkiye-032_03,train/bonafide/huawei/turkiye-032_03.jpg,internal_test
turkiye-086_03,train/bonafide/iphone15pro/turkiye-086_03.jpg,train,2,turkiye-121_03,train/bonafide/huawei/turkiye-121_03.jpg,internal_test
turkiye-086_03,train/bonafide/iphone15pro/turkiye-086_03.jpg,train,4,turkiye-031_03,train/bonafide/iphone15pro/turkiye-031_03.jpg,internal_test
turkiye-086_03,train/bonafide/iphone15pro/turkiye-086_03.jpg,train,4,turkiye-032_03,train/bonafide/iphone15pro/turkiye-032_03.jpg,internal_test
turkiye-086_03,train/bonafide/iphone15pro/turkiye-086_03.jpg,train,4,turkiye-115_03,train/bonafide/iphone15pro/turkiye-115_03.jpg,internal_test
turkiye-086_03,train/bonafide/iphone15pro/turkiye-086_03.jpg,train,4,turkiye-121_03,train/bonafide/iphone15pro/turkiye-121_03.jpg,internal_test
turkiye-086_03,train/bonafide/iphone15pro/turkiye-086_03.jpg,train,4,turkiye-031_03,train/bonafide/scan/turkiye-031_03.jpg,internal_test
turkiye-086_03,train/bonafide/iphone15pro/turkiye-086_03.jpg,train,4,turkiye-032_03,train/bonafide/scan/turkiye-032_03.jpg,internal_test
turkiye-086_03,train/bonafide/iphone15pro/turkiye-086_03.jpg,train,4,turkiye-115_03,train/bonafide/scan/turkiye-115_03.jpg,internal_test
turkiye-086_03,train/bonafide/iphone15pro/turkiye-086_03.jpg,train,4,turkiye-121_03,train/bonafide/scan/turkiye-121_03.jpg,internal_test
turkiye-086_03,train/bonafide/iphone15pro/turkiye-086_03.jpg,train,4,turkiye-032_03,train/attack/digital_2/iphone15pro/turkiye-032_03.jpg,internal_test
turkiye-086_03,train/bonafide/iphone15pro/turkiye-086_03.jpg,train,4,turkiye-115_03,train/attack/digital_2/iphone15pro/turkiye-115_03.jpg,internal_test
turkiye-086_03,train/bonafide/iphone15pro/turkiye-086_03.jpg,train,4,turkiye-121_03,train/attack/digital_2/iphone15pro/turkiye-121_03.jpg,internal_test
turkiye-086_03,train/bonafide/iphone15pro/turkiye-086_03.jpg,train,4,turkiye-031_03,train/attack/digital_2/iphone15pro/turkiye-031_03.jpg,internal_test
turkiye-086_03,train/bonafide/iphone15pro/turkiye-086_03.jpg,train,4,turkiye-115_03,train/attack/digital_2/scan/turkiye-115_03.jpg,internal_test
turkiye-086_03,train/bonafide/iphone15pro/turkiye-086_03.jpg,train,4,turkiye-121_03,train/attack/digital_2/scan/turkiye-121_03.jpg,internal_test
turkiye-086_03,train/bonafide/iphone15pro/turkiye-086_03.jpg,train,4,turkiye-031_03,train/attack/digital_2/scan/turkiye-031_03.jpg,internal_test
turkiye-086_03,train/bonafide/iphone15pro/turkiye-086_03.jpg,train,4,turkiye-032_03,train/attack/digital_2/huawei/turkiye-032_03.jpg,internal_test
turkiye-086_03,train/bonafide/iphone15pro/turkiye-086_03.jpg,train,4,turkiye-121_03,train/attack/digital_2/huawei/turkiye-121_03.jpg,internal_test
turkiye-086_03,train/bonafide/iphone15pro/turkiye-086_03.jpg,train,4,turkiye-031_03,train/attack/digital_2/huawei/turkiye-031_03.jpg,internal_test
turkiye-086_03,train/bonafide/iphone15pro/turkiye-086_03.jpg,train,4,turkiye-031_03,train/attack/digital_1/huawei/turkiye-031_03.jpg,internal_test
turkiye-086_03,train/bonafide/iphone15pro/turkiye-086_03.jpg,train,2,turkiye-121_03,train/attack/digital_1/huawei/turkiye-121_03.jpg,internal_test
turkiye-086_03,train/bonafide/iphone15pro/turkiye-086_03.jpg,train,4,turkiye-032_03,train/attack/digital_1/iphone15pro/turkiye-032_03.jpg,internal_test
turkiye-086_03,train/bonafide/iphone15pro/turkiye-086_03.jpg,train,4,turkiye-032_03,train/attack/digital_1/scan/turkiye-032_03.jpg,internal_test
turkiye-086_03,train/bonafide/iphone15pro/turkiye-086_03.jpg,train,4,turkiye-115_03,train/attack/digital_1/scan/turkiye-115_03.jpg,internal_test
turkiye-086_03,train/bonafide/iphone15pro/turkiye-086_03.jpg,train,4,turkiye-121_03,train/attack/digital_1/scan/turkiye-121_03.jpg,internal_test
turkiye-086_03,train/bonafide/iphone15pro/turkiye-086_03.jpg,train,4,turkiye-031_03,test/attack/digital_3/scan/turkiye-031_03.jpg,internal_test
turkiye-086_03,train/bonafide/iphone15pro/turkiye-086_03.jpg,train,4,turkiye-031_03,test/attack/digital_3/iphone15pro/turkiye-031_03.jpg,internal_test
turkiye-086_03,train/bonafide/iphone15pro/turkiye-086_03.jpg,train,4,turkiye-032_03,test/attack/digital_3/scan/turkiye-032_03.jpg,internal_test
turkiye-086_03,train/bonafide/iphone15pro/turkiye-086_03.jpg,train,4,turkiye-032_03,test/attack/digital_3/iphone15pro/turkiye-032_03.jpg,internal_test
turkiye-086_03,train/bonafide/iphone15pro/turkiye-086_03.jpg,train,4,turkiye-121_03,test/attack/digital_3/scan/turkiye-121_03.jpg,internal_test
turkiye-086_03,train/bonafide/iphone15pro/turkiye-086_03.jpg,train,2,turkiye-121_03,test/attack/digital_3/huawei/turkiye-121_03.jpg,internal_test
turkiye-086_03,train/bonafide/iphone15pro/turkiye-086_03.jpg,train,4,turkiye-121_03,test/attack/digital_3/iphone15pro/turkiye-121_03.jpg,internal_test
turkiye-092_03,train/bonafide/iphone15pro/turkiye-092_03.jpg,train,4,turkiye-041_03,train/bonafide/iphone15pro/turkiye-041_03.jpg,dev
turkiye-092_03,train/bonafide/iphone15pro/turkiye-092_03.jpg,train,2,turkiye-101_03,train/bonafide/iphone15pro/turkiye-101_03.jpg,dev
turkiye-092_03,train/bonafide/iphone15pro/turkiye-092_03.jpg,train,4,turkiye-101_03,train/bonafide/scan/turkiye-101_03.jpg,dev
turkiye-092_03,train/bonafide/iphone15pro/turkiye-092_03.jpg,train,4,turkiye-041_03,train/attack/digital_2/iphone15pro/turkiye-041_03.jpg,dev
turkiye-092_03,train/bonafide/iphone15pro/turkiye-092_03.jpg,train,2,turkiye-101_03,train/attack/digital_2/iphone15pro/turkiye-101_03.jpg,dev
turkiye-092_03,train/bonafide/iphone15pro/turkiye-092_03.jpg,train,4,turkiye-101_03,train/attack/digital_2/scan/turkiye-101_03.jpg,dev
turkiye-092_03,train/bonafide/iphone15pro/turkiye-092_03.jpg,train,4,turkiye-041_03,train/attack/digital_1/iphone15pro/turkiye-041_03.jpg,dev
turkiye-092_03,train/bonafide/iphone15pro/turkiye-092_03.jpg,train,2,turkiye-101_03,train/attack/digital_1/iphone15pro/turkiye-101_03.jpg,dev
turkiye-092_03,train/bonafide/iphone15pro/turkiye-092_03.jpg,train,4,turkiye-101_03,train/attack/digital_1/scan/turkiye-101_03.jpg,dev
turkiye-092_03,train/bonafide/iphone15pro/turkiye-092_03.jpg,train,4,turkiye-041_03,test/attack/digital_3/iphone15pro/turkiye-041_03.jpg,dev
turkiye-092_03,train/bonafide/iphone15pro/turkiye-092_03.jpg,train,4,turkiye-101_03,test/attack/digital_3/scan/turkiye-101_03.jpg,dev
turkiye-092_03,train/bonafide/iphone15pro/turkiye-092_03.jpg,train,2,turkiye-101_03,test/attack/digital_3/iphone15pro/turkiye-101_03.jpg,dev
turkiye-092_03,train/bonafide/iphone15pro/turkiye-092_03.jpg,train,4,turkiye-121_03,train/bonafide/huawei/turkiye-121_03.jpg,internal_test
turkiye-092_03,train/bonafide/iphone15pro/turkiye-092_03.jpg,train,2,turkiye-115_03,train/bonafide/iphone15pro/turkiye-115_03.jpg,internal_test
turkiye-092_03,train/bonafide/iphone15pro/turkiye-092_03.jpg,train,4,turkiye-115_03,train/bonafide/scan/turkiye-115_03.jpg,internal_test
turkiye-092_03,train/bonafide/iphone15pro/turkiye-092_03.jpg,train,4,turkiye-115_03,train/attack/digital_2/iphone15pro/turkiye-115_03.jpg,internal_test
turkiye-092_03,train/bonafide/iphone15pro/turkiye-092_03.jpg,train,4,turkiye-121_03,train/attack/digital_2/iphone15pro/turkiye-121_03.jpg,internal_test
turkiye-092_03,train/bonafide/iphone15pro/turkiye-092_03.jpg,train,4,turkiye-115_03,train/attack/digital_2/scan/turkiye-115_03.jpg,internal_test
turkiye-092_03,train/bonafide/iphone15pro/turkiye-092_03.jpg,train,4,turkiye-031_03,train/attack/digital_2/huawei/turkiye-031_03.jpg,internal_test
turkiye-092_03,train/bonafide/iphone15pro/turkiye-092_03.jpg,train,4,turkiye-121_03,train/attack/digital_1/huawei/turkiye-121_03.jpg,internal_test
turkiye-092_03,train/bonafide/iphone15pro/turkiye-092_03.jpg,train,4,turkiye-115_03,train/attack/digital_1/iphone15pro/turkiye-115_03.jpg,internal_test
turkiye-092_03,train/bonafide/iphone15pro/turkiye-092_03.jpg,train,4,turkiye-121_03,train/attack/digital_1/iphone15pro/turkiye-121_03.jpg,internal_test
turkiye-092_03,train/bonafide/iphone15pro/turkiye-092_03.jpg,train,4,turkiye-115_03,train/attack/digital_1/scan/turkiye-115_03.jpg,internal_test
turkiye-092_03,train/bonafide/iphone15pro/turkiye-092_03.jpg,train,4,turkiye-121_03,train/attack/digital_1/scan/turkiye-121_03.jpg,internal_test
turkiye-092_03,train/bonafide/iphone15pro/turkiye-092_03.jpg,train,4,turkiye-115_03,test/attack/digital_3/scan/turkiye-115_03.jpg,internal_test
turkiye-092_03,train/bonafide/iphone15pro/turkiye-092_03.jpg,train,4,turkiye-115_03,test/attack/digital_3/iphone15pro/turkiye-115_03.jpg,internal_test
turkiye-092_03,train/bonafide/iphone15pro/turkiye-092_03.jpg,train,4,turkiye-121_03,test/attack/digital_3/huawei/turkiye-121_03.jpg,internal_test
turkiye-092_03,train/bonafide/iphone15pro/turkiye-092_03.jpg,train,4,turkiye-121_03,test/attack/digital_3/iphone15pro/turkiye-121_03.jpg,internal_test
turkiye-126_03,train/bonafide/iphone15pro/turkiye-126_03.jpg,train,4,turkiye-041_03,train/bonafide/iphone15pro/turkiye-041_03.jpg,dev
turkiye-126_03,train/bonafide/iphone15pro/turkiye-126_03.jpg,train,4,turkiye-041_03,train/attack/digital_2/iphone15pro/turkiye-041_03.jpg,dev
turkiye-126_03,train/bonafide/iphone15pro/turkiye-126_03.jpg,train,4,turkiye-041_03,train/attack/digital_1/iphone15pro/turkiye-041_03.jpg,dev
turkiye-126_03,train/bonafide/iphone15pro/turkiye-126_03.jpg,train,4,turkiye-041_03,test/attack/digital_3/iphone15pro/turkiye-041_03.jpg,dev
turkiye-126_03,train/bonafide/iphone15pro/turkiye-126_03.jpg,train,4,turkiye-121_03,train/bonafide/huawei/turkiye-121_03.jpg,internal_test
turkiye-126_03,train/bonafide/iphone15pro/turkiye-126_03.jpg,train,4,turkiye-115_03,train/attack/digital_2/iphone15pro/turkiye-115_03.jpg,internal_test
turkiye-126_03,train/bonafide/iphone15pro/turkiye-126_03.jpg,train,4,turkiye-121_03,train/attack/digital_2/huawei/turkiye-121_03.jpg,internal_test
turkiye-126_03,train/bonafide/iphone15pro/turkiye-126_03.jpg,train,4,turkiye-121_03,train/attack/digital_1/huawei/turkiye-121_03.jpg,internal_test
turkiye-126_03,train/bonafide/iphone15pro/turkiye-126_03.jpg,train,4,turkiye-031_03,train/attack/digital_1/iphone15pro/turkiye-031_03.jpg,internal_test
turkiye-126_03,train/bonafide/iphone15pro/turkiye-126_03.jpg,train,4,turkiye-031_03,train/attack/digital_1/scan/turkiye-031_03.jpg,internal_test
turkiye-126_03,train/bonafide/iphone15pro/turkiye-126_03.jpg,train,4,turkiye-115_03,test/attack/digital_3/iphone15pro/turkiye-115_03.jpg,internal_test
turkiye-126_03,train/bonafide/iphone15pro/turkiye-126_03.jpg,train,4,turkiye-121_03,test/attack/digital_3/huawei/turkiye-121_03.jpg,internal_test
turkiye-127_03,train/bonafide/iphone15pro/turkiye-127_03.jpg,train,4,turkiye-104_03,train/bonafide/huawei/turkiye-104_03.jpg,dev
turkiye-127_03,train/bonafide/iphone15pro/turkiye-127_03.jpg,train,2,turkiye-041_03,train/bonafide/iphone15pro/turkiye-041_03.jpg,dev
turkiye-127_03,train/bonafide/iphone15pro/turkiye-127_03.jpg,train,0,turkiye-101_03,train/bonafide/iphone15pro/turkiye-101_03.jpg,dev
turkiye-127_03,train/bonafide/iphone15pro/turkiye-127_03.jpg,train,2,turkiye-101_03,train/bonafide/scan/turkiye-101_03.jpg,dev
turkiye-127_03,train/bonafide/iphone15pro/turkiye-127_03.jpg,train,2,turkiye-041_03,train/attack/digital_2/iphone15pro/turkiye-041_03.jpg,dev
turkiye-127_03,train/bonafide/iphone15pro/turkiye-127_03.jpg,train,4,turkiye-104_03,train/attack/digital_2/iphone15pro/turkiye-104_03.jpg,dev
turkiye-127_03,train/bonafide/iphone15pro/turkiye-127_03.jpg,train,0,turkiye-101_03,train/attack/digital_2/iphone15pro/turkiye-101_03.jpg,dev
turkiye-127_03,train/bonafide/iphone15pro/turkiye-127_03.jpg,train,4,turkiye-041_03,train/attack/digital_2/scan/turkiye-041_03.jpg,dev
turkiye-127_03,train/bonafide/iphone15pro/turkiye-127_03.jpg,train,4,turkiye-101_03,train/attack/digital_2/scan/turkiye-101_03.jpg,dev
turkiye-127_03,train/bonafide/iphone15pro/turkiye-127_03.jpg,train,4,turkiye-101_03,train/attack/digital_1/huawei/turkiye-101_03.jpg,dev
turkiye-127_03,train/bonafide/iphone15pro/turkiye-127_03.jpg,train,2,turkiye-041_03,train/attack/digital_1/iphone15pro/turkiye-041_03.jpg,dev
turkiye-127_03,train/bonafide/iphone15pro/turkiye-127_03.jpg,train,0,turkiye-101_03,train/attack/digital_1/iphone15pro/turkiye-101_03.jpg,dev
turkiye-127_03,train/bonafide/iphone15pro/turkiye-127_03.jpg,train,4,turkiye-041_03,train/attack/digital_1/scan/turkiye-041_03.jpg,dev
turkiye-127_03,train/bonafide/iphone15pro/turkiye-127_03.jpg,train,2,turkiye-101_03,train/attack/digital_1/scan/turkiye-101_03.jpg,dev
turkiye-127_03,train/bonafide/iphone15pro/turkiye-127_03.jpg,train,4,turkiye-104_03,train/attack/digital_1/scan/turkiye-104_03.jpg,dev
turkiye-127_03,train/bonafide/iphone15pro/turkiye-127_03.jpg,train,2,turkiye-041_03,test/attack/digital_3/iphone15pro/turkiye-041_03.jpg,dev
turkiye-127_03,train/bonafide/iphone15pro/turkiye-127_03.jpg,train,4,turkiye-101_03,test/attack/digital_3/scan/turkiye-101_03.jpg,dev
turkiye-127_03,train/bonafide/iphone15pro/turkiye-127_03.jpg,train,4,turkiye-101_03,test/attack/digital_3/huawei/turkiye-101_03.jpg,dev
turkiye-127_03,train/bonafide/iphone15pro/turkiye-127_03.jpg,train,0,turkiye-101_03,test/attack/digital_3/iphone15pro/turkiye-101_03.jpg,dev
turkiye-127_03,train/bonafide/iphone15pro/turkiye-127_03.jpg,train,2,turkiye-121_03,train/bonafide/huawei/turkiye-121_03.jpg,internal_test
turkiye-127_03,train/bonafide/iphone15pro/turkiye-127_03.jpg,train,4,turkiye-031_03,train/bonafide/iphone15pro/turkiye-031_03.jpg,internal_test
turkiye-127_03,train/bonafide/iphone15pro/turkiye-127_03.jpg,train,0,turkiye-115_03,train/bonafide/iphone15pro/turkiye-115_03.jpg,internal_test
turkiye-127_03,train/bonafide/iphone15pro/turkiye-127_03.jpg,train,4,turkiye-031_03,train/bonafide/scan/turkiye-031_03.jpg,internal_test
turkiye-127_03,train/bonafide/iphone15pro/turkiye-127_03.jpg,train,2,turkiye-115_03,train/bonafide/scan/turkiye-115_03.jpg,internal_test
turkiye-127_03,train/bonafide/iphone15pro/turkiye-127_03.jpg,train,2,turkiye-115_03,train/attack/digital_2/iphone15pro/turkiye-115_03.jpg,internal_test
turkiye-127_03,train/bonafide/iphone15pro/turkiye-127_03.jpg,train,4,turkiye-121_03,train/attack/digital_2/iphone15pro/turkiye-121_03.jpg,internal_test
turkiye-127_03,train/bonafide/iphone15pro/turkiye-127_03.jpg,train,4,turkiye-031_03,train/attack/digital_2/iphone15pro/turkiye-031_03.jpg,internal_test
turkiye-127_03,train/bonafide/iphone15pro/turkiye-127_03.jpg,train,2,turkiye-115_03,train/attack/digital_2/scan/turkiye-115_03.jpg,internal_test
turkiye-127_03,train/bonafide/iphone15pro/turkiye-127_03.jpg,train,4,turkiye-031_03,train/attack/digital_2/scan/turkiye-031_03.jpg,internal_test
turkiye-127_03,train/bonafide/iphone15pro/turkiye-127_03.jpg,train,4,turkiye-121_03,train/attack/digital_2/huawei/turkiye-121_03.jpg,internal_test
turkiye-127_03,train/bonafide/iphone15pro/turkiye-127_03.jpg,train,4,turkiye-031_03,train/attack/digital_2/huawei/turkiye-031_03.jpg,internal_test
turkiye-127_03,train/bonafide/iphone15pro/turkiye-127_03.jpg,train,4,turkiye-031_03,train/attack/digital_1/huawei/turkiye-031_03.jpg,internal_test
turkiye-127_03,train/bonafide/iphone15pro/turkiye-127_03.jpg,train,4,turkiye-115_03,train/attack/digital_1/huawei/turkiye-115_03.jpg,internal_test
turkiye-127_03,train/bonafide/iphone15pro/turkiye-127_03.jpg,train,2,turkiye-121_03,train/attack/digital_1/huawei/turkiye-121_03.jpg,internal_test
turkiye-127_03,train/bonafide/iphone15pro/turkiye-127_03.jpg,train,2,turkiye-115_03,train/attack/digital_1/iphone15pro/turkiye-115_03.jpg,internal_test
turkiye-127_03,train/bonafide/iphone15pro/turkiye-127_03.jpg,train,4,turkiye-121_03,train/attack/digital_1/iphone15pro/turkiye-121_03.jpg,internal_test
turkiye-127_03,train/bonafide/iphone15pro/turkiye-127_03.jpg,train,2,turkiye-115_03,train/attack/digital_1/scan/turkiye-115_03.jpg,internal_test
turkiye-127_03,train/bonafide/iphone15pro/turkiye-127_03.jpg,train,4,turkiye-121_03,train/attack/digital_1/scan/turkiye-121_03.jpg,internal_test
turkiye-127_03,train/bonafide/iphone15pro/turkiye-127_03.jpg,train,4,turkiye-031_03,test/attack/digital_3/scan/turkiye-031_03.jpg,internal_test
turkiye-127_03,train/bonafide/iphone15pro/turkiye-127_03.jpg,train,4,turkiye-031_03,test/attack/digital_3/iphone15pro/turkiye-031_03.jpg,internal_test
turkiye-127_03,train/bonafide/iphone15pro/turkiye-127_03.jpg,train,2,turkiye-115_03,test/attack/digital_3/scan/turkiye-115_03.jpg,internal_test
turkiye-127_03,train/bonafide/iphone15pro/turkiye-127_03.jpg,train,2,turkiye-115_03,test/attack/digital_3/iphone15pro/turkiye-115_03.jpg,internal_test
turkiye-127_03,train/bonafide/iphone15pro/turkiye-127_03.jpg,train,2,turkiye-121_03,test/attack/digital_3/huawei/turkiye-121_03.jpg,internal_test
turkiye-127_03,train/bonafide/iphone15pro/turkiye-127_03.jpg,train,4,turkiye-121_03,test/attack/digital_3/iphone15pro/turkiye-121_03.jpg,internal_test
turkiye-130_03,train/bonafide/iphone15pro/turkiye-130_03.jpg,train,4,turkiye-104_03,train/bonafide/huawei/turkiye-104_03.jpg,dev
turkiye-130_03,train/bonafide/iphone15pro/turkiye-130_03.jpg,train,2,turkiye-104_03,train/bonafide/scan/turkiye-104_03.jpg,dev
turkiye-130_03,train/bonafide/iphone15pro/turkiye-130_03.jpg,train,4,turkiye-104_03,train/attack/digital_1/huawei/turkiye-104_03.jpg,dev
turkiye-130_03,train/bonafide/iphone15pro/turkiye-130_03.jpg,train,4,turkiye-104_03,train/attack/digital_1/scan/turkiye-104_03.jpg,dev
turkiye-130_03,train/bonafide/iphone15pro/turkiye-130_03.jpg,train,4,turkiye-104_03,test/attack/digital_3/scan/turkiye-104_03.jpg,dev
turkiye-130_03,train/bonafide/iphone15pro/turkiye-130_03.jpg,train,4,turkiye-104_03,test/attack/digital_3/huawei/turkiye-104_03.jpg,dev
turkiye-130_03,train/bonafide/iphone15pro/turkiye-130_03.jpg,train,4,turkiye-031_03,train/bonafide/iphone15pro/turkiye-031_03.jpg,internal_test
turkiye-130_03,train/bonafide/iphone15pro/turkiye-130_03.jpg,train,4,turkiye-032_03,train/bonafide/iphone15pro/turkiye-032_03.jpg,internal_test
turkiye-130_03,train/bonafide/iphone15pro/turkiye-130_03.jpg,train,4,turkiye-031_03,train/bonafide/scan/turkiye-031_03.jpg,internal_test
turkiye-130_03,train/bonafide/iphone15pro/turkiye-130_03.jpg,train,4,turkiye-032_03,train/attack/digital_2/iphone15pro/turkiye-032_03.jpg,internal_test
turkiye-130_03,train/bonafide/iphone15pro/turkiye-130_03.jpg,train,4,turkiye-031_03,train/attack/digital_2/iphone15pro/turkiye-031_03.jpg,internal_test
turkiye-130_03,train/bonafide/iphone15pro/turkiye-130_03.jpg,train,4,turkiye-031_03,train/attack/digital_2/scan/turkiye-031_03.jpg,internal_test
turkiye-130_03,train/bonafide/iphone15pro/turkiye-130_03.jpg,train,4,turkiye-032_03,train/attack/digital_1/huawei/turkiye-032_03.jpg,internal_test
turkiye-130_03,train/bonafide/iphone15pro/turkiye-130_03.jpg,train,4,turkiye-032_03,train/attack/digital_1/iphone15pro/turkiye-032_03.jpg,internal_test
turkiye-130_03,train/bonafide/iphone15pro/turkiye-130_03.jpg,train,4,turkiye-031_03,test/attack/digital_3/scan/turkiye-031_03.jpg,internal_test
turkiye-130_03,train/bonafide/iphone15pro/turkiye-130_03.jpg,train,4,turkiye-031_03,test/attack/digital_3/iphone15pro/turkiye-031_03.jpg,internal_test
turkiye-130_03,train/bonafide/iphone15pro/turkiye-130_03.jpg,train,4,turkiye-032_03,test/attack/digital_3/huawei/turkiye-032_03.jpg,internal_test
turkiye-130_03,train/bonafide/iphone15pro/turkiye-130_03.jpg,train,4,turkiye-032_03,test/attack/digital_3/iphone15pro/turkiye-032_03.jpg,internal_test
turkiye-138_03,train/bonafide/iphone15pro/turkiye-138_03.jpg,train,4,turkiye-031_03,train/bonafide/iphone15pro/turkiye-031_03.jpg,internal_test
turkiye-138_03,train/bonafide/iphone15pro/turkiye-138_03.jpg,train,4,turkiye-031_03,train/bonafide/scan/turkiye-031_03.jpg,internal_test
turkiye-138_03,train/bonafide/iphone15pro/turkiye-138_03.jpg,train,4,turkiye-031_03,train/attack/digital_2/iphone15pro/turkiye-031_03.jpg,internal_test
turkiye-138_03,train/bonafide/iphone15pro/turkiye-138_03.jpg,train,4,turkiye-031_03,train/attack/digital_2/scan/turkiye-031_03.jpg,internal_test
turkiye-138_03,train/bonafide/iphone15pro/turkiye-138_03.jpg,train,4,turkiye-031_03,train/attack/digital_1/huawei/turkiye-031_03.jpg,internal_test
turkiye-138_03,train/bonafide/iphone15pro/turkiye-138_03.jpg,train,4,turkiye-031_03,test/attack/digital_3/scan/turkiye-031_03.jpg,internal_test
turkiye-138_03,train/bonafide/iphone15pro/turkiye-138_03.jpg,train,4,turkiye-031_03,test/attack/digital_3/iphone15pro/turkiye-031_03.jpg,internal_test
ukraine-006_03,train/bonafide/iphone15pro/ukraine-006_03.jpg,train,4,ukraine-007_03,train/bonafide/iphone15pro/ukraine-007_03.jpg,internal_test
ukraine-006_03,train/bonafide/iphone15pro/ukraine-006_03.jpg,train,4,ukraine-007_03,train/attack/digital_2/iphone15pro/ukraine-007_03.jpg,internal_test
ukraine-006_03,train/bonafide/iphone15pro/ukraine-006_03.jpg,train,4,ukraine-007_03,train/attack/digital_1/iphone15pro/ukraine-007_03.jpg,internal_test
ukraine-030_03,train/bonafide/iphone15pro/ukraine-030_03.jpg,train,2,ukraine-007_03,train/bonafide/iphone15pro/ukraine-007_03.jpg,internal_test
ukraine-030_03,train/bonafide/iphone15pro/ukraine-030_03.jpg,train,4,ukraine-007_03,train/bonafide/scan/ukraine-007_03.jpg,internal_test
ukraine-030_03,train/bonafide/iphone15pro/ukraine-030_03.jpg,train,2,ukraine-007_03,train/attack/digital_2/iphone15pro/ukraine-007_03.jpg,internal_test
ukraine-030_03,train/bonafide/iphone15pro/ukraine-030_03.jpg,train,2,ukraine-007_03,train/attack/digital_1/iphone15pro/ukraine-007_03.jpg,internal_test
ukraine-030_03,train/bonafide/iphone15pro/ukraine-030_03.jpg,train,4,ukraine-007_03,train/attack/digital_1/scan/ukraine-007_03.jpg,internal_test
ukraine-030_03,train/bonafide/iphone15pro/ukraine-030_03.jpg,train,4,ukraine-007_03,test/attack/digital_3/scan/ukraine-007_03.jpg,internal_test
ukraine-030_03,train/bonafide/iphone15pro/ukraine-030_03.jpg,train,2,ukraine-007_03,test/attack/digital_3/iphone15pro/ukraine-007_03.jpg,internal_test
ukraine-NF-1005,train/bonafide/iphone15pro/ukraine-NF-1005.jpg,train,4,ukraine-NF-1057,train/bonafide/huawei/ukraine-NF-1057.jpg,dev
ukraine-NF-1005,train/bonafide/iphone15pro/ukraine-NF-1005.jpg,train,2,ukraine-NF-1057,train/bonafide/iphone15pro/ukraine-NF-1057.jpg,dev
ukraine-NF-1005,train/bonafide/iphone15pro/ukraine-NF-1005.jpg,train,4,ukraine-NF-1057,train/bonafide/scan/ukraine-NF-1057.jpg,dev
ukraine-NF-1005,train/bonafide/iphone15pro/ukraine-NF-1005.jpg,train,2,ukraine-NF-1057,train/attack/digital_2/iphone15pro/ukraine-NF-1057.jpg,dev
ukraine-NF-1005,train/bonafide/iphone15pro/ukraine-NF-1005.jpg,train,2,ukraine-NF-1057,train/attack/digital_2/scan/ukraine-NF-1057.jpg,dev
ukraine-NF-1005,train/bonafide/iphone15pro/ukraine-NF-1005.jpg,train,4,ukraine-NF-1084,train/attack/digital_2/scan/ukraine-NF-1084.jpg,dev
ukraine-NF-1005,train/bonafide/iphone15pro/ukraine-NF-1005.jpg,train,2,ukraine-NF-1057,train/attack/digital_2/huawei/ukraine-NF-1057.jpg,dev
ukraine-NF-1005,train/bonafide/iphone15pro/ukraine-NF-1005.jpg,train,2,ukraine-NF-1057,train/attack/digital_1/huawei/ukraine-NF-1057.jpg,dev
ukraine-NF-1005,train/bonafide/iphone15pro/ukraine-NF-1005.jpg,train,2,ukraine-NF-1057,train/attack/digital_1/iphone15pro/ukraine-NF-1057.jpg,dev
ukraine-NF-1005,train/bonafide/iphone15pro/ukraine-NF-1005.jpg,train,2,ukraine-NF-1057,train/attack/digital_1/scan/ukraine-NF-1057.jpg,dev
ukraine-NF-1005,train/bonafide/iphone15pro/ukraine-NF-1005.jpg,train,4,ukraine-NF-1084,train/attack/digital_1/scan/ukraine-NF-1084.jpg,dev
ukraine-NF-1005,train/bonafide/iphone15pro/ukraine-NF-1005.jpg,train,4,ukraine-NF-1057,test/attack/digital_3/scan/ukraine-NF-1057.jpg,dev
ukraine-NF-1005,train/bonafide/iphone15pro/ukraine-NF-1005.jpg,train,4,ukraine-NF-1057,test/attack/digital_3/huawei/ukraine-NF-1057.jpg,dev
ukraine-NF-1005,train/bonafide/iphone15pro/ukraine-NF-1005.jpg,train,2,ukraine-NF-1057,test/attack/digital_3/iphone15pro/ukraine-NF-1057.jpg,dev
ukraine-NF-1021,train/bonafide/iphone15pro/ukraine-NF-1021.jpg,train,4,ukraine-NF-1057,train/bonafide/huawei/ukraine-NF-1057.jpg,dev
ukraine-NF-1021,train/bonafide/iphone15pro/ukraine-NF-1021.jpg,train,4,ukraine-NF-1057,train/bonafide/iphone15pro/ukraine-NF-1057.jpg,dev
ukraine-NF-1021,train/bonafide/iphone15pro/ukraine-NF-1021.jpg,train,4,ukraine-NF-1057,train/bonafide/scan/ukraine-NF-1057.jpg,dev
ukraine-NF-1021,train/bonafide/iphone15pro/ukraine-NF-1021.jpg,train,4,ukraine-NF-1057,train/attack/digital_2/iphone15pro/ukraine-NF-1057.jpg,dev
ukraine-NF-1021,train/bonafide/iphone15pro/ukraine-NF-1021.jpg,train,2,ukraine-NF-1057,train/attack/digital_2/scan/ukraine-NF-1057.jpg,dev
ukraine-NF-1021,train/bonafide/iphone15pro/ukraine-NF-1021.jpg,train,2,ukraine-NF-1057,train/attack/digital_2/huawei/ukraine-NF-1057.jpg,dev
ukraine-NF-1021,train/bonafide/iphone15pro/ukraine-NF-1021.jpg,train,4,ukraine-NF-1057,train/attack/digital_1/huawei/ukraine-NF-1057.jpg,dev
ukraine-NF-1021,train/bonafide/iphone15pro/ukraine-NF-1021.jpg,train,4,ukraine-NF-1057,train/attack/digital_1/iphone15pro/ukraine-NF-1057.jpg,dev
ukraine-NF-1021,train/bonafide/iphone15pro/ukraine-NF-1021.jpg,train,2,ukraine-NF-1057,train/attack/digital_1/scan/ukraine-NF-1057.jpg,dev
ukraine-NF-1021,train/bonafide/iphone15pro/ukraine-NF-1021.jpg,train,4,ukraine-NF-1057,test/attack/digital_3/scan/ukraine-NF-1057.jpg,dev
ukraine-NF-1021,train/bonafide/iphone15pro/ukraine-NF-1021.jpg,train,4,ukraine-NF-1057,test/attack/digital_3/huawei/ukraine-NF-1057.jpg,dev
ukraine-NF-1021,train/bonafide/iphone15pro/ukraine-NF-1021.jpg,train,4,ukraine-NF-1057,test/attack/digital_3/iphone15pro/ukraine-NF-1057.jpg,dev
ukraine-NF-1073,train/bonafide/iphone15pro/ukraine-NF-1073.jpg,train,4,ukraine-NF-1057,train/bonafide/huawei/ukraine-NF-1057.jpg,dev
ukraine-NF-1073,train/bonafide/iphone15pro/ukraine-NF-1073.jpg,train,4,ukraine-NF-1057,train/bonafide/iphone15pro/ukraine-NF-1057.jpg,dev
ukraine-NF-1073,train/bonafide/iphone15pro/ukraine-NF-1073.jpg,train,4,ukraine-NF-1057,train/attack/digital_2/iphone15pro/ukraine-NF-1057.jpg,dev
ukraine-NF-1073,train/bonafide/iphone15pro/ukraine-NF-1073.jpg,train,4,ukraine-NF-1057,train/attack/digital_1/huawei/ukraine-NF-1057.jpg,dev
ukraine-NF-1073,train/bonafide/iphone15pro/ukraine-NF-1073.jpg,train,4,ukraine-NF-1057,train/attack/digital_1/iphone15pro/ukraine-NF-1057.jpg,dev
ukraine-NF-1073,train/bonafide/iphone15pro/ukraine-NF-1073.jpg,train,4,ukraine-NF-1057,test/attack/digital_3/huawei/ukraine-NF-1057.jpg,dev
ukraine-NF-1073,train/bonafide/iphone15pro/ukraine-NF-1073.jpg,train,4,ukraine-NF-1057,test/attack/digital_3/iphone15pro/ukraine-NF-1057.jpg,dev
usa-009_03,train/bonafide/iphone15pro/usa-009_03.jpg,train,4,usa-117_03,train/bonafide/iphone15pro/usa-117_03.jpg,dev
usa-009_03,train/bonafide/iphone15pro/usa-009_03.jpg,train,4,usa-117_03,train/attack/digital_2/iphone15pro/usa-117_03.jpg,dev
usa-009_03,train/bonafide/iphone15pro/usa-009_03.jpg,train,4,usa-117_03,train/attack/digital_1/iphone15pro/usa-117_03.jpg,dev
usa-009_03,train/bonafide/iphone15pro/usa-009_03.jpg,train,4,usa-117_03,test/attack/digital_3/iphone15pro/usa-117_03.jpg,dev
usa-011_03,train/bonafide/iphone15pro/usa-011_03.jpg,train,4,usa-134_03,train/bonafide/huawei/usa-134_03.jpg,dev
usa-011_03,train/bonafide/iphone15pro/usa-011_03.jpg,train,0,usa-134_03,train/bonafide/iphone15pro/usa-134_03.jpg,dev
usa-011_03,train/bonafide/iphone15pro/usa-011_03.jpg,train,0,usa-134_03,train/attack/digital_2/iphone15pro/usa-134_03.jpg,dev
usa-011_03,train/bonafide/iphone15pro/usa-011_03.jpg,train,4,usa-134_03,train/attack/digital_2/huawei/usa-134_03.jpg,dev
usa-011_03,train/bonafide/iphone15pro/usa-011_03.jpg,train,4,usa-134_03,train/attack/digital_1/huawei/usa-134_03.jpg,dev
usa-011_03,train/bonafide/iphone15pro/usa-011_03.jpg,train,2,usa-134_03,train/attack/digital_1/iphone15pro/usa-134_03.jpg,dev
usa-011_03,train/bonafide/iphone15pro/usa-011_03.jpg,train,4,usa-134_03,test/attack/digital_3/huawei/usa-134_03.jpg,dev
usa-011_03,train/bonafide/iphone15pro/usa-011_03.jpg,train,0,usa-134_03,test/attack/digital_3/iphone15pro/usa-134_03.jpg,dev
usa-016_03,train/bonafide/iphone15pro/usa-016_03.jpg,train,2,usa-NF-1094,train/attack/digital_1/huawei/usa-NF-1094.jpg,internal_test
usa-034_03,train/bonafide/iphone15pro/usa-034_03.jpg,train,4,usa-134_03,train/bonafide/huawei/usa-134_03.jpg,dev
usa-034_03,train/bonafide/iphone15pro/usa-034_03.jpg,train,4,usa-117_03,train/bonafide/iphone15pro/usa-117_03.jpg,dev
usa-034_03,train/bonafide/iphone15pro/usa-034_03.jpg,train,2,usa-134_03,train/bonafide/iphone15pro/usa-134_03.jpg,dev
usa-034_03,train/bonafide/iphone15pro/usa-034_03.jpg,train,2,usa-134_03,train/attack/digital_2/iphone15pro/usa-134_03.jpg,dev
usa-034_03,train/bonafide/iphone15pro/usa-034_03.jpg,train,4,usa-117_03,train/attack/digital_2/iphone15pro/usa-117_03.jpg,dev
usa-034_03,train/bonafide/iphone15pro/usa-034_03.jpg,train,4,usa-134_03,train/attack/digital_2/huawei/usa-134_03.jpg,dev
usa-034_03,train/bonafide/iphone15pro/usa-034_03.jpg,train,4,usa-134_03,train/attack/digital_1/huawei/usa-134_03.jpg,dev
usa-034_03,train/bonafide/iphone15pro/usa-034_03.jpg,train,4,usa-117_03,train/attack/digital_1/iphone15pro/usa-117_03.jpg,dev
usa-034_03,train/bonafide/iphone15pro/usa-034_03.jpg,train,4,usa-134_03,train/attack/digital_1/iphone15pro/usa-134_03.jpg,dev
usa-034_03,train/bonafide/iphone15pro/usa-034_03.jpg,train,4,usa-117_03,test/attack/digital_3/iphone15pro/usa-117_03.jpg,dev
usa-034_03,train/bonafide/iphone15pro/usa-034_03.jpg,train,4,usa-134_03,test/attack/digital_3/huawei/usa-134_03.jpg,dev
usa-034_03,train/bonafide/iphone15pro/usa-034_03.jpg,train,2,usa-134_03,test/attack/digital_3/iphone15pro/usa-134_03.jpg,dev
usa-034_03,train/bonafide/iphone15pro/usa-034_03.jpg,train,4,usa-NF-1094,train/bonafide/iphone15pro/usa-NF-1094.jpg,internal_test
usa-034_03,train/bonafide/iphone15pro/usa-034_03.jpg,train,4,usa-NF-1094,train/attack/digital_1/iphone15pro/usa-NF-1094.jpg,internal_test
usa-043_03,train/bonafide/iphone15pro/usa-043_03.jpg,train,4,usa-117_03,train/bonafide/iphone15pro/usa-117_03.jpg,dev
usa-043_03,train/bonafide/iphone15pro/usa-043_03.jpg,train,4,usa-117_03,train/attack/digital_2/iphone15pro/usa-117_03.jpg,dev
usa-043_03,train/bonafide/iphone15pro/usa-043_03.jpg,train,4,usa-117_03,train/attack/digital_1/iphone15pro/usa-117_03.jpg,dev
usa-043_03,train/bonafide/iphone15pro/usa-043_03.jpg,train,4,usa-117_03,test/attack/digital_3/iphone15pro/usa-117_03.jpg,dev
usa-043_03,train/bonafide/iphone15pro/usa-043_03.jpg,train,4,usa-NF-1094,train/bonafide/huawei/usa-NF-1094.jpg,internal_test
usa-043_03,train/bonafide/iphone15pro/usa-043_03.jpg,train,4,usa-NF-1094,train/bonafide/iphone15pro/usa-NF-1094.jpg,internal_test
usa-043_03,train/bonafide/iphone15pro/usa-043_03.jpg,train,4,usa-NF-1094,train/attack/digital_2/huawei/usa-NF-1094.jpg,internal_test
usa-043_03,train/bonafide/iphone15pro/usa-043_03.jpg,train,4,usa-NF-1094,train/attack/digital_1/huawei/usa-NF-1094.jpg,internal_test
usa-043_03,train/bonafide/iphone15pro/usa-043_03.jpg,train,4,usa-NF-1094,train/attack/digital_1/scan/usa-NF-1094.jpg,internal_test
usa-043_03,train/bonafide/iphone15pro/usa-043_03.jpg,train,4,usa-NF-1094,test/attack/digital_3/huawei/usa-NF-1094.jpg,internal_test
usa-063_03,train/bonafide/iphone15pro/usa-063_03.jpg,train,4,usa-117_03,train/bonafide/iphone15pro/usa-117_03.jpg,dev
usa-063_03,train/bonafide/iphone15pro/usa-063_03.jpg,train,4,usa-134_03,train/bonafide/iphone15pro/usa-134_03.jpg,dev
usa-063_03,train/bonafide/iphone15pro/usa-063_03.jpg,train,4,usa-134_03,train/attack/digital_2/iphone15pro/usa-134_03.jpg,dev
usa-063_03,train/bonafide/iphone15pro/usa-063_03.jpg,train,4,usa-117_03,train/attack/digital_2/iphone15pro/usa-117_03.jpg,dev
usa-063_03,train/bonafide/iphone15pro/usa-063_03.jpg,train,4,usa-117_03,train/attack/digital_1/iphone15pro/usa-117_03.jpg,dev
usa-063_03,train/bonafide/iphone15pro/usa-063_03.jpg,train,4,usa-117_03,test/attack/digital_3/iphone15pro/usa-117_03.jpg,dev
usa-063_03,train/bonafide/iphone15pro/usa-063_03.jpg,train,4,usa-134_03,test/attack/digital_3/iphone15pro/usa-134_03.jpg,dev
usa-063_03,train/bonafide/iphone15pro/usa-063_03.jpg,train,4,usa-NF-1094,train/bonafide/huawei/usa-NF-1094.jpg,internal_test
usa-063_03,train/bonafide/iphone15pro/usa-063_03.jpg,train,4,usa-NF-1094,train/bonafide/iphone15pro/usa-NF-1094.jpg,internal_test
usa-063_03,train/bonafide/iphone15pro/usa-063_03.jpg,train,4,usa-NF-1094,train/attack/digital_2/huawei/usa-NF-1094.jpg,internal_test
usa-063_03,train/bonafide/iphone15pro/usa-063_03.jpg,train,4,usa-NF-1094,test/attack/digital_3/huawei/usa-NF-1094.jpg,internal_test
usa-063_03,train/bonafide/iphone15pro/usa-063_03.jpg,train,2,usa-NF-1094,test/attack/digital_3/iphone15pro/usa-NF-1094.jpg,internal_test
usa-NF-1051,train/bonafide/iphone15pro/usa-NF-1051.jpg,train,4,usa-NF-1009,train/bonafide/huawei/usa-NF-1009.jpg,internal_test
usa-NF-1051,train/bonafide/iphone15pro/usa-NF-1051.jpg,train,4,usa-NF-1009,train/attack/digital_1/huawei/usa-NF-1009.jpg,internal_test
usa-NF-1051,train/bonafide/iphone15pro/usa-NF-1051.jpg,train,4,usa-NF-1009,test/attack/digital_3/huawei/usa-NF-1009.jpg,internal_test
usa-NF-1093,train/bonafide/iphone15pro/usa-NF-1093.jpg,train,4,usa-NF-1094,train/bonafide/scan/usa-NF-1094.jpg,internal_test
usa-NF-1093,train/bonafide/iphone15pro/usa-NF-1093.jpg,train,2,usa-NF-1094,train/attack/digital_2/scan/usa-NF-1094.jpg,internal_test
usa-NF-1093,train/bonafide/iphone15pro/usa-NF-1093.jpg,train,2,usa-NF-1094,test/attack/digital_3/scan/usa-NF-1094.jpg,internal_test
arabic-003_03,train/bonafide/scan/arabic-003_03.jpg,train,4,arabic-005_03,train/bonafide/iphone15pro/arabic-005_03.jpg,dev
arabic-003_03,train/bonafide/scan/arabic-003_03.jpg,train,4,arabic-005_03,train/bonafide/scan/arabic-005_03.jpg,dev
arabic-003_03,train/bonafide/scan/arabic-003_03.jpg,train,4,arabic-005_03,train/attack/digital_2/iphone15pro/arabic-005_03.jpg,dev
arabic-003_03,train/bonafide/scan/arabic-003_03.jpg,train,4,arabic-005_03,train/attack/digital_2/scan/arabic-005_03.jpg,dev
arabic-003_03,train/bonafide/scan/arabic-003_03.jpg,train,4,arabic-005_03,train/attack/digital_1/iphone15pro/arabic-005_03.jpg,dev
arabic-003_03,train/bonafide/scan/arabic-003_03.jpg,train,4,arabic-005_03,train/attack/digital_1/scan/arabic-005_03.jpg,dev
arabic-003_03,train/bonafide/scan/arabic-003_03.jpg,train,4,arabic-005_03,test/attack/digital_3/scan/arabic-005_03.jpg,dev
arabic-003_03,train/bonafide/scan/arabic-003_03.jpg,train,4,arabic-005_03,test/attack/digital_3/iphone15pro/arabic-005_03.jpg,dev
arabic-024_03,train/bonafide/scan/arabic-024_03.jpg,train,4,arabic-005_03,train/bonafide/iphone15pro/arabic-005_03.jpg,dev
arabic-024_03,train/bonafide/scan/arabic-024_03.jpg,train,4,arabic-005_03,train/attack/digital_1/iphone15pro/arabic-005_03.jpg,dev
arabic-024_03,train/bonafide/scan/arabic-024_03.jpg,train,4,arabic-005_03,test/attack/digital_3/iphone15pro/arabic-005_03.jpg,dev
arabic-NF-1049,train/bonafide/scan/arabic-NF-1049.jpg,train,4,arabic-NF-1030,train/bonafide/scan/arabic-NF-1030.jpg,dev
arabic-NF-1049,train/bonafide/scan/arabic-NF-1049.jpg,train,4,arabic-NF-1030,train/attack/digital_2/scan/arabic-NF-1030.jpg,dev
arabic-NF-1049,train/bonafide/scan/arabic-NF-1049.jpg,train,4,arabic-NF-1030,train/attack/digital_1/huawei/arabic-NF-1030.jpg,dev
arabic-NF-1049,train/bonafide/scan/arabic-NF-1049.jpg,train,4,arabic-NF-1030,train/attack/digital_1/scan/arabic-NF-1030.jpg,dev
arabic-NF-1049,train/bonafide/scan/arabic-NF-1049.jpg,train,4,arabic-NF-1030,test/attack/digital_3/scan/arabic-NF-1030.jpg,dev
arabic-NF-1049,train/bonafide/scan/arabic-NF-1049.jpg,train,4,arabic-NF-1098,train/bonafide/huawei/arabic-NF-1098.jpg,internal_test
arabic-NF-1049,train/bonafide/scan/arabic-NF-1049.jpg,train,4,arabic-NF-1098,test/attack/digital_3/huawei/arabic-NF-1098.jpg,internal_test
arabic-NF-1100,train/bonafide/scan/arabic-NF-1100.jpg,train,4,arabic-NF-1030,train/bonafide/scan/arabic-NF-1030.jpg,dev
arabic-NF-1100,train/bonafide/scan/arabic-NF-1100.jpg,train,4,arabic-NF-1030,train/attack/digital_2/scan/arabic-NF-1030.jpg,dev
arabic-NF-1100,train/bonafide/scan/arabic-NF-1100.jpg,train,4,arabic-NF-1030,train/attack/digital_1/huawei/arabic-NF-1030.jpg,dev
arabic-NF-1100,train/bonafide/scan/arabic-NF-1100.jpg,train,4,arabic-NF-1030,train/attack/digital_1/scan/arabic-NF-1030.jpg,dev
arabic-NF-1100,train/bonafide/scan/arabic-NF-1100.jpg,train,4,arabic-NF-1030,test/attack/digital_3/scan/arabic-NF-1030.jpg,dev
arabic-NF-1100,train/bonafide/scan/arabic-NF-1100.jpg,train,4,arabic-NF-1098,train/bonafide/iphone15pro/arabic-NF-1098.jpg,internal_test
arabic-NF-1100,train/bonafide/scan/arabic-NF-1100.jpg,train,4,arabic-NF-1098,train/bonafide/scan/arabic-NF-1098.jpg,internal_test
arabic-NF-1100,train/bonafide/scan/arabic-NF-1100.jpg,train,4,arabic-NF-1098,test/attack/digital_3/scan/arabic-NF-1098.jpg,internal_test
chinese-107_03,train/bonafide/scan/chinese-107_03.jpg,train,4,chinese-142_03,train/bonafide/huawei/chinese-142_03.jpg,dev
chinese-107_03,train/bonafide/scan/chinese-107_03.jpg,train,4,chinese-142_03,train/bonafide/scan/chinese-142_03.jpg,dev
chinese-107_03,train/bonafide/scan/chinese-107_03.jpg,train,4,chinese-142_03,train/attack/digital_2/scan/chinese-142_03.jpg,dev
chinese-107_03,train/bonafide/scan/chinese-107_03.jpg,train,4,chinese-142_03,train/attack/digital_2/huawei/chinese-142_03.jpg,dev
chinese-107_03,train/bonafide/scan/chinese-107_03.jpg,train,4,chinese-142_03,train/attack/digital_1/scan/chinese-142_03.jpg,dev
chinese-107_03,train/bonafide/scan/chinese-107_03.jpg,train,4,chinese-142_03,test/attack/digital_3/scan/chinese-142_03.jpg,dev
chinese-107_03,train/bonafide/scan/chinese-107_03.jpg,train,4,chinese-142_03,test/attack/digital_3/huawei/chinese-142_03.jpg,dev
french-044_03,train/bonafide/scan/french-044_03.jpg,train,4,french-033_03,train/bonafide/huawei/french-033_03.jpg,dev
french-044_03,train/bonafide/scan/french-044_03.jpg,train,2,french-033_03,train/bonafide/iphone15pro/french-033_03.jpg,dev
french-044_03,train/bonafide/scan/french-044_03.jpg,train,2,french-033_03,train/bonafide/scan/french-033_03.jpg,dev
french-044_03,train/bonafide/scan/french-044_03.jpg,train,2,french-033_03,train/attack/digital_2/iphone15pro/french-033_03.jpg,dev
french-044_03,train/bonafide/scan/french-044_03.jpg,train,2,french-033_03,train/attack/digital_2/scan/french-033_03.jpg,dev
french-044_03,train/bonafide/scan/french-044_03.jpg,train,4,french-033_03,train/attack/digital_2/huawei/french-033_03.jpg,dev
french-044_03,train/bonafide/scan/french-044_03.jpg,train,2,french-033_03,train/attack/digital_1/iphone15pro/french-033_03.jpg,dev
french-044_03,train/bonafide/scan/french-044_03.jpg,train,4,french-033_03,train/attack/digital_1/scan/french-033_03.jpg,dev
french-044_03,train/bonafide/scan/french-044_03.jpg,train,2,french-033_03,test/attack/digital_3/scan/french-033_03.jpg,dev
french-044_03,train/bonafide/scan/french-044_03.jpg,train,2,french-033_03,test/attack/digital_3/huawei/french-033_03.jpg,dev
french-044_03,train/bonafide/scan/french-044_03.jpg,train,2,french-033_03,test/attack/digital_3/iphone15pro/french-033_03.jpg,dev
french-044_03,train/bonafide/scan/french-044_03.jpg,train,4,french-019_03,train/bonafide/huawei/french-019_03.jpg,internal_test
french-044_03,train/bonafide/scan/french-044_03.jpg,train,2,french-022_03,train/bonafide/huawei/french-022_03.jpg,internal_test
french-044_03,train/bonafide/scan/french-044_03.jpg,train,4,french-068_03,train/bonafide/huawei/french-068_03.jpg,internal_test
french-044_03,train/bonafide/scan/french-044_03.jpg,train,4,french-019_03,train/bonafide/iphone15pro/french-019_03.jpg,internal_test
french-044_03,train/bonafide/scan/french-044_03.jpg,train,4,french-022_03,train/bonafide/iphone15pro/french-022_03.jpg,internal_test
french-044_03,train/bonafide/scan/french-044_03.jpg,train,4,french-068_03,train/bonafide/iphone15pro/french-068_03.jpg,internal_test
french-044_03,train/bonafide/scan/french-044_03.jpg,train,4,french-022_03,train/bonafide/scan/french-022_03.jpg,internal_test
french-044_03,train/bonafide/scan/french-044_03.jpg,train,4,french-022_03,train/attack/digital_2/iphone15pro/french-022_03.jpg,internal_test
french-044_03,train/bonafide/scan/french-044_03.jpg,train,4,french-022_03,train/attack/digital_2/scan/french-022_03.jpg,internal_test
french-044_03,train/bonafide/scan/french-044_03.jpg,train,4,french-068_03,train/attack/digital_2/huawei/french-068_03.jpg,internal_test
french-044_03,train/bonafide/scan/french-044_03.jpg,train,2,french-022_03,train/attack/digital_2/huawei/french-022_03.jpg,internal_test
french-044_03,train/bonafide/scan/french-044_03.jpg,train,4,french-019_03,train/attack/digital_1/huawei/french-019_03.jpg,internal_test
french-044_03,train/bonafide/scan/french-044_03.jpg,train,4,french-022_03,train/attack/digital_1/huawei/french-022_03.jpg,internal_test
french-044_03,train/bonafide/scan/french-044_03.jpg,train,4,french-068_03,train/attack/digital_1/huawei/french-068_03.jpg,internal_test
french-044_03,train/bonafide/scan/french-044_03.jpg,train,4,french-019_03,train/attack/digital_1/iphone15pro/french-019_03.jpg,internal_test
french-044_03,train/bonafide/scan/french-044_03.jpg,train,4,french-022_03,train/attack/digital_1/iphone15pro/french-022_03.jpg,internal_test
french-044_03,train/bonafide/scan/french-044_03.jpg,train,4,french-068_03,train/attack/digital_1/iphone15pro/french-068_03.jpg,internal_test
french-044_03,train/bonafide/scan/french-044_03.jpg,train,4,french-022_03,train/attack/digital_1/scan/french-022_03.jpg,internal_test
french-044_03,train/bonafide/scan/french-044_03.jpg,train,4,french-019_03,test/attack/digital_3/huawei/french-019_03.jpg,internal_test
french-044_03,train/bonafide/scan/french-044_03.jpg,train,4,french-019_03,test/attack/digital_3/iphone15pro/french-019_03.jpg,internal_test
french-044_03,train/bonafide/scan/french-044_03.jpg,train,4,french-022_03,test/attack/digital_3/scan/french-022_03.jpg,internal_test
french-044_03,train/bonafide/scan/french-044_03.jpg,train,2,french-022_03,test/attack/digital_3/huawei/french-022_03.jpg,internal_test
french-044_03,train/bonafide/scan/french-044_03.jpg,train,4,french-022_03,test/attack/digital_3/iphone15pro/french-022_03.jpg,internal_test
french-044_03,train/bonafide/scan/french-044_03.jpg,train,4,french-068_03,test/attack/digital_3/huawei/french-068_03.jpg,internal_test
french-090_03,train/bonafide/scan/french-090_03.jpg,train,4,french-033_03,train/attack/digital_1/scan/french-033_03.jpg,dev
french-090_03,train/bonafide/scan/french-090_03.jpg,train,4,french-068_03,train/bonafide/iphone15pro/french-068_03.jpg,internal_test
french-090_03,train/bonafide/scan/french-090_03.jpg,train,4,french-068_03,train/attack/digital_1/iphone15pro/french-068_03.jpg,internal_test
french-090_03,train/bonafide/scan/french-090_03.jpg,train,4,french-128_03,train/attack/digital_1/iphone15pro/french-128_03.jpg,internal_test
french-090_03,train/bonafide/scan/french-090_03.jpg,train,4,french-128_03,test/attack/digital_3/iphone15pro/french-128_03.jpg,internal_test
french-100_03,train/bonafide/scan/french-100_03.jpg,train,4,french-068_03,test/attack/digital_3/scan/french-068_03.jpg,internal_test
french-124_03,train/bonafide/scan/french-124_03.jpg,train,4,french-019_03,train/bonafide/scan/french-019_03.jpg,internal_test
french-124_03,train/bonafide/scan/french-124_03.jpg,train,2,french-019_03,train/attack/digital_2/scan/french-019_03.jpg,internal_test
french-124_03,train/bonafide/scan/french-124_03.jpg,train,4,french-019_03,train/attack/digital_2/huawei/french-019_03.jpg,internal_test
french-124_03,train/bonafide/scan/french-124_03.jpg,train,2,french-019_03,train/attack/digital_1/scan/french-019_03.jpg,internal_test
french-124_03,train/bonafide/scan/french-124_03.jpg,train,4,french-019_03,test/attack/digital_3/scan/french-019_03.jpg,internal_test
french-124_03,train/bonafide/scan/french-124_03.jpg,train,4,french-019_03,test/attack/digital_3/huawei/french-019_03.jpg,internal_test
french-135_03,train/bonafide/scan/french-135_03.jpg,train,4,french-033_03,train/bonafide/huawei/french-033_03.jpg,dev
french-135_03,train/bonafide/scan/french-135_03.jpg,train,2,french-033_03,train/bonafide/iphone15pro/french-033_03.jpg,dev
french-135_03,train/bonafide/scan/french-135_03.jpg,train,2,french-033_03,train/bonafide/scan/french-033_03.jpg,dev
french-135_03,train/bonafide/scan/french-135_03.jpg,train,2,french-033_03,train/attack/digital_2/iphone15pro/french-033_03.jpg,dev
french-135_03,train/bonafide/scan/french-135_03.jpg,train,2,french-033_03,train/attack/digital_2/scan/french-033_03.jpg,dev
french-135_03,train/bonafide/scan/french-135_03.jpg,train,2,french-033_03,train/attack/digital_1/iphone15pro/french-033_03.jpg,dev
french-135_03,train/bonafide/scan/french-135_03.jpg,train,4,french-033_03,train/attack/digital_1/scan/french-033_03.jpg,dev
french-135_03,train/bonafide/scan/french-135_03.jpg,train,2,french-033_03,test/attack/digital_3/scan/french-033_03.jpg,dev
french-135_03,train/bonafide/scan/french-135_03.jpg,train,4,french-033_03,test/attack/digital_3/huawei/french-033_03.jpg,dev
french-135_03,train/bonafide/scan/french-135_03.jpg,train,2,french-033_03,test/attack/digital_3/iphone15pro/french-033_03.jpg,dev
french-135_03,train/bonafide/scan/french-135_03.jpg,train,4,french-114_03,test/attack/digital_3/iphone15pro/french-114_03.jpg,dev
french-135_03,train/bonafide/scan/french-135_03.jpg,train,4,french-019_03,train/bonafide/huawei/french-019_03.jpg,internal_test
french-135_03,train/bonafide/scan/french-135_03.jpg,train,4,french-022_03,train/bonafide/huawei/french-022_03.jpg,internal_test
french-135_03,train/bonafide/scan/french-135_03.jpg,train,4,french-068_03,train/bonafide/huawei/french-068_03.jpg,internal_test
french-135_03,train/bonafide/scan/french-135_03.jpg,train,2,french-019_03,train/bonafide/iphone15pro/french-019_03.jpg,internal_test
french-135_03,train/bonafide/scan/french-135_03.jpg,train,2,french-022_03,train/bonafide/iphone15pro/french-022_03.jpg,internal_test
french-135_03,train/bonafide/scan/french-135_03.jpg,train,4,french-068_03,train/bonafide/iphone15pro/french-068_03.jpg,internal_test
french-135_03,train/bonafide/scan/french-135_03.jpg,train,4,french-019_03,train/attack/digital_2/iphone15pro/french-019_03.jpg,internal_test
french-135_03,train/bonafide/scan/french-135_03.jpg,train,4,french-068_03,train/attack/digital_2/iphone15pro/french-068_03.jpg,internal_test
french-135_03,train/bonafide/scan/french-135_03.jpg,train,2,french-022_03,train/attack/digital_2/iphone15pro/french-022_03.jpg,internal_test
french-135_03,train/bonafide/scan/french-135_03.jpg,train,4,french-068_03,train/attack/digital_2/huawei/french-068_03.jpg,internal_test
french-135_03,train/bonafide/scan/french-135_03.jpg,train,4,french-022_03,train/attack/digital_2/huawei/french-022_03.jpg,internal_test
french-135_03,train/bonafide/scan/french-135_03.jpg,train,2,french-019_03,train/attack/digital_1/huawei/french-019_03.jpg,internal_test
french-135_03,train/bonafide/scan/french-135_03.jpg,train,4,french-022_03,train/attack/digital_1/huawei/french-022_03.jpg,internal_test
french-135_03,train/bonafide/scan/french-135_03.jpg,train,4,french-068_03,train/attack/digital_1/huawei/french-068_03.jpg,internal_test
french-135_03,train/bonafide/scan/french-135_03.jpg,train,2,french-019_03,train/attack/digital_1/iphone15pro/french-019_03.jpg,internal_test
french-135_03,train/bonafide/scan/french-135_03.jpg,train,2,french-022_03,train/attack/digital_1/iphone15pro/french-022_03.jpg,internal_test
french-135_03,train/bonafide/scan/french-135_03.jpg,train,4,french-068_03,train/attack/digital_1/iphone15pro/french-068_03.jpg,internal_test
french-135_03,train/bonafide/scan/french-135_03.jpg,train,4,french-019_03,test/attack/digital_3/huawei/french-019_03.jpg,internal_test
french-135_03,train/bonafide/scan/french-135_03.jpg,train,2,french-019_03,test/attack/digital_3/iphone15pro/french-019_03.jpg,internal_test
french-135_03,train/bonafide/scan/french-135_03.jpg,train,4,french-022_03,test/attack/digital_3/huawei/french-022_03.jpg,internal_test
french-135_03,train/bonafide/scan/french-135_03.jpg,train,2,french-022_03,test/attack/digital_3/iphone15pro/french-022_03.jpg,internal_test
french-135_03,train/bonafide/scan/french-135_03.jpg,train,4,french-068_03,test/attack/digital_3/huawei/french-068_03.jpg,internal_test
french-135_03,train/bonafide/scan/french-135_03.jpg,train,4,french-068_03,test/attack/digital_3/iphone15pro/french-068_03.jpg,internal_test
indian-012_03,train/bonafide/scan/indian-012_03.jpg,train,4,indian-038_03,train/bonafide/huawei/indian-038_03.jpg,dev
indian-012_03,train/bonafide/scan/indian-012_03.jpg,train,4,indian-038_03,train/attack/digital_1/huawei/indian-038_03.jpg,dev
indian-012_03,train/bonafide/scan/indian-012_03.jpg,train,4,indian-038_03,test/attack/digital_3/scan/indian-038_03.jpg,dev
indian-012_03,train/bonafide/scan/indian-012_03.jpg,train,4,indian-038_03,test/attack/digital_3/huawei/indian-038_03.jpg,dev
indian-021_03,train/bonafide/scan/indian-021_03.jpg,train,4,indian-038_03,train/bonafide/iphone15pro/indian-038_03.jpg,dev
indian-021_03,train/bonafide/scan/indian-021_03.jpg,train,4,indian-038_03,train/attack/digital_2/iphone15pro/indian-038_03.jpg,dev
indian-021_03,train/bonafide/scan/indian-021_03.jpg,train,4,indian-038_03,train/attack/digital_1/iphone15pro/indian-038_03.jpg,dev
indian-021_03,train/bonafide/scan/indian-021_03.jpg,train,4,indian-038_03,test/attack/digital_3/iphone15pro/indian-038_03.jpg,dev
indian-108_03,train/bonafide/scan/indian-108_03.jpg,train,4,indian-038_03,test/attack/digital_3/scan/indian-038_03.jpg,dev
persian-010_03,train/bonafide/scan/persian-010_03.jpg,train,4,persian-122_03,train/bonafide/huawei/persian-122_03.jpg,dev
persian-010_03,train/bonafide/scan/persian-010_03.jpg,train,4,persian-122_03,train/bonafide/iphone15pro/persian-122_03.jpg,dev
persian-010_03,train/bonafide/scan/persian-010_03.jpg,train,0,persian-122_03,train/bonafide/scan/persian-122_03.jpg,dev
persian-010_03,train/bonafide/scan/persian-010_03.jpg,train,2,persian-122_03,train/attack/digital_2/iphone15pro/persian-122_03.jpg,dev
persian-010_03,train/bonafide/scan/persian-010_03.jpg,train,2,persian-122_03,train/attack/digital_2/scan/persian-122_03.jpg,dev
persian-010_03,train/bonafide/scan/persian-010_03.jpg,train,4,persian-122_03,train/attack/digital_2/huawei/persian-122_03.jpg,dev
persian-010_03,train/bonafide/scan/persian-010_03.jpg,train,4,persian-122_03,train/attack/digital_1/huawei/persian-122_03.jpg,dev
persian-010_03,train/bonafide/scan/persian-010_03.jpg,train,2,persian-122_03,train/attack/digital_1/iphone15pro/persian-122_03.jpg,dev
persian-010_03,train/bonafide/scan/persian-010_03.jpg,train,2,persian-122_03,train/attack/digital_1/scan/persian-122_03.jpg,dev
persian-010_03,train/bonafide/scan/persian-010_03.jpg,train,0,persian-122_03,test/attack/digital_3/scan/persian-122_03.jpg,dev
persian-010_03,train/bonafide/scan/persian-010_03.jpg,train,4,persian-122_03,test/attack/digital_3/huawei/persian-122_03.jpg,dev
persian-010_03,train/bonafide/scan/persian-010_03.jpg,train,2,persian-122_03,test/attack/digital_3/iphone15pro/persian-122_03.jpg,dev
persian-069_03,train/bonafide/scan/persian-069_03.jpg,train,4,persian-122_03,train/attack/digital_2/scan/persian-122_03.jpg,dev
persian-069_03,train/bonafide/scan/persian-069_03.jpg,train,4,persian-122_03,train/attack/digital_1/scan/persian-122_03.jpg,dev
persian-144_03,train/bonafide/scan/persian-144_03.jpg,train,4,persian-122_03,train/bonafide/scan/persian-122_03.jpg,dev
persian-144_03,train/bonafide/scan/persian-144_03.jpg,train,4,persian-122_03,train/attack/digital_2/iphone15pro/persian-122_03.jpg,dev
persian-144_03,train/bonafide/scan/persian-144_03.jpg,train,4,persian-122_03,train/attack/digital_2/scan/persian-122_03.jpg,dev
persian-144_03,train/bonafide/scan/persian-144_03.jpg,train,4,persian-122_03,train/attack/digital_1/iphone15pro/persian-122_03.jpg,dev
persian-144_03,train/bonafide/scan/persian-144_03.jpg,train,4,persian-122_03,train/attack/digital_1/scan/persian-122_03.jpg,dev
persian-144_03,train/bonafide/scan/persian-144_03.jpg,train,4,persian-122_03,test/attack/digital_3/scan/persian-122_03.jpg,dev
persian-144_03,train/bonafide/scan/persian-144_03.jpg,train,4,persian-122_03,test/attack/digital_3/iphone15pro/persian-122_03.jpg,dev
persian-NF-1001,train/bonafide/scan/persian-NF-1001.jpg,train,4,persian-NM-1074,train/bonafide/huawei/persian-NM-1074.jpg,internal_test
persian-NF-1001,train/bonafide/scan/persian-NF-1001.jpg,train,2,persian-NM-1074,train/bonafide/scan/persian-NM-1074.jpg,internal_test
persian-NF-1001,train/bonafide/scan/persian-NF-1001.jpg,train,4,persian-NM-1074,train/attack/digital_2/scan/persian-NM-1074.jpg,internal_test
persian-NF-1001,train/bonafide/scan/persian-NF-1001.jpg,train,4,persian-NM-1074,train/attack/digital_2/huawei/persian-NM-1074.jpg,internal_test
persian-NF-1001,train/bonafide/scan/persian-NF-1001.jpg,train,2,persian-NM-1074,train/attack/digital_1/huawei/persian-NM-1074.jpg,internal_test
persian-NF-1001,train/bonafide/scan/persian-NF-1001.jpg,train,2,persian-NM-1074,train/attack/digital_1/scan/persian-NM-1074.jpg,internal_test
persian-NF-1001,train/bonafide/scan/persian-NF-1001.jpg,train,2,persian-NM-1074,test/attack/digital_3/scan/persian-NM-1074.jpg,internal_test
persian-NF-1001,train/bonafide/scan/persian-NF-1001.jpg,train,4,persian-NM-1074,test/attack/digital_3/huawei/persian-NM-1074.jpg,internal_test
persian-NF-1031,train/bonafide/scan/persian-NF-1031.jpg,train,4,persian-NF-1097,train/bonafide/scan/persian-NF-1097.jpg,dev
persian-NF-1031,train/bonafide/scan/persian-NF-1031.jpg,train,4,persian-NF-1097,train/attack/digital_2/scan/persian-NF-1097.jpg,dev
portugal-004_03,train/bonafide/scan/portugal-004_03.jpg,train,4,portugal-172_03,train/bonafide/iphone15pro/portugal-172_03.jpg,dev
portugal-004_03,train/bonafide/scan/portugal-004_03.jpg,train,4,portugal-172_03,train/bonafide/scan/portugal-172_03.jpg,dev
portugal-004_03,train/bonafide/scan/portugal-004_03.jpg,train,2,portugal-172_03,train/attack/digital_2/iphone15pro/portugal-172_03.jpg,dev
portugal-004_03,train/bonafide/scan/portugal-004_03.jpg,train,4,portugal-172_03,train/attack/digital_2/scan/portugal-172_03.jpg,dev
portugal-004_03,train/bonafide/scan/portugal-004_03.jpg,train,4,portugal-172_03,train/attack/digital_1/huawei/portugal-172_03.jpg,dev
portugal-004_03,train/bonafide/scan/portugal-004_03.jpg,train,2,portugal-172_03,train/attack/digital_1/iphone15pro/portugal-172_03.jpg,dev
portugal-004_03,train/bonafide/scan/portugal-004_03.jpg,train,4,portugal-172_03,train/attack/digital_1/scan/portugal-172_03.jpg,dev
portugal-004_03,train/bonafide/scan/portugal-004_03.jpg,train,4,portugal-172_03,test/attack/digital_3/scan/portugal-172_03.jpg,dev
portugal-004_03,train/bonafide/scan/portugal-004_03.jpg,train,4,portugal-172_03,test/attack/digital_3/huawei/portugal-172_03.jpg,dev
portugal-004_03,train/bonafide/scan/portugal-004_03.jpg,train,2,portugal-172_03,test/attack/digital_3/iphone15pro/portugal-172_03.jpg,dev
portugal-004_03,train/bonafide/scan/portugal-004_03.jpg,train,2,portugal-119_03,train/bonafide/huawei/portugal-119_03.jpg,internal_test
portugal-004_03,train/bonafide/scan/portugal-004_03.jpg,train,2,portugal-070_03,train/bonafide/iphone15pro/portugal-070_03.jpg,internal_test
portugal-004_03,train/bonafide/scan/portugal-004_03.jpg,train,2,portugal-070_03,train/bonafide/scan/portugal-070_03.jpg,internal_test
portugal-004_03,train/bonafide/scan/portugal-004_03.jpg,train,2,portugal-119_03,train/bonafide/scan/portugal-119_03.jpg,internal_test
portugal-004_03,train/bonafide/scan/portugal-004_03.jpg,train,4,portugal-070_03,train/attack/digital_2/iphone15pro/portugal-070_03.jpg,internal_test
portugal-004_03,train/bonafide/scan/portugal-004_03.jpg,train,2,portugal-119_03,train/attack/digital_2/scan/portugal-119_03.jpg,internal_test
portugal-004_03,train/bonafide/scan/portugal-004_03.jpg,train,2,portugal-070_03,train/attack/digital_2/scan/portugal-070_03.jpg,internal_test
portugal-004_03,train/bonafide/scan/portugal-004_03.jpg,train,4,portugal-119_03,train/attack/digital_2/huawei/portugal-119_03.jpg,internal_test
portugal-004_03,train/bonafide/scan/portugal-004_03.jpg,train,2,portugal-119_03,train/attack/digital_1/huawei/portugal-119_03.jpg,internal_test
portugal-004_03,train/bonafide/scan/portugal-004_03.jpg,train,0,portugal-070_03,train/attack/digital_1/iphone15pro/portugal-070_03.jpg,internal_test
portugal-004_03,train/bonafide/scan/portugal-004_03.jpg,train,0,portugal-070_03,train/attack/digital_1/scan/portugal-070_03.jpg,internal_test
portugal-004_03,train/bonafide/scan/portugal-004_03.jpg,train,2,portugal-119_03,train/attack/digital_1/scan/portugal-119_03.jpg,internal_test
portugal-004_03,train/bonafide/scan/portugal-004_03.jpg,train,2,portugal-070_03,test/attack/digital_3/scan/portugal-070_03.jpg,internal_test
portugal-004_03,train/bonafide/scan/portugal-004_03.jpg,train,4,portugal-070_03,test/attack/digital_3/huawei/portugal-070_03.jpg,internal_test
portugal-004_03,train/bonafide/scan/portugal-004_03.jpg,train,2,portugal-070_03,test/attack/digital_3/iphone15pro/portugal-070_03.jpg,internal_test
portugal-004_03,train/bonafide/scan/portugal-004_03.jpg,train,2,portugal-119_03,test/attack/digital_3/scan/portugal-119_03.jpg,internal_test
portugal-004_03,train/bonafide/scan/portugal-004_03.jpg,train,2,portugal-119_03,test/attack/digital_3/huawei/portugal-119_03.jpg,internal_test
portugal-013_03,train/bonafide/scan/portugal-013_03.jpg,train,4,portugal-070_03,train/bonafide/scan/portugal-070_03.jpg,internal_test
portugal-013_03,train/bonafide/scan/portugal-013_03.jpg,train,4,portugal-070_03,train/attack/digital_2/iphone15pro/portugal-070_03.jpg,internal_test
portugal-013_03,train/bonafide/scan/portugal-013_03.jpg,train,4,portugal-070_03,train/attack/digital_2/scan/portugal-070_03.jpg,internal_test
portugal-017_03,train/bonafide/scan/portugal-017_03.jpg,train,2,portugal-172_03,train/bonafide/iphone15pro/portugal-172_03.jpg,dev
portugal-017_03,train/bonafide/scan/portugal-017_03.jpg,train,2,portugal-172_03,train/bonafide/scan/portugal-172_03.jpg,dev
portugal-017_03,train/bonafide/scan/portugal-017_03.jpg,train,2,portugal-172_03,train/attack/digital_2/iphone15pro/portugal-172_03.jpg,dev
portugal-017_03,train/bonafide/scan/portugal-017_03.jpg,train,4,portugal-172_03,train/attack/digital_2/scan/portugal-172_03.jpg,dev
portugal-017_03,train/bonafide/scan/portugal-017_03.jpg,train,2,portugal-172_03,train/attack/digital_1/iphone15pro/portugal-172_03.jpg,dev
portugal-017_03,train/bonafide/scan/portugal-017_03.jpg,train,2,portugal-172_03,train/attack/digital_1/scan/portugal-172_03.jpg,dev
portugal-017_03,train/bonafide/scan/portugal-017_03.jpg,train,4,portugal-172_03,test/attack/digital_3/scan/portugal-172_03.jpg,dev
portugal-017_03,train/bonafide/scan/portugal-017_03.jpg,train,2,portugal-172_03,test/attack/digital_3/iphone15pro/portugal-172_03.jpg,dev
portugal-017_03,train/bonafide/scan/portugal-017_03.jpg,train,4,portugal-119_03,train/bonafide/huawei/portugal-119_03.jpg,internal_test
portugal-017_03,train/bonafide/scan/portugal-017_03.jpg,train,4,portugal-070_03,train/bonafide/iphone15pro/portugal-070_03.jpg,internal_test
portugal-017_03,train/bonafide/scan/portugal-017_03.jpg,train,2,portugal-070_03,train/bonafide/scan/portugal-070_03.jpg,internal_test
portugal-017_03,train/bonafide/scan/portugal-017_03.jpg,train,4,portugal-119_03,train/bonafide/scan/portugal-119_03.jpg,internal_test
portugal-017_03,train/bonafide/scan/portugal-017_03.jpg,train,4,portugal-070_03,train/attack/digital_2/iphone15pro/portugal-070_03.jpg,internal_test
portugal-017_03,train/bonafide/scan/portugal-017_03.jpg,train,2,portugal-119_03,train/attack/digital_2/scan/portugal-119_03.jpg,internal_test
portugal-017_03,train/bonafide/scan/portugal-017_03.jpg,train,2,portugal-070_03,train/attack/digital_2/scan/portugal-070_03.jpg,internal_test
portugal-017_03,train/bonafide/scan/portugal-017_03.jpg,train,4,portugal-119_03,train/attack/digital_2/huawei/portugal-119_03.jpg,internal_test
portugal-017_03,train/bonafide/scan/portugal-017_03.jpg,train,4,portugal-119_03,train/attack/digital_1/huawei/portugal-119_03.jpg,internal_test
portugal-017_03,train/bonafide/scan/portugal-017_03.jpg,train,2,portugal-070_03,train/attack/digital_1/iphone15pro/portugal-070_03.jpg,internal_test
portugal-017_03,train/bonafide/scan/portugal-017_03.jpg,train,4,portugal-119_03,train/attack/digital_1/iphone15pro/portugal-119_03.jpg,internal_test
portugal-017_03,train/bonafide/scan/portugal-017_03.jpg,train,2,portugal-070_03,train/attack/digital_1/scan/portugal-070_03.jpg,internal_test
portugal-017_03,train/bonafide/scan/portugal-017_03.jpg,train,2,portugal-119_03,train/attack/digital_1/scan/portugal-119_03.jpg,internal_test
portugal-017_03,train/bonafide/scan/portugal-017_03.jpg,train,4,portugal-070_03,test/attack/digital_3/scan/portugal-070_03.jpg,internal_test
portugal-017_03,train/bonafide/scan/portugal-017_03.jpg,train,4,portugal-070_03,test/attack/digital_3/huawei/portugal-070_03.jpg,internal_test
portugal-017_03,train/bonafide/scan/portugal-017_03.jpg,train,4,portugal-070_03,test/attack/digital_3/iphone15pro/portugal-070_03.jpg,internal_test
portugal-017_03,train/bonafide/scan/portugal-017_03.jpg,train,4,portugal-119_03,test/attack/digital_3/scan/portugal-119_03.jpg,internal_test
portugal-017_03,train/bonafide/scan/portugal-017_03.jpg,train,4,portugal-119_03,test/attack/digital_3/huawei/portugal-119_03.jpg,internal_test
portugal-026_03,train/bonafide/scan/portugal-026_03.jpg,train,4,portugal-119_03,train/bonafide/huawei/portugal-119_03.jpg,internal_test
portugal-026_03,train/bonafide/scan/portugal-026_03.jpg,train,4,portugal-070_03,train/bonafide/iphone15pro/portugal-070_03.jpg,internal_test
portugal-026_03,train/bonafide/scan/portugal-026_03.jpg,train,2,portugal-070_03,train/bonafide/scan/portugal-070_03.jpg,internal_test
portugal-026_03,train/bonafide/scan/portugal-026_03.jpg,train,4,portugal-119_03,train/bonafide/scan/portugal-119_03.jpg,internal_test
portugal-026_03,train/bonafide/scan/portugal-026_03.jpg,train,4,portugal-070_03,train/attack/digital_2/iphone15pro/portugal-070_03.jpg,internal_test
portugal-026_03,train/bonafide/scan/portugal-026_03.jpg,train,4,portugal-119_03,train/attack/digital_2/scan/portugal-119_03.jpg,internal_test
portugal-026_03,train/bonafide/scan/portugal-026_03.jpg,train,2,portugal-070_03,train/attack/digital_2/scan/portugal-070_03.jpg,internal_test
portugal-026_03,train/bonafide/scan/portugal-026_03.jpg,train,4,portugal-119_03,train/attack/digital_2/huawei/portugal-119_03.jpg,internal_test
portugal-026_03,train/bonafide/scan/portugal-026_03.jpg,train,4,portugal-070_03,train/attack/digital_1/huawei/portugal-070_03.jpg,internal_test
portugal-026_03,train/bonafide/scan/portugal-026_03.jpg,train,4,portugal-119_03,train/attack/digital_1/huawei/portugal-119_03.jpg,internal_test
portugal-026_03,train/bonafide/scan/portugal-026_03.jpg,train,4,portugal-070_03,train/attack/digital_1/iphone15pro/portugal-070_03.jpg,internal_test
portugal-026_03,train/bonafide/scan/portugal-026_03.jpg,train,4,portugal-070_03,train/attack/digital_1/scan/portugal-070_03.jpg,internal_test
portugal-026_03,train/bonafide/scan/portugal-026_03.jpg,train,4,portugal-119_03,train/attack/digital_1/scan/portugal-119_03.jpg,internal_test
portugal-026_03,train/bonafide/scan/portugal-026_03.jpg,train,4,portugal-119_03,test/attack/digital_3/scan/portugal-119_03.jpg,internal_test
portugal-026_03,train/bonafide/scan/portugal-026_03.jpg,train,4,portugal-119_03,test/attack/digital_3/huawei/portugal-119_03.jpg,internal_test
portugal-029_03,train/bonafide/scan/portugal-029_03.jpg,train,4,portugal-172_03,train/bonafide/scan/portugal-172_03.jpg,dev
portugal-029_03,train/bonafide/scan/portugal-029_03.jpg,train,4,portugal-172_03,train/attack/digital_2/iphone15pro/portugal-172_03.jpg,dev
portugal-029_03,train/bonafide/scan/portugal-029_03.jpg,train,4,portugal-172_03,train/attack/digital_2/scan/portugal-172_03.jpg,dev
portugal-029_03,train/bonafide/scan/portugal-029_03.jpg,train,4,portugal-172_03,train/attack/digital_1/huawei/portugal-172_03.jpg,dev
portugal-029_03,train/bonafide/scan/portugal-029_03.jpg,train,4,portugal-172_03,train/attack/digital_1/iphone15pro/portugal-172_03.jpg,dev
portugal-029_03,train/bonafide/scan/portugal-029_03.jpg,train,4,portugal-172_03,train/attack/digital_1/scan/portugal-172_03.jpg,dev
portugal-029_03,train/bonafide/scan/portugal-029_03.jpg,train,4,portugal-172_03,test/attack/digital_3/scan/portugal-172_03.jpg,dev
portugal-029_03,train/bonafide/scan/portugal-029_03.jpg,train,4,portugal-172_03,test/attack/digital_3/huawei/portugal-172_03.jpg,dev
portugal-029_03,train/bonafide/scan/portugal-029_03.jpg,train,4,portugal-172_03,test/attack/digital_3/iphone15pro/portugal-172_03.jpg,dev
portugal-029_03,train/bonafide/scan/portugal-029_03.jpg,train,2,portugal-119_03,train/bonafide/huawei/portugal-119_03.jpg,internal_test
portugal-029_03,train/bonafide/scan/portugal-029_03.jpg,train,4,portugal-070_03,train/bonafide/iphone15pro/portugal-070_03.jpg,internal_test
portugal-029_03,train/bonafide/scan/portugal-029_03.jpg,train,4,portugal-070_03,train/bonafide/scan/portugal-070_03.jpg,internal_test
portugal-029_03,train/bonafide/scan/portugal-029_03.jpg,train,2,portugal-119_03,train/bonafide/scan/portugal-119_03.jpg,internal_test
portugal-029_03,train/bonafide/scan/portugal-029_03.jpg,train,4,portugal-070_03,train/attack/digital_2/iphone15pro/portugal-070_03.jpg,internal_test
portugal-029_03,train/bonafide/scan/portugal-029_03.jpg,train,4,portugal-119_03,train/attack/digital_2/scan/portugal-119_03.jpg,internal_test
portugal-029_03,train/bonafide/scan/portugal-029_03.jpg,train,4,portugal-070_03,train/attack/digital_2/scan/portugal-070_03.jpg,internal_test
portugal-029_03,train/bonafide/scan/portugal-029_03.jpg,train,4,portugal-119_03,train/attack/digital_2/huawei/portugal-119_03.jpg,internal_test
portugal-029_03,train/bonafide/scan/portugal-029_03.jpg,train,2,portugal-119_03,train/attack/digital_1/huawei/portugal-119_03.jpg,internal_test
portugal-029_03,train/bonafide/scan/portugal-029_03.jpg,train,2,portugal-070_03,train/attack/digital_1/iphone15pro/portugal-070_03.jpg,internal_test
portugal-029_03,train/bonafide/scan/portugal-029_03.jpg,train,2,portugal-070_03,train/attack/digital_1/scan/portugal-070_03.jpg,internal_test
portugal-029_03,train/bonafide/scan/portugal-029_03.jpg,train,4,portugal-119_03,train/attack/digital_1/scan/portugal-119_03.jpg,internal_test
portugal-029_03,train/bonafide/scan/portugal-029_03.jpg,train,2,portugal-070_03,test/attack/digital_3/scan/portugal-070_03.jpg,internal_test
portugal-029_03,train/bonafide/scan/portugal-029_03.jpg,train,2,portugal-070_03,test/attack/digital_3/iphone15pro/portugal-070_03.jpg,internal_test
portugal-029_03,train/bonafide/scan/portugal-029_03.jpg,train,2,portugal-119_03,test/attack/digital_3/scan/portugal-119_03.jpg,internal_test
portugal-029_03,train/bonafide/scan/portugal-029_03.jpg,train,2,portugal-119_03,test/attack/digital_3/huawei/portugal-119_03.jpg,internal_test
portugal-042_03,train/bonafide/scan/portugal-042_03.jpg,train,4,portugal-061_03,train/bonafide/huawei/portugal-061_03.jpg,internal_test
portugal-042_03,train/bonafide/scan/portugal-042_03.jpg,train,2,portugal-061_03,train/bonafide/iphone15pro/portugal-061_03.jpg,internal_test
portugal-042_03,train/bonafide/scan/portugal-042_03.jpg,train,2,portugal-061_03,train/bonafide/scan/portugal-061_03.jpg,internal_test
portugal-042_03,train/bonafide/scan/portugal-042_03.jpg,train,2,portugal-061_03,train/attack/digital_2/iphone15pro/portugal-061_03.jpg,internal_test
portugal-042_03,train/bonafide/scan/portugal-042_03.jpg,train,4,portugal-119_03,train/attack/digital_2/iphone15pro/portugal-119_03.jpg,internal_test
portugal-042_03,train/bonafide/scan/portugal-042_03.jpg,train,2,portugal-061_03,train/attack/digital_2/scan/portugal-061_03.jpg,internal_test
portugal-042_03,train/bonafide/scan/portugal-042_03.jpg,train,4,portugal-061_03,train/attack/digital_2/huawei/portugal-061_03.jpg,internal_test
portugal-042_03,train/bonafide/scan/portugal-042_03.jpg,train,4,portugal-061_03,train/attack/digital_1/huawei/portugal-061_03.jpg,internal_test
portugal-042_03,train/bonafide/scan/portugal-042_03.jpg,train,4,portugal-119_03,train/attack/digital_1/iphone15pro/portugal-119_03.jpg,internal_test
portugal-042_03,train/bonafide/scan/portugal-042_03.jpg,train,2,portugal-061_03,train/attack/digital_1/iphone15pro/portugal-061_03.jpg,internal_test
portugal-042_03,train/bonafide/scan/portugal-042_03.jpg,train,2,portugal-061_03,train/attack/digital_1/scan/portugal-061_03.jpg,internal_test
portugal-042_03,train/bonafide/scan/portugal-042_03.jpg,train,2,portugal-061_03,test/attack/digital_3/scan/portugal-061_03.jpg,internal_test
portugal-042_03,train/bonafide/scan/portugal-042_03.jpg,train,4,portugal-061_03,test/attack/digital_3/huawei/portugal-061_03.jpg,internal_test
portugal-042_03,train/bonafide/scan/portugal-042_03.jpg,train,2,portugal-061_03,test/attack/digital_3/iphone15pro/portugal-061_03.jpg,internal_test
portugal-066_03,train/bonafide/scan/portugal-066_03.jpg,train,4,portugal-172_03,train/bonafide/iphone15pro/portugal-172_03.jpg,dev
portugal-066_03,train/bonafide/scan/portugal-066_03.jpg,train,4,portugal-172_03,train/attack/digital_2/scan/portugal-172_03.jpg,dev
portugal-066_03,train/bonafide/scan/portugal-066_03.jpg,train,4,portugal-070_03,train/bonafide/huawei/portugal-070_03.jpg,internal_test
portugal-066_03,train/bonafide/scan/portugal-066_03.jpg,train,4,portugal-061_03,train/bonafide/scan/portugal-061_03.jpg,internal_test
portugal-066_03,train/bonafide/scan/portugal-066_03.jpg,train,4,portugal-061_03,train/attack/digital_2/scan/portugal-061_03.jpg,internal_test
portugal-066_03,train/bonafide/scan/portugal-066_03.jpg,train,4,portugal-070_03,train/attack/digital_2/huawei/portugal-070_03.jpg,internal_test
portugal-066_03,train/bonafide/scan/portugal-066_03.jpg,train,4,portugal-070_03,train/attack/digital_1/huawei/portugal-070_03.jpg,internal_test
portugal-066_03,train/bonafide/scan/portugal-066_03.jpg,train,4,portugal-061_03,test/attack/digital_3/scan/portugal-061_03.jpg,internal_test
portugal-066_03,train/bonafide/scan/portugal-066_03.jpg,train,2,portugal-070_03,test/attack/digital_3/huawei/portugal-070_03.jpg,internal_test
portugal-105_03,train/bonafide/scan/portugal-105_03.jpg,train,4,portugal-172_03,train/bonafide/iphone15pro/portugal-172_03.jpg,dev
portugal-105_03,train/bonafide/scan/portugal-105_03.jpg,train,4,portugal-172_03,train/attack/digital_2/scan/portugal-172_03.jpg,dev
portugal-105_03,train/bonafide/scan/portugal-105_03.jpg,train,4,portugal-070_03,train/bonafide/huawei/portugal-070_03.jpg,internal_test
portugal-105_03,train/bonafide/scan/portugal-105_03.jpg,train,4,portugal-119_03,train/bonafide/huawei/portugal-119_03.jpg,internal_test
portugal-105_03,train/bonafide/scan/portugal-105_03.jpg,train,4,portugal-070_03,train/bonafide/scan/portugal-070_03.jpg,internal_test
portugal-105_03,train/bonafide/scan/portugal-105_03.jpg,train,4,portugal-119_03,train/bonafide/scan/portugal-119_03.jpg,internal_test
portugal-105_03,train/bonafide/scan/portugal-105_03.jpg,train,4,portugal-119_03,train/attack/digital_2/scan/portugal-119_03.jpg,internal_test
portugal-105_03,train/bonafide/scan/portugal-105_03.jpg,train,4,portugal-070_03,train/attack/digital_2/scan/portugal-070_03.jpg,internal_test
portugal-105_03,train/bonafide/scan/portugal-105_03.jpg,train,4,portugal-119_03,train/attack/digital_2/huawei/portugal-119_03.jpg,internal_test
portugal-105_03,train/bonafide/scan/portugal-105_03.jpg,train,4,portugal-070_03,train/attack/digital_2/huawei/portugal-070_03.jpg,internal_test
portugal-105_03,train/bonafide/scan/portugal-105_03.jpg,train,2,portugal-070_03,train/attack/digital_1/huawei/portugal-070_03.jpg,internal_test
portugal-105_03,train/bonafide/scan/portugal-105_03.jpg,train,4,portugal-119_03,train/attack/digital_1/huawei/portugal-119_03.jpg,internal_test
portugal-105_03,train/bonafide/scan/portugal-105_03.jpg,train,4,portugal-070_03,train/attack/digital_1/iphone15pro/portugal-070_03.jpg,internal_test
portugal-105_03,train/bonafide/scan/portugal-105_03.jpg,train,4,portugal-070_03,train/attack/digital_1/scan/portugal-070_03.jpg,internal_test
portugal-105_03,train/bonafide/scan/portugal-105_03.jpg,train,4,portugal-119_03,train/attack/digital_1/scan/portugal-119_03.jpg,internal_test
portugal-105_03,train/bonafide/scan/portugal-105_03.jpg,train,2,portugal-070_03,test/attack/digital_3/huawei/portugal-070_03.jpg,internal_test
portugal-105_03,train/bonafide/scan/portugal-105_03.jpg,train,4,portugal-119_03,test/attack/digital_3/scan/portugal-119_03.jpg,internal_test
portugal-105_03,train/bonafide/scan/portugal-105_03.jpg,train,4,portugal-119_03,test/attack/digital_3/huawei/portugal-119_03.jpg,internal_test
portugal-125_03,train/bonafide/scan/portugal-125_03.jpg,train,4,portugal-172_03,train/bonafide/huawei/portugal-172_03.jpg,dev
portugal-125_03,train/bonafide/scan/portugal-125_03.jpg,train,4,portugal-172_03,train/bonafide/iphone15pro/portugal-172_03.jpg,dev
portugal-125_03,train/bonafide/scan/portugal-125_03.jpg,train,2,portugal-172_03,train/bonafide/scan/portugal-172_03.jpg,dev
portugal-125_03,train/bonafide/scan/portugal-125_03.jpg,train,2,portugal-172_03,train/attack/digital_2/iphone15pro/portugal-172_03.jpg,dev
portugal-125_03,train/bonafide/scan/portugal-125_03.jpg,train,2,portugal-172_03,train/attack/digital_2/scan/portugal-172_03.jpg,dev
portugal-125_03,train/bonafide/scan/portugal-125_03.jpg,train,4,portugal-172_03,train/attack/digital_2/huawei/portugal-172_03.jpg,dev
portugal-125_03,train/bonafide/scan/portugal-125_03.jpg,train,2,portugal-172_03,train/attack/digital_1/huawei/portugal-172_03.jpg,dev
portugal-125_03,train/bonafide/scan/portugal-125_03.jpg,train,2,portugal-172_03,train/attack/digital_1/iphone15pro/portugal-172_03.jpg,dev
portugal-125_03,train/bonafide/scan/portugal-125_03.jpg,train,2,portugal-172_03,train/attack/digital_1/scan/portugal-172_03.jpg,dev
portugal-125_03,train/bonafide/scan/portugal-125_03.jpg,train,2,portugal-172_03,test/attack/digital_3/scan/portugal-172_03.jpg,dev
portugal-125_03,train/bonafide/scan/portugal-125_03.jpg,train,2,portugal-172_03,test/attack/digital_3/huawei/portugal-172_03.jpg,dev
portugal-125_03,train/bonafide/scan/portugal-125_03.jpg,train,2,portugal-172_03,test/attack/digital_3/iphone15pro/portugal-172_03.jpg,dev
portugal-125_03,train/bonafide/scan/portugal-125_03.jpg,train,4,portugal-119_03,train/bonafide/huawei/portugal-119_03.jpg,internal_test
portugal-125_03,train/bonafide/scan/portugal-125_03.jpg,train,2,portugal-070_03,train/bonafide/iphone15pro/portugal-070_03.jpg,internal_test
portugal-125_03,train/bonafide/scan/portugal-125_03.jpg,train,4,portugal-070_03,train/bonafide/scan/portugal-070_03.jpg,internal_test
portugal-125_03,train/bonafide/scan/portugal-125_03.jpg,train,4,portugal-119_03,train/bonafide/scan/portugal-119_03.jpg,internal_test
portugal-125_03,train/bonafide/scan/portugal-125_03.jpg,train,2,portugal-070_03,train/attack/digital_2/iphone15pro/portugal-070_03.jpg,internal_test
portugal-125_03,train/bonafide/scan/portugal-125_03.jpg,train,4,portugal-119_03,train/attack/digital_2/scan/portugal-119_03.jpg,internal_test
portugal-125_03,train/bonafide/scan/portugal-125_03.jpg,train,4,portugal-070_03,train/attack/digital_2/scan/portugal-070_03.jpg,internal_test
portugal-125_03,train/bonafide/scan/portugal-125_03.jpg,train,4,portugal-119_03,train/attack/digital_1/huawei/portugal-119_03.jpg,internal_test
portugal-125_03,train/bonafide/scan/portugal-125_03.jpg,train,2,portugal-070_03,train/attack/digital_1/iphone15pro/portugal-070_03.jpg,internal_test
portugal-125_03,train/bonafide/scan/portugal-125_03.jpg,train,2,portugal-070_03,train/attack/digital_1/scan/portugal-070_03.jpg,internal_test
portugal-125_03,train/bonafide/scan/portugal-125_03.jpg,train,4,portugal-119_03,train/attack/digital_1/scan/portugal-119_03.jpg,internal_test
portugal-125_03,train/bonafide/scan/portugal-125_03.jpg,train,0,portugal-070_03,test/attack/digital_3/scan/portugal-070_03.jpg,internal_test
portugal-125_03,train/bonafide/scan/portugal-125_03.jpg,train,0,portugal-070_03,test/attack/digital_3/iphone15pro/portugal-070_03.jpg,internal_test
portugal-125_03,train/bonafide/scan/portugal-125_03.jpg,train,4,portugal-119_03,test/attack/digital_3/scan/portugal-119_03.jpg,internal_test
portugal-125_03,train/bonafide/scan/portugal-125_03.jpg,train,4,portugal-119_03,test/attack/digital_3/huawei/portugal-119_03.jpg,internal_test
portugal-143_03,train/bonafide/scan/portugal-143_03.jpg,train,4,portugal-119_03,train/bonafide/huawei/portugal-119_03.jpg,internal_test
portugal-143_03,train/bonafide/scan/portugal-143_03.jpg,train,4,portugal-119_03,train/bonafide/scan/portugal-119_03.jpg,internal_test
portugal-143_03,train/bonafide/scan/portugal-143_03.jpg,train,4,portugal-119_03,train/attack/digital_1/huawei/portugal-119_03.jpg,internal_test
portugal-143_03,train/bonafide/scan/portugal-143_03.jpg,train,4,portugal-070_03,train/attack/digital_1/iphone15pro/portugal-070_03.jpg,internal_test
portugal-143_03,train/bonafide/scan/portugal-143_03.jpg,train,4,portugal-070_03,train/attack/digital_1/scan/portugal-070_03.jpg,internal_test
portugal-143_03,train/bonafide/scan/portugal-143_03.jpg,train,4,portugal-119_03,test/attack/digital_3/scan/portugal-119_03.jpg,internal_test
portugal-143_03,train/bonafide/scan/portugal-143_03.jpg,train,4,portugal-119_03,test/attack/digital_3/huawei/portugal-119_03.jpg,internal_test
portugal-NF-1016,train/bonafide/scan/portugal-NF-1016.jpg,train,4,portugal-NF-1022,test/attack/digital_3/iphone15pro/portugal-NF-1022.jpg,internal_test
portugal-NF-1041,train/bonafide/scan/portugal-NF-1041.jpg,train,4,portugal-NF-1022,train/attack/digital_1/scan/portugal-NF-1022.jpg,internal_test
portugal-NF-1041,train/bonafide/scan/portugal-NF-1041.jpg,train,4,portugal-NF-1022,test/attack/digital_3/scan/portugal-NF-1022.jpg,internal_test
portugal-NF-1086,train/bonafide/scan/portugal-NF-1086.jpg,train,4,portugal-NF-1022,train/bonafide/huawei/portugal-NF-1022.jpg,internal_test
portugal-NF-1086,train/bonafide/scan/portugal-NF-1086.jpg,train,4,portugal-NF-1022,train/bonafide/scan/portugal-NF-1022.jpg,internal_test
portugal-NF-1086,train/bonafide/scan/portugal-NF-1086.jpg,train,4,portugal-NF-1022,train/attack/digital_2/huawei/portugal-NF-1022.jpg,internal_test
portugal-NF-1086,train/bonafide/scan/portugal-NF-1086.jpg,train,4,portugal-NF-1022,train/attack/digital_1/huawei/portugal-NF-1022.jpg,internal_test
portugal-NF-1086,train/bonafide/scan/portugal-NF-1086.jpg,train,4,portugal-NF-1022,train/attack/digital_1/iphone15pro/portugal-NF-1022.jpg,internal_test
portugal-NF-1086,train/bonafide/scan/portugal-NF-1086.jpg,train,4,portugal-NF-1022,train/attack/digital_1/scan/portugal-NF-1022.jpg,internal_test
portugal-NF-1086,train/bonafide/scan/portugal-NF-1086.jpg,train,4,portugal-NF-1022,test/attack/digital_3/scan/portugal-NF-1022.jpg,internal_test
portugal-NF-1086,train/bonafide/scan/portugal-NF-1086.jpg,train,4,portugal-NF-1022,test/attack/digital_3/huawei/portugal-NF-1022.jpg,internal_test
portugal-NF-1105,train/bonafide/scan/portugal-NF-1105.jpg,train,4,portugal-NF-1022,train/bonafide/scan/portugal-NF-1022.jpg,internal_test
portugal-NF-1105,train/bonafide/scan/portugal-NF-1105.jpg,train,4,portugal-NF-1022,train/attack/digital_2/huawei/portugal-NF-1022.jpg,internal_test
portugal-NF-1105,train/bonafide/scan/portugal-NF-1105.jpg,train,4,portugal-NF-1022,train/attack/digital_1/scan/portugal-NF-1022.jpg,internal_test
portugal-NF-1105,train/bonafide/scan/portugal-NF-1105.jpg,train,4,portugal-NF-1022,test/attack/digital_3/scan/portugal-NF-1022.jpg,internal_test
russian-002_03,train/bonafide/scan/russian-002_03.jpg,train,4,russian-132_03,train/attack/digital_2/scan/russian-132_03.jpg,internal_test
russian-062_03,train/bonafide/scan/russian-062_03.jpg,train,4,russian-141_03,train/attack/digital_2/iphone15pro/russian-141_03.jpg,dev
russian-062_03,train/bonafide/scan/russian-062_03.jpg,train,4,russian-141_03,train/attack/digital_1/iphone15pro/russian-141_03.jpg,dev
russian-062_03,train/bonafide/scan/russian-062_03.jpg,train,4,russian-141_03,test/attack/digital_3/iphone15pro/russian-141_03.jpg,dev
russian-123_03,train/bonafide/scan/russian-123_03.jpg,train,4,russian-141_03,train/bonafide/huawei/russian-141_03.jpg,dev
russian-123_03,train/bonafide/scan/russian-123_03.jpg,train,4,russian-141_03,train/attack/digital_2/huawei/russian-141_03.jpg,dev
russian-123_03,train/bonafide/scan/russian-123_03.jpg,train,4,russian-141_03,train/attack/digital_1/huawei/russian-141_03.jpg,dev
russian-NF-1099,train/bonafide/scan/russian-NF-1099.jpg,train,4,russian-NF-1069,train/bonafide/huawei/russian-NF-1069.jpg,internal_test
russian-NF-1099,train/bonafide/scan/russian-NF-1099.jpg,train,4,russian-NF-1069,train/attack/digital_2/huawei/russian-NF-1069.jpg,internal_test
russian-NF-1099,train/bonafide/scan/russian-NF-1099.jpg,train,4,russian-NF-1069,test/attack/digital_3/huawei/russian-NF-1069.jpg,internal_test
turkiye-008_03,train/bonafide/scan/turkiye-008_03.jpg,train,4,turkiye-104_03,train/bonafide/huawei/turkiye-104_03.jpg,dev
turkiye-008_03,train/bonafide/scan/turkiye-008_03.jpg,train,2,turkiye-041_03,train/bonafide/iphone15pro/turkiye-041_03.jpg,dev
turkiye-008_03,train/bonafide/scan/turkiye-008_03.jpg,train,0,turkiye-101_03,train/bonafide/iphone15pro/turkiye-101_03.jpg,dev
turkiye-008_03,train/bonafide/scan/turkiye-008_03.jpg,train,2,turkiye-101_03,train/bonafide/scan/turkiye-101_03.jpg,dev
turkiye-008_03,train/bonafide/scan/turkiye-008_03.jpg,train,2,turkiye-041_03,train/attack/digital_2/iphone15pro/turkiye-041_03.jpg,dev
turkiye-008_03,train/bonafide/scan/turkiye-008_03.jpg,train,4,turkiye-104_03,train/attack/digital_2/iphone15pro/turkiye-104_03.jpg,dev
turkiye-008_03,train/bonafide/scan/turkiye-008_03.jpg,train,0,turkiye-101_03,train/attack/digital_2/iphone15pro/turkiye-101_03.jpg,dev
turkiye-008_03,train/bonafide/scan/turkiye-008_03.jpg,train,4,turkiye-041_03,train/attack/digital_2/scan/turkiye-041_03.jpg,dev
turkiye-008_03,train/bonafide/scan/turkiye-008_03.jpg,train,4,turkiye-101_03,train/attack/digital_2/scan/turkiye-101_03.jpg,dev
turkiye-008_03,train/bonafide/scan/turkiye-008_03.jpg,train,4,turkiye-101_03,train/attack/digital_1/huawei/turkiye-101_03.jpg,dev
turkiye-008_03,train/bonafide/scan/turkiye-008_03.jpg,train,2,turkiye-041_03,train/attack/digital_1/iphone15pro/turkiye-041_03.jpg,dev
turkiye-008_03,train/bonafide/scan/turkiye-008_03.jpg,train,0,turkiye-101_03,train/attack/digital_1/iphone15pro/turkiye-101_03.jpg,dev
turkiye-008_03,train/bonafide/scan/turkiye-008_03.jpg,train,4,turkiye-041_03,train/attack/digital_1/scan/turkiye-041_03.jpg,dev
turkiye-008_03,train/bonafide/scan/turkiye-008_03.jpg,train,2,turkiye-101_03,train/attack/digital_1/scan/turkiye-101_03.jpg,dev
turkiye-008_03,train/bonafide/scan/turkiye-008_03.jpg,train,4,turkiye-104_03,train/attack/digital_1/scan/turkiye-104_03.jpg,dev
turkiye-008_03,train/bonafide/scan/turkiye-008_03.jpg,train,2,turkiye-041_03,test/attack/digital_3/iphone15pro/turkiye-041_03.jpg,dev
turkiye-008_03,train/bonafide/scan/turkiye-008_03.jpg,train,4,turkiye-101_03,test/attack/digital_3/scan/turkiye-101_03.jpg,dev
turkiye-008_03,train/bonafide/scan/turkiye-008_03.jpg,train,4,turkiye-101_03,test/attack/digital_3/huawei/turkiye-101_03.jpg,dev
turkiye-008_03,train/bonafide/scan/turkiye-008_03.jpg,train,0,turkiye-101_03,test/attack/digital_3/iphone15pro/turkiye-101_03.jpg,dev
turkiye-008_03,train/bonafide/scan/turkiye-008_03.jpg,train,2,turkiye-121_03,train/bonafide/huawei/turkiye-121_03.jpg,internal_test
turkiye-008_03,train/bonafide/scan/turkiye-008_03.jpg,train,4,turkiye-031_03,train/bonafide/iphone15pro/turkiye-031_03.jpg,internal_test
turkiye-008_03,train/bonafide/scan/turkiye-008_03.jpg,train,0,turkiye-115_03,train/bonafide/iphone15pro/turkiye-115_03.jpg,internal_test
turkiye-008_03,train/bonafide/scan/turkiye-008_03.jpg,train,4,turkiye-031_03,train/bonafide/scan/turkiye-031_03.jpg,internal_test
turkiye-008_03,train/bonafide/scan/turkiye-008_03.jpg,train,2,turkiye-115_03,train/bonafide/scan/turkiye-115_03.jpg,internal_test
turkiye-008_03,train/bonafide/scan/turkiye-008_03.jpg,train,2,turkiye-115_03,train/attack/digital_2/iphone15pro/turkiye-115_03.jpg,internal_test
turkiye-008_03,train/bonafide/scan/turkiye-008_03.jpg,train,4,turkiye-121_03,train/attack/digital_2/iphone15pro/turkiye-121_03.jpg,internal_test
turkiye-008_03,train/bonafide/scan/turkiye-008_03.jpg,train,4,turkiye-031_03,train/attack/digital_2/iphone15pro/turkiye-031_03.jpg,internal_test
turkiye-008_03,train/bonafide/scan/turkiye-008_03.jpg,train,2,turkiye-115_03,train/attack/digital_2/scan/turkiye-115_03.jpg,internal_test
turkiye-008_03,train/bonafide/scan/turkiye-008_03.jpg,train,4,turkiye-031_03,train/attack/digital_2/scan/turkiye-031_03.jpg,internal_test
turkiye-008_03,train/bonafide/scan/turkiye-008_03.jpg,train,4,turkiye-121_03,train/attack/digital_2/huawei/turkiye-121_03.jpg,internal_test
turkiye-008_03,train/bonafide/scan/turkiye-008_03.jpg,train,4,turkiye-031_03,train/attack/digital_2/huawei/turkiye-031_03.jpg,internal_test
turkiye-008_03,train/bonafide/scan/turkiye-008_03.jpg,train,4,turkiye-031_03,train/attack/digital_1/huawei/turkiye-031_03.jpg,internal_test
turkiye-008_03,train/bonafide/scan/turkiye-008_03.jpg,train,4,turkiye-115_03,train/attack/digital_1/huawei/turkiye-115_03.jpg,internal_test
turkiye-008_03,train/bonafide/scan/turkiye-008_03.jpg,train,2,turkiye-121_03,train/attack/digital_1/huawei/turkiye-121_03.jpg,internal_test
turkiye-008_03,train/bonafide/scan/turkiye-008_03.jpg,train,2,turkiye-115_03,train/attack/digital_1/iphone15pro/turkiye-115_03.jpg,internal_test
turkiye-008_03,train/bonafide/scan/turkiye-008_03.jpg,train,4,turkiye-121_03,train/attack/digital_1/iphone15pro/turkiye-121_03.jpg,internal_test
turkiye-008_03,train/bonafide/scan/turkiye-008_03.jpg,train,2,turkiye-115_03,train/attack/digital_1/scan/turkiye-115_03.jpg,internal_test
turkiye-008_03,train/bonafide/scan/turkiye-008_03.jpg,train,4,turkiye-121_03,train/attack/digital_1/scan/turkiye-121_03.jpg,internal_test
turkiye-008_03,train/bonafide/scan/turkiye-008_03.jpg,train,4,turkiye-031_03,test/attack/digital_3/scan/turkiye-031_03.jpg,internal_test
turkiye-008_03,train/bonafide/scan/turkiye-008_03.jpg,train,4,turkiye-031_03,test/attack/digital_3/iphone15pro/turkiye-031_03.jpg,internal_test
turkiye-008_03,train/bonafide/scan/turkiye-008_03.jpg,train,2,turkiye-115_03,test/attack/digital_3/scan/turkiye-115_03.jpg,internal_test
turkiye-008_03,train/bonafide/scan/turkiye-008_03.jpg,train,2,turkiye-115_03,test/attack/digital_3/iphone15pro/turkiye-115_03.jpg,internal_test
turkiye-008_03,train/bonafide/scan/turkiye-008_03.jpg,train,2,turkiye-121_03,test/attack/digital_3/huawei/turkiye-121_03.jpg,internal_test
turkiye-008_03,train/bonafide/scan/turkiye-008_03.jpg,train,4,turkiye-121_03,test/attack/digital_3/iphone15pro/turkiye-121_03.jpg,internal_test
turkiye-036_03,train/bonafide/scan/turkiye-036_03.jpg,train,4,turkiye-101_03,train/bonafide/huawei/turkiye-101_03.jpg,dev
turkiye-036_03,train/bonafide/scan/turkiye-036_03.jpg,train,4,turkiye-101_03,train/attack/digital_2/scan/turkiye-101_03.jpg,dev
turkiye-036_03,train/bonafide/scan/turkiye-036_03.jpg,train,2,turkiye-101_03,train/attack/digital_2/huawei/turkiye-101_03.jpg,dev
turkiye-036_03,train/bonafide/scan/turkiye-036_03.jpg,train,4,turkiye-101_03,test/attack/digital_3/scan/turkiye-101_03.jpg,dev
turkiye-036_03,train/bonafide/scan/turkiye-036_03.jpg,train,4,turkiye-101_03,test/attack/digital_3/huawei/turkiye-101_03.jpg,dev
turkiye-036_03,train/bonafide/scan/turkiye-036_03.jpg,train,4,turkiye-115_03,train/bonafide/huawei/turkiye-115_03.jpg,internal_test
turkiye-036_03,train/bonafide/scan/turkiye-036_03.jpg,train,4,turkiye-115_03,train/attack/digital_2/huawei/turkiye-115_03.jpg,internal_test
turkiye-036_03,train/bonafide/scan/turkiye-036_03.jpg,train,4,turkiye-115_03,train/attack/digital_1/huawei/turkiye-115_03.jpg,internal_test
turkiye-036_03,train/bonafide/scan/turkiye-036_03.jpg,train,4,turkiye-115_03,test/attack/digital_3/huawei/turkiye-115_03.jpg,internal_test
turkiye-086_03,train/bonafide/scan/turkiye-086_03.jpg,train,4,turkiye-041_03,train/bonafide/huawei/turkiye-041_03.jpg,dev
turkiye-086_03,train/bonafide/scan/turkiye-086_03.jpg,train,4,turkiye-041_03,train/bonafide/iphone15pro/turkiye-041_03.jpg,dev
turkiye-086_03,train/bonafide/scan/turkiye-086_03.jpg,train,4,turkiye-041_03,train/bonafide/scan/turkiye-041_03.jpg,dev
turkiye-086_03,train/bonafide/scan/turkiye-086_03.jpg,train,4,turkiye-041_03,train/attack/digital_2/iphone15pro/turkiye-041_03.jpg,dev
turkiye-086_03,train/bonafide/scan/turkiye-086_03.jpg,train,4,turkiye-041_03,train/attack/digital_2/scan/turkiye-041_03.jpg,dev
turkiye-086_03,train/bonafide/scan/turkiye-086_03.jpg,train,4,turkiye-041_03,train/attack/digital_2/huawei/turkiye-041_03.jpg,dev
turkiye-086_03,train/bonafide/scan/turkiye-086_03.jpg,train,4,turkiye-041_03,train/attack/digital_1/huawei/turkiye-041_03.jpg,dev
turkiye-086_03,train/bonafide/scan/turkiye-086_03.jpg,train,4,turkiye-041_03,train/attack/digital_1/iphone15pro/turkiye-041_03.jpg,dev
turkiye-086_03,train/bonafide/scan/turkiye-086_03.jpg,train,4,turkiye-041_03,train/attack/digital_1/scan/turkiye-041_03.jpg,dev
turkiye-086_03,train/bonafide/scan/turkiye-086_03.jpg,train,4,turkiye-041_03,test/attack/digital_3/scan/turkiye-041_03.jpg,dev
turkiye-086_03,train/bonafide/scan/turkiye-086_03.jpg,train,4,turkiye-041_03,test/attack/digital_3/huawei/turkiye-041_03.jpg,dev
turkiye-086_03,train/bonafide/scan/turkiye-086_03.jpg,train,4,turkiye-041_03,test/attack/digital_3/iphone15pro/turkiye-041_03.jpg,dev
turkiye-086_03,train/bonafide/scan/turkiye-086_03.jpg,train,4,turkiye-031_03,train/bonafide/huawei/turkiye-031_03.jpg,internal_test
turkiye-086_03,train/bonafide/scan/turkiye-086_03.jpg,train,4,turkiye-115_03,train/bonafide/huawei/turkiye-115_03.jpg,internal_test
turkiye-086_03,train/bonafide/scan/turkiye-086_03.jpg,train,4,turkiye-031_03,train/bonafide/iphone15pro/turkiye-031_03.jpg,internal_test
turkiye-086_03,train/bonafide/scan/turkiye-086_03.jpg,train,4,turkiye-121_03,train/bonafide/iphone15pro/turkiye-121_03.jpg,internal_test
turkiye-086_03,train/bonafide/scan/turkiye-086_03.jpg,train,4,turkiye-031_03,train/bonafide/scan/turkiye-031_03.jpg,internal_test
turkiye-086_03,train/bonafide/scan/turkiye-086_03.jpg,train,2,turkiye-121_03,train/bonafide/scan/turkiye-121_03.jpg,internal_test
turkiye-086_03,train/bonafide/scan/turkiye-086_03.jpg,train,2,turkiye-121_03,train/attack/digital_2/iphone15pro/turkiye-121_03.jpg,internal_test
turkiye-086_03,train/bonafide/scan/turkiye-086_03.jpg,train,4,turkiye-031_03,train/attack/digital_2/iphone15pro/turkiye-031_03.jpg,internal_test
turkiye-086_03,train/bonafide/scan/turkiye-086_03.jpg,train,4,turkiye-032_03,train/attack/digital_2/scan/turkiye-032_03.jpg,internal_test
turkiye-086_03,train/bonafide/scan/turkiye-086_03.jpg,train,2,turkiye-121_03,train/attack/digital_2/scan/turkiye-121_03.jpg,internal_test
turkiye-086_03,train/bonafide/scan/turkiye-086_03.jpg,train,4,turkiye-031_03,train/attack/digital_2/scan/turkiye-031_03.jpg,internal_test
turkiye-086_03,train/bonafide/scan/turkiye-086_03.jpg,train,4,turkiye-115_03,train/attack/digital_2/huawei/turkiye-115_03.jpg,internal_test
turkiye-086_03,train/bonafide/scan/turkiye-086_03.jpg,train,2,turkiye-031_03,train/attack/digital_2/huawei/turkiye-031_03.jpg,internal_test
turkiye-086_03,train/bonafide/scan/turkiye-086_03.jpg,train,4,turkiye-031_03,train/attack/digital_1/huawei/turkiye-031_03.jpg,internal_test
turkiye-086_03,train/bonafide/scan/turkiye-086_03.jpg,train,4,turkiye-121_03,train/attack/digital_1/iphone15pro/turkiye-121_03.jpg,internal_test
turkiye-086_03,train/bonafide/scan/turkiye-086_03.jpg,train,4,turkiye-032_03,train/attack/digital_1/scan/turkiye-032_03.jpg,internal_test
turkiye-086_03,train/bonafide/scan/turkiye-086_03.jpg,train,4,turkiye-121_03,train/attack/digital_1/scan/turkiye-121_03.jpg,internal_test
turkiye-086_03,train/bonafide/scan/turkiye-086_03.jpg,train,4,turkiye-031_03,test/attack/digital_3/scan/turkiye-031_03.jpg,internal_test
turkiye-086_03,train/bonafide/scan/turkiye-086_03.jpg,train,4,turkiye-031_03,test/attack/digital_3/huawei/turkiye-031_03.jpg,internal_test
turkiye-086_03,train/bonafide/scan/turkiye-086_03.jpg,train,4,turkiye-031_03,test/attack/digital_3/iphone15pro/turkiye-031_03.jpg,internal_test
turkiye-086_03,train/bonafide/scan/turkiye-086_03.jpg,train,4,turkiye-115_03,test/attack/digital_3/huawei/turkiye-115_03.jpg,internal_test
turkiye-086_03,train/bonafide/scan/turkiye-086_03.jpg,train,2,turkiye-121_03,test/attack/digital_3/scan/turkiye-121_03.jpg,internal_test
turkiye-086_03,train/bonafide/scan/turkiye-086_03.jpg,train,2,turkiye-121_03,test/attack/digital_3/iphone15pro/turkiye-121_03.jpg,internal_test
turkiye-092_03,train/bonafide/scan/turkiye-092_03.jpg,train,4,turkiye-041_03,train/bonafide/iphone15pro/turkiye-041_03.jpg,dev
turkiye-092_03,train/bonafide/scan/turkiye-092_03.jpg,train,4,turkiye-101_03,train/bonafide/iphone15pro/turkiye-101_03.jpg,dev
turkiye-092_03,train/bonafide/scan/turkiye-092_03.jpg,train,4,turkiye-041_03,train/attack/digital_2/iphone15pro/turkiye-041_03.jpg,dev
turkiye-092_03,train/bonafide/scan/turkiye-092_03.jpg,train,4,turkiye-101_03,train/attack/digital_2/iphone15pro/turkiye-101_03.jpg,dev
turkiye-092_03,train/bonafide/scan/turkiye-092_03.jpg,train,4,turkiye-104_03,train/attack/digital_2/scan/turkiye-104_03.jpg,dev
turkiye-092_03,train/bonafide/scan/turkiye-092_03.jpg,train,4,turkiye-041_03,train/attack/digital_1/iphone15pro/turkiye-041_03.jpg,dev
turkiye-092_03,train/bonafide/scan/turkiye-092_03.jpg,train,4,turkiye-101_03,train/attack/digital_1/iphone15pro/turkiye-101_03.jpg,dev
turkiye-092_03,train/bonafide/scan/turkiye-092_03.jpg,train,4,turkiye-104_03,train/attack/digital_1/scan/turkiye-104_03.jpg,dev
turkiye-092_03,train/bonafide/scan/turkiye-092_03.jpg,train,4,turkiye-041_03,test/attack/digital_3/iphone15pro/turkiye-041_03.jpg,dev
turkiye-092_03,train/bonafide/scan/turkiye-092_03.jpg,train,4,turkiye-101_03,test/attack/digital_3/iphone15pro/turkiye-101_03.jpg,dev
turkiye-092_03,train/bonafide/scan/turkiye-092_03.jpg,train,4,turkiye-121_03,train/bonafide/huawei/turkiye-121_03.jpg,internal_test
turkiye-092_03,train/bonafide/scan/turkiye-092_03.jpg,train,4,turkiye-031_03,train/bonafide/iphone15pro/turkiye-031_03.jpg,internal_test
turkiye-092_03,train/bonafide/scan/turkiye-092_03.jpg,train,4,turkiye-115_03,train/bonafide/iphone15pro/turkiye-115_03.jpg,internal_test
turkiye-092_03,train/bonafide/scan/turkiye-092_03.jpg,train,4,turkiye-031_03,train/bonafide/scan/turkiye-031_03.jpg,internal_test
turkiye-092_03,train/bonafide/scan/turkiye-092_03.jpg,train,4,turkiye-031_03,train/attack/digital_2/iphone15pro/turkiye-031_03.jpg,internal_test
turkiye-092_03,train/bonafide/scan/turkiye-092_03.jpg,train,4,turkiye-031_03,train/attack/digital_2/scan/turkiye-031_03.jpg,internal_test
turkiye-092_03,train/bonafide/scan/turkiye-092_03.jpg,train,4,turkiye-121_03,train/attack/digital_1/huawei/turkiye-121_03.jpg,internal_test
turkiye-092_03,train/bonafide/scan/turkiye-092_03.jpg,train,4,turkiye-031_03,test/attack/digital_3/scan/turkiye-031_03.jpg,internal_test
turkiye-092_03,train/bonafide/scan/turkiye-092_03.jpg,train,4,turkiye-031_03,test/attack/digital_3/iphone15pro/turkiye-031_03.jpg,internal_test
turkiye-092_03,train/bonafide/scan/turkiye-092_03.jpg,train,4,turkiye-121_03,test/attack/digital_3/huawei/turkiye-121_03.jpg,internal_test
turkiye-126_03,train/bonafide/scan/turkiye-126_03.jpg,train,4,turkiye-041_03,train/bonafide/iphone15pro/turkiye-041_03.jpg,dev
turkiye-126_03,train/bonafide/scan/turkiye-126_03.jpg,train,4,turkiye-041_03,train/attack/digital_2/iphone15pro/turkiye-041_03.jpg,dev
turkiye-126_03,train/bonafide/scan/turkiye-126_03.jpg,train,4,turkiye-041_03,train/attack/digital_1/iphone15pro/turkiye-041_03.jpg,dev
turkiye-126_03,train/bonafide/scan/turkiye-126_03.jpg,train,4,turkiye-041_03,test/attack/digital_3/iphone15pro/turkiye-041_03.jpg,dev
turkiye-126_03,train/bonafide/scan/turkiye-126_03.jpg,train,4,turkiye-121_03,train/bonafide/huawei/turkiye-121_03.jpg,internal_test
turkiye-126_03,train/bonafide/scan/turkiye-126_03.jpg,train,4,turkiye-115_03,train/attack/digital_2/iphone15pro/turkiye-115_03.jpg,internal_test
turkiye-126_03,train/bonafide/scan/turkiye-126_03.jpg,train,4,turkiye-121_03,train/attack/digital_2/huawei/turkiye-121_03.jpg,internal_test
turkiye-126_03,train/bonafide/scan/turkiye-126_03.jpg,train,4,turkiye-121_03,train/attack/digital_1/huawei/turkiye-121_03.jpg,internal_test
turkiye-126_03,train/bonafide/scan/turkiye-126_03.jpg,train,4,turkiye-031_03,train/attack/digital_1/iphone15pro/turkiye-031_03.jpg,internal_test
turkiye-126_03,train/bonafide/scan/turkiye-126_03.jpg,train,4,turkiye-031_03,train/attack/digital_1/scan/turkiye-031_03.jpg,internal_test
turkiye-126_03,train/bonafide/scan/turkiye-126_03.jpg,train,4,turkiye-115_03,test/attack/digital_3/iphone15pro/turkiye-115_03.jpg,internal_test
turkiye-126_03,train/bonafide/scan/turkiye-126_03.jpg,train,4,turkiye-121_03,test/attack/digital_3/huawei/turkiye-121_03.jpg,internal_test
turkiye-127_03,train/bonafide/scan/turkiye-127_03.jpg,train,4,turkiye-041_03,train/bonafide/huawei/turkiye-041_03.jpg,dev
turkiye-127_03,train/bonafide/scan/turkiye-127_03.jpg,train,4,turkiye-104_03,train/bonafide/huawei/turkiye-104_03.jpg,dev
turkiye-127_03,train/bonafide/scan/turkiye-127_03.jpg,train,2,turkiye-041_03,train/bonafide/iphone15pro/turkiye-041_03.jpg,dev
turkiye-127_03,train/bonafide/scan/turkiye-127_03.jpg,train,2,turkiye-101_03,train/bonafide/iphone15pro/turkiye-101_03.jpg,dev
turkiye-127_03,train/bonafide/scan/turkiye-127_03.jpg,train,4,turkiye-041_03,train/bonafide/scan/turkiye-041_03.jpg,dev
turkiye-127_03,train/bonafide/scan/turkiye-127_03.jpg,train,2,turkiye-101_03,train/bonafide/scan/turkiye-101_03.jpg,dev
turkiye-127_03,train/bonafide/scan/turkiye-127_03.jpg,train,2,turkiye-041_03,train/attack/digital_2/iphone15pro/turkiye-041_03.jpg,dev
turkiye-127_03,train/bonafide/scan/turkiye-127_03.jpg,train,2,turkiye-101_03,train/attack/digital_2/iphone15pro/turkiye-101_03.jpg,dev
turkiye-127_03,train/bonafide/scan/turkiye-127_03.jpg,train,2,turkiye-041_03,train/attack/digital_2/scan/turkiye-041_03.jpg,dev
turkiye-127_03,train/bonafide/scan/turkiye-127_03.jpg,train,4,turkiye-101_03,train/attack/digital_2/scan/turkiye-101_03.jpg,dev
turkiye-127_03,train/bonafide/scan/turkiye-127_03.jpg,train,4,turkiye-041_03,train/attack/digital_2/huawei/turkiye-041_03.jpg,dev
turkiye-127_03,train/bonafide/scan/turkiye-127_03.jpg,train,4,turkiye-041_03,train/attack/digital_1/huawei/turkiye-041_03.jpg,dev
turkiye-127_03,train/bonafide/scan/turkiye-127_03.jpg,train,4,turkiye-101_03,train/attack/digital_1/huawei/turkiye-101_03.jpg,dev
turkiye-127_03,train/bonafide/scan/turkiye-127_03.jpg,train,2,turkiye-041_03,train/attack/digital_1/iphone15pro/turkiye-041_03.jpg,dev
turkiye-127_03,train/bonafide/scan/turkiye-127_03.jpg,train,2,turkiye-101_03,train/attack/digital_1/iphone15pro/turkiye-101_03.jpg,dev
turkiye-127_03,train/bonafide/scan/turkiye-127_03.jpg,train,2,turkiye-041_03,train/attack/digital_1/scan/turkiye-041_03.jpg,dev
turkiye-127_03,train/bonafide/scan/turkiye-127_03.jpg,train,2,turkiye-101_03,train/attack/digital_1/scan/turkiye-101_03.jpg,dev
turkiye-127_03,train/bonafide/scan/turkiye-127_03.jpg,train,4,turkiye-104_03,train/attack/digital_1/scan/turkiye-104_03.jpg,dev
turkiye-127_03,train/bonafide/scan/turkiye-127_03.jpg,train,4,turkiye-041_03,test/attack/digital_3/scan/turkiye-041_03.jpg,dev
turkiye-127_03,train/bonafide/scan/turkiye-127_03.jpg,train,4,turkiye-041_03,test/attack/digital_3/huawei/turkiye-041_03.jpg,dev
turkiye-127_03,train/bonafide/scan/turkiye-127_03.jpg,train,2,turkiye-041_03,test/attack/digital_3/iphone15pro/turkiye-041_03.jpg,dev
turkiye-127_03,train/bonafide/scan/turkiye-127_03.jpg,train,4,turkiye-101_03,test/attack/digital_3/scan/turkiye-101_03.jpg,dev
turkiye-127_03,train/bonafide/scan/turkiye-127_03.jpg,train,4,turkiye-101_03,test/attack/digital_3/huawei/turkiye-101_03.jpg,dev
turkiye-127_03,train/bonafide/scan/turkiye-127_03.jpg,train,2,turkiye-101_03,test/attack/digital_3/iphone15pro/turkiye-101_03.jpg,dev
turkiye-127_03,train/bonafide/scan/turkiye-127_03.jpg,train,4,turkiye-121_03,train/bonafide/huawei/turkiye-121_03.jpg,internal_test
turkiye-127_03,train/bonafide/scan/turkiye-127_03.jpg,train,4,turkiye-031_03,train/bonafide/iphone15pro/turkiye-031_03.jpg,internal_test
turkiye-127_03,train/bonafide/scan/turkiye-127_03.jpg,train,2,turkiye-115_03,train/bonafide/iphone15pro/turkiye-115_03.jpg,internal_test
turkiye-127_03,train/bonafide/scan/turkiye-127_03.jpg,train,4,turkiye-031_03,train/bonafide/scan/turkiye-031_03.jpg,internal_test
turkiye-127_03,train/bonafide/scan/turkiye-127_03.jpg,train,2,turkiye-115_03,train/bonafide/scan/turkiye-115_03.jpg,internal_test
turkiye-127_03,train/bonafide/scan/turkiye-127_03.jpg,train,4,turkiye-115_03,train/attack/digital_2/iphone15pro/turkiye-115_03.jpg,internal_test
turkiye-127_03,train/bonafide/scan/turkiye-127_03.jpg,train,4,turkiye-121_03,train/attack/digital_2/iphone15pro/turkiye-121_03.jpg,internal_test
turkiye-127_03,train/bonafide/scan/turkiye-127_03.jpg,train,4,turkiye-031_03,train/attack/digital_2/iphone15pro/turkiye-031_03.jpg,internal_test
turkiye-127_03,train/bonafide/scan/turkiye-127_03.jpg,train,2,turkiye-115_03,train/attack/digital_2/scan/turkiye-115_03.jpg,internal_test
turkiye-127_03,train/bonafide/scan/turkiye-127_03.jpg,train,4,turkiye-031_03,train/attack/digital_2/scan/turkiye-031_03.jpg,internal_test
turkiye-127_03,train/bonafide/scan/turkiye-127_03.jpg,train,4,turkiye-121_03,train/attack/digital_2/huawei/turkiye-121_03.jpg,internal_test
turkiye-127_03,train/bonafide/scan/turkiye-127_03.jpg,train,4,turkiye-031_03,train/attack/digital_2/huawei/turkiye-031_03.jpg,internal_test
turkiye-127_03,train/bonafide/scan/turkiye-127_03.jpg,train,4,turkiye-031_03,train/attack/digital_1/huawei/turkiye-031_03.jpg,internal_test
turkiye-127_03,train/bonafide/scan/turkiye-127_03.jpg,train,4,turkiye-115_03,train/attack/digital_1/huawei/turkiye-115_03.jpg,internal_test
turkiye-127_03,train/bonafide/scan/turkiye-127_03.jpg,train,4,turkiye-121_03,train/attack/digital_1/huawei/turkiye-121_03.jpg,internal_test
turkiye-127_03,train/bonafide/scan/turkiye-127_03.jpg,train,4,turkiye-031_03,train/attack/digital_1/iphone15pro/turkiye-031_03.jpg,internal_test
turkiye-127_03,train/bonafide/scan/turkiye-127_03.jpg,train,4,turkiye-115_03,train/attack/digital_1/iphone15pro/turkiye-115_03.jpg,internal_test
turkiye-127_03,train/bonafide/scan/turkiye-127_03.jpg,train,4,turkiye-121_03,train/attack/digital_1/iphone15pro/turkiye-121_03.jpg,internal_test
turkiye-127_03,train/bonafide/scan/turkiye-127_03.jpg,train,4,turkiye-031_03,train/attack/digital_1/scan/turkiye-031_03.jpg,internal_test
turkiye-127_03,train/bonafide/scan/turkiye-127_03.jpg,train,4,turkiye-032_03,train/attack/digital_1/scan/turkiye-032_03.jpg,internal_test
turkiye-127_03,train/bonafide/scan/turkiye-127_03.jpg,train,2,turkiye-115_03,train/attack/digital_1/scan/turkiye-115_03.jpg,internal_test
turkiye-127_03,train/bonafide/scan/turkiye-127_03.jpg,train,4,turkiye-121_03,train/attack/digital_1/scan/turkiye-121_03.jpg,internal_test
turkiye-127_03,train/bonafide/scan/turkiye-127_03.jpg,train,4,turkiye-031_03,test/attack/digital_3/scan/turkiye-031_03.jpg,internal_test
turkiye-127_03,train/bonafide/scan/turkiye-127_03.jpg,train,4,turkiye-031_03,test/attack/digital_3/iphone15pro/turkiye-031_03.jpg,internal_test
turkiye-127_03,train/bonafide/scan/turkiye-127_03.jpg,train,2,turkiye-115_03,test/attack/digital_3/scan/turkiye-115_03.jpg,internal_test
turkiye-127_03,train/bonafide/scan/turkiye-127_03.jpg,train,2,turkiye-115_03,test/attack/digital_3/iphone15pro/turkiye-115_03.jpg,internal_test
turkiye-127_03,train/bonafide/scan/turkiye-127_03.jpg,train,4,turkiye-121_03,test/attack/digital_3/huawei/turkiye-121_03.jpg,internal_test
turkiye-127_03,train/bonafide/scan/turkiye-127_03.jpg,train,4,turkiye-121_03,test/attack/digital_3/iphone15pro/turkiye-121_03.jpg,internal_test
turkiye-129_03,train/bonafide/scan/turkiye-129_03.jpg,train,4,turkiye-104_03,train/bonafide/huawei/turkiye-104_03.jpg,dev
turkiye-129_03,train/bonafide/scan/turkiye-129_03.jpg,train,4,turkiye-104_03,train/attack/digital_2/iphone15pro/turkiye-104_03.jpg,dev
turkiye-129_03,train/bonafide/scan/turkiye-129_03.jpg,train,4,turkiye-104_03,train/attack/digital_2/huawei/turkiye-104_03.jpg,dev
turkiye-129_03,train/bonafide/scan/turkiye-129_03.jpg,train,4,turkiye-104_03,train/attack/digital_1/huawei/turkiye-104_03.jpg,dev
turkiye-129_03,train/bonafide/scan/turkiye-129_03.jpg,train,4,turkiye-104_03,test/attack/digital_3/huawei/turkiye-104_03.jpg,dev
turkiye-130_03,train/bonafide/scan/turkiye-130_03.jpg,train,4,turkiye-104_03,train/attack/digital_1/huawei/turkiye-104_03.jpg,dev
turkiye-130_03,train/bonafide/scan/turkiye-130_03.jpg,train,4,turkiye-104_03,test/attack/digital_3/huawei/turkiye-104_03.jpg,dev
turkiye-130_03,train/bonafide/scan/turkiye-130_03.jpg,train,4,turkiye-115_03,train/bonafide/huawei/turkiye-115_03.jpg,internal_test
turkiye-130_03,train/bonafide/scan/turkiye-130_03.jpg,train,4,turkiye-031_03,test/attack/digital_3/huawei/turkiye-031_03.jpg,internal_test
turkiye-130_03,train/bonafide/scan/turkiye-130_03.jpg,train,4,turkiye-115_03,test/attack/digital_3/huawei/turkiye-115_03.jpg,internal_test
turkiye-138_03,train/bonafide/scan/turkiye-138_03.jpg,train,4,turkiye-115_03,train/bonafide/huawei/turkiye-115_03.jpg,internal_test
turkiye-138_03,train/bonafide/scan/turkiye-138_03.jpg,train,4,turkiye-031_03,test/attack/digital_3/huawei/turkiye-031_03.jpg,internal_test
turkiye-138_03,train/bonafide/scan/turkiye-138_03.jpg,train,4,turkiye-115_03,test/attack/digital_3/huawei/turkiye-115_03.jpg,internal_test
ukraine-NF-1005,train/bonafide/scan/ukraine-NF-1005.jpg,train,2,ukraine-NF-1057,train/bonafide/huawei/ukraine-NF-1057.jpg,dev
ukraine-NF-1005,train/bonafide/scan/ukraine-NF-1005.jpg,train,2,ukraine-NF-1057,train/bonafide/iphone15pro/ukraine-NF-1057.jpg,dev
ukraine-NF-1005,train/bonafide/scan/ukraine-NF-1005.jpg,train,2,ukraine-NF-1057,train/bonafide/scan/ukraine-NF-1057.jpg,dev
ukraine-NF-1005,train/bonafide/scan/ukraine-NF-1005.jpg,train,2,ukraine-NF-1057,train/attack/digital_2/iphone15pro/ukraine-NF-1057.jpg,dev
ukraine-NF-1005,train/bonafide/scan/ukraine-NF-1005.jpg,train,0,ukraine-NF-1057,train/attack/digital_2/scan/ukraine-NF-1057.jpg,dev
ukraine-NF-1005,train/bonafide/scan/ukraine-NF-1005.jpg,train,0,ukraine-NF-1057,train/attack/digital_2/huawei/ukraine-NF-1057.jpg,dev
ukraine-NF-1005,train/bonafide/scan/ukraine-NF-1005.jpg,train,2,ukraine-NF-1057,train/attack/digital_1/huawei/ukraine-NF-1057.jpg,dev
ukraine-NF-1005,train/bonafide/scan/ukraine-NF-1005.jpg,train,2,ukraine-NF-1057,train/attack/digital_1/iphone15pro/ukraine-NF-1057.jpg,dev
ukraine-NF-1005,train/bonafide/scan/ukraine-NF-1005.jpg,train,0,ukraine-NF-1057,train/attack/digital_1/scan/ukraine-NF-1057.jpg,dev
ukraine-NF-1005,train/bonafide/scan/ukraine-NF-1005.jpg,train,2,ukraine-NF-1057,test/attack/digital_3/scan/ukraine-NF-1057.jpg,dev
ukraine-NF-1005,train/bonafide/scan/ukraine-NF-1005.jpg,train,2,ukraine-NF-1057,test/attack/digital_3/huawei/ukraine-NF-1057.jpg,dev
ukraine-NF-1005,train/bonafide/scan/ukraine-NF-1005.jpg,train,2,ukraine-NF-1057,test/attack/digital_3/iphone15pro/ukraine-NF-1057.jpg,dev
ukraine-NF-1021,train/bonafide/scan/ukraine-NF-1021.jpg,train,4,ukraine-NF-1057,train/bonafide/huawei/ukraine-NF-1057.jpg,dev
ukraine-NF-1021,train/bonafide/scan/ukraine-NF-1021.jpg,train,4,ukraine-NF-1057,train/bonafide/iphone15pro/ukraine-NF-1057.jpg,dev
ukraine-NF-1021,train/bonafide/scan/ukraine-NF-1021.jpg,train,2,ukraine-NF-1057,train/bonafide/scan/ukraine-NF-1057.jpg,dev
ukraine-NF-1021,train/bonafide/scan/ukraine-NF-1021.jpg,train,4,ukraine-NF-1057,train/attack/digital_2/iphone15pro/ukraine-NF-1057.jpg,dev
ukraine-NF-1021,train/bonafide/scan/ukraine-NF-1021.jpg,train,4,ukraine-NF-1057,train/attack/digital_2/scan/ukraine-NF-1057.jpg,dev
ukraine-NF-1021,train/bonafide/scan/ukraine-NF-1021.jpg,train,4,ukraine-NF-1057,train/attack/digital_2/huawei/ukraine-NF-1057.jpg,dev
ukraine-NF-1021,train/bonafide/scan/ukraine-NF-1021.jpg,train,4,ukraine-NF-1057,train/attack/digital_1/huawei/ukraine-NF-1057.jpg,dev
ukraine-NF-1021,train/bonafide/scan/ukraine-NF-1021.jpg,train,4,ukraine-NF-1057,train/attack/digital_1/iphone15pro/ukraine-NF-1057.jpg,dev
ukraine-NF-1021,train/bonafide/scan/ukraine-NF-1021.jpg,train,4,ukraine-NF-1057,train/attack/digital_1/scan/ukraine-NF-1057.jpg,dev
ukraine-NF-1021,train/bonafide/scan/ukraine-NF-1021.jpg,train,2,ukraine-NF-1057,test/attack/digital_3/scan/ukraine-NF-1057.jpg,dev
ukraine-NF-1021,train/bonafide/scan/ukraine-NF-1021.jpg,train,4,ukraine-NF-1057,test/attack/digital_3/huawei/ukraine-NF-1057.jpg,dev
ukraine-NF-1021,train/bonafide/scan/ukraine-NF-1021.jpg,train,4,ukraine-NF-1057,test/attack/digital_3/iphone15pro/ukraine-NF-1057.jpg,dev
ukraine-NF-1032,train/bonafide/scan/ukraine-NF-1032.jpg,train,4,ukraine-NF-1057,train/bonafide/huawei/ukraine-NF-1057.jpg,dev
ukraine-NF-1032,train/bonafide/scan/ukraine-NF-1032.jpg,train,2,ukraine-NF-1057,train/bonafide/iphone15pro/ukraine-NF-1057.jpg,dev
ukraine-NF-1032,train/bonafide/scan/ukraine-NF-1032.jpg,train,4,ukraine-NF-1057,train/bonafide/scan/ukraine-NF-1057.jpg,dev
ukraine-NF-1032,train/bonafide/scan/ukraine-NF-1032.jpg,train,2,ukraine-NF-1057,train/attack/digital_2/iphone15pro/ukraine-NF-1057.jpg,dev
ukraine-NF-1032,train/bonafide/scan/ukraine-NF-1032.jpg,train,4,ukraine-NF-1057,train/attack/digital_2/scan/ukraine-NF-1057.jpg,dev
ukraine-NF-1032,train/bonafide/scan/ukraine-NF-1032.jpg,train,4,ukraine-NF-1057,train/attack/digital_2/huawei/ukraine-NF-1057.jpg,dev
ukraine-NF-1032,train/bonafide/scan/ukraine-NF-1032.jpg,train,2,ukraine-NF-1057,train/attack/digital_1/huawei/ukraine-NF-1057.jpg,dev
ukraine-NF-1032,train/bonafide/scan/ukraine-NF-1032.jpg,train,2,ukraine-NF-1057,train/attack/digital_1/iphone15pro/ukraine-NF-1057.jpg,dev
ukraine-NF-1032,train/bonafide/scan/ukraine-NF-1032.jpg,train,4,ukraine-NF-1057,train/attack/digital_1/scan/ukraine-NF-1057.jpg,dev
ukraine-NF-1032,train/bonafide/scan/ukraine-NF-1032.jpg,train,4,ukraine-NF-1057,test/attack/digital_3/scan/ukraine-NF-1057.jpg,dev
ukraine-NF-1032,train/bonafide/scan/ukraine-NF-1032.jpg,train,4,ukraine-NF-1057,test/attack/digital_3/huawei/ukraine-NF-1057.jpg,dev
ukraine-NF-1032,train/bonafide/scan/ukraine-NF-1032.jpg,train,2,ukraine-NF-1057,test/attack/digital_3/iphone15pro/ukraine-NF-1057.jpg,dev
ukraine-NF-1073,train/bonafide/scan/ukraine-NF-1073.jpg,train,4,ukraine-NF-1057,train/bonafide/huawei/ukraine-NF-1057.jpg,dev
ukraine-NF-1073,train/bonafide/scan/ukraine-NF-1073.jpg,train,4,ukraine-NF-1057,test/attack/digital_3/huawei/ukraine-NF-1057.jpg,dev
usa-009_03,train/bonafide/scan/usa-009_03.jpg,train,4,usa-117_03,train/bonafide/scan/usa-117_03.jpg,dev
usa-009_03,train/bonafide/scan/usa-009_03.jpg,train,4,usa-134_03,train/bonafide/scan/usa-134_03.jpg,dev
usa-009_03,train/bonafide/scan/usa-009_03.jpg,train,4,usa-134_03,train/attack/digital_2/scan/usa-134_03.jpg,dev
usa-009_03,train/bonafide/scan/usa-009_03.jpg,train,4,usa-134_03,train/attack/digital_1/scan/usa-134_03.jpg,dev
usa-009_03,train/bonafide/scan/usa-009_03.jpg,train,4,usa-117_03,test/attack/digital_3/scan/usa-117_03.jpg,dev
usa-009_03,train/bonafide/scan/usa-009_03.jpg,train,4,usa-134_03,test/attack/digital_3/scan/usa-134_03.jpg,dev
usa-011_03,train/bonafide/scan/usa-011_03.jpg,train,0,usa-134_03,train/bonafide/scan/usa-134_03.jpg,dev
usa-011_03,train/bonafide/scan/usa-011_03.jpg,train,0,usa-134_03,train/attack/digital_2/scan/usa-134_03.jpg,dev
usa-011_03,train/bonafide/scan/usa-011_03.jpg,train,0,usa-134_03,train/attack/digital_1/scan/usa-134_03.jpg,dev
usa-011_03,train/bonafide/scan/usa-011_03.jpg,train,0,usa-134_03,test/attack/digital_3/scan/usa-134_03.jpg,dev
usa-016_03,train/bonafide/scan/usa-016_03.jpg,train,4,usa-NF-1094,train/attack/digital_1/huawei/usa-NF-1094.jpg,internal_test
usa-063_03,train/bonafide/scan/usa-063_03.jpg,train,4,usa-117_03,train/bonafide/scan/usa-117_03.jpg,dev
usa-063_03,train/bonafide/scan/usa-063_03.jpg,train,2,usa-134_03,train/bonafide/scan/usa-134_03.jpg,dev
usa-063_03,train/bonafide/scan/usa-063_03.jpg,train,2,usa-134_03,train/attack/digital_2/scan/usa-134_03.jpg,dev
usa-063_03,train/bonafide/scan/usa-063_03.jpg,train,2,usa-134_03,train/attack/digital_1/scan/usa-134_03.jpg,dev
usa-063_03,train/bonafide/scan/usa-063_03.jpg,train,4,usa-117_03,test/attack/digital_3/scan/usa-117_03.jpg,dev
usa-063_03,train/bonafide/scan/usa-063_03.jpg,train,2,usa-134_03,test/attack/digital_3/scan/usa-134_03.jpg,dev
usa-NF-1004,train/bonafide/scan/usa-NF-1004.jpg,train,4,usa-117_03,train/bonafide/scan/usa-117_03.jpg,dev
usa-NF-1004,train/bonafide/scan/usa-NF-1004.jpg,train,4,usa-NM-1052,train/bonafide/scan/usa-NM-1052.jpg,dev
usa-NF-1004,train/bonafide/scan/usa-NF-1004.jpg,train,4,usa-NM-1052,train/attack/digital_2/scan/usa-NM-1052.jpg,dev
usa-NF-1004,train/bonafide/scan/usa-NF-1004.jpg,train,4,usa-117_03,test/attack/digital_3/scan/usa-117_03.jpg,dev
usa-NF-1004,train/bonafide/scan/usa-NF-1004.jpg,train,4,usa-NM-1052,test/attack/digital_3/scan/usa-NM-1052.jpg,dev
usa-NF-1004,train/bonafide/scan/usa-NF-1004.jpg,train,4,usa-NF-1094,train/attack/digital_1/scan/usa-NF-1094.jpg,internal_test
usa-NF-1093,train/bonafide/scan/usa-NF-1093.jpg,train,4,usa-NF-1094,train/attack/digital_2/scan/usa-NF-1094.jpg,internal_test
usa-NF-1093,train/bonafide/scan/usa-NF-1093.jpg,train,4,usa-NF-1094,test/attack/digital_3/scan/usa-NF-1094.jpg,internal_test
french-135_03,train/attack/digital_2/iphone15pro/french-135_03.jpg,train,4,french-033_03,train/bonafide/iphone15pro/french-033_03.jpg,dev
french-135_03,train/attack/digital_2/iphone15pro/french-135_03.jpg,train,4,french-033_03,train/bonafide/scan/french-033_03.jpg,dev
french-135_03,train/attack/digital_2/iphone15pro/french-135_03.jpg,train,4,french-033_03,train/attack/digital_2/iphone15pro/french-033_03.jpg,dev
french-135_03,train/attack/digital_2/iphone15pro/french-135_03.jpg,train,4,french-033_03,train/attack/digital_2/scan/french-033_03.jpg,dev
french-135_03,train/attack/digital_2/iphone15pro/french-135_03.jpg,train,4,french-033_03,train/attack/digital_1/iphone15pro/french-033_03.jpg,dev
french-135_03,train/attack/digital_2/iphone15pro/french-135_03.jpg,train,4,french-033_03,test/attack/digital_3/scan/french-033_03.jpg,dev
french-135_03,train/attack/digital_2/iphone15pro/french-135_03.jpg,train,4,french-033_03,test/attack/digital_3/iphone15pro/french-033_03.jpg,dev
french-135_03,train/attack/digital_2/iphone15pro/french-135_03.jpg,train,4,french-114_03,test/attack/digital_3/iphone15pro/french-114_03.jpg,dev
french-135_03,train/attack/digital_2/iphone15pro/french-135_03.jpg,train,4,french-019_03,train/bonafide/huawei/french-019_03.jpg,internal_test
french-135_03,train/attack/digital_2/iphone15pro/french-135_03.jpg,train,4,french-068_03,train/bonafide/huawei/french-068_03.jpg,internal_test
french-135_03,train/attack/digital_2/iphone15pro/french-135_03.jpg,train,4,french-019_03,train/bonafide/iphone15pro/french-019_03.jpg,internal_test
french-135_03,train/attack/digital_2/iphone15pro/french-135_03.jpg,train,4,french-022_03,train/bonafide/iphone15pro/french-022_03.jpg,internal_test
french-135_03,train/attack/digital_2/iphone15pro/french-135_03.jpg,train,4,french-068_03,train/bonafide/iphone15pro/french-068_03.jpg,internal_test
french-135_03,train/attack/digital_2/iphone15pro/french-135_03.jpg,train,4,french-019_03,train/attack/digital_2/iphone15pro/french-019_03.jpg,internal_test
french-135_03,train/attack/digital_2/iphone15pro/french-135_03.jpg,train,4,french-068_03,train/attack/digital_2/iphone15pro/french-068_03.jpg,internal_test
french-135_03,train/attack/digital_2/iphone15pro/french-135_03.jpg,train,4,french-022_03,train/attack/digital_2/iphone15pro/french-022_03.jpg,internal_test
french-135_03,train/attack/digital_2/iphone15pro/french-135_03.jpg,train,4,french-068_03,train/attack/digital_2/huawei/french-068_03.jpg,internal_test
french-135_03,train/attack/digital_2/iphone15pro/french-135_03.jpg,train,2,french-019_03,train/attack/digital_1/huawei/french-019_03.jpg,internal_test
french-135_03,train/attack/digital_2/iphone15pro/french-135_03.jpg,train,4,french-068_03,train/attack/digital_1/huawei/french-068_03.jpg,internal_test
french-135_03,train/attack/digital_2/iphone15pro/french-135_03.jpg,train,2,french-019_03,train/attack/digital_1/iphone15pro/french-019_03.jpg,internal_test
french-135_03,train/attack/digital_2/iphone15pro/french-135_03.jpg,train,4,french-022_03,train/attack/digital_1/iphone15pro/french-022_03.jpg,internal_test
french-135_03,train/attack/digital_2/iphone15pro/french-135_03.jpg,train,4,french-068_03,train/attack/digital_1/iphone15pro/french-068_03.jpg,internal_test
french-135_03,train/attack/digital_2/iphone15pro/french-135_03.jpg,train,4,french-019_03,test/attack/digital_3/huawei/french-019_03.jpg,internal_test
french-135_03,train/attack/digital_2/iphone15pro/french-135_03.jpg,train,4,french-019_03,test/attack/digital_3/iphone15pro/french-019_03.jpg,internal_test
french-135_03,train/attack/digital_2/iphone15pro/french-135_03.jpg,train,4,french-022_03,test/attack/digital_3/iphone15pro/french-022_03.jpg,internal_test
french-135_03,train/attack/digital_2/iphone15pro/french-135_03.jpg,train,4,french-068_03,test/attack/digital_3/huawei/french-068_03.jpg,internal_test
french-135_03,train/attack/digital_2/iphone15pro/french-135_03.jpg,train,4,french-068_03,test/attack/digital_3/iphone15pro/french-068_03.jpg,internal_test
french-044_03,train/attack/digital_2/iphone15pro/french-044_03.jpg,train,4,french-033_03,train/bonafide/huawei/french-033_03.jpg,dev
french-044_03,train/attack/digital_2/iphone15pro/french-044_03.jpg,train,2,french-033_03,train/bonafide/iphone15pro/french-033_03.jpg,dev
french-044_03,train/attack/digital_2/iphone15pro/french-044_03.jpg,train,2,french-033_03,train/bonafide/scan/french-033_03.jpg,dev
french-044_03,train/attack/digital_2/iphone15pro/french-044_03.jpg,train,2,french-033_03,train/attack/digital_2/iphone15pro/french-033_03.jpg,dev
french-044_03,train/attack/digital_2/iphone15pro/french-044_03.jpg,train,2,french-033_03,train/attack/digital_2/scan/french-033_03.jpg,dev
french-044_03,train/attack/digital_2/iphone15pro/french-044_03.jpg,train,2,french-033_03,train/attack/digital_1/iphone15pro/french-033_03.jpg,dev
french-044_03,train/attack/digital_2/iphone15pro/french-044_03.jpg,train,4,french-033_03,train/attack/digital_1/scan/french-033_03.jpg,dev
french-044_03,train/attack/digital_2/iphone15pro/french-044_03.jpg,train,2,french-033_03,test/attack/digital_3/scan/french-033_03.jpg,dev
french-044_03,train/attack/digital_2/iphone15pro/french-044_03.jpg,train,4,french-033_03,test/attack/digital_3/huawei/french-033_03.jpg,dev
french-044_03,train/attack/digital_2/iphone15pro/french-044_03.jpg,train,2,french-033_03,test/attack/digital_3/iphone15pro/french-033_03.jpg,dev
french-044_03,train/attack/digital_2/iphone15pro/french-044_03.jpg,train,4,french-114_03,test/attack/digital_3/iphone15pro/french-114_03.jpg,dev
french-044_03,train/attack/digital_2/iphone15pro/french-044_03.jpg,train,4,french-019_03,train/bonafide/huawei/french-019_03.jpg,internal_test
french-044_03,train/attack/digital_2/iphone15pro/french-044_03.jpg,train,4,french-022_03,train/bonafide/huawei/french-022_03.jpg,internal_test
french-044_03,train/attack/digital_2/iphone15pro/french-044_03.jpg,train,4,french-068_03,train/bonafide/huawei/french-068_03.jpg,internal_test
french-044_03,train/attack/digital_2/iphone15pro/french-044_03.jpg,train,2,french-019_03,train/bonafide/iphone15pro/french-019_03.jpg,internal_test
french-044_03,train/attack/digital_2/iphone15pro/french-044_03.jpg,train,2,french-022_03,train/bonafide/iphone15pro/french-022_03.jpg,internal_test
french-044_03,train/attack/digital_2/iphone15pro/french-044_03.jpg,train,4,french-068_03,train/bonafide/iphone15pro/french-068_03.jpg,internal_test
french-044_03,train/attack/digital_2/iphone15pro/french-044_03.jpg,train,4,french-019_03,train/attack/digital_2/iphone15pro/french-019_03.jpg,internal_test
french-044_03,train/attack/digital_2/iphone15pro/french-044_03.jpg,train,4,french-068_03,train/attack/digital_2/iphone15pro/french-068_03.jpg,internal_test
french-044_03,train/attack/digital_2/iphone15pro/french-044_03.jpg,train,2,french-022_03,train/attack/digital_2/iphone15pro/french-022_03.jpg,internal_test
french-044_03,train/attack/digital_2/iphone15pro/french-044_03.jpg,train,4,french-068_03,train/attack/digital_2/huawei/french-068_03.jpg,internal_test
french-044_03,train/attack/digital_2/iphone15pro/french-044_03.jpg,train,4,french-022_03,train/attack/digital_2/huawei/french-022_03.jpg,internal_test
french-044_03,train/attack/digital_2/iphone15pro/french-044_03.jpg,train,2,french-019_03,train/attack/digital_1/huawei/french-019_03.jpg,internal_test
french-044_03,train/attack/digital_2/iphone15pro/french-044_03.jpg,train,4,french-022_03,train/attack/digital_1/huawei/french-022_03.jpg,internal_test
french-044_03,train/attack/digital_2/iphone15pro/french-044_03.jpg,train,4,french-068_03,train/attack/digital_1/huawei/french-068_03.jpg,internal_test
french-044_03,train/attack/digital_2/iphone15pro/french-044_03.jpg,train,2,french-019_03,train/attack/digital_1/iphone15pro/french-019_03.jpg,internal_test
french-044_03,train/attack/digital_2/iphone15pro/french-044_03.jpg,train,2,french-022_03,train/attack/digital_1/iphone15pro/french-022_03.jpg,internal_test
french-044_03,train/attack/digital_2/iphone15pro/french-044_03.jpg,train,4,french-068_03,train/attack/digital_1/iphone15pro/french-068_03.jpg,internal_test
french-044_03,train/attack/digital_2/iphone15pro/french-044_03.jpg,train,4,french-019_03,test/attack/digital_3/huawei/french-019_03.jpg,internal_test
french-044_03,train/attack/digital_2/iphone15pro/french-044_03.jpg,train,2,french-019_03,test/attack/digital_3/iphone15pro/french-019_03.jpg,internal_test
french-044_03,train/attack/digital_2/iphone15pro/french-044_03.jpg,train,4,french-022_03,test/attack/digital_3/huawei/french-022_03.jpg,internal_test
french-044_03,train/attack/digital_2/iphone15pro/french-044_03.jpg,train,2,french-022_03,test/attack/digital_3/iphone15pro/french-022_03.jpg,internal_test
french-044_03,train/attack/digital_2/iphone15pro/french-044_03.jpg,train,4,french-068_03,test/attack/digital_3/huawei/french-068_03.jpg,internal_test
french-044_03,train/attack/digital_2/iphone15pro/french-044_03.jpg,train,4,french-068_03,test/attack/digital_3/iphone15pro/french-068_03.jpg,internal_test
french-091_03,train/attack/digital_2/iphone15pro/french-091_03.jpg,train,4,french-033_03,train/bonafide/iphone15pro/french-033_03.jpg,dev
french-091_03,train/attack/digital_2/iphone15pro/french-091_03.jpg,train,4,french-033_03,train/bonafide/scan/french-033_03.jpg,dev
french-091_03,train/attack/digital_2/iphone15pro/french-091_03.jpg,train,4,french-033_03,train/attack/digital_2/iphone15pro/french-033_03.jpg,dev
french-091_03,train/attack/digital_2/iphone15pro/french-091_03.jpg,train,4,french-033_03,train/attack/digital_2/scan/french-033_03.jpg,dev
french-091_03,train/attack/digital_2/iphone15pro/french-091_03.jpg,train,4,french-033_03,train/attack/digital_1/iphone15pro/french-033_03.jpg,dev
french-091_03,train/attack/digital_2/iphone15pro/french-091_03.jpg,train,4,french-033_03,test/attack/digital_3/scan/french-033_03.jpg,dev
french-091_03,train/attack/digital_2/iphone15pro/french-091_03.jpg,train,4,french-033_03,test/attack/digital_3/iphone15pro/french-033_03.jpg,dev
french-091_03,train/attack/digital_2/iphone15pro/french-091_03.jpg,train,4,french-114_03,test/attack/digital_3/iphone15pro/french-114_03.jpg,dev
french-091_03,train/attack/digital_2/iphone15pro/french-091_03.jpg,train,2,french-019_03,train/bonafide/iphone15pro/french-019_03.jpg,internal_test
french-091_03,train/attack/digital_2/iphone15pro/french-091_03.jpg,train,2,french-022_03,train/bonafide/iphone15pro/french-022_03.jpg,internal_test
french-091_03,train/attack/digital_2/iphone15pro/french-091_03.jpg,train,4,french-068_03,train/bonafide/iphone15pro/french-068_03.jpg,internal_test
french-091_03,train/attack/digital_2/iphone15pro/french-091_03.jpg,train,2,french-019_03,train/attack/digital_2/iphone15pro/french-019_03.jpg,internal_test
french-091_03,train/attack/digital_2/iphone15pro/french-091_03.jpg,train,4,french-068_03,train/attack/digital_2/iphone15pro/french-068_03.jpg,internal_test
french-091_03,train/attack/digital_2/iphone15pro/french-091_03.jpg,train,2,french-022_03,train/attack/digital_2/iphone15pro/french-022_03.jpg,internal_test
french-091_03,train/attack/digital_2/iphone15pro/french-091_03.jpg,train,4,french-019_03,train/attack/digital_1/iphone15pro/french-019_03.jpg,internal_test
french-091_03,train/attack/digital_2/iphone15pro/french-091_03.jpg,train,2,french-022_03,train/attack/digital_1/iphone15pro/french-022_03.jpg,internal_test
french-091_03,train/attack/digital_2/iphone15pro/french-091_03.jpg,train,4,french-068_03,train/attack/digital_1/iphone15pro/french-068_03.jpg,internal_test
french-091_03,train/attack/digital_2/iphone15pro/french-091_03.jpg,train,4,french-128_03,train/attack/digital_1/iphone15pro/french-128_03.jpg,internal_test
french-091_03,train/attack/digital_2/iphone15pro/french-091_03.jpg,train,2,french-019_03,test/attack/digital_3/iphone15pro/french-019_03.jpg,internal_test
french-091_03,train/attack/digital_2/iphone15pro/french-091_03.jpg,train,2,french-022_03,test/attack/digital_3/iphone15pro/french-022_03.jpg,internal_test
indian-021_03,train/attack/digital_2/iphone15pro/indian-021_03.jpg,train,2,indian-038_03,train/bonafide/iphone15pro/indian-038_03.jpg,dev
indian-021_03,train/attack/digital_2/iphone15pro/indian-021_03.jpg,train,2,indian-038_03,train/attack/digital_2/iphone15pro/indian-038_03.jpg,dev
indian-021_03,train/attack/digital_2/iphone15pro/indian-021_03.jpg,train,2,indian-038_03,train/attack/digital_1/iphone15pro/indian-038_03.jpg,dev
indian-021_03,train/attack/digital_2/iphone15pro/indian-021_03.jpg,train,2,indian-038_03,test/attack/digital_3/iphone15pro/indian-038_03.jpg,dev
persian-144_03,train/attack/digital_2/iphone15pro/persian-144_03.jpg,train,4,persian-122_03,train/bonafide/huawei/persian-122_03.jpg,dev
persian-144_03,train/attack/digital_2/iphone15pro/persian-144_03.jpg,train,4,persian-122_03,train/bonafide/iphone15pro/persian-122_03.jpg,dev
persian-144_03,train/attack/digital_2/iphone15pro/persian-144_03.jpg,train,4,persian-122_03,train/attack/digital_2/iphone15pro/persian-122_03.jpg,dev
persian-144_03,train/attack/digital_2/iphone15pro/persian-144_03.jpg,train,4,persian-122_03,train/attack/digital_2/scan/persian-122_03.jpg,dev
persian-144_03,train/attack/digital_2/iphone15pro/persian-144_03.jpg,train,4,persian-122_03,train/attack/digital_2/huawei/persian-122_03.jpg,dev
persian-144_03,train/attack/digital_2/iphone15pro/persian-144_03.jpg,train,4,persian-122_03,train/attack/digital_1/huawei/persian-122_03.jpg,dev
persian-144_03,train/attack/digital_2/iphone15pro/persian-144_03.jpg,train,4,persian-122_03,train/attack/digital_1/iphone15pro/persian-122_03.jpg,dev
persian-144_03,train/attack/digital_2/iphone15pro/persian-144_03.jpg,train,4,persian-122_03,train/attack/digital_1/scan/persian-122_03.jpg,dev
persian-144_03,train/attack/digital_2/iphone15pro/persian-144_03.jpg,train,4,persian-122_03,test/attack/digital_3/huawei/persian-122_03.jpg,dev
persian-144_03,train/attack/digital_2/iphone15pro/persian-144_03.jpg,train,4,persian-122_03,test/attack/digital_3/iphone15pro/persian-122_03.jpg,dev
persian-NF-1001,train/attack/digital_2/iphone15pro/persian-NF-1001.jpg,train,4,persian-NM-1074,train/bonafide/huawei/persian-NM-1074.jpg,internal_test
persian-NF-1001,train/attack/digital_2/iphone15pro/persian-NF-1001.jpg,train,4,persian-NM-1074,train/bonafide/scan/persian-NM-1074.jpg,internal_test
persian-NF-1001,train/attack/digital_2/iphone15pro/persian-NF-1001.jpg,train,4,persian-NM-1074,train/attack/digital_2/scan/persian-NM-1074.jpg,internal_test
persian-NF-1001,train/attack/digital_2/iphone15pro/persian-NF-1001.jpg,train,4,persian-NM-1074,train/attack/digital_1/huawei/persian-NM-1074.jpg,internal_test
persian-NF-1001,train/attack/digital_2/iphone15pro/persian-NF-1001.jpg,train,4,persian-NM-1074,train/attack/digital_1/scan/persian-NM-1074.jpg,internal_test
persian-NF-1001,train/attack/digital_2/iphone15pro/persian-NF-1001.jpg,train,4,persian-NM-1074,test/attack/digital_3/scan/persian-NM-1074.jpg,internal_test
persian-NF-1001,train/attack/digital_2/iphone15pro/persian-NF-1001.jpg,train,4,persian-NM-1074,test/attack/digital_3/huawei/persian-NM-1074.jpg,internal_test
french-124_03,train/attack/digital_2/iphone15pro/french-124_03.jpg,train,4,french-033_03,train/attack/digital_1/scan/french-033_03.jpg,dev
french-124_03,train/attack/digital_2/iphone15pro/french-124_03.jpg,train,4,french-019_03,train/bonafide/iphone15pro/french-019_03.jpg,internal_test
french-124_03,train/attack/digital_2/iphone15pro/french-124_03.jpg,train,4,french-022_03,train/bonafide/iphone15pro/french-022_03.jpg,internal_test
french-124_03,train/attack/digital_2/iphone15pro/french-124_03.jpg,train,4,french-019_03,train/attack/digital_2/iphone15pro/french-019_03.jpg,internal_test
french-124_03,train/attack/digital_2/iphone15pro/french-124_03.jpg,train,4,french-022_03,train/attack/digital_2/iphone15pro/french-022_03.jpg,internal_test
french-124_03,train/attack/digital_2/iphone15pro/french-124_03.jpg,train,4,french-019_03,train/attack/digital_2/scan/french-019_03.jpg,internal_test
french-124_03,train/attack/digital_2/iphone15pro/french-124_03.jpg,train,4,french-022_03,train/attack/digital_1/iphone15pro/french-022_03.jpg,internal_test
french-124_03,train/attack/digital_2/iphone15pro/french-124_03.jpg,train,4,french-019_03,train/attack/digital_1/scan/french-019_03.jpg,internal_test
french-124_03,train/attack/digital_2/iphone15pro/french-124_03.jpg,train,4,french-019_03,test/attack/digital_3/huawei/french-019_03.jpg,internal_test
french-124_03,train/attack/digital_2/iphone15pro/french-124_03.jpg,train,4,french-019_03,test/attack/digital_3/iphone15pro/french-019_03.jpg,internal_test
french-124_03,train/attack/digital_2/iphone15pro/french-124_03.jpg,train,4,french-022_03,test/attack/digital_3/iphone15pro/french-022_03.jpg,internal_test
persian-069_03,train/attack/digital_2/iphone15pro/persian-069_03.jpg,train,4,persian-122_03,train/bonafide/huawei/persian-122_03.jpg,dev
persian-069_03,train/attack/digital_2/iphone15pro/persian-069_03.jpg,train,2,persian-122_03,train/bonafide/iphone15pro/persian-122_03.jpg,dev
persian-069_03,train/attack/digital_2/iphone15pro/persian-069_03.jpg,train,4,persian-122_03,train/bonafide/scan/persian-122_03.jpg,dev
persian-069_03,train/attack/digital_2/iphone15pro/persian-069_03.jpg,train,4,persian-122_03,train/attack/digital_2/iphone15pro/persian-122_03.jpg,dev
persian-069_03,train/attack/digital_2/iphone15pro/persian-069_03.jpg,train,2,persian-122_03,train/attack/digital_2/scan/persian-122_03.jpg,dev
persian-069_03,train/attack/digital_2/iphone15pro/persian-069_03.jpg,train,4,persian-122_03,train/attack/digital_2/huawei/persian-122_03.jpg,dev
persian-069_03,train/attack/digital_2/iphone15pro/persian-069_03.jpg,train,4,persian-122_03,train/attack/digital_1/huawei/persian-122_03.jpg,dev
persian-069_03,train/attack/digital_2/iphone15pro/persian-069_03.jpg,train,4,persian-122_03,train/attack/digital_1/iphone15pro/persian-122_03.jpg,dev
persian-069_03,train/attack/digital_2/iphone15pro/persian-069_03.jpg,train,2,persian-122_03,train/attack/digital_1/scan/persian-122_03.jpg,dev
persian-069_03,train/attack/digital_2/iphone15pro/persian-069_03.jpg,train,4,persian-122_03,test/attack/digital_3/scan/persian-122_03.jpg,dev
persian-069_03,train/attack/digital_2/iphone15pro/persian-069_03.jpg,train,4,persian-122_03,test/attack/digital_3/huawei/persian-122_03.jpg,dev
persian-069_03,train/attack/digital_2/iphone15pro/persian-069_03.jpg,train,4,persian-122_03,test/attack/digital_3/iphone15pro/persian-122_03.jpg,dev
persian-NM-1035,train/attack/digital_2/iphone15pro/persian-NM-1035.jpg,train,4,persian-NM-1010,train/bonafide/iphone15pro/persian-NM-1010.jpg,internal_test
persian-NM-1035,train/attack/digital_2/iphone15pro/persian-NM-1035.jpg,train,4,persian-NM-1010,train/attack/digital_2/iphone15pro/persian-NM-1010.jpg,internal_test
persian-NM-1035,train/attack/digital_2/iphone15pro/persian-NM-1035.jpg,train,4,persian-NM-1010,train/attack/digital_1/iphone15pro/persian-NM-1010.jpg,internal_test
persian-NM-1035,train/attack/digital_2/iphone15pro/persian-NM-1035.jpg,train,4,persian-NM-1010,train/attack/digital_1/scan/persian-NM-1010.jpg,internal_test
persian-010_03,train/attack/digital_2/iphone15pro/persian-010_03.jpg,train,4,persian-122_03,train/bonafide/huawei/persian-122_03.jpg,dev
persian-010_03,train/attack/digital_2/iphone15pro/persian-010_03.jpg,train,2,persian-122_03,train/bonafide/iphone15pro/persian-122_03.jpg,dev
persian-010_03,train/attack/digital_2/iphone15pro/persian-010_03.jpg,train,4,persian-122_03,train/bonafide/scan/persian-122_03.jpg,dev
persian-010_03,train/attack/digital_2/iphone15pro/persian-010_03.jpg,train,2,persian-122_03,train/attack/digital_2/iphone15pro/persian-122_03.jpg,dev
persian-010_03,train/attack/digital_2/iphone15pro/persian-010_03.jpg,train,4,persian-122_03,train/attack/digital_2/scan/persian-122_03.jpg,dev
persian-010_03,train/attack/digital_2/iphone15pro/persian-010_03.jpg,train,4,persian-122_03,train/attack/digital_2/huawei/persian-122_03.jpg,dev
persian-010_03,train/attack/digital_2/iphone15pro/persian-010_03.jpg,train,4,persian-122_03,train/attack/digital_1/huawei/persian-122_03.jpg,dev
persian-010_03,train/attack/digital_2/iphone15pro/persian-010_03.jpg,train,2,persian-122_03,train/attack/digital_1/iphone15pro/persian-122_03.jpg,dev
persian-010_03,train/attack/digital_2/iphone15pro/persian-010_03.jpg,train,4,persian-122_03,train/attack/digital_1/scan/persian-122_03.jpg,dev
persian-010_03,train/attack/digital_2/iphone15pro/persian-010_03.jpg,train,4,persian-122_03,test/attack/digital_3/scan/persian-122_03.jpg,dev
persian-010_03,train/attack/digital_2/iphone15pro/persian-010_03.jpg,train,4,persian-122_03,test/attack/digital_3/huawei/persian-122_03.jpg,dev
persian-010_03,train/attack/digital_2/iphone15pro/persian-010_03.jpg,train,2,persian-122_03,test/attack/digital_3/iphone15pro/persian-122_03.jpg,dev
french-118_03,train/attack/digital_2/iphone15pro/french-118_03.jpg,train,4,french-033_03,train/attack/digital_1/scan/french-033_03.jpg,dev
french-118_03,train/attack/digital_2/iphone15pro/french-118_03.jpg,train,4,french-068_03,train/bonafide/iphone15pro/french-068_03.jpg,internal_test
french-118_03,train/attack/digital_2/iphone15pro/french-118_03.jpg,train,4,french-068_03,train/attack/digital_1/iphone15pro/french-068_03.jpg,internal_test
french-118_03,train/attack/digital_2/iphone15pro/french-118_03.jpg,train,4,french-128_03,test/attack/digital_3/iphone15pro/french-128_03.jpg,internal_test
persian-NF-1108,train/attack/digital_2/iphone15pro/persian-NF-1108.jpg,train,4,persian-NM-1010,test/attack/digital_3/iphone15pro/persian-NM-1010.jpg,internal_test
russian-NF-1099,train/attack/digital_2/iphone15pro/russian-NF-1099.jpg,train,4,russian-NF-1069,train/bonafide/huawei/russian-NF-1069.jpg,internal_test
russian-NF-1099,train/attack/digital_2/iphone15pro/russian-NF-1099.jpg,train,4,russian-NF-1069,train/bonafide/scan/russian-NF-1069.jpg,internal_test
russian-NF-1099,train/attack/digital_2/iphone15pro/russian-NF-1099.jpg,train,4,russian-NF-1069,train/attack/digital_2/iphone15pro/russian-NF-1069.jpg,internal_test
russian-NF-1099,train/attack/digital_2/iphone15pro/russian-NF-1099.jpg,train,4,russian-NF-1069,train/attack/digital_2/scan/russian-NF-1069.jpg,internal_test
russian-NF-1099,train/attack/digital_2/iphone15pro/russian-NF-1099.jpg,train,4,russian-NF-1069,train/attack/digital_2/huawei/russian-NF-1069.jpg,internal_test
russian-NF-1099,train/attack/digital_2/iphone15pro/russian-NF-1099.jpg,train,4,russian-NF-1069,train/attack/digital_1/scan/russian-NF-1069.jpg,internal_test
russian-NF-1099,train/attack/digital_2/iphone15pro/russian-NF-1099.jpg,train,4,russian-NF-1069,test/attack/digital_3/scan/russian-NF-1069.jpg,internal_test
russian-NF-1099,train/attack/digital_2/iphone15pro/russian-NF-1099.jpg,train,4,russian-NF-1069,test/attack/digital_3/huawei/russian-NF-1069.jpg,internal_test
russian-NF-1099,train/attack/digital_2/iphone15pro/russian-NF-1099.jpg,train,4,russian-NF-1069,test/attack/digital_3/iphone15pro/russian-NF-1069.jpg,internal_test
ukraine-006_03,train/attack/digital_2/iphone15pro/ukraine-006_03.jpg,train,4,ukraine-007_03,train/bonafide/iphone15pro/ukraine-007_03.jpg,internal_test
ukraine-006_03,train/attack/digital_2/iphone15pro/ukraine-006_03.jpg,train,4,ukraine-007_03,train/attack/digital_2/iphone15pro/ukraine-007_03.jpg,internal_test
ukraine-006_03,train/attack/digital_2/iphone15pro/ukraine-006_03.jpg,train,4,ukraine-007_03,train/attack/digital_1/iphone15pro/ukraine-007_03.jpg,internal_test
ukraine-030_03,train/attack/digital_2/iphone15pro/ukraine-030_03.jpg,train,4,ukraine-007_03,train/bonafide/iphone15pro/ukraine-007_03.jpg,internal_test
ukraine-030_03,train/attack/digital_2/iphone15pro/ukraine-030_03.jpg,train,4,ukraine-007_03,train/bonafide/scan/ukraine-007_03.jpg,internal_test
ukraine-030_03,train/attack/digital_2/iphone15pro/ukraine-030_03.jpg,train,4,ukraine-007_03,train/attack/digital_2/iphone15pro/ukraine-007_03.jpg,internal_test
ukraine-030_03,train/attack/digital_2/iphone15pro/ukraine-030_03.jpg,train,4,ukraine-007_03,train/attack/digital_1/iphone15pro/ukraine-007_03.jpg,internal_test
ukraine-030_03,train/attack/digital_2/iphone15pro/ukraine-030_03.jpg,train,4,ukraine-007_03,train/attack/digital_1/scan/ukraine-007_03.jpg,internal_test
ukraine-030_03,train/attack/digital_2/iphone15pro/ukraine-030_03.jpg,train,4,ukraine-007_03,test/attack/digital_3/scan/ukraine-007_03.jpg,internal_test
ukraine-030_03,train/attack/digital_2/iphone15pro/ukraine-030_03.jpg,train,2,ukraine-007_03,test/attack/digital_3/iphone15pro/ukraine-007_03.jpg,internal_test
usa-043_03,train/attack/digital_2/iphone15pro/usa-043_03.jpg,train,4,usa-117_03,train/bonafide/iphone15pro/usa-117_03.jpg,dev
usa-043_03,train/attack/digital_2/iphone15pro/usa-043_03.jpg,train,4,usa-117_03,train/attack/digital_2/iphone15pro/usa-117_03.jpg,dev
usa-043_03,train/attack/digital_2/iphone15pro/usa-043_03.jpg,train,4,usa-117_03,train/attack/digital_1/iphone15pro/usa-117_03.jpg,dev
usa-043_03,train/attack/digital_2/iphone15pro/usa-043_03.jpg,train,4,usa-117_03,test/attack/digital_3/iphone15pro/usa-117_03.jpg,dev
usa-043_03,train/attack/digital_2/iphone15pro/usa-043_03.jpg,train,4,usa-NF-1094,train/bonafide/huawei/usa-NF-1094.jpg,internal_test
usa-043_03,train/attack/digital_2/iphone15pro/usa-043_03.jpg,train,4,usa-NF-1094,train/bonafide/iphone15pro/usa-NF-1094.jpg,internal_test
usa-043_03,train/attack/digital_2/iphone15pro/usa-043_03.jpg,train,4,usa-NF-1094,train/attack/digital_2/huawei/usa-NF-1094.jpg,internal_test
usa-043_03,train/attack/digital_2/iphone15pro/usa-043_03.jpg,train,4,usa-NF-1094,train/attack/digital_1/huawei/usa-NF-1094.jpg,internal_test
usa-043_03,train/attack/digital_2/iphone15pro/usa-043_03.jpg,train,4,usa-NF-1094,train/attack/digital_1/scan/usa-NF-1094.jpg,internal_test
usa-043_03,train/attack/digital_2/iphone15pro/usa-043_03.jpg,train,4,usa-NF-1094,test/attack/digital_3/huawei/usa-NF-1094.jpg,internal_test
usa-016_03,train/attack/digital_2/iphone15pro/usa-016_03.jpg,train,4,usa-134_03,train/bonafide/huawei/usa-134_03.jpg,dev
usa-016_03,train/attack/digital_2/iphone15pro/usa-016_03.jpg,train,4,usa-117_03,train/bonafide/iphone15pro/usa-117_03.jpg,dev
usa-016_03,train/attack/digital_2/iphone15pro/usa-016_03.jpg,train,4,usa-134_03,train/bonafide/iphone15pro/usa-134_03.jpg,dev
usa-016_03,train/attack/digital_2/iphone15pro/usa-016_03.jpg,train,4,usa-134_03,train/attack/digital_2/iphone15pro/usa-134_03.jpg,dev
usa-016_03,train/attack/digital_2/iphone15pro/usa-016_03.jpg,train,4,usa-117_03,train/attack/digital_2/iphone15pro/usa-117_03.jpg,dev
usa-016_03,train/attack/digital_2/iphone15pro/usa-016_03.jpg,train,4,usa-134_03,train/attack/digital_2/huawei/usa-134_03.jpg,dev
usa-016_03,train/attack/digital_2/iphone15pro/usa-016_03.jpg,train,4,usa-134_03,train/attack/digital_1/huawei/usa-134_03.jpg,dev
usa-016_03,train/attack/digital_2/iphone15pro/usa-016_03.jpg,train,4,usa-117_03,train/attack/digital_1/iphone15pro/usa-117_03.jpg,dev
usa-016_03,train/attack/digital_2/iphone15pro/usa-016_03.jpg,train,4,usa-134_03,train/attack/digital_1/iphone15pro/usa-134_03.jpg,dev
usa-016_03,train/attack/digital_2/iphone15pro/usa-016_03.jpg,train,4,usa-117_03,test/attack/digital_3/iphone15pro/usa-117_03.jpg,dev
usa-016_03,train/attack/digital_2/iphone15pro/usa-016_03.jpg,train,4,usa-134_03,test/attack/digital_3/huawei/usa-134_03.jpg,dev
usa-016_03,train/attack/digital_2/iphone15pro/usa-016_03.jpg,train,4,usa-134_03,test/attack/digital_3/iphone15pro/usa-134_03.jpg,dev
usa-016_03,train/attack/digital_2/iphone15pro/usa-016_03.jpg,train,4,usa-NF-1094,train/bonafide/huawei/usa-NF-1094.jpg,internal_test
usa-016_03,train/attack/digital_2/iphone15pro/usa-016_03.jpg,train,4,usa-NF-1094,train/bonafide/iphone15pro/usa-NF-1094.jpg,internal_test
usa-016_03,train/attack/digital_2/iphone15pro/usa-016_03.jpg,train,4,usa-NF-1094,train/attack/digital_2/huawei/usa-NF-1094.jpg,internal_test
usa-016_03,train/attack/digital_2/iphone15pro/usa-016_03.jpg,train,4,usa-NF-1094,train/attack/digital_1/huawei/usa-NF-1094.jpg,internal_test
usa-016_03,train/attack/digital_2/iphone15pro/usa-016_03.jpg,train,4,usa-NF-1094,train/attack/digital_1/iphone15pro/usa-NF-1094.jpg,internal_test
usa-016_03,train/attack/digital_2/iphone15pro/usa-016_03.jpg,train,4,usa-NF-1094,test/attack/digital_3/huawei/usa-NF-1094.jpg,internal_test
chinese-113_03,train/attack/digital_2/iphone15pro/chinese-113_03.jpg,train,4,chinese-020_03,train/attack/digital_1/iphone15pro/chinese-020_03.jpg,internal_test
turkiye-130_03,train/attack/digital_2/iphone15pro/turkiye-130_03.jpg,train,4,turkiye-104_03,train/bonafide/iphone15pro/turkiye-104_03.jpg,dev
turkiye-130_03,train/attack/digital_2/iphone15pro/turkiye-130_03.jpg,train,4,turkiye-104_03,train/bonafide/scan/turkiye-104_03.jpg,dev
turkiye-130_03,train/attack/digital_2/iphone15pro/turkiye-130_03.jpg,train,4,turkiye-104_03,train/attack/digital_1/iphone15pro/turkiye-104_03.jpg,dev
turkiye-130_03,train/attack/digital_2/iphone15pro/turkiye-130_03.jpg,train,4,turkiye-104_03,train/attack/digital_1/scan/turkiye-104_03.jpg,dev
turkiye-130_03,train/attack/digital_2/iphone15pro/turkiye-130_03.jpg,train,4,turkiye-104_03,test/attack/digital_3/iphone15pro/turkiye-104_03.jpg,dev
turkiye-130_03,train/attack/digital_2/iphone15pro/turkiye-130_03.jpg,train,4,turkiye-031_03,train/bonafide/iphone15pro/turkiye-031_03.jpg,internal_test
turkiye-130_03,train/attack/digital_2/iphone15pro/turkiye-130_03.jpg,train,4,turkiye-032_03,train/bonafide/iphone15pro/turkiye-032_03.jpg,internal_test
turkiye-130_03,train/attack/digital_2/iphone15pro/turkiye-130_03.jpg,train,4,turkiye-031_03,train/bonafide/scan/turkiye-031_03.jpg,internal_test
turkiye-130_03,train/attack/digital_2/iphone15pro/turkiye-130_03.jpg,train,4,turkiye-032_03,train/attack/digital_2/iphone15pro/turkiye-032_03.jpg,internal_test
turkiye-130_03,train/attack/digital_2/iphone15pro/turkiye-130_03.jpg,train,4,turkiye-031_03,train/attack/digital_2/iphone15pro/turkiye-031_03.jpg,internal_test
turkiye-130_03,train/attack/digital_2/iphone15pro/turkiye-130_03.jpg,train,4,turkiye-031_03,train/attack/digital_2/scan/turkiye-031_03.jpg,internal_test
turkiye-130_03,train/attack/digital_2/iphone15pro/turkiye-130_03.jpg,train,4,turkiye-032_03,train/attack/digital_1/huawei/turkiye-032_03.jpg,internal_test
turkiye-130_03,train/attack/digital_2/iphone15pro/turkiye-130_03.jpg,train,4,turkiye-032_03,train/attack/digital_1/iphone15pro/turkiye-032_03.jpg,internal_test
turkiye-130_03,train/attack/digital_2/iphone15pro/turkiye-130_03.jpg,train,4,turkiye-031_03,test/attack/digital_3/scan/turkiye-031_03.jpg,internal_test
turkiye-130_03,train/attack/digital_2/iphone15pro/turkiye-130_03.jpg,train,4,turkiye-031_03,test/attack/digital_3/iphone15pro/turkiye-031_03.jpg,internal_test
turkiye-130_03,train/attack/digital_2/iphone15pro/turkiye-130_03.jpg,train,4,turkiye-032_03,test/attack/digital_3/huawei/turkiye-032_03.jpg,internal_test
turkiye-130_03,train/attack/digital_2/iphone15pro/turkiye-130_03.jpg,train,4,turkiye-032_03,test/attack/digital_3/iphone15pro/turkiye-032_03.jpg,internal_test
turkiye-008_03,train/attack/digital_2/iphone15pro/turkiye-008_03.jpg,train,2,turkiye-041_03,train/bonafide/iphone15pro/turkiye-041_03.jpg,dev
turkiye-008_03,train/attack/digital_2/iphone15pro/turkiye-008_03.jpg,train,4,turkiye-101_03,train/bonafide/iphone15pro/turkiye-101_03.jpg,dev
turkiye-008_03,train/attack/digital_2/iphone15pro/turkiye-008_03.jpg,train,2,turkiye-041_03,train/attack/digital_2/iphone15pro/turkiye-041_03.jpg,dev
turkiye-008_03,train/attack/digital_2/iphone15pro/turkiye-008_03.jpg,train,4,turkiye-101_03,train/attack/digital_2/iphone15pro/turkiye-101_03.jpg,dev
turkiye-008_03,train/attack/digital_2/iphone15pro/turkiye-008_03.jpg,train,2,turkiye-041_03,train/attack/digital_1/iphone15pro/turkiye-041_03.jpg,dev
turkiye-008_03,train/attack/digital_2/iphone15pro/turkiye-008_03.jpg,train,4,turkiye-101_03,train/attack/digital_1/iphone15pro/turkiye-101_03.jpg,dev
turkiye-008_03,train/attack/digital_2/iphone15pro/turkiye-008_03.jpg,train,2,turkiye-041_03,test/attack/digital_3/iphone15pro/turkiye-041_03.jpg,dev
turkiye-008_03,train/attack/digital_2/iphone15pro/turkiye-008_03.jpg,train,4,turkiye-101_03,test/attack/digital_3/iphone15pro/turkiye-101_03.jpg,dev
turkiye-008_03,train/attack/digital_2/iphone15pro/turkiye-008_03.jpg,train,2,turkiye-121_03,train/bonafide/huawei/turkiye-121_03.jpg,internal_test
turkiye-008_03,train/attack/digital_2/iphone15pro/turkiye-008_03.jpg,train,4,turkiye-115_03,train/bonafide/iphone15pro/turkiye-115_03.jpg,internal_test
turkiye-008_03,train/attack/digital_2/iphone15pro/turkiye-008_03.jpg,train,4,turkiye-115_03,train/bonafide/scan/turkiye-115_03.jpg,internal_test
turkiye-008_03,train/attack/digital_2/iphone15pro/turkiye-008_03.jpg,train,4,turkiye-115_03,train/attack/digital_2/iphone15pro/turkiye-115_03.jpg,internal_test
turkiye-008_03,train/attack/digital_2/iphone15pro/turkiye-008_03.jpg,train,4,turkiye-115_03,train/attack/digital_2/scan/turkiye-115_03.jpg,internal_test
turkiye-008_03,train/attack/digital_2/iphone15pro/turkiye-008_03.jpg,train,2,turkiye-121_03,train/attack/digital_2/huawei/turkiye-121_03.jpg,internal_test
turkiye-008_03,train/attack/digital_2/iphone15pro/turkiye-008_03.jpg,train,2,turkiye-121_03,train/attack/digital_1/huawei/turkiye-121_03.jpg,internal_test
turkiye-008_03,train/attack/digital_2/iphone15pro/turkiye-008_03.jpg,train,4,turkiye-031_03,train/attack/digital_1/iphone15pro/turkiye-031_03.jpg,internal_test
turkiye-008_03,train/attack/digital_2/iphone15pro/turkiye-008_03.jpg,train,4,turkiye-031_03,train/attack/digital_1/scan/turkiye-031_03.jpg,internal_test
turkiye-008_03,train/attack/digital_2/iphone15pro/turkiye-008_03.jpg,train,4,turkiye-032_03,train/attack/digital_1/scan/turkiye-032_03.jpg,internal_test
turkiye-008_03,train/attack/digital_2/iphone15pro/turkiye-008_03.jpg,train,4,turkiye-115_03,train/attack/digital_1/scan/turkiye-115_03.jpg,internal_test
turkiye-008_03,train/attack/digital_2/iphone15pro/turkiye-008_03.jpg,train,4,turkiye-121_03,train/attack/digital_1/scan/turkiye-121_03.jpg,internal_test
turkiye-008_03,train/attack/digital_2/iphone15pro/turkiye-008_03.jpg,train,4,turkiye-115_03,test/attack/digital_3/iphone15pro/turkiye-115_03.jpg,internal_test
turkiye-008_03,train/attack/digital_2/iphone15pro/turkiye-008_03.jpg,train,2,turkiye-121_03,test/attack/digital_3/huawei/turkiye-121_03.jpg,internal_test
turkiye-086_03,train/attack/digital_2/iphone15pro/turkiye-086_03.jpg,train,4,turkiye-041_03,train/bonafide/iphone15pro/turkiye-041_03.jpg,dev
turkiye-086_03,train/attack/digital_2/iphone15pro/turkiye-086_03.jpg,train,4,turkiye-101_03,train/bonafide/iphone15pro/turkiye-101_03.jpg,dev
turkiye-086_03,train/attack/digital_2/iphone15pro/turkiye-086_03.jpg,train,4,turkiye-041_03,train/attack/digital_2/iphone15pro/turkiye-041_03.jpg,dev
turkiye-086_03,train/attack/digital_2/iphone15pro/turkiye-086_03.jpg,train,4,turkiye-104_03,train/attack/digital_2/iphone15pro/turkiye-104_03.jpg,dev
turkiye-086_03,train/attack/digital_2/iphone15pro/turkiye-086_03.jpg,train,4,turkiye-101_03,train/attack/digital_2/iphone15pro/turkiye-101_03.jpg,dev
turkiye-086_03,train/attack/digital_2/iphone15pro/turkiye-086_03.jpg,train,4,turkiye-041_03,train/attack/digital_1/iphone15pro/turkiye-041_03.jpg,dev
turkiye-086_03,train/attack/digital_2/iphone15pro/turkiye-086_03.jpg,train,4,turkiye-101_03,train/attack/digital_1/iphone15pro/turkiye-101_03.jpg,dev
turkiye-086_03,train/attack/digital_2/iphone15pro/turkiye-086_03.jpg,train,4,turkiye-041_03,test/attack/digital_3/iphone15pro/turkiye-041_03.jpg,dev
turkiye-086_03,train/attack/digital_2/iphone15pro/turkiye-086_03.jpg,train,4,turkiye-101_03,test/attack/digital_3/iphone15pro/turkiye-101_03.jpg,dev
turkiye-086_03,train/attack/digital_2/iphone15pro/turkiye-086_03.jpg,train,4,turkiye-032_03,train/bonafide/huawei/turkiye-032_03.jpg,internal_test
turkiye-086_03,train/attack/digital_2/iphone15pro/turkiye-086_03.jpg,train,2,turkiye-121_03,train/bonafide/huawei/turkiye-121_03.jpg,internal_test
turkiye-086_03,train/attack/digital_2/iphone15pro/turkiye-086_03.jpg,train,4,turkiye-031_03,train/bonafide/iphone15pro/turkiye-031_03.jpg,internal_test
turkiye-086_03,train/attack/digital_2/iphone15pro/turkiye-086_03.jpg,train,4,turkiye-032_03,train/bonafide/iphone15pro/turkiye-032_03.jpg,internal_test
turkiye-086_03,train/attack/digital_2/iphone15pro/turkiye-086_03.jpg,train,4,turkiye-115_03,train/bonafide/iphone15pro/turkiye-115_03.jpg,internal_test
turkiye-086_03,train/attack/digital_2/iphone15pro/turkiye-086_03.jpg,train,4,turkiye-121_03,train/bonafide/iphone15pro/turkiye-121_03.jpg,internal_test
turkiye-086_03,train/attack/digital_2/iphone15pro/turkiye-086_03.jpg,train,4,turkiye-031_03,train/bonafide/scan/turkiye-031_03.jpg,internal_test
turkiye-086_03,train/attack/digital_2/iphone15pro/turkiye-086_03.jpg,train,4,turkiye-032_03,train/bonafide/scan/turkiye-032_03.jpg,internal_test
turkiye-086_03,train/attack/digital_2/iphone15pro/turkiye-086_03.jpg,train,4,turkiye-115_03,train/bonafide/scan/turkiye-115_03.jpg,internal_test
turkiye-086_03,train/attack/digital_2/iphone15pro/turkiye-086_03.jpg,train,4,turkiye-121_03,train/bonafide/scan/turkiye-121_03.jpg,internal_test
turkiye-086_03,train/attack/digital_2/iphone15pro/turkiye-086_03.jpg,train,4,turkiye-032_03,train/attack/digital_2/iphone15pro/turkiye-032_03.jpg,internal_test
turkiye-086_03,train/attack/digital_2/iphone15pro/turkiye-086_03.jpg,train,4,turkiye-115_03,train/attack/digital_2/iphone15pro/turkiye-115_03.jpg,internal_test
turkiye-086_03,train/attack/digital_2/iphone15pro/turkiye-086_03.jpg,train,4,turkiye-121_03,train/attack/digital_2/iphone15pro/turkiye-121_03.jpg,internal_test
turkiye-086_03,train/attack/digital_2/iphone15pro/turkiye-086_03.jpg,train,4,turkiye-031_03,train/attack/digital_2/iphone15pro/turkiye-031_03.jpg,internal_test
turkiye-086_03,train/attack/digital_2/iphone15pro/turkiye-086_03.jpg,train,4,turkiye-115_03,train/attack/digital_2/scan/turkiye-115_03.jpg,internal_test
turkiye-086_03,train/attack/digital_2/iphone15pro/turkiye-086_03.jpg,train,4,turkiye-121_03,train/attack/digital_2/scan/turkiye-121_03.jpg,internal_test
turkiye-086_03,train/attack/digital_2/iphone15pro/turkiye-086_03.jpg,train,4,turkiye-031_03,train/attack/digital_2/scan/turkiye-031_03.jpg,internal_test
turkiye-086_03,train/attack/digital_2/iphone15pro/turkiye-086_03.jpg,train,4,turkiye-032_03,train/attack/digital_2/huawei/turkiye-032_03.jpg,internal_test
turkiye-086_03,train/attack/digital_2/iphone15pro/turkiye-086_03.jpg,train,4,turkiye-121_03,train/attack/digital_2/huawei/turkiye-121_03.jpg,internal_test
turkiye-086_03,train/attack/digital_2/iphone15pro/turkiye-086_03.jpg,train,4,turkiye-031_03,train/attack/digital_2/huawei/turkiye-031_03.jpg,internal_test
turkiye-086_03,train/attack/digital_2/iphone15pro/turkiye-086_03.jpg,train,4,turkiye-031_03,train/attack/digital_1/huawei/turkiye-031_03.jpg,internal_test
turkiye-086_03,train/attack/digital_2/iphone15pro/turkiye-086_03.jpg,train,2,turkiye-121_03,train/attack/digital_1/huawei/turkiye-121_03.jpg,internal_test
turkiye-086_03,train/attack/digital_2/iphone15pro/turkiye-086_03.jpg,train,4,turkiye-032_03,train/attack/digital_1/iphone15pro/turkiye-032_03.jpg,internal_test
turkiye-086_03,train/attack/digital_2/iphone15pro/turkiye-086_03.jpg,train,4,turkiye-032_03,train/attack/digital_1/scan/turkiye-032_03.jpg,internal_test
turkiye-086_03,train/attack/digital_2/iphone15pro/turkiye-086_03.jpg,train,4,turkiye-115_03,train/attack/digital_1/scan/turkiye-115_03.jpg,internal_test
turkiye-086_03,train/attack/digital_2/iphone15pro/turkiye-086_03.jpg,train,4,turkiye-121_03,train/attack/digital_1/scan/turkiye-121_03.jpg,internal_test
turkiye-086_03,train/attack/digital_2/iphone15pro/turkiye-086_03.jpg,train,4,turkiye-031_03,test/attack/digital_3/scan/turkiye-031_03.jpg,internal_test
turkiye-086_03,train/attack/digital_2/iphone15pro/turkiye-086_03.jpg,train,4,turkiye-031_03,test/attack/digital_3/iphone15pro/turkiye-031_03.jpg,internal_test
turkiye-086_03,train/attack/digital_2/iphone15pro/turkiye-086_03.jpg,train,4,turkiye-032_03,test/attack/digital_3/scan/turkiye-032_03.jpg,internal_test
turkiye-086_03,train/attack/digital_2/iphone15pro/turkiye-086_03.jpg,train,4,turkiye-032_03,test/attack/digital_3/iphone15pro/turkiye-032_03.jpg,internal_test
turkiye-086_03,train/attack/digital_2/iphone15pro/turkiye-086_03.jpg,train,4,turkiye-121_03,test/attack/digital_3/scan/turkiye-121_03.jpg,internal_test
turkiye-086_03,train/attack/digital_2/iphone15pro/turkiye-086_03.jpg,train,2,turkiye-121_03,test/attack/digital_3/huawei/turkiye-121_03.jpg,internal_test
turkiye-086_03,train/attack/digital_2/iphone15pro/turkiye-086_03.jpg,train,4,turkiye-121_03,test/attack/digital_3/iphone15pro/turkiye-121_03.jpg,internal_test
portugal-NM-1102,train/attack/digital_2/iphone15pro/portugal-NM-1102.jpg,train,4,portugal-NF-1024,train/bonafide/huawei/portugal-NF-1024.jpg,dev
portugal-NM-1102,train/attack/digital_2/iphone15pro/portugal-NM-1102.jpg,train,4,portugal-NF-1024,train/bonafide/iphone15pro/portugal-NF-1024.jpg,dev
portugal-NM-1102,train/attack/digital_2/iphone15pro/portugal-NM-1102.jpg,train,4,portugal-NF-1024,train/bonafide/scan/portugal-NF-1024.jpg,dev
portugal-NM-1102,train/attack/digital_2/iphone15pro/portugal-NM-1102.jpg,train,4,portugal-NF-1024,train/attack/digital_2/huawei/portugal-NF-1024.jpg,dev
portugal-NM-1102,train/attack/digital_2/iphone15pro/portugal-NM-1102.jpg,train,4,portugal-NF-1024,train/attack/digital_1/huawei/portugal-NF-1024.jpg,dev
portugal-NM-1102,train/attack/digital_2/iphone15pro/portugal-NM-1102.jpg,train,4,portugal-NF-1024,test/attack/digital_3/huawei/portugal-NF-1024.jpg,dev
portugal-143_03,train/attack/digital_2/iphone15pro/portugal-143_03.jpg,train,4,portugal-119_03,train/bonafide/huawei/portugal-119_03.jpg,internal_test
portugal-143_03,train/attack/digital_2/iphone15pro/portugal-143_03.jpg,train,4,portugal-119_03,train/bonafide/scan/portugal-119_03.jpg,internal_test
portugal-143_03,train/attack/digital_2/iphone15pro/portugal-143_03.jpg,train,4,portugal-119_03,train/attack/digital_1/huawei/portugal-119_03.jpg,internal_test
portugal-143_03,train/attack/digital_2/iphone15pro/portugal-143_03.jpg,train,4,portugal-119_03,test/attack/digital_3/scan/portugal-119_03.jpg,internal_test
portugal-143_03,train/attack/digital_2/iphone15pro/portugal-143_03.jpg,train,4,portugal-119_03,test/attack/digital_3/huawei/portugal-119_03.jpg,internal_test
portugal-004_03,train/attack/digital_2/iphone15pro/portugal-004_03.jpg,train,4,portugal-172_03,train/bonafide/iphone15pro/portugal-172_03.jpg,dev
portugal-004_03,train/attack/digital_2/iphone15pro/portugal-004_03.jpg,train,4,portugal-172_03,train/bonafide/scan/portugal-172_03.jpg,dev
portugal-004_03,train/attack/digital_2/iphone15pro/portugal-004_03.jpg,train,2,portugal-172_03,train/attack/digital_2/iphone15pro/portugal-172_03.jpg,dev
portugal-004_03,train/attack/digital_2/iphone15pro/portugal-004_03.jpg,train,2,portugal-172_03,train/attack/digital_1/iphone15pro/portugal-172_03.jpg,dev
portugal-004_03,train/attack/digital_2/iphone15pro/portugal-004_03.jpg,train,4,portugal-172_03,train/attack/digital_1/scan/portugal-172_03.jpg,dev
portugal-004_03,train/attack/digital_2/iphone15pro/portugal-004_03.jpg,train,4,portugal-172_03,test/attack/digital_3/scan/portugal-172_03.jpg,dev
portugal-004_03,train/attack/digital_2/iphone15pro/portugal-004_03.jpg,train,2,portugal-172_03,test/attack/digital_3/iphone15pro/portugal-172_03.jpg,dev
portugal-004_03,train/attack/digital_2/iphone15pro/portugal-004_03.jpg,train,2,portugal-119_03,train/bonafide/huawei/portugal-119_03.jpg,internal_test
portugal-004_03,train/attack/digital_2/iphone15pro/portugal-004_03.jpg,train,4,portugal-070_03,train/bonafide/iphone15pro/portugal-070_03.jpg,internal_test
portugal-004_03,train/attack/digital_2/iphone15pro/portugal-004_03.jpg,train,4,portugal-070_03,train/bonafide/scan/portugal-070_03.jpg,internal_test
portugal-004_03,train/attack/digital_2/iphone15pro/portugal-004_03.jpg,train,2,portugal-119_03,train/bonafide/scan/portugal-119_03.jpg,internal_test
portugal-004_03,train/attack/digital_2/iphone15pro/portugal-004_03.jpg,train,4,portugal-119_03,train/attack/digital_2/scan/portugal-119_03.jpg,internal_test
portugal-004_03,train/attack/digital_2/iphone15pro/portugal-004_03.jpg,train,4,portugal-070_03,train/attack/digital_2/scan/portugal-070_03.jpg,internal_test
portugal-004_03,train/attack/digital_2/iphone15pro/portugal-004_03.jpg,train,4,portugal-119_03,train/attack/digital_2/huawei/portugal-119_03.jpg,internal_test
portugal-004_03,train/attack/digital_2/iphone15pro/portugal-004_03.jpg,train,2,portugal-119_03,train/attack/digital_1/huawei/portugal-119_03.jpg,internal_test
portugal-004_03,train/attack/digital_2/iphone15pro/portugal-004_03.jpg,train,2,portugal-070_03,train/attack/digital_1/iphone15pro/portugal-070_03.jpg,internal_test
portugal-004_03,train/attack/digital_2/iphone15pro/portugal-004_03.jpg,train,2,portugal-070_03,train/attack/digital_1/scan/portugal-070_03.jpg,internal_test
portugal-004_03,train/attack/digital_2/iphone15pro/portugal-004_03.jpg,train,4,portugal-119_03,train/attack/digital_1/scan/portugal-119_03.jpg,internal_test
portugal-004_03,train/attack/digital_2/iphone15pro/portugal-004_03.jpg,train,4,portugal-070_03,test/attack/digital_3/scan/portugal-070_03.jpg,internal_test
portugal-004_03,train/attack/digital_2/iphone15pro/portugal-004_03.jpg,train,4,portugal-070_03,test/attack/digital_3/iphone15pro/portugal-070_03.jpg,internal_test
portugal-004_03,train/attack/digital_2/iphone15pro/portugal-004_03.jpg,train,2,portugal-119_03,test/attack/digital_3/scan/portugal-119_03.jpg,internal_test
portugal-004_03,train/attack/digital_2/iphone15pro/portugal-004_03.jpg,train,2,portugal-119_03,test/attack/digital_3/huawei/portugal-119_03.jpg,internal_test
chinese-081_03,train/attack/digital_2/iphone15pro/chinese-081_03.jpg,train,4,chinese-039_03,train/bonafide/iphone15pro/chinese-039_03.jpg,dev
chinese-081_03,train/attack/digital_2/iphone15pro/chinese-081_03.jpg,train,4,chinese-142_03,train/bonafide/iphone15pro/chinese-142_03.jpg,dev
chinese-081_03,train/attack/digital_2/iphone15pro/chinese-081_03.jpg,train,4,chinese-039_03,train/bonafide/scan/chinese-039_03.jpg,dev
chinese-081_03,train/attack/digital_2/iphone15pro/chinese-081_03.jpg,train,4,chinese-142_03,train/attack/digital_2/iphone15pro/chinese-142_03.jpg,dev
chinese-081_03,train/attack/digital_2/iphone15pro/chinese-081_03.jpg,train,4,chinese-142_03,test/attack/digital_3/iphone15pro/chinese-142_03.jpg,dev
chinese-107_03,train/attack/digital_2/iphone15pro/chinese-107_03.jpg,train,4,chinese-039_03,train/bonafide/huawei/chinese-039_03.jpg,dev
chinese-107_03,train/attack/digital_2/iphone15pro/chinese-107_03.jpg,train,4,chinese-039_03,train/bonafide/iphone15pro/chinese-039_03.jpg,dev
chinese-107_03,train/attack/digital_2/iphone15pro/chinese-107_03.jpg,train,4,chinese-039_03,train/bonafide/scan/chinese-039_03.jpg,dev
chinese-107_03,train/attack/digital_2/iphone15pro/chinese-107_03.jpg,train,4,chinese-039_03,test/attack/digital_3/huawei/chinese-039_03.jpg,dev
turkiye-036_03,train/attack/digital_2/iphone15pro/turkiye-036_03.jpg,train,4,turkiye-101_03,train/bonafide/huawei/turkiye-101_03.jpg,dev
turkiye-036_03,train/attack/digital_2/iphone15pro/turkiye-036_03.jpg,train,4,turkiye-104_03,train/bonafide/huawei/turkiye-104_03.jpg,dev
turkiye-036_03,train/attack/digital_2/iphone15pro/turkiye-036_03.jpg,train,4,turkiye-101_03,train/bonafide/iphone15pro/turkiye-101_03.jpg,dev
turkiye-036_03,train/attack/digital_2/iphone15pro/turkiye-036_03.jpg,train,4,turkiye-104_03,train/bonafide/iphone15pro/turkiye-104_03.jpg,dev
turkiye-036_03,train/attack/digital_2/iphone15pro/turkiye-036_03.jpg,train,2,turkiye-101_03,train/bonafide/scan/turkiye-101_03.jpg,dev
turkiye-036_03,train/attack/digital_2/iphone15pro/turkiye-036_03.jpg,train,4,turkiye-104_03,train/attack/digital_2/iphone15pro/turkiye-104_03.jpg,dev
turkiye-036_03,train/attack/digital_2/iphone15pro/turkiye-036_03.jpg,train,4,turkiye-101_03,train/attack/digital_2/iphone15pro/turkiye-101_03.jpg,dev
turkiye-036_03,train/attack/digital_2/iphone15pro/turkiye-036_03.jpg,train,4,turkiye-041_03,train/attack/digital_2/scan/turkiye-041_03.jpg,dev
turkiye-036_03,train/attack/digital_2/iphone15pro/turkiye-036_03.jpg,train,4,turkiye-101_03,train/attack/digital_2/scan/turkiye-101_03.jpg,dev
turkiye-036_03,train/attack/digital_2/iphone15pro/turkiye-036_03.jpg,train,4,turkiye-101_03,train/attack/digital_2/huawei/turkiye-101_03.jpg,dev
turkiye-036_03,train/attack/digital_2/iphone15pro/turkiye-036_03.jpg,train,4,turkiye-101_03,train/attack/digital_1/huawei/turkiye-101_03.jpg,dev
turkiye-036_03,train/attack/digital_2/iphone15pro/turkiye-036_03.jpg,train,4,turkiye-101_03,train/attack/digital_1/iphone15pro/turkiye-101_03.jpg,dev
turkiye-036_03,train/attack/digital_2/iphone15pro/turkiye-036_03.jpg,train,4,turkiye-104_03,train/attack/digital_1/iphone15pro/turkiye-104_03.jpg,dev
turkiye-036_03,train/attack/digital_2/iphone15pro/turkiye-036_03.jpg,train,4,turkiye-041_03,train/attack/digital_1/scan/turkiye-041_03.jpg,dev
turkiye-036_03,train/attack/digital_2/iphone15pro/turkiye-036_03.jpg,train,2,turkiye-101_03,train/attack/digital_1/scan/turkiye-101_03.jpg,dev
turkiye-036_03,train/attack/digital_2/iphone15pro/turkiye-036_03.jpg,train,4,turkiye-104_03,train/attack/digital_1/scan/turkiye-104_03.jpg,dev
turkiye-036_03,train/attack/digital_2/iphone15pro/turkiye-036_03.jpg,train,4,turkiye-101_03,test/attack/digital_3/scan/turkiye-101_03.jpg,dev
turkiye-036_03,train/attack/digital_2/iphone15pro/turkiye-036_03.jpg,train,2,turkiye-101_03,test/attack/digital_3/huawei/turkiye-101_03.jpg,dev
turkiye-036_03,train/attack/digital_2/iphone15pro/turkiye-036_03.jpg,train,4,turkiye-101_03,test/attack/digital_3/iphone15pro/turkiye-101_03.jpg,dev
turkiye-036_03,train/attack/digital_2/iphone15pro/turkiye-036_03.jpg,train,4,turkiye-104_03,test/attack/digital_3/iphone15pro/turkiye-104_03.jpg,dev
turkiye-036_03,train/attack/digital_2/iphone15pro/turkiye-036_03.jpg,train,4,turkiye-115_03,train/bonafide/iphone15pro/turkiye-115_03.jpg,internal_test
turkiye-036_03,train/attack/digital_2/iphone15pro/turkiye-036_03.jpg,train,4,turkiye-115_03,train/bonafide/scan/turkiye-115_03.jpg,internal_test
turkiye-036_03,train/attack/digital_2/iphone15pro/turkiye-036_03.jpg,train,4,turkiye-115_03,train/attack/digital_2/iphone15pro/turkiye-115_03.jpg,internal_test
turkiye-036_03,train/attack/digital_2/iphone15pro/turkiye-036_03.jpg,train,4,turkiye-115_03,train/attack/digital_2/scan/turkiye-115_03.jpg,internal_test
turkiye-036_03,train/attack/digital_2/iphone15pro/turkiye-036_03.jpg,train,4,turkiye-031_03,train/attack/digital_1/huawei/turkiye-031_03.jpg,internal_test
turkiye-036_03,train/attack/digital_2/iphone15pro/turkiye-036_03.jpg,train,2,turkiye-115_03,train/attack/digital_1/huawei/turkiye-115_03.jpg,internal_test
turkiye-036_03,train/attack/digital_2/iphone15pro/turkiye-036_03.jpg,train,2,turkiye-115_03,train/attack/digital_1/iphone15pro/turkiye-115_03.jpg,internal_test
turkiye-036_03,train/attack/digital_2/iphone15pro/turkiye-036_03.jpg,train,4,turkiye-115_03,train/attack/digital_1/scan/turkiye-115_03.jpg,internal_test
turkiye-036_03,train/attack/digital_2/iphone15pro/turkiye-036_03.jpg,train,2,turkiye-115_03,test/attack/digital_3/scan/turkiye-115_03.jpg,internal_test
turkiye-036_03,train/attack/digital_2/iphone15pro/turkiye-036_03.jpg,train,4,turkiye-115_03,test/attack/digital_3/iphone15pro/turkiye-115_03.jpg,internal_test
ukraine-NF-1021,train/attack/digital_2/iphone15pro/ukraine-NF-1021.jpg,train,4,ukraine-NF-1057,train/bonafide/huawei/ukraine-NF-1057.jpg,dev
ukraine-NF-1021,train/attack/digital_2/iphone15pro/ukraine-NF-1021.jpg,train,4,ukraine-NF-1057,train/bonafide/iphone15pro/ukraine-NF-1057.jpg,dev
ukraine-NF-1021,train/attack/digital_2/iphone15pro/ukraine-NF-1021.jpg,train,4,ukraine-NF-1057,train/bonafide/scan/ukraine-NF-1057.jpg,dev
ukraine-NF-1021,train/attack/digital_2/iphone15pro/ukraine-NF-1021.jpg,train,4,ukraine-NF-1057,train/attack/digital_2/iphone15pro/ukraine-NF-1057.jpg,dev
ukraine-NF-1021,train/attack/digital_2/iphone15pro/ukraine-NF-1021.jpg,train,2,ukraine-NF-1057,train/attack/digital_2/scan/ukraine-NF-1057.jpg,dev
ukraine-NF-1021,train/attack/digital_2/iphone15pro/ukraine-NF-1021.jpg,train,2,ukraine-NF-1057,train/attack/digital_2/huawei/ukraine-NF-1057.jpg,dev
ukraine-NF-1021,train/attack/digital_2/iphone15pro/ukraine-NF-1021.jpg,train,4,ukraine-NF-1057,train/attack/digital_1/huawei/ukraine-NF-1057.jpg,dev
ukraine-NF-1021,train/attack/digital_2/iphone15pro/ukraine-NF-1021.jpg,train,4,ukraine-NF-1057,train/attack/digital_1/iphone15pro/ukraine-NF-1057.jpg,dev
ukraine-NF-1021,train/attack/digital_2/iphone15pro/ukraine-NF-1021.jpg,train,2,ukraine-NF-1057,train/attack/digital_1/scan/ukraine-NF-1057.jpg,dev
ukraine-NF-1021,train/attack/digital_2/iphone15pro/ukraine-NF-1021.jpg,train,4,ukraine-NF-1057,test/attack/digital_3/scan/ukraine-NF-1057.jpg,dev
ukraine-NF-1021,train/attack/digital_2/iphone15pro/ukraine-NF-1021.jpg,train,4,ukraine-NF-1057,test/attack/digital_3/huawei/ukraine-NF-1057.jpg,dev
ukraine-NF-1021,train/attack/digital_2/iphone15pro/ukraine-NF-1021.jpg,train,4,ukraine-NF-1057,test/attack/digital_3/iphone15pro/ukraine-NF-1057.jpg,dev
usa-034_03,train/attack/digital_2/iphone15pro/usa-034_03.jpg,train,4,usa-117_03,train/bonafide/iphone15pro/usa-117_03.jpg,dev
usa-034_03,train/attack/digital_2/iphone15pro/usa-034_03.jpg,train,2,usa-134_03,train/bonafide/iphone15pro/usa-134_03.jpg,dev
usa-034_03,train/attack/digital_2/iphone15pro/usa-034_03.jpg,train,2,usa-134_03,train/attack/digital_2/iphone15pro/usa-134_03.jpg,dev
usa-034_03,train/attack/digital_2/iphone15pro/usa-034_03.jpg,train,4,usa-117_03,train/attack/digital_2/iphone15pro/usa-117_03.jpg,dev
usa-034_03,train/attack/digital_2/iphone15pro/usa-034_03.jpg,train,4,usa-117_03,train/attack/digital_1/iphone15pro/usa-117_03.jpg,dev
usa-034_03,train/attack/digital_2/iphone15pro/usa-034_03.jpg,train,4,usa-134_03,train/attack/digital_1/iphone15pro/usa-134_03.jpg,dev
usa-034_03,train/attack/digital_2/iphone15pro/usa-034_03.jpg,train,4,usa-117_03,test/attack/digital_3/iphone15pro/usa-117_03.jpg,dev
usa-034_03,train/attack/digital_2/iphone15pro/usa-034_03.jpg,train,2,usa-134_03,test/attack/digital_3/iphone15pro/usa-134_03.jpg,dev
usa-034_03,train/attack/digital_2/iphone15pro/usa-034_03.jpg,train,4,usa-NF-1094,train/bonafide/iphone15pro/usa-NF-1094.jpg,internal_test
usa-034_03,train/attack/digital_2/iphone15pro/usa-034_03.jpg,train,4,usa-NF-1094,train/attack/digital_1/iphone15pro/usa-NF-1094.jpg,internal_test
arabic-NM-1029,train/attack/digital_2/iphone15pro/arabic-NM-1029.jpg,train,4,arabic-NM-1064,train/attack/digital_1/huawei/arabic-NM-1064.jpg,dev
ukraine-NF-1032,train/attack/digital_2/iphone15pro/ukraine-NF-1032.jpg,train,4,ukraine-NF-1057,train/bonafide/iphone15pro/ukraine-NF-1057.jpg,dev
ukraine-NF-1032,train/attack/digital_2/iphone15pro/ukraine-NF-1032.jpg,train,4,ukraine-NF-1057,train/attack/digital_2/iphone15pro/ukraine-NF-1057.jpg,dev
ukraine-NF-1032,train/attack/digital_2/iphone15pro/ukraine-NF-1032.jpg,train,4,ukraine-NF-1057,train/attack/digital_1/huawei/ukraine-NF-1057.jpg,dev
ukraine-NF-1032,train/attack/digital_2/iphone15pro/ukraine-NF-1032.jpg,train,4,ukraine-NF-1057,train/attack/digital_1/iphone15pro/ukraine-NF-1057.jpg,dev
ukraine-NF-1032,train/attack/digital_2/iphone15pro/ukraine-NF-1032.jpg,train,4,ukraine-NF-1057,test/attack/digital_3/iphone15pro/ukraine-NF-1057.jpg,dev
portugal-017_03,train/attack/digital_2/iphone15pro/portugal-017_03.jpg,train,2,portugal-172_03,train/bonafide/iphone15pro/portugal-172_03.jpg,dev
portugal-017_03,train/attack/digital_2/iphone15pro/portugal-017_03.jpg,train,2,portugal-172_03,train/bonafide/scan/portugal-172_03.jpg,dev
portugal-017_03,train/attack/digital_2/iphone15pro/portugal-017_03.jpg,train,2,portugal-172_03,train/attack/digital_2/iphone15pro/portugal-172_03.jpg,dev
portugal-017_03,train/attack/digital_2/iphone15pro/portugal-017_03.jpg,train,4,portugal-172_03,train/attack/digital_2/scan/portugal-172_03.jpg,dev
portugal-017_03,train/attack/digital_2/iphone15pro/portugal-017_03.jpg,train,2,portugal-172_03,train/attack/digital_1/iphone15pro/portugal-172_03.jpg,dev
portugal-017_03,train/attack/digital_2/iphone15pro/portugal-017_03.jpg,train,2,portugal-172_03,train/attack/digital_1/scan/portugal-172_03.jpg,dev
portugal-017_03,train/attack/digital_2/iphone15pro/portugal-017_03.jpg,train,4,portugal-172_03,test/attack/digital_3/scan/portugal-172_03.jpg,dev
portugal-017_03,train/attack/digital_2/iphone15pro/portugal-017_03.jpg,train,2,portugal-172_03,test/attack/digital_3/iphone15pro/portugal-172_03.jpg,dev
portugal-017_03,train/attack/digital_2/iphone15pro/portugal-017_03.jpg,train,4,portugal-119_03,train/bonafide/huawei/portugal-119_03.jpg,internal_test
portugal-017_03,train/attack/digital_2/iphone15pro/portugal-017_03.jpg,train,4,portugal-070_03,train/bonafide/iphone15pro/portugal-070_03.jpg,internal_test
portugal-017_03,train/attack/digital_2/iphone15pro/portugal-017_03.jpg,train,2,portugal-070_03,train/bonafide/scan/portugal-070_03.jpg,internal_test
portugal-017_03,train/attack/digital_2/iphone15pro/portugal-017_03.jpg,train,4,portugal-119_03,train/bonafide/scan/portugal-119_03.jpg,internal_test
portugal-017_03,train/attack/digital_2/iphone15pro/portugal-017_03.jpg,train,4,portugal-070_03,train/attack/digital_2/iphone15pro/portugal-070_03.jpg,internal_test
portugal-017_03,train/attack/digital_2/iphone15pro/portugal-017_03.jpg,train,2,portugal-119_03,train/attack/digital_2/scan/portugal-119_03.jpg,internal_test
portugal-017_03,train/attack/digital_2/iphone15pro/portugal-017_03.jpg,train,2,portugal-070_03,train/attack/digital_2/scan/portugal-070_03.jpg,internal_test
portugal-017_03,train/attack/digital_2/iphone15pro/portugal-017_03.jpg,train,4,portugal-119_03,train/attack/digital_2/huawei/portugal-119_03.jpg,internal_test
portugal-017_03,train/attack/digital_2/iphone15pro/portugal-017_03.jpg,train,4,portugal-119_03,train/attack/digital_1/huawei/portugal-119_03.jpg,internal_test
portugal-017_03,train/attack/digital_2/iphone15pro/portugal-017_03.jpg,train,2,portugal-070_03,train/attack/digital_1/iphone15pro/portugal-070_03.jpg,internal_test
portugal-017_03,train/attack/digital_2/iphone15pro/portugal-017_03.jpg,train,4,portugal-119_03,train/attack/digital_1/iphone15pro/portugal-119_03.jpg,internal_test
portugal-017_03,train/attack/digital_2/iphone15pro/portugal-017_03.jpg,train,2,portugal-070_03,train/attack/digital_1/scan/portugal-070_03.jpg,internal_test
portugal-017_03,train/attack/digital_2/iphone15pro/portugal-017_03.jpg,train,2,portugal-119_03,train/attack/digital_1/scan/portugal-119_03.jpg,internal_test
portugal-017_03,train/attack/digital_2/iphone15pro/portugal-017_03.jpg,train,4,portugal-070_03,test/attack/digital_3/scan/portugal-070_03.jpg,internal_test
portugal-017_03,train/attack/digital_2/iphone15pro/portugal-017_03.jpg,train,4,portugal-070_03,test/attack/digital_3/huawei/portugal-070_03.jpg,internal_test
portugal-017_03,train/attack/digital_2/iphone15pro/portugal-017_03.jpg,train,4,portugal-070_03,test/attack/digital_3/iphone15pro/portugal-070_03.jpg,internal_test
portugal-017_03,train/attack/digital_2/iphone15pro/portugal-017_03.jpg,train,4,portugal-119_03,test/attack/digital_3/scan/portugal-119_03.jpg,internal_test
portugal-017_03,train/attack/digital_2/iphone15pro/portugal-017_03.jpg,train,4,portugal-119_03,test/attack/digital_3/huawei/portugal-119_03.jpg,internal_test
portugal-066_03,train/attack/digital_2/iphone15pro/portugal-066_03.jpg,train,4,portugal-070_03,test/attack/digital_3/huawei/portugal-070_03.jpg,internal_test
portugal-NF-1026,train/attack/digital_2/iphone15pro/portugal-NF-1026.jpg,train,4,portugal-NF-1022,train/attack/digital_1/scan/portugal-NF-1022.jpg,internal_test
portugal-NF-1026,train/attack/digital_2/iphone15pro/portugal-NF-1026.jpg,train,4,portugal-NF-1022,test/attack/digital_3/scan/portugal-NF-1022.jpg,internal_test
portugal-NF-1026,train/attack/digital_2/iphone15pro/portugal-NF-1026.jpg,train,4,portugal-NF-1022,test/attack/digital_3/iphone15pro/portugal-NF-1022.jpg,internal_test
portugal-105_03,train/attack/digital_2/iphone15pro/portugal-105_03.jpg,train,4,portugal-172_03,train/bonafide/iphone15pro/portugal-172_03.jpg,dev
portugal-105_03,train/attack/digital_2/iphone15pro/portugal-105_03.jpg,train,4,portugal-172_03,train/bonafide/scan/portugal-172_03.jpg,dev
portugal-105_03,train/attack/digital_2/iphone15pro/portugal-105_03.jpg,train,4,portugal-172_03,train/attack/digital_2/iphone15pro/portugal-172_03.jpg,dev
portugal-105_03,train/attack/digital_2/iphone15pro/portugal-105_03.jpg,train,4,portugal-172_03,train/attack/digital_1/iphone15pro/portugal-172_03.jpg,dev
portugal-105_03,train/attack/digital_2/iphone15pro/portugal-105_03.jpg,train,4,portugal-172_03,train/attack/digital_1/scan/portugal-172_03.jpg,dev
portugal-105_03,train/attack/digital_2/iphone15pro/portugal-105_03.jpg,train,4,portugal-172_03,test/attack/digital_3/iphone15pro/portugal-172_03.jpg,dev
portugal-105_03,train/attack/digital_2/iphone15pro/portugal-105_03.jpg,train,4,portugal-119_03,train/bonafide/huawei/portugal-119_03.jpg,internal_test
portugal-105_03,train/attack/digital_2/iphone15pro/portugal-105_03.jpg,train,4,portugal-070_03,train/bonafide/scan/portugal-070_03.jpg,internal_test
portugal-105_03,train/attack/digital_2/iphone15pro/portugal-105_03.jpg,train,4,portugal-119_03,train/bonafide/scan/portugal-119_03.jpg,internal_test
portugal-105_03,train/attack/digital_2/iphone15pro/portugal-105_03.jpg,train,4,portugal-119_03,train/attack/digital_2/scan/portugal-119_03.jpg,internal_test
portugal-105_03,train/attack/digital_2/iphone15pro/portugal-105_03.jpg,train,4,portugal-070_03,train/attack/digital_2/scan/portugal-070_03.jpg,internal_test
portugal-105_03,train/attack/digital_2/iphone15pro/portugal-105_03.jpg,train,4,portugal-119_03,train/attack/digital_2/huawei/portugal-119_03.jpg,internal_test
portugal-105_03,train/attack/digital_2/iphone15pro/portugal-105_03.jpg,train,4,portugal-070_03,train/attack/digital_1/huawei/portugal-070_03.jpg,internal_test
portugal-105_03,train/attack/digital_2/iphone15pro/portugal-105_03.jpg,train,4,portugal-119_03,train/attack/digital_1/huawei/portugal-119_03.jpg,internal_test
portugal-105_03,train/attack/digital_2/iphone15pro/portugal-105_03.jpg,train,4,portugal-070_03,train/attack/digital_1/iphone15pro/portugal-070_03.jpg,internal_test
portugal-105_03,train/attack/digital_2/iphone15pro/portugal-105_03.jpg,train,4,portugal-070_03,train/attack/digital_1/scan/portugal-070_03.jpg,internal_test
portugal-105_03,train/attack/digital_2/iphone15pro/portugal-105_03.jpg,train,4,portugal-119_03,train/attack/digital_1/scan/portugal-119_03.jpg,internal_test
portugal-105_03,train/attack/digital_2/iphone15pro/portugal-105_03.jpg,train,4,portugal-070_03,test/attack/digital_3/huawei/portugal-070_03.jpg,internal_test
portugal-105_03,train/attack/digital_2/iphone15pro/portugal-105_03.jpg,train,4,portugal-119_03,test/attack/digital_3/scan/portugal-119_03.jpg,internal_test
portugal-105_03,train/attack/digital_2/iphone15pro/portugal-105_03.jpg,train,4,portugal-119_03,test/attack/digital_3/huawei/portugal-119_03.jpg,internal_test
portugal-042_03,train/attack/digital_2/iphone15pro/portugal-042_03.jpg,train,4,portugal-061_03,train/bonafide/huawei/portugal-061_03.jpg,internal_test
portugal-042_03,train/attack/digital_2/iphone15pro/portugal-042_03.jpg,train,2,portugal-061_03,train/bonafide/iphone15pro/portugal-061_03.jpg,internal_test
portugal-042_03,train/attack/digital_2/iphone15pro/portugal-042_03.jpg,train,0,portugal-061_03,train/bonafide/scan/portugal-061_03.jpg,internal_test
portugal-042_03,train/attack/digital_2/iphone15pro/portugal-042_03.jpg,train,2,portugal-061_03,train/attack/digital_2/iphone15pro/portugal-061_03.jpg,internal_test
portugal-042_03,train/attack/digital_2/iphone15pro/portugal-042_03.jpg,train,4,portugal-119_03,train/attack/digital_2/iphone15pro/portugal-119_03.jpg,internal_test
portugal-042_03,train/attack/digital_2/iphone15pro/portugal-042_03.jpg,train,0,portugal-061_03,train/attack/digital_2/scan/portugal-061_03.jpg,internal_test
portugal-042_03,train/attack/digital_2/iphone15pro/portugal-042_03.jpg,train,4,portugal-061_03,train/attack/digital_2/huawei/portugal-061_03.jpg,internal_test
portugal-042_03,train/attack/digital_2/iphone15pro/portugal-042_03.jpg,train,4,portugal-061_03,train/attack/digital_1/huawei/portugal-061_03.jpg,internal_test
portugal-042_03,train/attack/digital_2/iphone15pro/portugal-042_03.jpg,train,4,portugal-119_03,train/attack/digital_1/iphone15pro/portugal-119_03.jpg,internal_test
portugal-042_03,train/attack/digital_2/iphone15pro/portugal-042_03.jpg,train,2,portugal-061_03,train/attack/digital_1/iphone15pro/portugal-061_03.jpg,internal_test
portugal-042_03,train/attack/digital_2/iphone15pro/portugal-042_03.jpg,train,2,portugal-061_03,train/attack/digital_1/scan/portugal-061_03.jpg,internal_test
portugal-042_03,train/attack/digital_2/iphone15pro/portugal-042_03.jpg,train,0,portugal-061_03,test/attack/digital_3/scan/portugal-061_03.jpg,internal_test
portugal-042_03,train/attack/digital_2/iphone15pro/portugal-042_03.jpg,train,4,portugal-061_03,test/attack/digital_3/huawei/portugal-061_03.jpg,internal_test
portugal-042_03,train/attack/digital_2/iphone15pro/portugal-042_03.jpg,train,2,portugal-061_03,test/attack/digital_3/iphone15pro/portugal-061_03.jpg,internal_test
ukraine-NF-1005,train/attack/digital_2/iphone15pro/ukraine-NF-1005.jpg,train,4,ukraine-NF-1057,train/bonafide/huawei/ukraine-NF-1057.jpg,dev
ukraine-NF-1005,train/attack/digital_2/iphone15pro/ukraine-NF-1005.jpg,train,2,ukraine-NF-1057,train/bonafide/iphone15pro/ukraine-NF-1057.jpg,dev
ukraine-NF-1005,train/attack/digital_2/iphone15pro/ukraine-NF-1005.jpg,train,4,ukraine-NF-1057,train/bonafide/scan/ukraine-NF-1057.jpg,dev
ukraine-NF-1005,train/attack/digital_2/iphone15pro/ukraine-NF-1005.jpg,train,2,ukraine-NF-1057,train/attack/digital_2/iphone15pro/ukraine-NF-1057.jpg,dev
ukraine-NF-1005,train/attack/digital_2/iphone15pro/ukraine-NF-1005.jpg,train,2,ukraine-NF-1057,train/attack/digital_2/scan/ukraine-NF-1057.jpg,dev
ukraine-NF-1005,train/attack/digital_2/iphone15pro/ukraine-NF-1005.jpg,train,4,ukraine-NF-1084,train/attack/digital_2/scan/ukraine-NF-1084.jpg,dev
ukraine-NF-1005,train/attack/digital_2/iphone15pro/ukraine-NF-1005.jpg,train,2,ukraine-NF-1057,train/attack/digital_2/huawei/ukraine-NF-1057.jpg,dev
ukraine-NF-1005,train/attack/digital_2/iphone15pro/ukraine-NF-1005.jpg,train,2,ukraine-NF-1057,train/attack/digital_1/huawei/ukraine-NF-1057.jpg,dev
ukraine-NF-1005,train/attack/digital_2/iphone15pro/ukraine-NF-1005.jpg,train,2,ukraine-NF-1057,train/attack/digital_1/iphone15pro/ukraine-NF-1057.jpg,dev
ukraine-NF-1005,train/attack/digital_2/iphone15pro/ukraine-NF-1005.jpg,train,2,ukraine-NF-1057,train/attack/digital_1/scan/ukraine-NF-1057.jpg,dev
ukraine-NF-1005,train/attack/digital_2/iphone15pro/ukraine-NF-1005.jpg,train,4,ukraine-NF-1084,train/attack/digital_1/scan/ukraine-NF-1084.jpg,dev
ukraine-NF-1005,train/attack/digital_2/iphone15pro/ukraine-NF-1005.jpg,train,4,ukraine-NF-1057,test/attack/digital_3/scan/ukraine-NF-1057.jpg,dev
ukraine-NF-1005,train/attack/digital_2/iphone15pro/ukraine-NF-1005.jpg,train,4,ukraine-NF-1057,test/attack/digital_3/huawei/ukraine-NF-1057.jpg,dev
ukraine-NF-1005,train/attack/digital_2/iphone15pro/ukraine-NF-1005.jpg,train,2,ukraine-NF-1057,test/attack/digital_3/iphone15pro/ukraine-NF-1057.jpg,dev
usa-NF-1093,train/attack/digital_2/iphone15pro/usa-NF-1093.jpg,train,4,usa-NF-1094,train/attack/digital_2/scan/usa-NF-1094.jpg,internal_test
usa-NF-1093,train/attack/digital_2/iphone15pro/usa-NF-1093.jpg,train,4,usa-NF-1094,test/attack/digital_3/scan/usa-NF-1094.jpg,internal_test
turkiye-083_03,train/attack/digital_2/iphone15pro/turkiye-083_03.jpg,train,4,turkiye-032_03,test/attack/digital_3/huawei/turkiye-032_03.jpg,internal_test
arabic-003_03,train/attack/digital_2/iphone15pro/arabic-003_03.jpg,train,4,arabic-005_03,train/bonafide/huawei/arabic-005_03.jpg,dev
arabic-003_03,train/attack/digital_2/iphone15pro/arabic-003_03.jpg,train,4,arabic-005_03,train/attack/digital_2/iphone15pro/arabic-005_03.jpg,dev
arabic-003_03,train/attack/digital_2/iphone15pro/arabic-003_03.jpg,train,4,arabic-005_03,test/attack/digital_3/huawei/arabic-005_03.jpg,dev
portugal-125_03,train/attack/digital_2/iphone15pro/portugal-125_03.jpg,train,4,portugal-172_03,train/bonafide/huawei/portugal-172_03.jpg,dev
portugal-125_03,train/attack/digital_2/iphone15pro/portugal-125_03.jpg,train,4,portugal-172_03,train/bonafide/iphone15pro/portugal-172_03.jpg,dev
portugal-125_03,train/attack/digital_2/iphone15pro/portugal-125_03.jpg,train,2,portugal-172_03,train/bonafide/scan/portugal-172_03.jpg,dev
portugal-125_03,train/attack/digital_2/iphone15pro/portugal-125_03.jpg,train,2,portugal-172_03,train/attack/digital_2/iphone15pro/portugal-172_03.jpg,dev
portugal-125_03,train/attack/digital_2/iphone15pro/portugal-125_03.jpg,train,2,portugal-172_03,train/attack/digital_2/scan/portugal-172_03.jpg,dev
portugal-125_03,train/attack/digital_2/iphone15pro/portugal-125_03.jpg,train,4,portugal-172_03,train/attack/digital_2/huawei/portugal-172_03.jpg,dev
portugal-125_03,train/attack/digital_2/iphone15pro/portugal-125_03.jpg,train,2,portugal-172_03,train/attack/digital_1/huawei/portugal-172_03.jpg,dev
portugal-125_03,train/attack/digital_2/iphone15pro/portugal-125_03.jpg,train,2,portugal-172_03,train/attack/digital_1/iphone15pro/portugal-172_03.jpg,dev
portugal-125_03,train/attack/digital_2/iphone15pro/portugal-125_03.jpg,train,2,portugal-172_03,train/attack/digital_1/scan/portugal-172_03.jpg,dev
portugal-125_03,train/attack/digital_2/iphone15pro/portugal-125_03.jpg,train,2,portugal-172_03,test/attack/digital_3/scan/portugal-172_03.jpg,dev
portugal-125_03,train/attack/digital_2/iphone15pro/portugal-125_03.jpg,train,2,portugal-172_03,test/attack/digital_3/huawei/portugal-172_03.jpg,dev
portugal-125_03,train/attack/digital_2/iphone15pro/portugal-125_03.jpg,train,2,portugal-172_03,test/attack/digital_3/iphone15pro/portugal-172_03.jpg,dev
portugal-125_03,train/attack/digital_2/iphone15pro/portugal-125_03.jpg,train,4,portugal-119_03,train/bonafide/huawei/portugal-119_03.jpg,internal_test
portugal-125_03,train/attack/digital_2/iphone15pro/portugal-125_03.jpg,train,2,portugal-070_03,train/bonafide/iphone15pro/portugal-070_03.jpg,internal_test
portugal-125_03,train/attack/digital_2/iphone15pro/portugal-125_03.jpg,train,4,portugal-070_03,train/bonafide/scan/portugal-070_03.jpg,internal_test
portugal-125_03,train/attack/digital_2/iphone15pro/portugal-125_03.jpg,train,4,portugal-119_03,train/bonafide/scan/portugal-119_03.jpg,internal_test
portugal-125_03,train/attack/digital_2/iphone15pro/portugal-125_03.jpg,train,2,portugal-070_03,train/attack/digital_2/iphone15pro/portugal-070_03.jpg,internal_test
portugal-125_03,train/attack/digital_2/iphone15pro/portugal-125_03.jpg,train,4,portugal-119_03,train/attack/digital_2/scan/portugal-119_03.jpg,internal_test
portugal-125_03,train/attack/digital_2/iphone15pro/portugal-125_03.jpg,train,4,portugal-070_03,train/attack/digital_2/scan/portugal-070_03.jpg,internal_test
portugal-125_03,train/attack/digital_2/iphone15pro/portugal-125_03.jpg,train,4,portugal-119_03,train/attack/digital_1/huawei/portugal-119_03.jpg,internal_test
portugal-125_03,train/attack/digital_2/iphone15pro/portugal-125_03.jpg,train,2,portugal-070_03,train/attack/digital_1/iphone15pro/portugal-070_03.jpg,internal_test
portugal-125_03,train/attack/digital_2/iphone15pro/portugal-125_03.jpg,train,2,portugal-070_03,train/attack/digital_1/scan/portugal-070_03.jpg,internal_test
portugal-125_03,train/attack/digital_2/iphone15pro/portugal-125_03.jpg,train,4,portugal-119_03,train/attack/digital_1/scan/portugal-119_03.jpg,internal_test
portugal-125_03,train/attack/digital_2/iphone15pro/portugal-125_03.jpg,train,0,portugal-070_03,test/attack/digital_3/scan/portugal-070_03.jpg,internal_test
portugal-125_03,train/attack/digital_2/iphone15pro/portugal-125_03.jpg,train,0,portugal-070_03,test/attack/digital_3/iphone15pro/portugal-070_03.jpg,internal_test
portugal-125_03,train/attack/digital_2/iphone15pro/portugal-125_03.jpg,train,4,portugal-119_03,test/attack/digital_3/scan/portugal-119_03.jpg,internal_test
portugal-125_03,train/attack/digital_2/iphone15pro/portugal-125_03.jpg,train,4,portugal-119_03,test/attack/digital_3/huawei/portugal-119_03.jpg,internal_test
portugal-029_03,train/attack/digital_2/iphone15pro/portugal-029_03.jpg,train,2,portugal-172_03,train/bonafide/iphone15pro/portugal-172_03.jpg,dev
portugal-029_03,train/attack/digital_2/iphone15pro/portugal-029_03.jpg,train,4,portugal-172_03,train/bonafide/scan/portugal-172_03.jpg,dev
portugal-029_03,train/attack/digital_2/iphone15pro/portugal-029_03.jpg,train,4,portugal-172_03,train/attack/digital_2/iphone15pro/portugal-172_03.jpg,dev
portugal-029_03,train/attack/digital_2/iphone15pro/portugal-029_03.jpg,train,4,portugal-172_03,train/attack/digital_2/scan/portugal-172_03.jpg,dev
portugal-029_03,train/attack/digital_2/iphone15pro/portugal-029_03.jpg,train,4,portugal-172_03,train/attack/digital_1/iphone15pro/portugal-172_03.jpg,dev
portugal-029_03,train/attack/digital_2/iphone15pro/portugal-029_03.jpg,train,4,portugal-172_03,train/attack/digital_1/scan/portugal-172_03.jpg,dev
portugal-029_03,train/attack/digital_2/iphone15pro/portugal-029_03.jpg,train,4,portugal-172_03,test/attack/digital_3/iphone15pro/portugal-172_03.jpg,dev
portugal-029_03,train/attack/digital_2/iphone15pro/portugal-029_03.jpg,train,4,portugal-119_03,train/bonafide/huawei/portugal-119_03.jpg,internal_test
portugal-029_03,train/attack/digital_2/iphone15pro/portugal-029_03.jpg,train,4,portugal-070_03,train/bonafide/scan/portugal-070_03.jpg,internal_test
portugal-029_03,train/attack/digital_2/iphone15pro/portugal-029_03.jpg,train,4,portugal-119_03,train/bonafide/scan/portugal-119_03.jpg,internal_test
portugal-029_03,train/attack/digital_2/iphone15pro/portugal-029_03.jpg,train,4,portugal-119_03,train/attack/digital_2/iphone15pro/portugal-119_03.jpg,internal_test
portugal-029_03,train/attack/digital_2/iphone15pro/portugal-029_03.jpg,train,4,portugal-119_03,train/attack/digital_2/scan/portugal-119_03.jpg,internal_test
portugal-029_03,train/attack/digital_2/iphone15pro/portugal-029_03.jpg,train,4,portugal-070_03,train/attack/digital_2/scan/portugal-070_03.jpg,internal_test
portugal-029_03,train/attack/digital_2/iphone15pro/portugal-029_03.jpg,train,4,portugal-119_03,train/attack/digital_2/huawei/portugal-119_03.jpg,internal_test
portugal-029_03,train/attack/digital_2/iphone15pro/portugal-029_03.jpg,train,4,portugal-070_03,train/attack/digital_1/huawei/portugal-070_03.jpg,internal_test
portugal-029_03,train/attack/digital_2/iphone15pro/portugal-029_03.jpg,train,4,portugal-119_03,train/attack/digital_1/huawei/portugal-119_03.jpg,internal_test
portugal-029_03,train/attack/digital_2/iphone15pro/portugal-029_03.jpg,train,4,portugal-070_03,train/attack/digital_1/iphone15pro/portugal-070_03.jpg,internal_test
portugal-029_03,train/attack/digital_2/iphone15pro/portugal-029_03.jpg,train,4,portugal-070_03,train/attack/digital_1/scan/portugal-070_03.jpg,internal_test
portugal-029_03,train/attack/digital_2/iphone15pro/portugal-029_03.jpg,train,4,portugal-119_03,train/attack/digital_1/scan/portugal-119_03.jpg,internal_test
portugal-029_03,train/attack/digital_2/iphone15pro/portugal-029_03.jpg,train,4,portugal-070_03,test/attack/digital_3/huawei/portugal-070_03.jpg,internal_test
portugal-029_03,train/attack/digital_2/iphone15pro/portugal-029_03.jpg,train,4,portugal-119_03,test/attack/digital_3/scan/portugal-119_03.jpg,internal_test
portugal-029_03,train/attack/digital_2/iphone15pro/portugal-029_03.jpg,train,4,portugal-119_03,test/attack/digital_3/huawei/portugal-119_03.jpg,internal_test
chinese-018_03,train/attack/digital_2/iphone15pro/chinese-018_03.jpg,train,4,chinese-039_03,train/bonafide/huawei/chinese-039_03.jpg,dev
chinese-018_03,train/attack/digital_2/iphone15pro/chinese-018_03.jpg,train,4,chinese-039_03,train/bonafide/iphone15pro/chinese-039_03.jpg,dev
chinese-018_03,train/attack/digital_2/iphone15pro/chinese-018_03.jpg,train,4,chinese-039_03,train/bonafide/scan/chinese-039_03.jpg,dev
chinese-018_03,train/attack/digital_2/iphone15pro/chinese-018_03.jpg,train,4,chinese-039_03,train/attack/digital_2/iphone15pro/chinese-039_03.jpg,dev
chinese-018_03,train/attack/digital_2/iphone15pro/chinese-018_03.jpg,train,4,chinese-039_03,train/attack/digital_2/scan/chinese-039_03.jpg,dev
chinese-018_03,train/attack/digital_2/iphone15pro/chinese-018_03.jpg,train,4,chinese-039_03,train/attack/digital_1/huawei/chinese-039_03.jpg,dev
chinese-018_03,train/attack/digital_2/iphone15pro/chinese-018_03.jpg,train,4,chinese-039_03,train/attack/digital_1/iphone15pro/chinese-039_03.jpg,dev
chinese-018_03,train/attack/digital_2/iphone15pro/chinese-018_03.jpg,train,2,chinese-039_03,train/attack/digital_1/scan/chinese-039_03.jpg,dev
chinese-018_03,train/attack/digital_2/iphone15pro/chinese-018_03.jpg,train,4,chinese-039_03,test/attack/digital_3/scan/chinese-039_03.jpg,dev
chinese-018_03,train/attack/digital_2/iphone15pro/chinese-018_03.jpg,train,4,chinese-039_03,test/attack/digital_3/huawei/chinese-039_03.jpg,dev
chinese-018_03,train/attack/digital_2/iphone15pro/chinese-018_03.jpg,train,4,chinese-039_03,test/attack/digital_3/iphone15pro/chinese-039_03.jpg,dev
chinese-018_03,train/attack/digital_2/iphone15pro/chinese-018_03.jpg,train,4,chinese-020_03,train/bonafide/iphone15pro/chinese-020_03.jpg,internal_test
chinese-018_03,train/attack/digital_2/iphone15pro/chinese-018_03.jpg,train,4,chinese-020_03,train/bonafide/scan/chinese-020_03.jpg,internal_test
chinese-018_03,train/attack/digital_2/iphone15pro/chinese-018_03.jpg,train,4,chinese-020_03,train/attack/digital_2/iphone15pro/chinese-020_03.jpg,internal_test
chinese-018_03,train/attack/digital_2/iphone15pro/chinese-018_03.jpg,train,4,chinese-020_03,train/attack/digital_2/scan/chinese-020_03.jpg,internal_test
chinese-018_03,train/attack/digital_2/iphone15pro/chinese-018_03.jpg,train,4,chinese-020_03,train/attack/digital_1/huawei/chinese-020_03.jpg,internal_test
chinese-018_03,train/attack/digital_2/iphone15pro/chinese-018_03.jpg,train,2,chinese-020_03,train/attack/digital_1/iphone15pro/chinese-020_03.jpg,internal_test
chinese-018_03,train/attack/digital_2/iphone15pro/chinese-018_03.jpg,train,4,chinese-020_03,train/attack/digital_1/scan/chinese-020_03.jpg,internal_test
chinese-018_03,train/attack/digital_2/iphone15pro/chinese-018_03.jpg,train,4,chinese-020_03,test/attack/digital_3/scan/chinese-020_03.jpg,internal_test
chinese-018_03,train/attack/digital_2/iphone15pro/chinese-018_03.jpg,train,4,chinese-020_03,test/attack/digital_3/iphone15pro/chinese-020_03.jpg,internal_test
usa-011_03,train/attack/digital_2/iphone15pro/usa-011_03.jpg,train,4,usa-134_03,train/bonafide/huawei/usa-134_03.jpg,dev
usa-011_03,train/attack/digital_2/iphone15pro/usa-011_03.jpg,train,0,usa-134_03,train/bonafide/iphone15pro/usa-134_03.jpg,dev
usa-011_03,train/attack/digital_2/iphone15pro/usa-011_03.jpg,train,0,usa-134_03,train/attack/digital_2/iphone15pro/usa-134_03.jpg,dev
usa-011_03,train/attack/digital_2/iphone15pro/usa-011_03.jpg,train,4,usa-134_03,train/attack/digital_2/huawei/usa-134_03.jpg,dev
usa-011_03,train/attack/digital_2/iphone15pro/usa-011_03.jpg,train,4,usa-134_03,train/attack/digital_1/huawei/usa-134_03.jpg,dev
usa-011_03,train/attack/digital_2/iphone15pro/usa-011_03.jpg,train,2,usa-134_03,train/attack/digital_1/iphone15pro/usa-134_03.jpg,dev
usa-011_03,train/attack/digital_2/iphone15pro/usa-011_03.jpg,train,4,usa-134_03,test/attack/digital_3/huawei/usa-134_03.jpg,dev
usa-011_03,train/attack/digital_2/iphone15pro/usa-011_03.jpg,train,0,usa-134_03,test/attack/digital_3/iphone15pro/usa-134_03.jpg,dev
usa-137_03,train/attack/digital_2/iphone15pro/usa-137_03.jpg,train,4,usa-117_03,train/bonafide/iphone15pro/usa-117_03.jpg,dev
usa-137_03,train/attack/digital_2/iphone15pro/usa-137_03.jpg,train,4,usa-117_03,train/attack/digital_2/iphone15pro/usa-117_03.jpg,dev
usa-137_03,train/attack/digital_2/iphone15pro/usa-137_03.jpg,train,4,usa-117_03,train/attack/digital_1/iphone15pro/usa-117_03.jpg,dev
usa-137_03,train/attack/digital_2/iphone15pro/usa-137_03.jpg,train,4,usa-117_03,test/attack/digital_3/iphone15pro/usa-117_03.jpg,dev
usa-137_03,train/attack/digital_2/iphone15pro/usa-137_03.jpg,train,4,usa-NF-1094,train/bonafide/huawei/usa-NF-1094.jpg,internal_test
usa-137_03,train/attack/digital_2/iphone15pro/usa-137_03.jpg,train,4,usa-NF-1094,train/bonafide/iphone15pro/usa-NF-1094.jpg,internal_test
usa-137_03,train/attack/digital_2/iphone15pro/usa-137_03.jpg,train,4,usa-NF-1094,train/attack/digital_2/huawei/usa-NF-1094.jpg,internal_test
usa-137_03,train/attack/digital_2/iphone15pro/usa-137_03.jpg,train,4,usa-NF-1094,train/attack/digital_1/huawei/usa-NF-1094.jpg,internal_test
usa-137_03,train/attack/digital_2/iphone15pro/usa-137_03.jpg,train,4,usa-NF-1094,train/attack/digital_1/scan/usa-NF-1094.jpg,internal_test
usa-137_03,train/attack/digital_2/iphone15pro/usa-137_03.jpg,train,4,usa-NF-1094,test/attack/digital_3/huawei/usa-NF-1094.jpg,internal_test
arabic-NF-1040,train/attack/digital_2/iphone15pro/arabic-NF-1040.jpg,train,4,arabic-NF-1030,train/attack/digital_1/iphone15pro/arabic-NF-1030.jpg,dev
arabic-NF-1040,train/attack/digital_2/iphone15pro/arabic-NF-1040.jpg,train,4,arabic-NF-1030,train/attack/digital_1/scan/arabic-NF-1030.jpg,dev
turkiye-127_03,train/attack/digital_2/iphone15pro/turkiye-127_03.jpg,train,4,turkiye-041_03,train/bonafide/iphone15pro/turkiye-041_03.jpg,dev
turkiye-127_03,train/attack/digital_2/iphone15pro/turkiye-127_03.jpg,train,2,turkiye-101_03,train/bonafide/iphone15pro/turkiye-101_03.jpg,dev
turkiye-127_03,train/attack/digital_2/iphone15pro/turkiye-127_03.jpg,train,4,turkiye-104_03,train/bonafide/iphone15pro/turkiye-104_03.jpg,dev
turkiye-127_03,train/attack/digital_2/iphone15pro/turkiye-127_03.jpg,train,4,turkiye-101_03,train/bonafide/scan/turkiye-101_03.jpg,dev
turkiye-127_03,train/attack/digital_2/iphone15pro/turkiye-127_03.jpg,train,4,turkiye-041_03,train/attack/digital_2/iphone15pro/turkiye-041_03.jpg,dev
turkiye-127_03,train/attack/digital_2/iphone15pro/turkiye-127_03.jpg,train,4,turkiye-104_03,train/attack/digital_2/iphone15pro/turkiye-104_03.jpg,dev
turkiye-127_03,train/attack/digital_2/iphone15pro/turkiye-127_03.jpg,train,2,turkiye-101_03,train/attack/digital_2/iphone15pro/turkiye-101_03.jpg,dev
turkiye-127_03,train/attack/digital_2/iphone15pro/turkiye-127_03.jpg,train,4,turkiye-041_03,train/attack/digital_1/iphone15pro/turkiye-041_03.jpg,dev
turkiye-127_03,train/attack/digital_2/iphone15pro/turkiye-127_03.jpg,train,2,turkiye-101_03,train/attack/digital_1/iphone15pro/turkiye-101_03.jpg,dev
turkiye-127_03,train/attack/digital_2/iphone15pro/turkiye-127_03.jpg,train,4,turkiye-104_03,train/attack/digital_1/iphone15pro/turkiye-104_03.jpg,dev
turkiye-127_03,train/attack/digital_2/iphone15pro/turkiye-127_03.jpg,train,4,turkiye-101_03,train/attack/digital_1/scan/turkiye-101_03.jpg,dev
turkiye-127_03,train/attack/digital_2/iphone15pro/turkiye-127_03.jpg,train,4,turkiye-104_03,train/attack/digital_1/scan/turkiye-104_03.jpg,dev
turkiye-127_03,train/attack/digital_2/iphone15pro/turkiye-127_03.jpg,train,4,turkiye-041_03,test/attack/digital_3/iphone15pro/turkiye-041_03.jpg,dev
turkiye-127_03,train/attack/digital_2/iphone15pro/turkiye-127_03.jpg,train,2,turkiye-101_03,test/attack/digital_3/iphone15pro/turkiye-101_03.jpg,dev
turkiye-127_03,train/attack/digital_2/iphone15pro/turkiye-127_03.jpg,train,4,turkiye-104_03,test/attack/digital_3/iphone15pro/turkiye-104_03.jpg,dev
turkiye-127_03,train/attack/digital_2/iphone15pro/turkiye-127_03.jpg,train,4,turkiye-121_03,train/bonafide/huawei/turkiye-121_03.jpg,internal_test
turkiye-127_03,train/attack/digital_2/iphone15pro/turkiye-127_03.jpg,train,4,turkiye-031_03,train/bonafide/iphone15pro/turkiye-031_03.jpg,internal_test
turkiye-127_03,train/attack/digital_2/iphone15pro/turkiye-127_03.jpg,train,2,turkiye-115_03,train/bonafide/iphone15pro/turkiye-115_03.jpg,internal_test
turkiye-127_03,train/attack/digital_2/iphone15pro/turkiye-127_03.jpg,train,4,turkiye-031_03,train/bonafide/scan/turkiye-031_03.jpg,internal_test
turkiye-127_03,train/attack/digital_2/iphone15pro/turkiye-127_03.jpg,train,4,turkiye-115_03,train/bonafide/scan/turkiye-115_03.jpg,internal_test
turkiye-127_03,train/attack/digital_2/iphone15pro/turkiye-127_03.jpg,train,2,turkiye-115_03,train/attack/digital_2/iphone15pro/turkiye-115_03.jpg,internal_test
turkiye-127_03,train/attack/digital_2/iphone15pro/turkiye-127_03.jpg,train,4,turkiye-031_03,train/attack/digital_2/iphone15pro/turkiye-031_03.jpg,internal_test
turkiye-127_03,train/attack/digital_2/iphone15pro/turkiye-127_03.jpg,train,4,turkiye-115_03,train/attack/digital_2/scan/turkiye-115_03.jpg,internal_test
turkiye-127_03,train/attack/digital_2/iphone15pro/turkiye-127_03.jpg,train,4,turkiye-031_03,train/attack/digital_2/scan/turkiye-031_03.jpg,internal_test
turkiye-127_03,train/attack/digital_2/iphone15pro/turkiye-127_03.jpg,train,4,turkiye-121_03,train/attack/digital_1/huawei/turkiye-121_03.jpg,internal_test
turkiye-127_03,train/attack/digital_2/iphone15pro/turkiye-127_03.jpg,train,4,turkiye-031_03,train/attack/digital_1/iphone15pro/turkiye-031_03.jpg,internal_test
turkiye-127_03,train/attack/digital_2/iphone15pro/turkiye-127_03.jpg,train,2,turkiye-115_03,train/attack/digital_1/iphone15pro/turkiye-115_03.jpg,internal_test
turkiye-127_03,train/attack/digital_2/iphone15pro/turkiye-127_03.jpg,train,4,turkiye-031_03,train/attack/digital_1/scan/turkiye-031_03.jpg,internal_test
turkiye-127_03,train/attack/digital_2/iphone15pro/turkiye-127_03.jpg,train,4,turkiye-115_03,train/attack/digital_1/scan/turkiye-115_03.jpg,internal_test
turkiye-127_03,train/attack/digital_2/iphone15pro/turkiye-127_03.jpg,train,4,turkiye-031_03,test/attack/digital_3/scan/turkiye-031_03.jpg,internal_test
turkiye-127_03,train/attack/digital_2/iphone15pro/turkiye-127_03.jpg,train,4,turkiye-031_03,test/attack/digital_3/iphone15pro/turkiye-031_03.jpg,internal_test
turkiye-127_03,train/attack/digital_2/iphone15pro/turkiye-127_03.jpg,train,4,turkiye-115_03,test/attack/digital_3/scan/turkiye-115_03.jpg,internal_test
turkiye-127_03,train/attack/digital_2/iphone15pro/turkiye-127_03.jpg,train,2,turkiye-115_03,test/attack/digital_3/iphone15pro/turkiye-115_03.jpg,internal_test
turkiye-127_03,train/attack/digital_2/iphone15pro/turkiye-127_03.jpg,train,4,turkiye-121_03,test/attack/digital_3/huawei/turkiye-121_03.jpg,internal_test
ukraine-NF-1106,train/attack/digital_2/iphone15pro/ukraine-NF-1106.jpg,train,4,ukraine-NF-1057,train/attack/digital_2/scan/ukraine-NF-1057.jpg,dev
ukraine-NF-1106,train/attack/digital_2/iphone15pro/ukraine-NF-1106.jpg,train,4,ukraine-NF-1057,train/attack/digital_2/huawei/ukraine-NF-1057.jpg,dev
ukraine-NF-1106,train/attack/digital_2/iphone15pro/ukraine-NF-1106.jpg,train,4,ukraine-NF-1057,train/attack/digital_1/scan/ukraine-NF-1057.jpg,dev
turkiye-092_03,train/attack/digital_2/iphone15pro/turkiye-092_03.jpg,train,4,turkiye-041_03,train/bonafide/iphone15pro/turkiye-041_03.jpg,dev
turkiye-092_03,train/attack/digital_2/iphone15pro/turkiye-092_03.jpg,train,2,turkiye-101_03,train/bonafide/iphone15pro/turkiye-101_03.jpg,dev
turkiye-092_03,train/attack/digital_2/iphone15pro/turkiye-092_03.jpg,train,4,turkiye-101_03,train/bonafide/scan/turkiye-101_03.jpg,dev
turkiye-092_03,train/attack/digital_2/iphone15pro/turkiye-092_03.jpg,train,4,turkiye-041_03,train/attack/digital_2/iphone15pro/turkiye-041_03.jpg,dev
turkiye-092_03,train/attack/digital_2/iphone15pro/turkiye-092_03.jpg,train,2,turkiye-101_03,train/attack/digital_2/iphone15pro/turkiye-101_03.jpg,dev
turkiye-092_03,train/attack/digital_2/iphone15pro/turkiye-092_03.jpg,train,4,turkiye-101_03,train/attack/digital_2/scan/turkiye-101_03.jpg,dev
turkiye-092_03,train/attack/digital_2/iphone15pro/turkiye-092_03.jpg,train,4,turkiye-041_03,train/attack/digital_1/iphone15pro/turkiye-041_03.jpg,dev
turkiye-092_03,train/attack/digital_2/iphone15pro/turkiye-092_03.jpg,train,2,turkiye-101_03,train/attack/digital_1/iphone15pro/turkiye-101_03.jpg,dev
turkiye-092_03,train/attack/digital_2/iphone15pro/turkiye-092_03.jpg,train,4,turkiye-101_03,train/attack/digital_1/scan/turkiye-101_03.jpg,dev
turkiye-092_03,train/attack/digital_2/iphone15pro/turkiye-092_03.jpg,train,4,turkiye-041_03,test/attack/digital_3/iphone15pro/turkiye-041_03.jpg,dev
turkiye-092_03,train/attack/digital_2/iphone15pro/turkiye-092_03.jpg,train,4,turkiye-101_03,test/attack/digital_3/scan/turkiye-101_03.jpg,dev
turkiye-092_03,train/attack/digital_2/iphone15pro/turkiye-092_03.jpg,train,2,turkiye-101_03,test/attack/digital_3/iphone15pro/turkiye-101_03.jpg,dev
turkiye-092_03,train/attack/digital_2/iphone15pro/turkiye-092_03.jpg,train,4,turkiye-121_03,train/bonafide/huawei/turkiye-121_03.jpg,internal_test
turkiye-092_03,train/attack/digital_2/iphone15pro/turkiye-092_03.jpg,train,2,turkiye-115_03,train/bonafide/iphone15pro/turkiye-115_03.jpg,internal_test
turkiye-092_03,train/attack/digital_2/iphone15pro/turkiye-092_03.jpg,train,4,turkiye-115_03,train/bonafide/scan/turkiye-115_03.jpg,internal_test
turkiye-092_03,train/attack/digital_2/iphone15pro/turkiye-092_03.jpg,train,4,turkiye-115_03,train/attack/digital_2/iphone15pro/turkiye-115_03.jpg,internal_test
turkiye-092_03,train/attack/digital_2/iphone15pro/turkiye-092_03.jpg,train,4,turkiye-121_03,train/attack/digital_2/iphone15pro/turkiye-121_03.jpg,internal_test
turkiye-092_03,train/attack/digital_2/iphone15pro/turkiye-092_03.jpg,train,4,turkiye-115_03,train/attack/digital_2/scan/turkiye-115_03.jpg,internal_test
turkiye-092_03,train/attack/digital_2/iphone15pro/turkiye-092_03.jpg,train,4,turkiye-031_03,train/attack/digital_2/huawei/turkiye-031_03.jpg,internal_test
turkiye-092_03,train/attack/digital_2/iphone15pro/turkiye-092_03.jpg,train,4,turkiye-121_03,train/attack/digital_1/huawei/turkiye-121_03.jpg,internal_test
turkiye-092_03,train/attack/digital_2/iphone15pro/turkiye-092_03.jpg,train,4,turkiye-115_03,train/attack/digital_1/iphone15pro/turkiye-115_03.jpg,internal_test
turkiye-092_03,train/attack/digital_2/iphone15pro/turkiye-092_03.jpg,train,4,turkiye-121_03,train/attack/digital_1/iphone15pro/turkiye-121_03.jpg,internal_test
turkiye-092_03,train/attack/digital_2/iphone15pro/turkiye-092_03.jpg,train,4,turkiye-115_03,train/attack/digital_1/scan/turkiye-115_03.jpg,internal_test
turkiye-092_03,train/attack/digital_2/iphone15pro/turkiye-092_03.jpg,train,4,turkiye-121_03,train/attack/digital_1/scan/turkiye-121_03.jpg,internal_test
turkiye-092_03,train/attack/digital_2/iphone15pro/turkiye-092_03.jpg,train,4,turkiye-115_03,test/attack/digital_3/scan/turkiye-115_03.jpg,internal_test
turkiye-092_03,train/attack/digital_2/iphone15pro/turkiye-092_03.jpg,train,4,turkiye-115_03,test/attack/digital_3/iphone15pro/turkiye-115_03.jpg,internal_test
turkiye-092_03,train/attack/digital_2/iphone15pro/turkiye-092_03.jpg,train,4,turkiye-121_03,test/attack/digital_3/huawei/turkiye-121_03.jpg,internal_test
turkiye-092_03,train/attack/digital_2/iphone15pro/turkiye-092_03.jpg,train,4,turkiye-121_03,test/attack/digital_3/iphone15pro/turkiye-121_03.jpg,internal_test
russian-123_03,train/attack/digital_2/iphone15pro/russian-123_03.jpg,train,4,russian-141_03,train/attack/digital_2/iphone15pro/russian-141_03.jpg,dev
russian-123_03,train/attack/digital_2/iphone15pro/russian-123_03.jpg,train,4,russian-141_03,train/attack/digital_1/iphone15pro/russian-141_03.jpg,dev
russian-123_03,train/attack/digital_2/iphone15pro/russian-123_03.jpg,train,4,russian-141_03,test/attack/digital_3/iphone15pro/russian-141_03.jpg,dev
turkiye-126_03,train/attack/digital_2/iphone15pro/turkiye-126_03.jpg,train,4,turkiye-041_03,train/bonafide/iphone15pro/turkiye-041_03.jpg,dev
turkiye-126_03,train/attack/digital_2/iphone15pro/turkiye-126_03.jpg,train,4,turkiye-041_03,train/attack/digital_2/iphone15pro/turkiye-041_03.jpg,dev
turkiye-126_03,train/attack/digital_2/iphone15pro/turkiye-126_03.jpg,train,4,turkiye-041_03,train/attack/digital_1/iphone15pro/turkiye-041_03.jpg,dev
turkiye-126_03,train/attack/digital_2/iphone15pro/turkiye-126_03.jpg,train,4,turkiye-041_03,test/attack/digital_3/iphone15pro/turkiye-041_03.jpg,dev
turkiye-126_03,train/attack/digital_2/iphone15pro/turkiye-126_03.jpg,train,4,turkiye-031_03,train/attack/digital_1/iphone15pro/turkiye-031_03.jpg,internal_test
turkiye-126_03,train/attack/digital_2/iphone15pro/turkiye-126_03.jpg,train,4,turkiye-031_03,train/attack/digital_1/scan/turkiye-031_03.jpg,internal_test
turkiye-126_03,train/attack/digital_2/iphone15pro/turkiye-126_03.jpg,train,4,turkiye-115_03,test/attack/digital_3/iphone15pro/turkiye-115_03.jpg,internal_test
usa-063_03,train/attack/digital_2/iphone15pro/usa-063_03.jpg,train,4,usa-134_03,train/bonafide/huawei/usa-134_03.jpg,dev
usa-063_03,train/attack/digital_2/iphone15pro/usa-063_03.jpg,train,2,usa-117_03,train/bonafide/iphone15pro/usa-117_03.jpg,dev
usa-063_03,train/attack/digital_2/iphone15pro/usa-063_03.jpg,train,4,usa-134_03,train/bonafide/iphone15pro/usa-134_03.jpg,dev
usa-063_03,train/attack/digital_2/iphone15pro/usa-063_03.jpg,train,4,usa-134_03,train/attack/digital_2/iphone15pro/usa-134_03.jpg,dev
usa-063_03,train/attack/digital_2/iphone15pro/usa-063_03.jpg,train,2,usa-117_03,train/attack/digital_2/iphone15pro/usa-117_03.jpg,dev
usa-063_03,train/attack/digital_2/iphone15pro/usa-063_03.jpg,train,4,usa-134_03,train/attack/digital_2/huawei/usa-134_03.jpg,dev
usa-063_03,train/attack/digital_2/iphone15pro/usa-063_03.jpg,train,4,usa-134_03,train/attack/digital_1/huawei/usa-134_03.jpg,dev
usa-063_03,train/attack/digital_2/iphone15pro/usa-063_03.jpg,train,2,usa-117_03,train/attack/digital_1/iphone15pro/usa-117_03.jpg,dev
usa-063_03,train/attack/digital_2/iphone15pro/usa-063_03.jpg,train,2,usa-117_03,test/attack/digital_3/iphone15pro/usa-117_03.jpg,dev
usa-063_03,train/attack/digital_2/iphone15pro/usa-063_03.jpg,train,4,usa-134_03,test/attack/digital_3/huawei/usa-134_03.jpg,dev
usa-063_03,train/attack/digital_2/iphone15pro/usa-063_03.jpg,train,4,usa-134_03,test/attack/digital_3/iphone15pro/usa-134_03.jpg,dev
usa-063_03,train/attack/digital_2/iphone15pro/usa-063_03.jpg,train,4,usa-NF-1094,train/bonafide/huawei/usa-NF-1094.jpg,internal_test
usa-063_03,train/attack/digital_2/iphone15pro/usa-063_03.jpg,train,2,usa-NF-1094,train/bonafide/iphone15pro/usa-NF-1094.jpg,internal_test
usa-063_03,train/attack/digital_2/iphone15pro/usa-063_03.jpg,train,4,usa-NF-1094,train/attack/digital_2/iphone15pro/usa-NF-1094.jpg,internal_test
usa-063_03,train/attack/digital_2/iphone15pro/usa-063_03.jpg,train,4,usa-NF-1094,train/attack/digital_2/huawei/usa-NF-1094.jpg,internal_test
usa-063_03,train/attack/digital_2/iphone15pro/usa-063_03.jpg,train,4,usa-NF-1094,train/attack/digital_1/huawei/usa-NF-1094.jpg,internal_test
usa-063_03,train/attack/digital_2/iphone15pro/usa-063_03.jpg,train,4,usa-NF-1094,train/attack/digital_1/iphone15pro/usa-NF-1094.jpg,internal_test
usa-063_03,train/attack/digital_2/iphone15pro/usa-063_03.jpg,train,4,usa-NF-1094,test/attack/digital_3/huawei/usa-NF-1094.jpg,internal_test
usa-063_03,train/attack/digital_2/iphone15pro/usa-063_03.jpg,train,4,usa-NF-1094,test/attack/digital_3/iphone15pro/usa-NF-1094.jpg,internal_test
turkiye-NM-1055,train/attack/digital_2/iphone15pro/turkiye-NM-1055.jpg,train,4,turkiye-101_03,train/bonafide/iphone15pro/turkiye-101_03.jpg,dev
turkiye-NM-1055,train/attack/digital_2/iphone15pro/turkiye-NM-1055.jpg,train,4,turkiye-101_03,train/attack/digital_2/iphone15pro/turkiye-101_03.jpg,dev
turkiye-NM-1055,train/attack/digital_2/iphone15pro/turkiye-NM-1055.jpg,train,4,turkiye-101_03,train/attack/digital_1/iphone15pro/turkiye-101_03.jpg,dev
turkiye-NM-1055,train/attack/digital_2/iphone15pro/turkiye-NM-1055.jpg,train,4,turkiye-101_03,test/attack/digital_3/iphone15pro/turkiye-101_03.jpg,dev
turkiye-NM-1055,train/attack/digital_2/iphone15pro/turkiye-NM-1055.jpg,train,4,turkiye-115_03,train/bonafide/iphone15pro/turkiye-115_03.jpg,internal_test
usa-009_03,train/attack/digital_2/iphone15pro/usa-009_03.jpg,train,4,usa-117_03,train/bonafide/iphone15pro/usa-117_03.jpg,dev
usa-009_03,train/attack/digital_2/iphone15pro/usa-009_03.jpg,train,4,usa-117_03,train/attack/digital_2/iphone15pro/usa-117_03.jpg,dev
usa-009_03,train/attack/digital_2/iphone15pro/usa-009_03.jpg,train,4,usa-117_03,train/attack/digital_1/iphone15pro/usa-117_03.jpg,dev
usa-009_03,train/attack/digital_2/iphone15pro/usa-009_03.jpg,train,4,usa-117_03,test/attack/digital_3/iphone15pro/usa-117_03.jpg,dev
russian-002_03,train/attack/digital_2/iphone15pro/russian-002_03.jpg,train,4,russian-027_03,train/bonafide/iphone15pro/russian-027_03.jpg,dev
russian-002_03,train/attack/digital_2/iphone15pro/russian-002_03.jpg,train,4,russian-027_03,train/attack/digital_2/iphone15pro/russian-027_03.jpg,dev
russian-002_03,train/attack/digital_2/iphone15pro/russian-002_03.jpg,train,4,russian-027_03,train/attack/digital_1/iphone15pro/russian-027_03.jpg,dev
russian-002_03,train/attack/digital_2/iphone15pro/russian-002_03.jpg,train,4,russian-027_03,test/attack/digital_3/iphone15pro/russian-027_03.jpg,dev
persian-087_03,train/attack/digital_2/iphone15pro/persian-087_03.jpg,train,4,persian-045_03,train/bonafide/iphone15pro/persian-045_03.jpg,dev
persian-087_03,train/attack/digital_2/iphone15pro/persian-087_03.jpg,train,4,persian-045_03,train/bonafide/scan/persian-045_03.jpg,dev
persian-087_03,train/attack/digital_2/iphone15pro/persian-087_03.jpg,train,4,persian-045_03,train/attack/digital_2/iphone15pro/persian-045_03.jpg,dev
persian-087_03,train/attack/digital_2/iphone15pro/persian-087_03.jpg,train,4,persian-045_03,train/attack/digital_2/scan/persian-045_03.jpg,dev
persian-087_03,train/attack/digital_2/iphone15pro/persian-087_03.jpg,train,4,persian-045_03,train/attack/digital_1/iphone15pro/persian-045_03.jpg,dev
persian-087_03,train/attack/digital_2/iphone15pro/persian-087_03.jpg,train,4,persian-045_03,train/attack/digital_1/scan/persian-045_03.jpg,dev
persian-087_03,train/attack/digital_2/iphone15pro/persian-087_03.jpg,train,4,persian-045_03,test/attack/digital_3/scan/persian-045_03.jpg,dev
french-135_03,train/attack/digital_2/scan/french-135_03.jpg,train,4,french-033_03,train/bonafide/huawei/french-033_03.jpg,dev
french-135_03,train/attack/digital_2/scan/french-135_03.jpg,train,2,french-033_03,train/bonafide/iphone15pro/french-033_03.jpg,dev
french-135_03,train/attack/digital_2/scan/french-135_03.jpg,train,2,french-033_03,train/bonafide/scan/french-033_03.jpg,dev
french-135_03,train/attack/digital_2/scan/french-135_03.jpg,train,2,french-033_03,train/attack/digital_2/iphone15pro/french-033_03.jpg,dev
french-135_03,train/attack/digital_2/scan/french-135_03.jpg,train,2,french-033_03,train/attack/digital_2/scan/french-033_03.jpg,dev
french-135_03,train/attack/digital_2/scan/french-135_03.jpg,train,2,french-033_03,train/attack/digital_1/iphone15pro/french-033_03.jpg,dev
french-135_03,train/attack/digital_2/scan/french-135_03.jpg,train,4,french-033_03,train/attack/digital_1/scan/french-033_03.jpg,dev
french-135_03,train/attack/digital_2/scan/french-135_03.jpg,train,2,french-033_03,test/attack/digital_3/scan/french-033_03.jpg,dev
french-135_03,train/attack/digital_2/scan/french-135_03.jpg,train,4,french-033_03,test/attack/digital_3/huawei/french-033_03.jpg,dev
french-135_03,train/attack/digital_2/scan/french-135_03.jpg,train,2,french-033_03,test/attack/digital_3/iphone15pro/french-033_03.jpg,dev
french-135_03,train/attack/digital_2/scan/french-135_03.jpg,train,4,french-114_03,test/attack/digital_3/iphone15pro/french-114_03.jpg,dev
french-135_03,train/attack/digital_2/scan/french-135_03.jpg,train,4,french-019_03,train/bonafide/huawei/french-019_03.jpg,internal_test
french-135_03,train/attack/digital_2/scan/french-135_03.jpg,train,4,french-022_03,train/bonafide/huawei/french-022_03.jpg,internal_test
french-135_03,train/attack/digital_2/scan/french-135_03.jpg,train,4,french-068_03,train/bonafide/huawei/french-068_03.jpg,internal_test
french-135_03,train/attack/digital_2/scan/french-135_03.jpg,train,2,french-019_03,train/bonafide/iphone15pro/french-019_03.jpg,internal_test
french-135_03,train/attack/digital_2/scan/french-135_03.jpg,train,2,french-022_03,train/bonafide/iphone15pro/french-022_03.jpg,internal_test
french-135_03,train/attack/digital_2/scan/french-135_03.jpg,train,4,french-068_03,train/bonafide/iphone15pro/french-068_03.jpg,internal_test
french-135_03,train/attack/digital_2/scan/french-135_03.jpg,train,4,french-019_03,train/attack/digital_2/iphone15pro/french-019_03.jpg,internal_test
french-135_03,train/attack/digital_2/scan/french-135_03.jpg,train,4,french-068_03,train/attack/digital_2/iphone15pro/french-068_03.jpg,internal_test
french-135_03,train/attack/digital_2/scan/french-135_03.jpg,train,2,french-022_03,train/attack/digital_2/iphone15pro/french-022_03.jpg,internal_test
french-135_03,train/attack/digital_2/scan/french-135_03.jpg,train,4,french-068_03,train/attack/digital_2/huawei/french-068_03.jpg,internal_test
french-135_03,train/attack/digital_2/scan/french-135_03.jpg,train,4,french-022_03,train/attack/digital_2/huawei/french-022_03.jpg,internal_test
french-135_03,train/attack/digital_2/scan/french-135_03.jpg,train,2,french-019_03,train/attack/digital_1/huawei/french-019_03.jpg,internal_test
french-135_03,train/attack/digital_2/scan/french-135_03.jpg,train,4,french-022_03,train/attack/digital_1/huawei/french-022_03.jpg,internal_test
french-135_03,train/attack/digital_2/scan/french-135_03.jpg,train,4,french-068_03,train/attack/digital_1/huawei/french-068_03.jpg,internal_test
french-135_03,train/attack/digital_2/scan/french-135_03.jpg,train,2,french-019_03,train/attack/digital_1/iphone15pro/french-019_03.jpg,internal_test
french-135_03,train/attack/digital_2/scan/french-135_03.jpg,train,2,french-022_03,train/attack/digital_1/iphone15pro/french-022_03.jpg,internal_test
french-135_03,train/attack/digital_2/scan/french-135_03.jpg,train,4,french-068_03,train/attack/digital_1/iphone15pro/french-068_03.jpg,internal_test
french-135_03,train/attack/digital_2/scan/french-135_03.jpg,train,4,french-019_03,test/attack/digital_3/huawei/french-019_03.jpg,internal_test
french-135_03,train/attack/digital_2/scan/french-135_03.jpg,train,2,french-019_03,test/attack/digital_3/iphone15pro/french-019_03.jpg,internal_test
french-135_03,train/attack/digital_2/scan/french-135_03.jpg,train,4,french-022_03,test/attack/digital_3/huawei/french-022_03.jpg,internal_test
french-135_03,train/attack/digital_2/scan/french-135_03.jpg,train,2,french-022_03,test/attack/digital_3/iphone15pro/french-022_03.jpg,internal_test
french-135_03,train/attack/digital_2/scan/french-135_03.jpg,train,4,french-068_03,test/attack/digital_3/huawei/french-068_03.jpg,internal_test
french-135_03,train/attack/digital_2/scan/french-135_03.jpg,train,4,french-068_03,test/attack/digital_3/iphone15pro/french-068_03.jpg,internal_test
french-044_03,train/attack/digital_2/scan/french-044_03.jpg,train,4,french-033_03,train/bonafide/huawei/french-033_03.jpg,dev
french-044_03,train/attack/digital_2/scan/french-044_03.jpg,train,2,french-033_03,train/bonafide/iphone15pro/french-033_03.jpg,dev
french-044_03,train/attack/digital_2/scan/french-044_03.jpg,train,2,french-033_03,train/bonafide/scan/french-033_03.jpg,dev
french-044_03,train/attack/digital_2/scan/french-044_03.jpg,train,2,french-033_03,train/attack/digital_2/iphone15pro/french-033_03.jpg,dev
french-044_03,train/attack/digital_2/scan/french-044_03.jpg,train,2,french-033_03,train/attack/digital_2/scan/french-033_03.jpg,dev
french-044_03,train/attack/digital_2/scan/french-044_03.jpg,train,4,french-033_03,train/attack/digital_2/huawei/french-033_03.jpg,dev
french-044_03,train/attack/digital_2/scan/french-044_03.jpg,train,2,french-033_03,train/attack/digital_1/iphone15pro/french-033_03.jpg,dev
french-044_03,train/attack/digital_2/scan/french-044_03.jpg,train,4,french-033_03,train/attack/digital_1/scan/french-033_03.jpg,dev
french-044_03,train/attack/digital_2/scan/french-044_03.jpg,train,2,french-033_03,test/attack/digital_3/scan/french-033_03.jpg,dev
french-044_03,train/attack/digital_2/scan/french-044_03.jpg,train,2,french-033_03,test/attack/digital_3/huawei/french-033_03.jpg,dev
french-044_03,train/attack/digital_2/scan/french-044_03.jpg,train,2,french-033_03,test/attack/digital_3/iphone15pro/french-033_03.jpg,dev
french-044_03,train/attack/digital_2/scan/french-044_03.jpg,train,4,french-019_03,train/bonafide/huawei/french-019_03.jpg,internal_test
french-044_03,train/attack/digital_2/scan/french-044_03.jpg,train,2,french-022_03,train/bonafide/huawei/french-022_03.jpg,internal_test
french-044_03,train/attack/digital_2/scan/french-044_03.jpg,train,4,french-068_03,train/bonafide/huawei/french-068_03.jpg,internal_test
french-044_03,train/attack/digital_2/scan/french-044_03.jpg,train,4,french-019_03,train/bonafide/iphone15pro/french-019_03.jpg,internal_test
french-044_03,train/attack/digital_2/scan/french-044_03.jpg,train,4,french-022_03,train/bonafide/iphone15pro/french-022_03.jpg,internal_test
french-044_03,train/attack/digital_2/scan/french-044_03.jpg,train,4,french-068_03,train/bonafide/iphone15pro/french-068_03.jpg,internal_test
french-044_03,train/attack/digital_2/scan/french-044_03.jpg,train,4,french-022_03,train/bonafide/scan/french-022_03.jpg,internal_test
french-044_03,train/attack/digital_2/scan/french-044_03.jpg,train,4,french-022_03,train/attack/digital_2/iphone15pro/french-022_03.jpg,internal_test
french-044_03,train/attack/digital_2/scan/french-044_03.jpg,train,4,french-022_03,train/attack/digital_2/scan/french-022_03.jpg,internal_test
french-044_03,train/attack/digital_2/scan/french-044_03.jpg,train,4,french-068_03,train/attack/digital_2/huawei/french-068_03.jpg,internal_test
french-044_03,train/attack/digital_2/scan/french-044_03.jpg,train,2,french-022_03,train/attack/digital_2/huawei/french-022_03.jpg,internal_test
french-044_03,train/attack/digital_2/scan/french-044_03.jpg,train,4,french-019_03,train/attack/digital_1/huawei/french-019_03.jpg,internal_test
french-044_03,train/attack/digital_2/scan/french-044_03.jpg,train,4,french-022_03,train/attack/digital_1/huawei/french-022_03.jpg,internal_test
french-044_03,train/attack/digital_2/scan/french-044_03.jpg,train,4,french-068_03,train/attack/digital_1/huawei/french-068_03.jpg,internal_test
french-044_03,train/attack/digital_2/scan/french-044_03.jpg,train,4,french-019_03,train/attack/digital_1/iphone15pro/french-019_03.jpg,internal_test
french-044_03,train/attack/digital_2/scan/french-044_03.jpg,train,4,french-022_03,train/attack/digital_1/iphone15pro/french-022_03.jpg,internal_test
french-044_03,train/attack/digital_2/scan/french-044_03.jpg,train,4,french-068_03,train/attack/digital_1/iphone15pro/french-068_03.jpg,internal_test
french-044_03,train/attack/digital_2/scan/french-044_03.jpg,train,4,french-022_03,train/attack/digital_1/scan/french-022_03.jpg,internal_test
french-044_03,train/attack/digital_2/scan/french-044_03.jpg,train,4,french-019_03,test/attack/digital_3/huawei/french-019_03.jpg,internal_test
french-044_03,train/attack/digital_2/scan/french-044_03.jpg,train,4,french-019_03,test/attack/digital_3/iphone15pro/french-019_03.jpg,internal_test
french-044_03,train/attack/digital_2/scan/french-044_03.jpg,train,4,french-022_03,test/attack/digital_3/scan/french-022_03.jpg,internal_test
french-044_03,train/attack/digital_2/scan/french-044_03.jpg,train,2,french-022_03,test/attack/digital_3/huawei/french-022_03.jpg,internal_test
french-044_03,train/attack/digital_2/scan/french-044_03.jpg,train,4,french-022_03,test/attack/digital_3/iphone15pro/french-022_03.jpg,internal_test
french-044_03,train/attack/digital_2/scan/french-044_03.jpg,train,4,french-068_03,test/attack/digital_3/huawei/french-068_03.jpg,internal_test
indian-021_03,train/attack/digital_2/scan/indian-021_03.jpg,train,4,indian-038_03,train/bonafide/iphone15pro/indian-038_03.jpg,dev
indian-021_03,train/attack/digital_2/scan/indian-021_03.jpg,train,4,indian-038_03,train/attack/digital_2/iphone15pro/indian-038_03.jpg,dev
indian-021_03,train/attack/digital_2/scan/indian-021_03.jpg,train,4,indian-038_03,train/attack/digital_1/iphone15pro/indian-038_03.jpg,dev
indian-021_03,train/attack/digital_2/scan/indian-021_03.jpg,train,4,indian-038_03,test/attack/digital_3/iphone15pro/indian-038_03.jpg,dev
persian-144_03,train/attack/digital_2/scan/persian-144_03.jpg,train,4,persian-122_03,train/attack/digital_2/scan/persian-122_03.jpg,dev
persian-144_03,train/attack/digital_2/scan/persian-144_03.jpg,train,4,persian-122_03,train/attack/digital_1/scan/persian-122_03.jpg,dev
persian-NF-1031,train/attack/digital_2/scan/persian-NF-1031.jpg,train,4,persian-NF-1097,train/bonafide/scan/persian-NF-1097.jpg,dev
persian-NF-1031,train/attack/digital_2/scan/persian-NF-1031.jpg,train,4,persian-NF-1097,train/attack/digital_2/scan/persian-NF-1097.jpg,dev
french-124_03,train/attack/digital_2/scan/french-124_03.jpg,train,4,french-019_03,train/bonafide/scan/french-019_03.jpg,internal_test
french-124_03,train/attack/digital_2/scan/french-124_03.jpg,train,2,french-019_03,train/attack/digital_2/scan/french-019_03.jpg,internal_test
french-124_03,train/attack/digital_2/scan/french-124_03.jpg,train,4,french-019_03,train/attack/digital_2/huawei/french-019_03.jpg,internal_test
french-124_03,train/attack/digital_2/scan/french-124_03.jpg,train,2,french-019_03,train/attack/digital_1/scan/french-019_03.jpg,internal_test
french-124_03,train/attack/digital_2/scan/french-124_03.jpg,train,4,french-019_03,test/attack/digital_3/scan/french-019_03.jpg,internal_test
french-124_03,train/attack/digital_2/scan/french-124_03.jpg,train,4,french-019_03,test/attack/digital_3/huawei/french-019_03.jpg,internal_test
persian-069_03,train/attack/digital_2/scan/persian-069_03.jpg,train,4,persian-122_03,train/attack/digital_2/scan/persian-122_03.jpg,dev
persian-069_03,train/attack/digital_2/scan/persian-069_03.jpg,train,4,persian-122_03,train/attack/digital_1/scan/persian-122_03.jpg,dev
indian-012_03,train/attack/digital_2/scan/indian-012_03.jpg,train,4,indian-094_03,train/attack/digital_1/huawei/indian-094_03.jpg,internal_test
persian-010_03,train/attack/digital_2/scan/persian-010_03.jpg,train,4,persian-122_03,train/bonafide/huawei/persian-122_03.jpg,dev
persian-010_03,train/attack/digital_2/scan/persian-010_03.jpg,train,4,persian-122_03,train/bonafide/iphone15pro/persian-122_03.jpg,dev
persian-010_03,train/attack/digital_2/scan/persian-010_03.jpg,train,0,persian-122_03,train/bonafide/scan/persian-122_03.jpg,dev
persian-010_03,train/attack/digital_2/scan/persian-010_03.jpg,train,2,persian-122_03,train/attack/digital_2/iphone15pro/persian-122_03.jpg,dev
persian-010_03,train/attack/digital_2/scan/persian-010_03.jpg,train,2,persian-122_03,train/attack/digital_2/scan/persian-122_03.jpg,dev
persian-010_03,train/attack/digital_2/scan/persian-010_03.jpg,train,4,persian-122_03,train/attack/digital_2/huawei/persian-122_03.jpg,dev
persian-010_03,train/attack/digital_2/scan/persian-010_03.jpg,train,4,persian-122_03,train/attack/digital_1/huawei/persian-122_03.jpg,dev
persian-010_03,train/attack/digital_2/scan/persian-010_03.jpg,train,2,persian-122_03,train/attack/digital_1/iphone15pro/persian-122_03.jpg,dev
persian-010_03,train/attack/digital_2/scan/persian-010_03.jpg,train,2,persian-122_03,train/attack/digital_1/scan/persian-122_03.jpg,dev
persian-010_03,train/attack/digital_2/scan/persian-010_03.jpg,train,0,persian-122_03,test/attack/digital_3/scan/persian-122_03.jpg,dev
persian-010_03,train/attack/digital_2/scan/persian-010_03.jpg,train,4,persian-122_03,test/attack/digital_3/huawei/persian-122_03.jpg,dev
persian-010_03,train/attack/digital_2/scan/persian-010_03.jpg,train,2,persian-122_03,test/attack/digital_3/iphone15pro/persian-122_03.jpg,dev
russian-NF-1099,train/attack/digital_2/scan/russian-NF-1099.jpg,train,4,russian-NF-1069,train/bonafide/huawei/russian-NF-1069.jpg,internal_test
russian-NF-1099,train/attack/digital_2/scan/russian-NF-1099.jpg,train,4,russian-NF-1069,train/attack/digital_2/huawei/russian-NF-1069.jpg,internal_test
russian-NF-1099,train/attack/digital_2/scan/russian-NF-1099.jpg,train,4,russian-NF-1069,test/attack/digital_3/huawei/russian-NF-1069.jpg,internal_test
usa-016_03,train/attack/digital_2/scan/usa-016_03.jpg,train,4,usa-134_03,train/bonafide/scan/usa-134_03.jpg,dev
usa-016_03,train/attack/digital_2/scan/usa-016_03.jpg,train,4,usa-134_03,train/attack/digital_2/scan/usa-134_03.jpg,dev
usa-016_03,train/attack/digital_2/scan/usa-016_03.jpg,train,4,usa-134_03,train/attack/digital_1/scan/usa-134_03.jpg,dev
usa-016_03,train/attack/digital_2/scan/usa-016_03.jpg,train,4,usa-134_03,test/attack/digital_3/scan/usa-134_03.jpg,dev
usa-016_03,train/attack/digital_2/scan/usa-016_03.jpg,train,4,usa-NF-1094,train/attack/digital_1/huawei/usa-NF-1094.jpg,internal_test
turkiye-130_03,train/attack/digital_2/scan/turkiye-130_03.jpg,train,4,turkiye-101_03,train/bonafide/huawei/turkiye-101_03.jpg,dev
turkiye-130_03,train/attack/digital_2/scan/turkiye-130_03.jpg,train,4,turkiye-104_03,train/bonafide/huawei/turkiye-104_03.jpg,dev
turkiye-130_03,train/attack/digital_2/scan/turkiye-130_03.jpg,train,4,turkiye-104_03,train/bonafide/scan/turkiye-104_03.jpg,dev
turkiye-130_03,train/attack/digital_2/scan/turkiye-130_03.jpg,train,4,turkiye-101_03,train/attack/digital_2/scan/turkiye-101_03.jpg,dev
turkiye-130_03,train/attack/digital_2/scan/turkiye-130_03.jpg,train,4,turkiye-101_03,train/attack/digital_2/huawei/turkiye-101_03.jpg,dev
turkiye-130_03,train/attack/digital_2/scan/turkiye-130_03.jpg,train,4,turkiye-104_03,train/attack/digital_1/huawei/turkiye-104_03.jpg,dev
turkiye-130_03,train/attack/digital_2/scan/turkiye-130_03.jpg,train,4,turkiye-101_03,test/attack/digital_3/scan/turkiye-101_03.jpg,dev
turkiye-130_03,train/attack/digital_2/scan/turkiye-130_03.jpg,train,4,turkiye-101_03,test/attack/digital_3/huawei/turkiye-101_03.jpg,dev
turkiye-130_03,train/attack/digital_2/scan/turkiye-130_03.jpg,train,4,turkiye-104_03,test/attack/digital_3/huawei/turkiye-104_03.jpg,dev
turkiye-130_03,train/attack/digital_2/scan/turkiye-130_03.jpg,train,4,turkiye-031_03,train/bonafide/huawei/turkiye-031_03.jpg,internal_test
turkiye-130_03,train/attack/digital_2/scan/turkiye-130_03.jpg,train,2,turkiye-115_03,train/bonafide/huawei/turkiye-115_03.jpg,internal_test
turkiye-130_03,train/attack/digital_2/scan/turkiye-130_03.jpg,train,4,turkiye-121_03,train/attack/digital_2/iphone15pro/turkiye-121_03.jpg,internal_test
turkiye-130_03,train/attack/digital_2/scan/turkiye-130_03.jpg,train,4,turkiye-115_03,train/attack/digital_2/huawei/turkiye-115_03.jpg,internal_test
turkiye-130_03,train/attack/digital_2/scan/turkiye-130_03.jpg,train,4,turkiye-031_03,train/attack/digital_2/huawei/turkiye-031_03.jpg,internal_test
turkiye-130_03,train/attack/digital_2/scan/turkiye-130_03.jpg,train,4,turkiye-031_03,train/attack/digital_1/huawei/turkiye-031_03.jpg,internal_test
turkiye-130_03,train/attack/digital_2/scan/turkiye-130_03.jpg,train,2,turkiye-031_03,test/attack/digital_3/huawei/turkiye-031_03.jpg,internal_test
turkiye-130_03,train/attack/digital_2/scan/turkiye-130_03.jpg,train,2,turkiye-115_03,test/attack/digital_3/huawei/turkiye-115_03.jpg,internal_test
turkiye-130_03,train/attack/digital_2/scan/turkiye-130_03.jpg,train,4,turkiye-121_03,test/attack/digital_3/iphone15pro/turkiye-121_03.jpg,internal_test
usa-NF-1004,train/attack/digital_2/scan/usa-NF-1004.jpg,train,4,usa-117_03,train/bonafide/scan/usa-117_03.jpg,dev
usa-NF-1004,train/attack/digital_2/scan/usa-NF-1004.jpg,train,4,usa-117_03,test/attack/digital_3/scan/usa-117_03.jpg,dev
turkiye-008_03,train/attack/digital_2/scan/turkiye-008_03.jpg,train,4,turkiye-104_03,train/bonafide/huawei/turkiye-104_03.jpg,dev
turkiye-008_03,train/attack/digital_2/scan/turkiye-008_03.jpg,train,2,turkiye-041_03,train/bonafide/iphone15pro/turkiye-041_03.jpg,dev
turkiye-008_03,train/attack/digital_2/scan/turkiye-008_03.jpg,train,0,turkiye-101_03,train/bonafide/iphone15pro/turkiye-101_03.jpg,dev
turkiye-008_03,train/attack/digital_2/scan/turkiye-008_03.jpg,train,2,turkiye-101_03,train/bonafide/scan/turkiye-101_03.jpg,dev
turkiye-008_03,train/attack/digital_2/scan/turkiye-008_03.jpg,train,2,turkiye-041_03,train/attack/digital_2/iphone15pro/turkiye-041_03.jpg,dev
turkiye-008_03,train/attack/digital_2/scan/turkiye-008_03.jpg,train,4,turkiye-104_03,train/attack/digital_2/iphone15pro/turkiye-104_03.jpg,dev
turkiye-008_03,train/attack/digital_2/scan/turkiye-008_03.jpg,train,0,turkiye-101_03,train/attack/digital_2/iphone15pro/turkiye-101_03.jpg,dev
turkiye-008_03,train/attack/digital_2/scan/turkiye-008_03.jpg,train,4,turkiye-041_03,train/attack/digital_2/scan/turkiye-041_03.jpg,dev
turkiye-008_03,train/attack/digital_2/scan/turkiye-008_03.jpg,train,4,turkiye-101_03,train/attack/digital_2/scan/turkiye-101_03.jpg,dev
turkiye-008_03,train/attack/digital_2/scan/turkiye-008_03.jpg,train,4,turkiye-101_03,train/attack/digital_1/huawei/turkiye-101_03.jpg,dev
turkiye-008_03,train/attack/digital_2/scan/turkiye-008_03.jpg,train,2,turkiye-041_03,train/attack/digital_1/iphone15pro/turkiye-041_03.jpg,dev
turkiye-008_03,train/attack/digital_2/scan/turkiye-008_03.jpg,train,0,turkiye-101_03,train/attack/digital_1/iphone15pro/turkiye-101_03.jpg,dev
turkiye-008_03,train/attack/digital_2/scan/turkiye-008_03.jpg,train,4,turkiye-041_03,train/attack/digital_1/scan/turkiye-041_03.jpg,dev
turkiye-008_03,train/attack/digital_2/scan/turkiye-008_03.jpg,train,2,turkiye-101_03,train/attack/digital_1/scan/turkiye-101_03.jpg,dev
turkiye-008_03,train/attack/digital_2/scan/turkiye-008_03.jpg,train,4,turkiye-104_03,train/attack/digital_1/scan/turkiye-104_03.jpg,dev
turkiye-008_03,train/attack/digital_2/scan/turkiye-008_03.jpg,train,2,turkiye-041_03,test/attack/digital_3/iphone15pro/turkiye-041_03.jpg,dev
turkiye-008_03,train/attack/digital_2/scan/turkiye-008_03.jpg,train,4,turkiye-101_03,test/attack/digital_3/scan/turkiye-101_03.jpg,dev
turkiye-008_03,train/attack/digital_2/scan/turkiye-008_03.jpg,train,4,turkiye-101_03,test/attack/digital_3/huawei/turkiye-101_03.jpg,dev
turkiye-008_03,train/attack/digital_2/scan/turkiye-008_03.jpg,train,0,turkiye-101_03,test/attack/digital_3/iphone15pro/turkiye-101_03.jpg,dev
turkiye-008_03,train/attack/digital_2/scan/turkiye-008_03.jpg,train,2,turkiye-121_03,train/bonafide/huawei/turkiye-121_03.jpg,internal_test
turkiye-008_03,train/attack/digital_2/scan/turkiye-008_03.jpg,train,4,turkiye-031_03,train/bonafide/iphone15pro/turkiye-031_03.jpg,internal_test
turkiye-008_03,train/attack/digital_2/scan/turkiye-008_03.jpg,train,0,turkiye-115_03,train/bonafide/iphone15pro/turkiye-115_03.jpg,internal_test
turkiye-008_03,train/attack/digital_2/scan/turkiye-008_03.jpg,train,4,turkiye-031_03,train/bonafide/scan/turkiye-031_03.jpg,internal_test
turkiye-008_03,train/attack/digital_2/scan/turkiye-008_03.jpg,train,2,turkiye-115_03,train/bonafide/scan/turkiye-115_03.jpg,internal_test
turkiye-008_03,train/attack/digital_2/scan/turkiye-008_03.jpg,train,2,turkiye-115_03,train/attack/digital_2/iphone15pro/turkiye-115_03.jpg,internal_test
turkiye-008_03,train/attack/digital_2/scan/turkiye-008_03.jpg,train,4,turkiye-121_03,train/attack/digital_2/iphone15pro/turkiye-121_03.jpg,internal_test
turkiye-008_03,train/attack/digital_2/scan/turkiye-008_03.jpg,train,4,turkiye-031_03,train/attack/digital_2/iphone15pro/turkiye-031_03.jpg,internal_test
turkiye-008_03,train/attack/digital_2/scan/turkiye-008_03.jpg,train,2,turkiye-115_03,train/attack/digital_2/scan/turkiye-115_03.jpg,internal_test
turkiye-008_03,train/attack/digital_2/scan/turkiye-008_03.jpg,train,4,turkiye-031_03,train/attack/digital_2/scan/turkiye-031_03.jpg,internal_test
turkiye-008_03,train/attack/digital_2/scan/turkiye-008_03.jpg,train,4,turkiye-121_03,train/attack/digital_2/huawei/turkiye-121_03.jpg,internal_test
turkiye-008_03,train/attack/digital_2/scan/turkiye-008_03.jpg,train,4,turkiye-031_03,train/attack/digital_2/huawei/turkiye-031_03.jpg,internal_test
turkiye-008_03,train/attack/digital_2/scan/turkiye-008_03.jpg,train,4,turkiye-031_03,train/attack/digital_1/huawei/turkiye-031_03.jpg,internal_test
turkiye-008_03,train/attack/digital_2/scan/turkiye-008_03.jpg,train,4,turkiye-115_03,train/attack/digital_1/huawei/turkiye-115_03.jpg,internal_test
turkiye-008_03,train/attack/digital_2/scan/turkiye-008_03.jpg,train,2,turkiye-121_03,train/attack/digital_1/huawei/turkiye-121_03.jpg,internal_test
turkiye-008_03,train/attack/digital_2/scan/turkiye-008_03.jpg,train,2,turkiye-115_03,train/attack/digital_1/iphone15pro/turkiye-115_03.jpg,internal_test
turkiye-008_03,train/attack/digital_2/scan/turkiye-008_03.jpg,train,4,turkiye-121_03,train/attack/digital_1/iphone15pro/turkiye-121_03.jpg,internal_test
turkiye-008_03,train/attack/digital_2/scan/turkiye-008_03.jpg,train,2,turkiye-115_03,train/attack/digital_1/scan/turkiye-115_03.jpg,internal_test
turkiye-008_03,train/attack/digital_2/scan/turkiye-008_03.jpg,train,4,turkiye-121_03,train/attack/digital_1/scan/turkiye-121_03.jpg,internal_test
turkiye-008_03,train/attack/digital_2/scan/turkiye-008_03.jpg,train,4,turkiye-031_03,test/attack/digital_3/scan/turkiye-031_03.jpg,internal_test
turkiye-008_03,train/attack/digital_2/scan/turkiye-008_03.jpg,train,4,turkiye-031_03,test/attack/digital_3/iphone15pro/turkiye-031_03.jpg,internal_test
turkiye-008_03,train/attack/digital_2/scan/turkiye-008_03.jpg,train,2,turkiye-115_03,test/attack/digital_3/scan/turkiye-115_03.jpg,internal_test
turkiye-008_03,train/attack/digital_2/scan/turkiye-008_03.jpg,train,2,turkiye-115_03,test/attack/digital_3/iphone15pro/turkiye-115_03.jpg,internal_test
turkiye-008_03,train/attack/digital_2/scan/turkiye-008_03.jpg,train,2,turkiye-121_03,test/attack/digital_3/huawei/turkiye-121_03.jpg,internal_test
turkiye-008_03,train/attack/digital_2/scan/turkiye-008_03.jpg,train,4,turkiye-121_03,test/attack/digital_3/iphone15pro/turkiye-121_03.jpg,internal_test
russian-062_03,train/attack/digital_2/scan/russian-062_03.jpg,train,4,russian-141_03,train/attack/digital_2/iphone15pro/russian-141_03.jpg,dev
russian-062_03,train/attack/digital_2/scan/russian-062_03.jpg,train,4,russian-141_03,train/attack/digital_1/iphone15pro/russian-141_03.jpg,dev
russian-062_03,train/attack/digital_2/scan/russian-062_03.jpg,train,4,russian-141_03,test/attack/digital_3/iphone15pro/russian-141_03.jpg,dev
arabic-NF-1049,train/attack/digital_2/scan/arabic-NF-1049.jpg,train,4,arabic-NF-1030,train/bonafide/scan/arabic-NF-1030.jpg,dev
arabic-NF-1049,train/attack/digital_2/scan/arabic-NF-1049.jpg,train,4,arabic-NF-1030,train/attack/digital_2/scan/arabic-NF-1030.jpg,dev
arabic-NF-1049,train/attack/digital_2/scan/arabic-NF-1049.jpg,train,4,arabic-NF-1030,train/attack/digital_1/huawei/arabic-NF-1030.jpg,dev
arabic-NF-1049,train/attack/digital_2/scan/arabic-NF-1049.jpg,train,4,arabic-NF-1030,train/attack/digital_1/scan/arabic-NF-1030.jpg,dev
arabic-NF-1049,train/attack/digital_2/scan/arabic-NF-1049.jpg,train,4,arabic-NF-1030,test/attack/digital_3/scan/arabic-NF-1030.jpg,dev
arabic-NF-1049,train/attack/digital_2/scan/arabic-NF-1049.jpg,train,4,arabic-NF-1098,train/bonafide/iphone15pro/arabic-NF-1098.jpg,internal_test
arabic-NF-1049,train/attack/digital_2/scan/arabic-NF-1049.jpg,train,4,arabic-NF-1098,train/bonafide/scan/arabic-NF-1098.jpg,internal_test
arabic-NF-1049,train/attack/digital_2/scan/arabic-NF-1049.jpg,train,4,arabic-NF-1098,test/attack/digital_3/scan/arabic-NF-1098.jpg,internal_test
arabic-NF-1100,train/attack/digital_2/scan/arabic-NF-1100.jpg,train,4,arabic-NF-1030,train/bonafide/scan/arabic-NF-1030.jpg,dev
arabic-NF-1100,train/attack/digital_2/scan/arabic-NF-1100.jpg,train,4,arabic-NF-1030,train/attack/digital_2/scan/arabic-NF-1030.jpg,dev
arabic-NF-1100,train/attack/digital_2/scan/arabic-NF-1100.jpg,train,4,arabic-NF-1030,train/attack/digital_1/huawei/arabic-NF-1030.jpg,dev
arabic-NF-1100,train/attack/digital_2/scan/arabic-NF-1100.jpg,train,4,arabic-NF-1030,train/attack/digital_1/scan/arabic-NF-1030.jpg,dev
arabic-NF-1100,train/attack/digital_2/scan/arabic-NF-1100.jpg,train,4,arabic-NF-1030,test/attack/digital_3/scan/arabic-NF-1030.jpg,dev
arabic-NF-1100,train/attack/digital_2/scan/arabic-NF-1100.jpg,train,4,arabic-NF-1098,train/bonafide/iphone15pro/arabic-NF-1098.jpg,internal_test
arabic-NF-1100,train/attack/digital_2/scan/arabic-NF-1100.jpg,train,4,arabic-NF-1098,train/bonafide/scan/arabic-NF-1098.jpg,internal_test
arabic-NF-1100,train/attack/digital_2/scan/arabic-NF-1100.jpg,train,4,arabic-NF-1098,test/attack/digital_3/scan/arabic-NF-1098.jpg,internal_test
turkiye-086_03,train/attack/digital_2/scan/turkiye-086_03.jpg,train,4,turkiye-041_03,train/bonafide/huawei/turkiye-041_03.jpg,dev
turkiye-086_03,train/attack/digital_2/scan/turkiye-086_03.jpg,train,4,turkiye-041_03,train/bonafide/iphone15pro/turkiye-041_03.jpg,dev
turkiye-086_03,train/attack/digital_2/scan/turkiye-086_03.jpg,train,4,turkiye-041_03,train/bonafide/scan/turkiye-041_03.jpg,dev
turkiye-086_03,train/attack/digital_2/scan/turkiye-086_03.jpg,train,4,turkiye-041_03,train/attack/digital_2/iphone15pro/turkiye-041_03.jpg,dev
turkiye-086_03,train/attack/digital_2/scan/turkiye-086_03.jpg,train,4,turkiye-041_03,train/attack/digital_2/scan/turkiye-041_03.jpg,dev
turkiye-086_03,train/attack/digital_2/scan/turkiye-086_03.jpg,train,4,turkiye-041_03,train/attack/digital_2/huawei/turkiye-041_03.jpg,dev
turkiye-086_03,train/attack/digital_2/scan/turkiye-086_03.jpg,train,4,turkiye-041_03,train/attack/digital_1/huawei/turkiye-041_03.jpg,dev
turkiye-086_03,train/attack/digital_2/scan/turkiye-086_03.jpg,train,4,turkiye-041_03,train/attack/digital_1/iphone15pro/turkiye-041_03.jpg,dev
turkiye-086_03,train/attack/digital_2/scan/turkiye-086_03.jpg,train,4,turkiye-041_03,train/attack/digital_1/scan/turkiye-041_03.jpg,dev
turkiye-086_03,train/attack/digital_2/scan/turkiye-086_03.jpg,train,4,turkiye-041_03,test/attack/digital_3/scan/turkiye-041_03.jpg,dev
turkiye-086_03,train/attack/digital_2/scan/turkiye-086_03.jpg,train,4,turkiye-041_03,test/attack/digital_3/huawei/turkiye-041_03.jpg,dev
turkiye-086_03,train/attack/digital_2/scan/turkiye-086_03.jpg,train,4,turkiye-041_03,test/attack/digital_3/iphone15pro/turkiye-041_03.jpg,dev
turkiye-086_03,train/attack/digital_2/scan/turkiye-086_03.jpg,train,4,turkiye-031_03,train/bonafide/huawei/turkiye-031_03.jpg,internal_test
turkiye-086_03,train/attack/digital_2/scan/turkiye-086_03.jpg,train,4,turkiye-115_03,train/bonafide/huawei/turkiye-115_03.jpg,internal_test
turkiye-086_03,train/attack/digital_2/scan/turkiye-086_03.jpg,train,4,turkiye-031_03,train/bonafide/iphone15pro/turkiye-031_03.jpg,internal_test
turkiye-086_03,train/attack/digital_2/scan/turkiye-086_03.jpg,train,4,turkiye-121_03,train/bonafide/iphone15pro/turkiye-121_03.jpg,internal_test
turkiye-086_03,train/attack/digital_2/scan/turkiye-086_03.jpg,train,4,turkiye-031_03,train/bonafide/scan/turkiye-031_03.jpg,internal_test
turkiye-086_03,train/attack/digital_2/scan/turkiye-086_03.jpg,train,2,turkiye-121_03,train/bonafide/scan/turkiye-121_03.jpg,internal_test
turkiye-086_03,train/attack/digital_2/scan/turkiye-086_03.jpg,train,2,turkiye-121_03,train/attack/digital_2/iphone15pro/turkiye-121_03.jpg,internal_test
turkiye-086_03,train/attack/digital_2/scan/turkiye-086_03.jpg,train,4,turkiye-031_03,train/attack/digital_2/iphone15pro/turkiye-031_03.jpg,internal_test
turkiye-086_03,train/attack/digital_2/scan/turkiye-086_03.jpg,train,4,turkiye-032_03,train/attack/digital_2/scan/turkiye-032_03.jpg,internal_test
turkiye-086_03,train/attack/digital_2/scan/turkiye-086_03.jpg,train,2,turkiye-121_03,train/attack/digital_2/scan/turkiye-121_03.jpg,internal_test
turkiye-086_03,train/attack/digital_2/scan/turkiye-086_03.jpg,train,4,turkiye-031_03,train/attack/digital_2/scan/turkiye-031_03.jpg,internal_test
turkiye-086_03,train/attack/digital_2/scan/turkiye-086_03.jpg,train,4,turkiye-115_03,train/attack/digital_2/huawei/turkiye-115_03.jpg,internal_test
turkiye-086_03,train/attack/digital_2/scan/turkiye-086_03.jpg,train,2,turkiye-031_03,train/attack/digital_2/huawei/turkiye-031_03.jpg,internal_test
turkiye-086_03,train/attack/digital_2/scan/turkiye-086_03.jpg,train,4,turkiye-031_03,train/attack/digital_1/huawei/turkiye-031_03.jpg,internal_test
turkiye-086_03,train/attack/digital_2/scan/turkiye-086_03.jpg,train,4,turkiye-121_03,train/attack/digital_1/iphone15pro/turkiye-121_03.jpg,internal_test
turkiye-086_03,train/attack/digital_2/scan/turkiye-086_03.jpg,train,4,turkiye-032_03,train/attack/digital_1/scan/turkiye-032_03.jpg,internal_test
turkiye-086_03,train/attack/digital_2/scan/turkiye-086_03.jpg,train,4,turkiye-121_03,train/attack/digital_1/scan/turkiye-121_03.jpg,internal_test
turkiye-086_03,train/attack/digital_2/scan/turkiye-086_03.jpg,train,4,turkiye-031_03,test/attack/digital_3/scan/turkiye-031_03.jpg,internal_test
turkiye-086_03,train/attack/digital_2/scan/turkiye-086_03.jpg,train,4,turkiye-031_03,test/attack/digital_3/huawei/turkiye-031_03.jpg,internal_test
turkiye-086_03,train/attack/digital_2/scan/turkiye-086_03.jpg,train,4,turkiye-031_03,test/attack/digital_3/iphone15pro/turkiye-031_03.jpg,internal_test
turkiye-086_03,train/attack/digital_2/scan/turkiye-086_03.jpg,train,4,turkiye-115_03,test/attack/digital_3/huawei/turkiye-115_03.jpg,internal_test
turkiye-086_03,train/attack/digital_2/scan/turkiye-086_03.jpg,train,2,turkiye-121_03,test/attack/digital_3/scan/turkiye-121_03.jpg,internal_test
turkiye-086_03,train/attack/digital_2/scan/turkiye-086_03.jpg,train,2,turkiye-121_03,test/attack/digital_3/iphone15pro/turkiye-121_03.jpg,internal_test
portugal-004_03,train/attack/digital_2/scan/portugal-004_03.jpg,train,4,portugal-172_03,train/bonafide/iphone15pro/portugal-172_03.jpg,dev
portugal-004_03,train/attack/digital_2/scan/portugal-004_03.jpg,train,4,portugal-172_03,train/bonafide/scan/portugal-172_03.jpg,dev
portugal-004_03,train/attack/digital_2/scan/portugal-004_03.jpg,train,2,portugal-172_03,train/attack/digital_2/iphone15pro/portugal-172_03.jpg,dev
portugal-004_03,train/attack/digital_2/scan/portugal-004_03.jpg,train,4,portugal-172_03,train/attack/digital_2/scan/portugal-172_03.jpg,dev
portugal-004_03,train/attack/digital_2/scan/portugal-004_03.jpg,train,4,portugal-172_03,train/attack/digital_1/huawei/portugal-172_03.jpg,dev
portugal-004_03,train/attack/digital_2/scan/portugal-004_03.jpg,train,2,portugal-172_03,train/attack/digital_1/iphone15pro/portugal-172_03.jpg,dev
portugal-004_03,train/attack/digital_2/scan/portugal-004_03.jpg,train,4,portugal-172_03,train/attack/digital_1/scan/portugal-172_03.jpg,dev
portugal-004_03,train/attack/digital_2/scan/portugal-004_03.jpg,train,4,portugal-172_03,test/attack/digital_3/scan/portugal-172_03.jpg,dev
portugal-004_03,train/attack/digital_2/scan/portugal-004_03.jpg,train,4,portugal-172_03,test/attack/digital_3/huawei/portugal-172_03.jpg,dev
portugal-004_03,train/attack/digital_2/scan/portugal-004_03.jpg,train,2,portugal-172_03,test/attack/digital_3/iphone15pro/portugal-172_03.jpg,dev
portugal-004_03,train/attack/digital_2/scan/portugal-004_03.jpg,train,2,portugal-119_03,train/bonafide/huawei/portugal-119_03.jpg,internal_test
portugal-004_03,train/attack/digital_2/scan/portugal-004_03.jpg,train,2,portugal-070_03,train/bonafide/iphone15pro/portugal-070_03.jpg,internal_test
portugal-004_03,train/attack/digital_2/scan/portugal-004_03.jpg,train,2,portugal-070_03,train/bonafide/scan/portugal-070_03.jpg,internal_test
portugal-004_03,train/attack/digital_2/scan/portugal-004_03.jpg,train,2,portugal-119_03,train/bonafide/scan/portugal-119_03.jpg,internal_test
portugal-004_03,train/attack/digital_2/scan/portugal-004_03.jpg,train,4,portugal-070_03,train/attack/digital_2/iphone15pro/portugal-070_03.jpg,internal_test
portugal-004_03,train/attack/digital_2/scan/portugal-004_03.jpg,train,2,portugal-119_03,train/attack/digital_2/scan/portugal-119_03.jpg,internal_test
portugal-004_03,train/attack/digital_2/scan/portugal-004_03.jpg,train,2,portugal-070_03,train/attack/digital_2/scan/portugal-070_03.jpg,internal_test
portugal-004_03,train/attack/digital_2/scan/portugal-004_03.jpg,train,4,portugal-119_03,train/attack/digital_2/huawei/portugal-119_03.jpg,internal_test
portugal-004_03,train/attack/digital_2/scan/portugal-004_03.jpg,train,2,portugal-119_03,train/attack/digital_1/huawei/portugal-119_03.jpg,internal_test
portugal-004_03,train/attack/digital_2/scan/portugal-004_03.jpg,train,0,portugal-070_03,train/attack/digital_1/iphone15pro/portugal-070_03.jpg,internal_test
portugal-004_03,train/attack/digital_2/scan/portugal-004_03.jpg,train,0,portugal-070_03,train/attack/digital_1/scan/portugal-070_03.jpg,internal_test
portugal-004_03,train/attack/digital_2/scan/portugal-004_03.jpg,train,2,portugal-119_03,train/attack/digital_1/scan/portugal-119_03.jpg,internal_test
portugal-004_03,train/attack/digital_2/scan/portugal-004_03.jpg,train,2,portugal-070_03,test/attack/digital_3/scan/portugal-070_03.jpg,internal_test
portugal-004_03,train/attack/digital_2/scan/portugal-004_03.jpg,train,4,portugal-070_03,test/attack/digital_3/huawei/portugal-070_03.jpg,internal_test
portugal-004_03,train/attack/digital_2/scan/portugal-004_03.jpg,train,2,portugal-070_03,test/attack/digital_3/iphone15pro/portugal-070_03.jpg,internal_test
portugal-004_03,train/attack/digital_2/scan/portugal-004_03.jpg,train,2,portugal-119_03,test/attack/digital_3/scan/portugal-119_03.jpg,internal_test
portugal-004_03,train/attack/digital_2/scan/portugal-004_03.jpg,train,2,portugal-119_03,test/attack/digital_3/huawei/portugal-119_03.jpg,internal_test
turkiye-036_03,train/attack/digital_2/scan/turkiye-036_03.jpg,train,4,turkiye-101_03,train/attack/digital_2/scan/turkiye-101_03.jpg,dev
turkiye-036_03,train/attack/digital_2/scan/turkiye-036_03.jpg,train,4,turkiye-101_03,train/attack/digital_2/huawei/turkiye-101_03.jpg,dev
turkiye-036_03,train/attack/digital_2/scan/turkiye-036_03.jpg,train,4,turkiye-101_03,test/attack/digital_3/scan/turkiye-101_03.jpg,dev
turkiye-036_03,train/attack/digital_2/scan/turkiye-036_03.jpg,train,4,turkiye-101_03,test/attack/digital_3/huawei/turkiye-101_03.jpg,dev
turkiye-036_03,train/attack/digital_2/scan/turkiye-036_03.jpg,train,4,turkiye-115_03,train/bonafide/huawei/turkiye-115_03.jpg,internal_test
turkiye-036_03,train/attack/digital_2/scan/turkiye-036_03.jpg,train,4,turkiye-115_03,train/attack/digital_1/huawei/turkiye-115_03.jpg,internal_test
turkiye-036_03,train/attack/digital_2/scan/turkiye-036_03.jpg,train,4,turkiye-115_03,test/attack/digital_3/huawei/turkiye-115_03.jpg,internal_test
ukraine-NF-1021,train/attack/digital_2/scan/ukraine-NF-1021.jpg,train,4,ukraine-NF-1057,train/bonafide/huawei/ukraine-NF-1057.jpg,dev
ukraine-NF-1021,train/attack/digital_2/scan/ukraine-NF-1021.jpg,train,4,ukraine-NF-1057,train/bonafide/iphone15pro/ukraine-NF-1057.jpg,dev
ukraine-NF-1021,train/attack/digital_2/scan/ukraine-NF-1021.jpg,train,2,ukraine-NF-1057,train/bonafide/scan/ukraine-NF-1057.jpg,dev
ukraine-NF-1021,train/attack/digital_2/scan/ukraine-NF-1021.jpg,train,4,ukraine-NF-1057,train/attack/digital_2/iphone15pro/ukraine-NF-1057.jpg,dev
ukraine-NF-1021,train/attack/digital_2/scan/ukraine-NF-1021.jpg,train,4,ukraine-NF-1057,train/attack/digital_2/scan/ukraine-NF-1057.jpg,dev
ukraine-NF-1021,train/attack/digital_2/scan/ukraine-NF-1021.jpg,train,4,ukraine-NF-1057,train/attack/digital_2/huawei/ukraine-NF-1057.jpg,dev
ukraine-NF-1021,train/attack/digital_2/scan/ukraine-NF-1021.jpg,train,4,ukraine-NF-1057,train/attack/digital_1/huawei/ukraine-NF-1057.jpg,dev
ukraine-NF-1021,train/attack/digital_2/scan/ukraine-NF-1021.jpg,train,4,ukraine-NF-1057,train/attack/digital_1/iphone15pro/ukraine-NF-1057.jpg,dev
ukraine-NF-1021,train/attack/digital_2/scan/ukraine-NF-1021.jpg,train,4,ukraine-NF-1057,train/attack/digital_1/scan/ukraine-NF-1057.jpg,dev
ukraine-NF-1021,train/attack/digital_2/scan/ukraine-NF-1021.jpg,train,2,ukraine-NF-1057,test/attack/digital_3/scan/ukraine-NF-1057.jpg,dev
ukraine-NF-1021,train/attack/digital_2/scan/ukraine-NF-1021.jpg,train,4,ukraine-NF-1057,test/attack/digital_3/huawei/ukraine-NF-1057.jpg,dev
ukraine-NF-1021,train/attack/digital_2/scan/ukraine-NF-1021.jpg,train,4,ukraine-NF-1057,test/attack/digital_3/iphone15pro/ukraine-NF-1057.jpg,dev
ukraine-NF-1032,train/attack/digital_2/scan/ukraine-NF-1032.jpg,train,4,ukraine-NF-1057,train/bonafide/huawei/ukraine-NF-1057.jpg,dev
ukraine-NF-1032,train/attack/digital_2/scan/ukraine-NF-1032.jpg,train,2,ukraine-NF-1057,train/bonafide/iphone15pro/ukraine-NF-1057.jpg,dev
ukraine-NF-1032,train/attack/digital_2/scan/ukraine-NF-1032.jpg,train,4,ukraine-NF-1057,train/bonafide/scan/ukraine-NF-1057.jpg,dev
ukraine-NF-1032,train/attack/digital_2/scan/ukraine-NF-1032.jpg,train,2,ukraine-NF-1057,train/attack/digital_2/iphone15pro/ukraine-NF-1057.jpg,dev
ukraine-NF-1032,train/attack/digital_2/scan/ukraine-NF-1032.jpg,train,4,ukraine-NF-1057,train/attack/digital_2/scan/ukraine-NF-1057.jpg,dev
ukraine-NF-1032,train/attack/digital_2/scan/ukraine-NF-1032.jpg,train,4,ukraine-NF-1057,train/attack/digital_2/huawei/ukraine-NF-1057.jpg,dev
ukraine-NF-1032,train/attack/digital_2/scan/ukraine-NF-1032.jpg,train,2,ukraine-NF-1057,train/attack/digital_1/huawei/ukraine-NF-1057.jpg,dev
ukraine-NF-1032,train/attack/digital_2/scan/ukraine-NF-1032.jpg,train,2,ukraine-NF-1057,train/attack/digital_1/iphone15pro/ukraine-NF-1057.jpg,dev
ukraine-NF-1032,train/attack/digital_2/scan/ukraine-NF-1032.jpg,train,4,ukraine-NF-1057,train/attack/digital_1/scan/ukraine-NF-1057.jpg,dev
ukraine-NF-1032,train/attack/digital_2/scan/ukraine-NF-1032.jpg,train,4,ukraine-NF-1057,test/attack/digital_3/scan/ukraine-NF-1057.jpg,dev
ukraine-NF-1032,train/attack/digital_2/scan/ukraine-NF-1032.jpg,train,4,ukraine-NF-1057,test/attack/digital_3/huawei/ukraine-NF-1057.jpg,dev
ukraine-NF-1032,train/attack/digital_2/scan/ukraine-NF-1032.jpg,train,2,ukraine-NF-1057,test/attack/digital_3/iphone15pro/ukraine-NF-1057.jpg,dev
persian-NF-1001,train/attack/digital_2/scan/persian-NF-1001.jpg,train,4,persian-NM-1074,train/bonafide/huawei/persian-NM-1074.jpg,internal_test
persian-NF-1001,train/attack/digital_2/scan/persian-NF-1001.jpg,train,2,persian-NM-1074,train/bonafide/scan/persian-NM-1074.jpg,internal_test
persian-NF-1001,train/attack/digital_2/scan/persian-NF-1001.jpg,train,4,persian-NM-1074,train/attack/digital_2/scan/persian-NM-1074.jpg,internal_test
persian-NF-1001,train/attack/digital_2/scan/persian-NF-1001.jpg,train,4,persian-NM-1074,train/attack/digital_2/huawei/persian-NM-1074.jpg,internal_test
persian-NF-1001,train/attack/digital_2/scan/persian-NF-1001.jpg,train,2,persian-NM-1074,train/attack/digital_1/huawei/persian-NM-1074.jpg,internal_test
persian-NF-1001,train/attack/digital_2/scan/persian-NF-1001.jpg,train,2,persian-NM-1074,train/attack/digital_1/scan/persian-NM-1074.jpg,internal_test
persian-NF-1001,train/attack/digital_2/scan/persian-NF-1001.jpg,train,2,persian-NM-1074,test/attack/digital_3/scan/persian-NM-1074.jpg,internal_test
persian-NF-1001,train/attack/digital_2/scan/persian-NF-1001.jpg,train,4,persian-NM-1074,test/attack/digital_3/huawei/persian-NM-1074.jpg,internal_test
portugal-017_03,train/attack/digital_2/scan/portugal-017_03.jpg,train,2,portugal-172_03,train/bonafide/iphone15pro/portugal-172_03.jpg,dev
portugal-017_03,train/attack/digital_2/scan/portugal-017_03.jpg,train,2,portugal-172_03,train/bonafide/scan/portugal-172_03.jpg,dev
portugal-017_03,train/attack/digital_2/scan/portugal-017_03.jpg,train,2,portugal-172_03,train/attack/digital_2/iphone15pro/portugal-172_03.jpg,dev
portugal-017_03,train/attack/digital_2/scan/portugal-017_03.jpg,train,4,portugal-172_03,train/attack/digital_2/scan/portugal-172_03.jpg,dev
portugal-017_03,train/attack/digital_2/scan/portugal-017_03.jpg,train,2,portugal-172_03,train/attack/digital_1/iphone15pro/portugal-172_03.jpg,dev
portugal-017_03,train/attack/digital_2/scan/portugal-017_03.jpg,train,2,portugal-172_03,train/attack/digital_1/scan/portugal-172_03.jpg,dev
portugal-017_03,train/attack/digital_2/scan/portugal-017_03.jpg,train,4,portugal-172_03,test/attack/digital_3/scan/portugal-172_03.jpg,dev
portugal-017_03,train/attack/digital_2/scan/portugal-017_03.jpg,train,2,portugal-172_03,test/attack/digital_3/iphone15pro/portugal-172_03.jpg,dev
portugal-017_03,train/attack/digital_2/scan/portugal-017_03.jpg,train,4,portugal-119_03,train/bonafide/huawei/portugal-119_03.jpg,internal_test
portugal-017_03,train/attack/digital_2/scan/portugal-017_03.jpg,train,4,portugal-070_03,train/bonafide/iphone15pro/portugal-070_03.jpg,internal_test
portugal-017_03,train/attack/digital_2/scan/portugal-017_03.jpg,train,2,portugal-070_03,train/bonafide/scan/portugal-070_03.jpg,internal_test
portugal-017_03,train/attack/digital_2/scan/portugal-017_03.jpg,train,4,portugal-119_03,train/bonafide/scan/portugal-119_03.jpg,internal_test
portugal-017_03,train/attack/digital_2/scan/portugal-017_03.jpg,train,4,portugal-070_03,train/attack/digital_2/iphone15pro/portugal-070_03.jpg,internal_test
portugal-017_03,train/attack/digital_2/scan/portugal-017_03.jpg,train,2,portugal-119_03,train/attack/digital_2/scan/portugal-119_03.jpg,internal_test
portugal-017_03,train/attack/digital_2/scan/portugal-017_03.jpg,train,2,portugal-070_03,train/attack/digital_2/scan/portugal-070_03.jpg,internal_test
portugal-017_03,train/attack/digital_2/scan/portugal-017_03.jpg,train,4,portugal-119_03,train/attack/digital_2/huawei/portugal-119_03.jpg,internal_test
portugal-017_03,train/attack/digital_2/scan/portugal-017_03.jpg,train,4,portugal-119_03,train/attack/digital_1/huawei/portugal-119_03.jpg,internal_test
portugal-017_03,train/attack/digital_2/scan/portugal-017_03.jpg,train,2,portugal-070_03,train/attack/digital_1/iphone15pro/portugal-070_03.jpg,internal_test
portugal-017_03,train/attack/digital_2/scan/portugal-017_03.jpg,train,4,portugal-119_03,train/attack/digital_1/iphone15pro/portugal-119_03.jpg,internal_test
portugal-017_03,train/attack/digital_2/scan/portugal-017_03.jpg,train,2,portugal-070_03,train/attack/digital_1/scan/portugal-070_03.jpg,internal_test
portugal-017_03,train/attack/digital_2/scan/portugal-017_03.jpg,train,2,portugal-119_03,train/attack/digital_1/scan/portugal-119_03.jpg,internal_test
portugal-017_03,train/attack/digital_2/scan/portugal-017_03.jpg,train,4,portugal-070_03,test/attack/digital_3/scan/portugal-070_03.jpg,internal_test
portugal-017_03,train/attack/digital_2/scan/portugal-017_03.jpg,train,4,portugal-070_03,test/attack/digital_3/huawei/portugal-070_03.jpg,internal_test
portugal-017_03,train/attack/digital_2/scan/portugal-017_03.jpg,train,4,portugal-070_03,test/attack/digital_3/iphone15pro/portugal-070_03.jpg,internal_test
portugal-017_03,train/attack/digital_2/scan/portugal-017_03.jpg,train,4,portugal-119_03,test/attack/digital_3/scan/portugal-119_03.jpg,internal_test
portugal-017_03,train/attack/digital_2/scan/portugal-017_03.jpg,train,4,portugal-119_03,test/attack/digital_3/huawei/portugal-119_03.jpg,internal_test
portugal-066_03,train/attack/digital_2/scan/portugal-066_03.jpg,train,4,portugal-172_03,train/bonafide/iphone15pro/portugal-172_03.jpg,dev
portugal-066_03,train/attack/digital_2/scan/portugal-066_03.jpg,train,4,portugal-172_03,train/attack/digital_2/scan/portugal-172_03.jpg,dev
portugal-066_03,train/attack/digital_2/scan/portugal-066_03.jpg,train,4,portugal-070_03,train/bonafide/huawei/portugal-070_03.jpg,internal_test
portugal-066_03,train/attack/digital_2/scan/portugal-066_03.jpg,train,4,portugal-061_03,train/bonafide/scan/portugal-061_03.jpg,internal_test
portugal-066_03,train/attack/digital_2/scan/portugal-066_03.jpg,train,4,portugal-061_03,train/attack/digital_2/scan/portugal-061_03.jpg,internal_test
portugal-066_03,train/attack/digital_2/scan/portugal-066_03.jpg,train,4,portugal-070_03,train/attack/digital_2/huawei/portugal-070_03.jpg,internal_test
portugal-066_03,train/attack/digital_2/scan/portugal-066_03.jpg,train,4,portugal-070_03,train/attack/digital_1/huawei/portugal-070_03.jpg,internal_test
portugal-066_03,train/attack/digital_2/scan/portugal-066_03.jpg,train,4,portugal-061_03,test/attack/digital_3/scan/portugal-061_03.jpg,internal_test
portugal-066_03,train/attack/digital_2/scan/portugal-066_03.jpg,train,2,portugal-070_03,test/attack/digital_3/huawei/portugal-070_03.jpg,internal_test
portugal-NF-1026,train/attack/digital_2/scan/portugal-NF-1026.jpg,train,4,portugal-NF-1022,train/attack/digital_2/scan/portugal-NF-1022.jpg,internal_test
portugal-NF-1026,train/attack/digital_2/scan/portugal-NF-1026.jpg,train,4,portugal-NF-1022,train/attack/digital_1/scan/portugal-NF-1022.jpg,internal_test
portugal-NF-1026,train/attack/digital_2/scan/portugal-NF-1026.jpg,train,4,portugal-NF-1022,test/attack/digital_3/scan/portugal-NF-1022.jpg,internal_test
portugal-105_03,train/attack/digital_2/scan/portugal-105_03.jpg,train,4,portugal-119_03,train/bonafide/huawei/portugal-119_03.jpg,internal_test
portugal-105_03,train/attack/digital_2/scan/portugal-105_03.jpg,train,4,portugal-070_03,train/bonafide/scan/portugal-070_03.jpg,internal_test
portugal-105_03,train/attack/digital_2/scan/portugal-105_03.jpg,train,4,portugal-119_03,train/bonafide/scan/portugal-119_03.jpg,internal_test
portugal-105_03,train/attack/digital_2/scan/portugal-105_03.jpg,train,4,portugal-119_03,train/attack/digital_2/scan/portugal-119_03.jpg,internal_test
portugal-105_03,train/attack/digital_2/scan/portugal-105_03.jpg,train,4,portugal-070_03,train/attack/digital_2/scan/portugal-070_03.jpg,internal_test
portugal-105_03,train/attack/digital_2/scan/portugal-105_03.jpg,train,4,portugal-119_03,train/attack/digital_2/huawei/portugal-119_03.jpg,internal_test
portugal-105_03,train/attack/digital_2/scan/portugal-105_03.jpg,train,4,portugal-070_03,train/attack/digital_1/huawei/portugal-070_03.jpg,internal_test
portugal-105_03,train/attack/digital_2/scan/portugal-105_03.jpg,train,4,portugal-119_03,train/attack/digital_1/huawei/portugal-119_03.jpg,internal_test
portugal-105_03,train/attack/digital_2/scan/portugal-105_03.jpg,train,4,portugal-070_03,train/attack/digital_1/iphone15pro/portugal-070_03.jpg,internal_test
portugal-105_03,train/attack/digital_2/scan/portugal-105_03.jpg,train,4,portugal-070_03,train/attack/digital_1/scan/portugal-070_03.jpg,internal_test
portugal-105_03,train/attack/digital_2/scan/portugal-105_03.jpg,train,4,portugal-119_03,train/attack/digital_1/scan/portugal-119_03.jpg,internal_test
portugal-105_03,train/attack/digital_2/scan/portugal-105_03.jpg,train,4,portugal-070_03,test/attack/digital_3/huawei/portugal-070_03.jpg,internal_test
portugal-105_03,train/attack/digital_2/scan/portugal-105_03.jpg,train,4,portugal-119_03,test/attack/digital_3/scan/portugal-119_03.jpg,internal_test
portugal-105_03,train/attack/digital_2/scan/portugal-105_03.jpg,train,4,portugal-119_03,test/attack/digital_3/huawei/portugal-119_03.jpg,internal_test
portugal-042_03,train/attack/digital_2/scan/portugal-042_03.jpg,train,4,portugal-061_03,train/bonafide/huawei/portugal-061_03.jpg,internal_test
portugal-042_03,train/attack/digital_2/scan/portugal-042_03.jpg,train,2,portugal-061_03,train/bonafide/iphone15pro/portugal-061_03.jpg,internal_test
portugal-042_03,train/attack/digital_2/scan/portugal-042_03.jpg,train,2,portugal-061_03,train/bonafide/scan/portugal-061_03.jpg,internal_test
portugal-042_03,train/attack/digital_2/scan/portugal-042_03.jpg,train,2,portugal-061_03,train/attack/digital_2/iphone15pro/portugal-061_03.jpg,internal_test
portugal-042_03,train/attack/digital_2/scan/portugal-042_03.jpg,train,4,portugal-119_03,train/attack/digital_2/iphone15pro/portugal-119_03.jpg,internal_test
portugal-042_03,train/attack/digital_2/scan/portugal-042_03.jpg,train,2,portugal-061_03,train/attack/digital_2/scan/portugal-061_03.jpg,internal_test
portugal-042_03,train/attack/digital_2/scan/portugal-042_03.jpg,train,4,portugal-061_03,train/attack/digital_2/huawei/portugal-061_03.jpg,internal_test
portugal-042_03,train/attack/digital_2/scan/portugal-042_03.jpg,train,4,portugal-061_03,train/attack/digital_1/huawei/portugal-061_03.jpg,internal_test
portugal-042_03,train/attack/digital_2/scan/portugal-042_03.jpg,train,4,portugal-119_03,train/attack/digital_1/iphone15pro/portugal-119_03.jpg,internal_test
portugal-042_03,train/attack/digital_2/scan/portugal-042_03.jpg,train,2,portugal-061_03,train/attack/digital_1/iphone15pro/portugal-061_03.jpg,internal_test
portugal-042_03,train/attack/digital_2/scan/portugal-042_03.jpg,train,2,portugal-061_03,train/attack/digital_1/scan/portugal-061_03.jpg,internal_test
portugal-042_03,train/attack/digital_2/scan/portugal-042_03.jpg,train,2,portugal-061_03,test/attack/digital_3/scan/portugal-061_03.jpg,internal_test
portugal-042_03,train/attack/digital_2/scan/portugal-042_03.jpg,train,4,portugal-061_03,test/attack/digital_3/huawei/portugal-061_03.jpg,internal_test
portugal-042_03,train/attack/digital_2/scan/portugal-042_03.jpg,train,2,portugal-061_03,test/attack/digital_3/iphone15pro/portugal-061_03.jpg,internal_test
ukraine-NF-1005,train/attack/digital_2/scan/ukraine-NF-1005.jpg,train,2,ukraine-NF-1057,train/bonafide/huawei/ukraine-NF-1057.jpg,dev
ukraine-NF-1005,train/attack/digital_2/scan/ukraine-NF-1005.jpg,train,2,ukraine-NF-1057,train/bonafide/iphone15pro/ukraine-NF-1057.jpg,dev
ukraine-NF-1005,train/attack/digital_2/scan/ukraine-NF-1005.jpg,train,2,ukraine-NF-1057,train/bonafide/scan/ukraine-NF-1057.jpg,dev
ukraine-NF-1005,train/attack/digital_2/scan/ukraine-NF-1005.jpg,train,2,ukraine-NF-1057,train/attack/digital_2/iphone15pro/ukraine-NF-1057.jpg,dev
ukraine-NF-1005,train/attack/digital_2/scan/ukraine-NF-1005.jpg,train,0,ukraine-NF-1057,train/attack/digital_2/scan/ukraine-NF-1057.jpg,dev
ukraine-NF-1005,train/attack/digital_2/scan/ukraine-NF-1005.jpg,train,0,ukraine-NF-1057,train/attack/digital_2/huawei/ukraine-NF-1057.jpg,dev
ukraine-NF-1005,train/attack/digital_2/scan/ukraine-NF-1005.jpg,train,2,ukraine-NF-1057,train/attack/digital_1/huawei/ukraine-NF-1057.jpg,dev
ukraine-NF-1005,train/attack/digital_2/scan/ukraine-NF-1005.jpg,train,2,ukraine-NF-1057,train/attack/digital_1/iphone15pro/ukraine-NF-1057.jpg,dev
ukraine-NF-1005,train/attack/digital_2/scan/ukraine-NF-1005.jpg,train,0,ukraine-NF-1057,train/attack/digital_1/scan/ukraine-NF-1057.jpg,dev
ukraine-NF-1005,train/attack/digital_2/scan/ukraine-NF-1005.jpg,train,2,ukraine-NF-1057,test/attack/digital_3/scan/ukraine-NF-1057.jpg,dev
ukraine-NF-1005,train/attack/digital_2/scan/ukraine-NF-1005.jpg,train,2,ukraine-NF-1057,test/attack/digital_3/huawei/ukraine-NF-1057.jpg,dev
ukraine-NF-1005,train/attack/digital_2/scan/ukraine-NF-1005.jpg,train,2,ukraine-NF-1057,test/attack/digital_3/iphone15pro/ukraine-NF-1057.jpg,dev
usa-NF-1093,train/attack/digital_2/scan/usa-NF-1093.jpg,train,4,usa-NF-1094,train/attack/digital_2/scan/usa-NF-1094.jpg,internal_test
usa-NF-1093,train/attack/digital_2/scan/usa-NF-1093.jpg,train,4,usa-NF-1094,test/attack/digital_3/scan/usa-NF-1094.jpg,internal_test
portugal-125_03,train/attack/digital_2/scan/portugal-125_03.jpg,train,4,portugal-172_03,train/bonafide/huawei/portugal-172_03.jpg,dev
portugal-125_03,train/attack/digital_2/scan/portugal-125_03.jpg,train,4,portugal-172_03,train/bonafide/iphone15pro/portugal-172_03.jpg,dev
portugal-125_03,train/attack/digital_2/scan/portugal-125_03.jpg,train,2,portugal-172_03,train/bonafide/scan/portugal-172_03.jpg,dev
portugal-125_03,train/attack/digital_2/scan/portugal-125_03.jpg,train,2,portugal-172_03,train/attack/digital_2/iphone15pro/portugal-172_03.jpg,dev
portugal-125_03,train/attack/digital_2/scan/portugal-125_03.jpg,train,2,portugal-172_03,train/attack/digital_2/scan/portugal-172_03.jpg,dev
portugal-125_03,train/attack/digital_2/scan/portugal-125_03.jpg,train,4,portugal-172_03,train/attack/digital_2/huawei/portugal-172_03.jpg,dev
portugal-125_03,train/attack/digital_2/scan/portugal-125_03.jpg,train,2,portugal-172_03,train/attack/digital_1/huawei/portugal-172_03.jpg,dev
portugal-125_03,train/attack/digital_2/scan/portugal-125_03.jpg,train,2,portugal-172_03,train/attack/digital_1/iphone15pro/portugal-172_03.jpg,dev
portugal-125_03,train/attack/digital_2/scan/portugal-125_03.jpg,train,2,portugal-172_03,train/attack/digital_1/scan/portugal-172_03.jpg,dev
portugal-125_03,train/attack/digital_2/scan/portugal-125_03.jpg,train,2,portugal-172_03,test/attack/digital_3/scan/portugal-172_03.jpg,dev
portugal-125_03,train/attack/digital_2/scan/portugal-125_03.jpg,train,2,portugal-172_03,test/attack/digital_3/huawei/portugal-172_03.jpg,dev
portugal-125_03,train/attack/digital_2/scan/portugal-125_03.jpg,train,2,portugal-172_03,test/attack/digital_3/iphone15pro/portugal-172_03.jpg,dev
portugal-125_03,train/attack/digital_2/scan/portugal-125_03.jpg,train,4,portugal-119_03,train/bonafide/huawei/portugal-119_03.jpg,internal_test
portugal-125_03,train/attack/digital_2/scan/portugal-125_03.jpg,train,2,portugal-070_03,train/bonafide/iphone15pro/portugal-070_03.jpg,internal_test
portugal-125_03,train/attack/digital_2/scan/portugal-125_03.jpg,train,4,portugal-070_03,train/bonafide/scan/portugal-070_03.jpg,internal_test
portugal-125_03,train/attack/digital_2/scan/portugal-125_03.jpg,train,4,portugal-119_03,train/bonafide/scan/portugal-119_03.jpg,internal_test
portugal-125_03,train/attack/digital_2/scan/portugal-125_03.jpg,train,2,portugal-070_03,train/attack/digital_2/iphone15pro/portugal-070_03.jpg,internal_test
portugal-125_03,train/attack/digital_2/scan/portugal-125_03.jpg,train,4,portugal-119_03,train/attack/digital_2/scan/portugal-119_03.jpg,internal_test
portugal-125_03,train/attack/digital_2/scan/portugal-125_03.jpg,train,4,portugal-070_03,train/attack/digital_2/scan/portugal-070_03.jpg,internal_test
portugal-125_03,train/attack/digital_2/scan/portugal-125_03.jpg,train,4,portugal-119_03,train/attack/digital_1/huawei/portugal-119_03.jpg,internal_test
portugal-125_03,train/attack/digital_2/scan/portugal-125_03.jpg,train,2,portugal-070_03,train/attack/digital_1/iphone15pro/portugal-070_03.jpg,internal_test
portugal-125_03,train/attack/digital_2/scan/portugal-125_03.jpg,train,2,portugal-070_03,train/attack/digital_1/scan/portugal-070_03.jpg,internal_test
portugal-125_03,train/attack/digital_2/scan/portugal-125_03.jpg,train,4,portugal-119_03,train/attack/digital_1/scan/portugal-119_03.jpg,internal_test
portugal-125_03,train/attack/digital_2/scan/portugal-125_03.jpg,train,0,portugal-070_03,test/attack/digital_3/scan/portugal-070_03.jpg,internal_test
portugal-125_03,train/attack/digital_2/scan/portugal-125_03.jpg,train,0,portugal-070_03,test/attack/digital_3/iphone15pro/portugal-070_03.jpg,internal_test
portugal-125_03,train/attack/digital_2/scan/portugal-125_03.jpg,train,4,portugal-119_03,test/attack/digital_3/scan/portugal-119_03.jpg,internal_test
portugal-125_03,train/attack/digital_2/scan/portugal-125_03.jpg,train,4,portugal-119_03,test/attack/digital_3/huawei/portugal-119_03.jpg,internal_test
portugal-029_03,train/attack/digital_2/scan/portugal-029_03.jpg,train,4,portugal-172_03,train/attack/digital_2/iphone15pro/portugal-172_03.jpg,dev
portugal-029_03,train/attack/digital_2/scan/portugal-029_03.jpg,train,4,portugal-172_03,train/attack/digital_1/huawei/portugal-172_03.jpg,dev
portugal-029_03,train/attack/digital_2/scan/portugal-029_03.jpg,train,4,portugal-172_03,train/attack/digital_1/iphone15pro/portugal-172_03.jpg,dev
portugal-029_03,train/attack/digital_2/scan/portugal-029_03.jpg,train,4,portugal-172_03,test/attack/digital_3/iphone15pro/portugal-172_03.jpg,dev
portugal-029_03,train/attack/digital_2/scan/portugal-029_03.jpg,train,2,portugal-119_03,train/bonafide/huawei/portugal-119_03.jpg,internal_test
portugal-029_03,train/attack/digital_2/scan/portugal-029_03.jpg,train,2,portugal-070_03,train/bonafide/iphone15pro/portugal-070_03.jpg,internal_test
portugal-029_03,train/attack/digital_2/scan/portugal-029_03.jpg,train,2,portugal-070_03,train/bonafide/scan/portugal-070_03.jpg,internal_test
portugal-029_03,train/attack/digital_2/scan/portugal-029_03.jpg,train,2,portugal-119_03,train/bonafide/scan/portugal-119_03.jpg,internal_test
portugal-029_03,train/attack/digital_2/scan/portugal-029_03.jpg,train,4,portugal-070_03,train/attack/digital_2/iphone15pro/portugal-070_03.jpg,internal_test
portugal-029_03,train/attack/digital_2/scan/portugal-029_03.jpg,train,4,portugal-119_03,train/attack/digital_2/scan/portugal-119_03.jpg,internal_test
portugal-029_03,train/attack/digital_2/scan/portugal-029_03.jpg,train,2,portugal-070_03,train/attack/digital_2/scan/portugal-070_03.jpg,internal_test
portugal-029_03,train/attack/digital_2/scan/portugal-029_03.jpg,train,4,portugal-119_03,train/attack/digital_2/huawei/portugal-119_03.jpg,internal_test
portugal-029_03,train/attack/digital_2/scan/portugal-029_03.jpg,train,4,portugal-070_03,train/attack/digital_1/huawei/portugal-070_03.jpg,internal_test
portugal-029_03,train/attack/digital_2/scan/portugal-029_03.jpg,train,2,portugal-119_03,train/attack/digital_1/huawei/portugal-119_03.jpg,internal_test
portugal-029_03,train/attack/digital_2/scan/portugal-029_03.jpg,train,2,portugal-070_03,train/attack/digital_1/iphone15pro/portugal-070_03.jpg,internal_test
portugal-029_03,train/attack/digital_2/scan/portugal-029_03.jpg,train,2,portugal-070_03,train/attack/digital_1/scan/portugal-070_03.jpg,internal_test
portugal-029_03,train/attack/digital_2/scan/portugal-029_03.jpg,train,4,portugal-119_03,train/attack/digital_1/scan/portugal-119_03.jpg,internal_test
portugal-029_03,train/attack/digital_2/scan/portugal-029_03.jpg,train,4,portugal-070_03,test/attack/digital_3/scan/portugal-070_03.jpg,internal_test
portugal-029_03,train/attack/digital_2/scan/portugal-029_03.jpg,train,4,portugal-070_03,test/attack/digital_3/iphone15pro/portugal-070_03.jpg,internal_test
portugal-029_03,train/attack/digital_2/scan/portugal-029_03.jpg,train,2,portugal-119_03,test/attack/digital_3/scan/portugal-119_03.jpg,internal_test
portugal-029_03,train/attack/digital_2/scan/portugal-029_03.jpg,train,2,portugal-119_03,test/attack/digital_3/huawei/portugal-119_03.jpg,internal_test
portugal-013_03,train/attack/digital_2/scan/portugal-013_03.jpg,train,4,portugal-070_03,train/bonafide/scan/portugal-070_03.jpg,internal_test
portugal-013_03,train/attack/digital_2/scan/portugal-013_03.jpg,train,4,portugal-070_03,train/attack/digital_2/iphone15pro/portugal-070_03.jpg,internal_test
portugal-013_03,train/attack/digital_2/scan/portugal-013_03.jpg,train,4,portugal-070_03,train/attack/digital_2/scan/portugal-070_03.jpg,internal_test
portugal-NF-1041,train/attack/digital_2/scan/portugal-NF-1041.jpg,train,4,portugal-NF-1022,train/attack/digital_1/scan/portugal-NF-1022.jpg,internal_test
portugal-NF-1041,train/attack/digital_2/scan/portugal-NF-1041.jpg,train,4,portugal-NF-1022,test/attack/digital_3/scan/portugal-NF-1022.jpg,internal_test
usa-011_03,train/attack/digital_2/scan/usa-011_03.jpg,train,0,usa-134_03,train/bonafide/scan/usa-134_03.jpg,dev
usa-011_03,train/attack/digital_2/scan/usa-011_03.jpg,train,0,usa-134_03,train/attack/digital_2/scan/usa-134_03.jpg,dev
usa-011_03,train/attack/digital_2/scan/usa-011_03.jpg,train,0,usa-134_03,train/attack/digital_1/scan/usa-134_03.jpg,dev
usa-011_03,train/attack/digital_2/scan/usa-011_03.jpg,train,0,usa-134_03,test/attack/digital_3/scan/usa-134_03.jpg,dev
turkiye-127_03,train/attack/digital_2/scan/turkiye-127_03.jpg,train,4,turkiye-041_03,train/bonafide/huawei/turkiye-041_03.jpg,dev
turkiye-127_03,train/attack/digital_2/scan/turkiye-127_03.jpg,train,4,turkiye-104_03,train/bonafide/huawei/turkiye-104_03.jpg,dev
turkiye-127_03,train/attack/digital_2/scan/turkiye-127_03.jpg,train,2,turkiye-041_03,train/bonafide/iphone15pro/turkiye-041_03.jpg,dev
turkiye-127_03,train/attack/digital_2/scan/turkiye-127_03.jpg,train,2,turkiye-101_03,train/bonafide/iphone15pro/turkiye-101_03.jpg,dev
turkiye-127_03,train/attack/digital_2/scan/turkiye-127_03.jpg,train,4,turkiye-041_03,train/bonafide/scan/turkiye-041_03.jpg,dev
turkiye-127_03,train/attack/digital_2/scan/turkiye-127_03.jpg,train,2,turkiye-101_03,train/bonafide/scan/turkiye-101_03.jpg,dev
turkiye-127_03,train/attack/digital_2/scan/turkiye-127_03.jpg,train,2,turkiye-041_03,train/attack/digital_2/iphone15pro/turkiye-041_03.jpg,dev
turkiye-127_03,train/attack/digital_2/scan/turkiye-127_03.jpg,train,2,turkiye-101_03,train/attack/digital_2/iphone15pro/turkiye-101_03.jpg,dev
turkiye-127_03,train/attack/digital_2/scan/turkiye-127_03.jpg,train,2,turkiye-041_03,train/attack/digital_2/scan/turkiye-041_03.jpg,dev
turkiye-127_03,train/attack/digital_2/scan/turkiye-127_03.jpg,train,4,turkiye-101_03,train/attack/digital_2/scan/turkiye-101_03.jpg,dev
turkiye-127_03,train/attack/digital_2/scan/turkiye-127_03.jpg,train,4,turkiye-041_03,train/attack/digital_2/huawei/turkiye-041_03.jpg,dev
turkiye-127_03,train/attack/digital_2/scan/turkiye-127_03.jpg,train,4,turkiye-041_03,train/attack/digital_1/huawei/turkiye-041_03.jpg,dev
turkiye-127_03,train/attack/digital_2/scan/turkiye-127_03.jpg,train,4,turkiye-101_03,train/attack/digital_1/huawei/turkiye-101_03.jpg,dev
turkiye-127_03,train/attack/digital_2/scan/turkiye-127_03.jpg,train,2,turkiye-041_03,train/attack/digital_1/iphone15pro/turkiye-041_03.jpg,dev
turkiye-127_03,train/attack/digital_2/scan/turkiye-127_03.jpg,train,2,turkiye-101_03,train/attack/digital_1/iphone15pro/turkiye-101_03.jpg,dev
turkiye-127_03,train/attack/digital_2/scan/turkiye-127_03.jpg,train,2,turkiye-041_03,train/attack/digital_1/scan/turkiye-041_03.jpg,dev
turkiye-127_03,train/attack/digital_2/scan/turkiye-127_03.jpg,train,2,turkiye-101_03,train/attack/digital_1/scan/turkiye-101_03.jpg,dev
turkiye-127_03,train/attack/digital_2/scan/turkiye-127_03.jpg,train,4,turkiye-104_03,train/attack/digital_1/scan/turkiye-104_03.jpg,dev
turkiye-127_03,train/attack/digital_2/scan/turkiye-127_03.jpg,train,4,turkiye-041_03,test/attack/digital_3/scan/turkiye-041_03.jpg,dev
turkiye-127_03,train/attack/digital_2/scan/turkiye-127_03.jpg,train,4,turkiye-041_03,test/attack/digital_3/huawei/turkiye-041_03.jpg,dev
turkiye-127_03,train/attack/digital_2/scan/turkiye-127_03.jpg,train,2,turkiye-041_03,test/attack/digital_3/iphone15pro/turkiye-041_03.jpg,dev
turkiye-127_03,train/attack/digital_2/scan/turkiye-127_03.jpg,train,4,turkiye-101_03,test/attack/digital_3/scan/turkiye-101_03.jpg,dev
turkiye-127_03,train/attack/digital_2/scan/turkiye-127_03.jpg,train,4,turkiye-101_03,test/attack/digital_3/huawei/turkiye-101_03.jpg,dev
turkiye-127_03,train/attack/digital_2/scan/turkiye-127_03.jpg,train,2,turkiye-101_03,test/attack/digital_3/iphone15pro/turkiye-101_03.jpg,dev
turkiye-127_03,train/attack/digital_2/scan/turkiye-127_03.jpg,train,4,turkiye-121_03,train/bonafide/huawei/turkiye-121_03.jpg,internal_test
turkiye-127_03,train/attack/digital_2/scan/turkiye-127_03.jpg,train,4,turkiye-031_03,train/bonafide/iphone15pro/turkiye-031_03.jpg,internal_test
turkiye-127_03,train/attack/digital_2/scan/turkiye-127_03.jpg,train,2,turkiye-115_03,train/bonafide/iphone15pro/turkiye-115_03.jpg,internal_test
turkiye-127_03,train/attack/digital_2/scan/turkiye-127_03.jpg,train,4,turkiye-031_03,train/bonafide/scan/turkiye-031_03.jpg,internal_test
turkiye-127_03,train/attack/digital_2/scan/turkiye-127_03.jpg,train,2,turkiye-115_03,train/bonafide/scan/turkiye-115_03.jpg,internal_test
turkiye-127_03,train/attack/digital_2/scan/turkiye-127_03.jpg,train,4,turkiye-115_03,train/attack/digital_2/iphone15pro/turkiye-115_03.jpg,internal_test
turkiye-127_03,train/attack/digital_2/scan/turkiye-127_03.jpg,train,4,turkiye-121_03,train/attack/digital_2/iphone15pro/turkiye-121_03.jpg,internal_test
turkiye-127_03,train/attack/digital_2/scan/turkiye-127_03.jpg,train,4,turkiye-031_03,train/attack/digital_2/iphone15pro/turkiye-031_03.jpg,internal_test
turkiye-127_03,train/attack/digital_2/scan/turkiye-127_03.jpg,train,2,turkiye-115_03,train/attack/digital_2/scan/turkiye-115_03.jpg,internal_test
turkiye-127_03,train/attack/digital_2/scan/turkiye-127_03.jpg,train,4,turkiye-031_03,train/attack/digital_2/scan/turkiye-031_03.jpg,internal_test
turkiye-127_03,train/attack/digital_2/scan/turkiye-127_03.jpg,train,4,turkiye-121_03,train/attack/digital_2/huawei/turkiye-121_03.jpg,internal_test
turkiye-127_03,train/attack/digital_2/scan/turkiye-127_03.jpg,train,4,turkiye-031_03,train/attack/digital_2/huawei/turkiye-031_03.jpg,internal_test
turkiye-127_03,train/attack/digital_2/scan/turkiye-127_03.jpg,train,4,turkiye-031_03,train/attack/digital_1/huawei/turkiye-031_03.jpg,internal_test
turkiye-127_03,train/attack/digital_2/scan/turkiye-127_03.jpg,train,4,turkiye-115_03,train/attack/digital_1/huawei/turkiye-115_03.jpg,internal_test
turkiye-127_03,train/attack/digital_2/scan/turkiye-127_03.jpg,train,4,turkiye-121_03,train/attack/digital_1/huawei/turkiye-121_03.jpg,internal_test
turkiye-127_03,train/attack/digital_2/scan/turkiye-127_03.jpg,train,4,turkiye-031_03,train/attack/digital_1/iphone15pro/turkiye-031_03.jpg,internal_test
turkiye-127_03,train/attack/digital_2/scan/turkiye-127_03.jpg,train,4,turkiye-115_03,train/attack/digital_1/iphone15pro/turkiye-115_03.jpg,internal_test
turkiye-127_03,train/attack/digital_2/scan/turkiye-127_03.jpg,train,4,turkiye-121_03,train/attack/digital_1/iphone15pro/turkiye-121_03.jpg,internal_test
turkiye-127_03,train/attack/digital_2/scan/turkiye-127_03.jpg,train,4,turkiye-031_03,train/attack/digital_1/scan/turkiye-031_03.jpg,internal_test
turkiye-127_03,train/attack/digital_2/scan/turkiye-127_03.jpg,train,4,turkiye-032_03,train/attack/digital_1/scan/turkiye-032_03.jpg,internal_test
turkiye-127_03,train/attack/digital_2/scan/turkiye-127_03.jpg,train,2,turkiye-115_03,train/attack/digital_1/scan/turkiye-115_03.jpg,internal_test
turkiye-127_03,train/attack/digital_2/scan/turkiye-127_03.jpg,train,4,turkiye-121_03,train/attack/digital_1/scan/turkiye-121_03.jpg,internal_test
turkiye-127_03,train/attack/digital_2/scan/turkiye-127_03.jpg,train,4,turkiye-031_03,test/attack/digital_3/scan/turkiye-031_03.jpg,internal_test
turkiye-127_03,train/attack/digital_2/scan/turkiye-127_03.jpg,train,4,turkiye-031_03,test/attack/digital_3/iphone15pro/turkiye-031_03.jpg,internal_test
turkiye-127_03,train/attack/digital_2/scan/turkiye-127_03.jpg,train,2,turkiye-115_03,test/attack/digital_3/scan/turkiye-115_03.jpg,internal_test
turkiye-127_03,train/attack/digital_2/scan/turkiye-127_03.jpg,train,2,turkiye-115_03,test/attack/digital_3/iphone15pro/turkiye-115_03.jpg,internal_test
turkiye-127_03,train/attack/digital_2/scan/turkiye-127_03.jpg,train,4,turkiye-121_03,test/attack/digital_3/huawei/turkiye-121_03.jpg,internal_test
turkiye-127_03,train/attack/digital_2/scan/turkiye-127_03.jpg,train,4,turkiye-121_03,test/attack/digital_3/iphone15pro/turkiye-121_03.jpg,internal_test
turkiye-092_03,train/attack/digital_2/scan/turkiye-092_03.jpg,train,4,turkiye-041_03,train/bonafide/iphone15pro/turkiye-041_03.jpg,dev
turkiye-092_03,train/attack/digital_2/scan/turkiye-092_03.jpg,train,2,turkiye-101_03,train/bonafide/iphone15pro/turkiye-101_03.jpg,dev
turkiye-092_03,train/attack/digital_2/scan/turkiye-092_03.jpg,train,4,turkiye-101_03,train/bonafide/scan/turkiye-101_03.jpg,dev
turkiye-092_03,train/attack/digital_2/scan/turkiye-092_03.jpg,train,4,turkiye-041_03,train/attack/digital_2/iphone15pro/turkiye-041_03.jpg,dev
turkiye-092_03,train/attack/digital_2/scan/turkiye-092_03.jpg,train,4,turkiye-104_03,train/attack/digital_2/iphone15pro/turkiye-104_03.jpg,dev
turkiye-092_03,train/attack/digital_2/scan/turkiye-092_03.jpg,train,2,turkiye-101_03,train/attack/digital_2/iphone15pro/turkiye-101_03.jpg,dev
turkiye-092_03,train/attack/digital_2/scan/turkiye-092_03.jpg,train,4,turkiye-041_03,train/attack/digital_1/iphone15pro/turkiye-041_03.jpg,dev
turkiye-092_03,train/attack/digital_2/scan/turkiye-092_03.jpg,train,2,turkiye-101_03,train/attack/digital_1/iphone15pro/turkiye-101_03.jpg,dev
turkiye-092_03,train/attack/digital_2/scan/turkiye-092_03.jpg,train,4,turkiye-101_03,train/attack/digital_1/scan/turkiye-101_03.jpg,dev
turkiye-092_03,train/attack/digital_2/scan/turkiye-092_03.jpg,train,4,turkiye-041_03,test/attack/digital_3/iphone15pro/turkiye-041_03.jpg,dev
turkiye-092_03,train/attack/digital_2/scan/turkiye-092_03.jpg,train,2,turkiye-101_03,test/attack/digital_3/iphone15pro/turkiye-101_03.jpg,dev
turkiye-092_03,train/attack/digital_2/scan/turkiye-092_03.jpg,train,4,turkiye-121_03,train/bonafide/huawei/turkiye-121_03.jpg,internal_test
turkiye-092_03,train/attack/digital_2/scan/turkiye-092_03.jpg,train,2,turkiye-115_03,train/bonafide/iphone15pro/turkiye-115_03.jpg,internal_test
turkiye-092_03,train/attack/digital_2/scan/turkiye-092_03.jpg,train,4,turkiye-115_03,train/bonafide/scan/turkiye-115_03.jpg,internal_test
turkiye-092_03,train/attack/digital_2/scan/turkiye-092_03.jpg,train,4,turkiye-115_03,train/attack/digital_2/iphone15pro/turkiye-115_03.jpg,internal_test
turkiye-092_03,train/attack/digital_2/scan/turkiye-092_03.jpg,train,4,turkiye-115_03,train/attack/digital_2/scan/turkiye-115_03.jpg,internal_test
turkiye-092_03,train/attack/digital_2/scan/turkiye-092_03.jpg,train,4,turkiye-121_03,train/attack/digital_1/huawei/turkiye-121_03.jpg,internal_test
turkiye-092_03,train/attack/digital_2/scan/turkiye-092_03.jpg,train,4,turkiye-115_03,train/attack/digital_1/iphone15pro/turkiye-115_03.jpg,internal_test
turkiye-092_03,train/attack/digital_2/scan/turkiye-092_03.jpg,train,4,turkiye-115_03,train/attack/digital_1/scan/turkiye-115_03.jpg,internal_test
turkiye-092_03,train/attack/digital_2/scan/turkiye-092_03.jpg,train,4,turkiye-115_03,test/attack/digital_3/scan/turkiye-115_03.jpg,internal_test
turkiye-092_03,train/attack/digital_2/scan/turkiye-092_03.jpg,train,4,turkiye-115_03,test/attack/digital_3/iphone15pro/turkiye-115_03.jpg,internal_test
turkiye-092_03,train/attack/digital_2/scan/turkiye-092_03.jpg,train,4,turkiye-121_03,test/attack/digital_3/huawei/turkiye-121_03.jpg,internal_test
arabic-112_03,train/attack/digital_2/scan/arabic-112_03.jpg,train,4,arabic-005_03,train/bonafide/iphone15pro/arabic-005_03.jpg,dev
arabic-112_03,train/attack/digital_2/scan/arabic-112_03.jpg,train,4,arabic-005_03,train/attack/digital_1/iphone15pro/arabic-005_03.jpg,dev
arabic-112_03,train/attack/digital_2/scan/arabic-112_03.jpg,train,4,arabic-005_03,test/attack/digital_3/iphone15pro/arabic-005_03.jpg,dev
portugal-026_03,train/attack/digital_2/scan/portugal-026_03.jpg,train,4,portugal-119_03,train/bonafide/huawei/portugal-119_03.jpg,internal_test
portugal-026_03,train/attack/digital_2/scan/portugal-026_03.jpg,train,4,portugal-070_03,train/bonafide/iphone15pro/portugal-070_03.jpg,internal_test
portugal-026_03,train/attack/digital_2/scan/portugal-026_03.jpg,train,2,portugal-070_03,train/bonafide/scan/portugal-070_03.jpg,internal_test
portugal-026_03,train/attack/digital_2/scan/portugal-026_03.jpg,train,4,portugal-119_03,train/bonafide/scan/portugal-119_03.jpg,internal_test
portugal-026_03,train/attack/digital_2/scan/portugal-026_03.jpg,train,4,portugal-070_03,train/attack/digital_2/iphone15pro/portugal-070_03.jpg,internal_test
portugal-026_03,train/attack/digital_2/scan/portugal-026_03.jpg,train,4,portugal-119_03,train/attack/digital_2/scan/portugal-119_03.jpg,internal_test
portugal-026_03,train/attack/digital_2/scan/portugal-026_03.jpg,train,2,portugal-070_03,train/attack/digital_2/scan/portugal-070_03.jpg,internal_test
portugal-026_03,train/attack/digital_2/scan/portugal-026_03.jpg,train,4,portugal-119_03,train/attack/digital_2/huawei/portugal-119_03.jpg,internal_test
portugal-026_03,train/attack/digital_2/scan/portugal-026_03.jpg,train,4,portugal-070_03,train/attack/digital_1/huawei/portugal-070_03.jpg,internal_test
portugal-026_03,train/attack/digital_2/scan/portugal-026_03.jpg,train,4,portugal-119_03,train/attack/digital_1/huawei/portugal-119_03.jpg,internal_test
portugal-026_03,train/attack/digital_2/scan/portugal-026_03.jpg,train,4,portugal-070_03,train/attack/digital_1/iphone15pro/portugal-070_03.jpg,internal_test
portugal-026_03,train/attack/digital_2/scan/portugal-026_03.jpg,train,4,portugal-070_03,train/attack/digital_1/scan/portugal-070_03.jpg,internal_test
portugal-026_03,train/attack/digital_2/scan/portugal-026_03.jpg,train,4,portugal-119_03,train/attack/digital_1/scan/portugal-119_03.jpg,internal_test
portugal-026_03,train/attack/digital_2/scan/portugal-026_03.jpg,train,4,portugal-119_03,test/attack/digital_3/scan/portugal-119_03.jpg,internal_test
portugal-026_03,train/attack/digital_2/scan/portugal-026_03.jpg,train,4,portugal-119_03,test/attack/digital_3/huawei/portugal-119_03.jpg,internal_test
russian-123_03,train/attack/digital_2/scan/russian-123_03.jpg,train,4,russian-141_03,train/bonafide/huawei/russian-141_03.jpg,dev
russian-123_03,train/attack/digital_2/scan/russian-123_03.jpg,train,4,russian-141_03,train/attack/digital_2/huawei/russian-141_03.jpg,dev
russian-123_03,train/attack/digital_2/scan/russian-123_03.jpg,train,4,russian-141_03,train/attack/digital_1/huawei/russian-141_03.jpg,dev
turkiye-126_03,train/attack/digital_2/scan/turkiye-126_03.jpg,train,4,turkiye-101_03,train/bonafide/iphone15pro/turkiye-101_03.jpg,dev
turkiye-126_03,train/attack/digital_2/scan/turkiye-126_03.jpg,train,4,turkiye-101_03,train/attack/digital_2/iphone15pro/turkiye-101_03.jpg,dev
turkiye-126_03,train/attack/digital_2/scan/turkiye-126_03.jpg,train,4,turkiye-101_03,train/attack/digital_1/iphone15pro/turkiye-101_03.jpg,dev
turkiye-126_03,train/attack/digital_2/scan/turkiye-126_03.jpg,train,4,turkiye-101_03,test/attack/digital_3/iphone15pro/turkiye-101_03.jpg,dev
turkiye-126_03,train/attack/digital_2/scan/turkiye-126_03.jpg,train,4,turkiye-121_03,train/bonafide/huawei/turkiye-121_03.jpg,internal_test
turkiye-126_03,train/attack/digital_2/scan/turkiye-126_03.jpg,train,4,turkiye-115_03,train/bonafide/iphone15pro/turkiye-115_03.jpg,internal_test
turkiye-126_03,train/attack/digital_2/scan/turkiye-126_03.jpg,train,4,turkiye-115_03,train/bonafide/scan/turkiye-115_03.jpg,internal_test
turkiye-126_03,train/attack/digital_2/scan/turkiye-126_03.jpg,train,2,turkiye-115_03,train/attack/digital_2/iphone15pro/turkiye-115_03.jpg,internal_test
turkiye-126_03,train/attack/digital_2/scan/turkiye-126_03.jpg,train,4,turkiye-115_03,train/attack/digital_2/scan/turkiye-115_03.jpg,internal_test
turkiye-126_03,train/attack/digital_2/scan/turkiye-126_03.jpg,train,4,turkiye-121_03,train/attack/digital_1/huawei/turkiye-121_03.jpg,internal_test
turkiye-126_03,train/attack/digital_2/scan/turkiye-126_03.jpg,train,4,turkiye-115_03,train/attack/digital_1/iphone15pro/turkiye-115_03.jpg,internal_test
turkiye-126_03,train/attack/digital_2/scan/turkiye-126_03.jpg,train,4,turkiye-115_03,train/attack/digital_1/scan/turkiye-115_03.jpg,internal_test
turkiye-126_03,train/attack/digital_2/scan/turkiye-126_03.jpg,train,4,turkiye-115_03,test/attack/digital_3/iphone15pro/turkiye-115_03.jpg,internal_test
turkiye-126_03,train/attack/digital_2/scan/turkiye-126_03.jpg,train,4,turkiye-121_03,test/attack/digital_3/huawei/turkiye-121_03.jpg,internal_test
arabic-024_03,train/attack/digital_2/scan/arabic-024_03.jpg,train,4,arabic-005_03,train/bonafide/iphone15pro/arabic-005_03.jpg,dev
arabic-024_03,train/attack/digital_2/scan/arabic-024_03.jpg,train,4,arabic-005_03,train/bonafide/scan/arabic-005_03.jpg,dev
arabic-024_03,train/attack/digital_2/scan/arabic-024_03.jpg,train,4,arabic-005_03,train/attack/digital_2/scan/arabic-005_03.jpg,dev
arabic-024_03,train/attack/digital_2/scan/arabic-024_03.jpg,train,4,arabic-005_03,train/attack/digital_1/iphone15pro/arabic-005_03.jpg,dev
arabic-024_03,train/attack/digital_2/scan/arabic-024_03.jpg,train,4,arabic-005_03,train/attack/digital_1/scan/arabic-005_03.jpg,dev
arabic-024_03,train/attack/digital_2/scan/arabic-024_03.jpg,train,4,arabic-005_03,test/attack/digital_3/scan/arabic-005_03.jpg,dev
arabic-024_03,train/attack/digital_2/scan/arabic-024_03.jpg,train,4,arabic-005_03,test/attack/digital_3/iphone15pro/arabic-005_03.jpg,dev
usa-063_03,train/attack/digital_2/scan/usa-063_03.jpg,train,4,usa-117_03,train/bonafide/scan/usa-117_03.jpg,dev
usa-063_03,train/attack/digital_2/scan/usa-063_03.jpg,train,2,usa-134_03,train/bonafide/scan/usa-134_03.jpg,dev
usa-063_03,train/attack/digital_2/scan/usa-063_03.jpg,train,2,usa-134_03,train/attack/digital_2/scan/usa-134_03.jpg,dev
usa-063_03,train/attack/digital_2/scan/usa-063_03.jpg,train,2,usa-134_03,train/attack/digital_1/scan/usa-134_03.jpg,dev
usa-063_03,train/attack/digital_2/scan/usa-063_03.jpg,train,4,usa-117_03,test/attack/digital_3/scan/usa-117_03.jpg,dev
usa-063_03,train/attack/digital_2/scan/usa-063_03.jpg,train,2,usa-134_03,test/attack/digital_3/scan/usa-134_03.jpg,dev
usa-009_03,train/attack/digital_2/scan/usa-009_03.jpg,train,4,usa-117_03,train/bonafide/scan/usa-117_03.jpg,dev
usa-009_03,train/attack/digital_2/scan/usa-009_03.jpg,train,4,usa-134_03,train/bonafide/scan/usa-134_03.jpg,dev
usa-009_03,train/attack/digital_2/scan/usa-009_03.jpg,train,4,usa-134_03,train/attack/digital_2/scan/usa-134_03.jpg,dev
usa-009_03,train/attack/digital_2/scan/usa-009_03.jpg,train,4,usa-134_03,train/attack/digital_1/scan/usa-134_03.jpg,dev
usa-009_03,train/attack/digital_2/scan/usa-009_03.jpg,train,4,usa-117_03,test/attack/digital_3/scan/usa-117_03.jpg,dev
usa-009_03,train/attack/digital_2/scan/usa-009_03.jpg,train,4,usa-134_03,test/attack/digital_3/scan/usa-134_03.jpg,dev
russian-002_03,train/attack/digital_2/scan/russian-002_03.jpg,train,4,russian-132_03,train/attack/digital_2/scan/russian-132_03.jpg,internal_test
persian-087_03,train/attack/digital_2/scan/persian-087_03.jpg,train,4,persian-045_03,train/bonafide/iphone15pro/persian-045_03.jpg,dev
persian-087_03,train/attack/digital_2/scan/persian-087_03.jpg,train,4,persian-045_03,train/bonafide/scan/persian-045_03.jpg,dev
persian-087_03,train/attack/digital_2/scan/persian-087_03.jpg,train,4,persian-045_03,train/attack/digital_2/iphone15pro/persian-045_03.jpg,dev
persian-087_03,train/attack/digital_2/scan/persian-087_03.jpg,train,4,persian-045_03,train/attack/digital_1/iphone15pro/persian-045_03.jpg,dev
persian-087_03,train/attack/digital_2/scan/persian-087_03.jpg,train,4,persian-045_03,test/attack/digital_3/scan/persian-045_03.jpg,dev
french-135_03,train/attack/digital_2/huawei/french-135_03.jpg,train,4,french-033_03,train/bonafide/huawei/french-033_03.jpg,dev
french-135_03,train/attack/digital_2/huawei/french-135_03.jpg,train,4,french-033_03,train/bonafide/iphone15pro/french-033_03.jpg,dev
french-135_03,train/attack/digital_2/huawei/french-135_03.jpg,train,4,french-033_03,train/bonafide/scan/french-033_03.jpg,dev
french-135_03,train/attack/digital_2/huawei/french-135_03.jpg,train,4,french-033_03,train/attack/digital_2/iphone15pro/french-033_03.jpg,dev
french-135_03,train/attack/digital_2/huawei/french-135_03.jpg,train,4,french-033_03,train/attack/digital_2/scan/french-033_03.jpg,dev
french-135_03,train/attack/digital_2/huawei/french-135_03.jpg,train,4,french-033_03,train/attack/digital_1/iphone15pro/french-033_03.jpg,dev
french-135_03,train/attack/digital_2/huawei/french-135_03.jpg,train,4,french-033_03,test/attack/digital_3/scan/french-033_03.jpg,dev
french-135_03,train/attack/digital_2/huawei/french-135_03.jpg,train,4,french-033_03,test/attack/digital_3/huawei/french-033_03.jpg,dev
french-135_03,train/attack/digital_2/huawei/french-135_03.jpg,train,4,french-033_03,test/attack/digital_3/iphone15pro/french-033_03.jpg,dev
french-135_03,train/attack/digital_2/huawei/french-135_03.jpg,train,4,french-019_03,train/bonafide/huawei/french-019_03.jpg,internal_test
french-135_03,train/attack/digital_2/huawei/french-135_03.jpg,train,4,french-022_03,train/bonafide/huawei/french-022_03.jpg,internal_test
french-135_03,train/attack/digital_2/huawei/french-135_03.jpg,train,4,french-068_03,train/bonafide/huawei/french-068_03.jpg,internal_test
french-135_03,train/attack/digital_2/huawei/french-135_03.jpg,train,4,french-019_03,train/bonafide/iphone15pro/french-019_03.jpg,internal_test
french-135_03,train/attack/digital_2/huawei/french-135_03.jpg,train,4,french-022_03,train/bonafide/iphone15pro/french-022_03.jpg,internal_test
french-135_03,train/attack/digital_2/huawei/french-135_03.jpg,train,4,french-019_03,train/attack/digital_2/iphone15pro/french-019_03.jpg,internal_test
french-135_03,train/attack/digital_2/huawei/french-135_03.jpg,train,4,french-022_03,train/attack/digital_2/iphone15pro/french-022_03.jpg,internal_test
french-135_03,train/attack/digital_2/huawei/french-135_03.jpg,train,4,french-068_03,train/attack/digital_2/huawei/french-068_03.jpg,internal_test
french-135_03,train/attack/digital_2/huawei/french-135_03.jpg,train,4,french-022_03,train/attack/digital_2/huawei/french-022_03.jpg,internal_test
french-135_03,train/attack/digital_2/huawei/french-135_03.jpg,train,2,french-019_03,train/attack/digital_1/huawei/french-019_03.jpg,internal_test
french-135_03,train/attack/digital_2/huawei/french-135_03.jpg,train,4,french-022_03,train/attack/digital_1/huawei/french-022_03.jpg,internal_test
french-135_03,train/attack/digital_2/huawei/french-135_03.jpg,train,4,french-068_03,train/attack/digital_1/huawei/french-068_03.jpg,internal_test
french-135_03,train/attack/digital_2/huawei/french-135_03.jpg,train,2,french-019_03,train/attack/digital_1/iphone15pro/french-019_03.jpg,internal_test
french-135_03,train/attack/digital_2/huawei/french-135_03.jpg,train,4,french-022_03,train/attack/digital_1/iphone15pro/french-022_03.jpg,internal_test
french-135_03,train/attack/digital_2/huawei/french-135_03.jpg,train,4,french-019_03,test/attack/digital_3/huawei/french-019_03.jpg,internal_test
french-135_03,train/attack/digital_2/huawei/french-135_03.jpg,train,4,french-019_03,test/attack/digital_3/iphone15pro/french-019_03.jpg,internal_test
french-135_03,train/attack/digital_2/huawei/french-135_03.jpg,train,4,french-022_03,test/attack/digital_3/huawei/french-022_03.jpg,internal_test
french-135_03,train/attack/digital_2/huawei/french-135_03.jpg,train,4,french-022_03,test/attack/digital_3/iphone15pro/french-022_03.jpg,internal_test
french-135_03,train/attack/digital_2/huawei/french-135_03.jpg,train,4,french-068_03,test/attack/digital_3/huawei/french-068_03.jpg,internal_test
french-044_03,train/attack/digital_2/huawei/french-044_03.jpg,train,4,french-033_03,train/bonafide/huawei/french-033_03.jpg,dev
french-044_03,train/attack/digital_2/huawei/french-044_03.jpg,train,4,french-033_03,train/bonafide/iphone15pro/french-033_03.jpg,dev
french-044_03,train/attack/digital_2/huawei/french-044_03.jpg,train,4,french-033_03,train/bonafide/scan/french-033_03.jpg,dev
french-044_03,train/attack/digital_2/huawei/french-044_03.jpg,train,4,french-033_03,train/attack/digital_2/iphone15pro/french-033_03.jpg,dev
french-044_03,train/attack/digital_2/huawei/french-044_03.jpg,train,4,french-033_03,train/attack/digital_2/scan/french-033_03.jpg,dev
french-044_03,train/attack/digital_2/huawei/french-044_03.jpg,train,4,french-033_03,train/attack/digital_2/huawei/french-033_03.jpg,dev
french-044_03,train/attack/digital_2/huawei/french-044_03.jpg,train,4,french-033_03,train/attack/digital_1/iphone15pro/french-033_03.jpg,dev
french-044_03,train/attack/digital_2/huawei/french-044_03.jpg,train,4,french-033_03,test/attack/digital_3/scan/french-033_03.jpg,dev
french-044_03,train/attack/digital_2/huawei/french-044_03.jpg,train,2,french-033_03,test/attack/digital_3/huawei/french-033_03.jpg,dev
french-044_03,train/attack/digital_2/huawei/french-044_03.jpg,train,4,french-033_03,test/attack/digital_3/iphone15pro/french-033_03.jpg,dev
french-044_03,train/attack/digital_2/huawei/french-044_03.jpg,train,2,french-022_03,train/bonafide/huawei/french-022_03.jpg,internal_test
french-044_03,train/attack/digital_2/huawei/french-044_03.jpg,train,4,french-068_03,train/bonafide/huawei/french-068_03.jpg,internal_test
french-044_03,train/attack/digital_2/huawei/french-044_03.jpg,train,4,french-022_03,train/bonafide/scan/french-022_03.jpg,internal_test
french-044_03,train/attack/digital_2/huawei/french-044_03.jpg,train,4,french-022_03,train/attack/digital_2/scan/french-022_03.jpg,internal_test
french-044_03,train/attack/digital_2/huawei/french-044_03.jpg,train,4,french-068_03,train/attack/digital_2/huawei/french-068_03.jpg,internal_test
french-044_03,train/attack/digital_2/huawei/french-044_03.jpg,train,2,french-022_03,train/attack/digital_2/huawei/french-022_03.jpg,internal_test
french-044_03,train/attack/digital_2/huawei/french-044_03.jpg,train,4,french-022_03,train/attack/digital_1/huawei/french-022_03.jpg,internal_test
french-044_03,train/attack/digital_2/huawei/french-044_03.jpg,train,4,french-068_03,train/attack/digital_1/huawei/french-068_03.jpg,internal_test
french-044_03,train/attack/digital_2/huawei/french-044_03.jpg,train,4,french-022_03,train/attack/digital_1/scan/french-022_03.jpg,internal_test
french-044_03,train/attack/digital_2/huawei/french-044_03.jpg,train,4,french-022_03,test/attack/digital_3/scan/french-022_03.jpg,internal_test
french-044_03,train/attack/digital_2/huawei/french-044_03.jpg,train,2,french-022_03,test/attack/digital_3/huawei/french-022_03.jpg,internal_test
french-044_03,train/attack/digital_2/huawei/french-044_03.jpg,train,4,french-068_03,test/attack/digital_3/huawei/french-068_03.jpg,internal_test
french-091_03,train/attack/digital_2/huawei/french-091_03.jpg,train,4,french-033_03,train/attack/digital_2/huawei/french-033_03.jpg,dev
french-091_03,train/attack/digital_2/huawei/french-091_03.jpg,train,4,french-033_03,train/attack/digital_1/huawei/french-033_03.jpg,dev
french-091_03,train/attack/digital_2/huawei/french-091_03.jpg,train,4,french-033_03,test/attack/digital_3/huawei/french-033_03.jpg,dev
french-091_03,train/attack/digital_2/huawei/french-091_03.jpg,train,4,french-022_03,train/bonafide/huawei/french-022_03.jpg,internal_test
french-091_03,train/attack/digital_2/huawei/french-091_03.jpg,train,4,french-019_03,train/bonafide/scan/french-019_03.jpg,internal_test
french-091_03,train/attack/digital_2/huawei/french-091_03.jpg,train,4,french-022_03,train/bonafide/scan/french-022_03.jpg,internal_test
french-091_03,train/attack/digital_2/huawei/french-091_03.jpg,train,4,french-022_03,train/attack/digital_2/scan/french-022_03.jpg,internal_test
french-091_03,train/attack/digital_2/huawei/french-091_03.jpg,train,4,french-022_03,train/attack/digital_2/huawei/french-022_03.jpg,internal_test
french-091_03,train/attack/digital_2/huawei/french-091_03.jpg,train,4,french-022_03,train/attack/digital_1/scan/french-022_03.jpg,internal_test
french-091_03,train/attack/digital_2/huawei/french-091_03.jpg,train,4,french-022_03,test/attack/digital_3/scan/french-022_03.jpg,internal_test
french-091_03,train/attack/digital_2/huawei/french-091_03.jpg,train,4,french-022_03,test/attack/digital_3/huawei/french-022_03.jpg,internal_test
french-091_03,train/attack/digital_2/huawei/french-091_03.jpg,train,4,french-128_03,test/attack/digital_3/scan/french-128_03.jpg,internal_test
persian-NF-1001,train/attack/digital_2/huawei/persian-NF-1001.jpg,train,4,persian-NM-1074,train/bonafide/huawei/persian-NM-1074.jpg,internal_test
persian-NF-1001,train/attack/digital_2/huawei/persian-NF-1001.jpg,train,4,persian-NM-1074,train/bonafide/scan/persian-NM-1074.jpg,internal_test
persian-NF-1001,train/attack/digital_2/huawei/persian-NF-1001.jpg,train,4,persian-NM-1074,train/attack/digital_2/scan/persian-NM-1074.jpg,internal_test
persian-NF-1001,train/attack/digital_2/huawei/persian-NF-1001.jpg,train,4,persian-NM-1074,train/attack/digital_1/scan/persian-NM-1074.jpg,internal_test
persian-NF-1001,train/attack/digital_2/huawei/persian-NF-1001.jpg,train,4,persian-NM-1074,test/attack/digital_3/scan/persian-NM-1074.jpg,internal_test
persian-NF-1001,train/attack/digital_2/huawei/persian-NF-1001.jpg,train,4,persian-NM-1074,test/attack/digital_3/huawei/persian-NM-1074.jpg,internal_test
persian-NF-1031,train/attack/digital_2/huawei/persian-NF-1031.jpg,train,4,persian-NF-1097,train/attack/digital_2/scan/persian-NF-1097.jpg,dev
french-124_03,train/attack/digital_2/huawei/french-124_03.jpg,train,4,french-019_03,train/bonafide/huawei/french-019_03.jpg,internal_test
french-124_03,train/attack/digital_2/huawei/french-124_03.jpg,train,4,french-019_03,train/bonafide/scan/french-019_03.jpg,internal_test
french-124_03,train/attack/digital_2/huawei/french-124_03.jpg,train,4,french-019_03,train/attack/digital_2/scan/french-019_03.jpg,internal_test
french-124_03,train/attack/digital_2/huawei/french-124_03.jpg,train,2,french-019_03,train/attack/digital_2/huawei/french-019_03.jpg,internal_test
french-124_03,train/attack/digital_2/huawei/french-124_03.jpg,train,4,french-019_03,train/attack/digital_1/scan/french-019_03.jpg,internal_test
french-124_03,train/attack/digital_2/huawei/french-124_03.jpg,train,4,french-019_03,test/attack/digital_3/scan/french-019_03.jpg,internal_test
french-124_03,train/attack/digital_2/huawei/french-124_03.jpg,train,4,french-019_03,test/attack/digital_3/huawei/french-019_03.jpg,internal_test
persian-069_03,train/attack/digital_2/huawei/persian-069_03.jpg,train,4,persian-122_03,train/bonafide/huawei/persian-122_03.jpg,dev
persian-069_03,train/attack/digital_2/huawei/persian-069_03.jpg,train,4,persian-122_03,train/attack/digital_1/huawei/persian-122_03.jpg,dev
persian-069_03,train/attack/digital_2/huawei/persian-069_03.jpg,train,4,persian-122_03,test/attack/digital_3/huawei/persian-122_03.jpg,dev
persian-010_03,train/attack/digital_2/huawei/persian-010_03.jpg,train,0,persian-122_03,train/bonafide/huawei/persian-122_03.jpg,dev
persian-010_03,train/attack/digital_2/huawei/persian-010_03.jpg,train,2,persian-122_03,train/bonafide/iphone15pro/persian-122_03.jpg,dev
persian-010_03,train/attack/digital_2/huawei/persian-010_03.jpg,train,4,persian-122_03,train/bonafide/scan/persian-122_03.jpg,dev
persian-010_03,train/attack/digital_2/huawei/persian-010_03.jpg,train,2,persian-122_03,train/attack/digital_2/iphone15pro/persian-122_03.jpg,dev
persian-010_03,train/attack/digital_2/huawei/persian-010_03.jpg,train,2,persian-122_03,train/attack/digital_2/scan/persian-122_03.jpg,dev
persian-010_03,train/attack/digital_2/huawei/persian-010_03.jpg,train,2,persian-122_03,train/attack/digital_2/huawei/persian-122_03.jpg,dev
persian-010_03,train/attack/digital_2/huawei/persian-010_03.jpg,train,0,persian-122_03,train/attack/digital_1/huawei/persian-122_03.jpg,dev
persian-010_03,train/attack/digital_2/huawei/persian-010_03.jpg,train,2,persian-122_03,train/attack/digital_1/iphone15pro/persian-122_03.jpg,dev
persian-010_03,train/attack/digital_2/huawei/persian-010_03.jpg,train,2,persian-122_03,train/attack/digital_1/scan/persian-122_03.jpg,dev
persian-010_03,train/attack/digital_2/huawei/persian-010_03.jpg,train,4,persian-122_03,test/attack/digital_3/scan/persian-122_03.jpg,dev
persian-010_03,train/attack/digital_2/huawei/persian-010_03.jpg,train,0,persian-122_03,test/attack/digital_3/huawei/persian-122_03.jpg,dev
persian-010_03,train/attack/digital_2/huawei/persian-010_03.jpg,train,2,persian-122_03,test/attack/digital_3/iphone15pro/persian-122_03.jpg,dev
french-118_03,train/attack/digital_2/huawei/french-118_03.jpg,train,4,french-114_03,train/bonafide/huawei/french-114_03.jpg,dev
french-118_03,train/attack/digital_2/huawei/french-118_03.jpg,train,4,french-114_03,train/bonafide/scan/french-114_03.jpg,dev
french-118_03,train/attack/digital_2/huawei/french-118_03.jpg,train,4,french-114_03,train/attack/digital_2/scan/french-114_03.jpg,dev
french-118_03,train/attack/digital_2/huawei/french-118_03.jpg,train,2,french-033_03,train/attack/digital_2/huawei/french-033_03.jpg,dev
french-118_03,train/attack/digital_2/huawei/french-118_03.jpg,train,4,french-114_03,train/attack/digital_2/huawei/french-114_03.jpg,dev
french-118_03,train/attack/digital_2/huawei/french-118_03.jpg,train,4,french-114_03,train/attack/digital_1/huawei/french-114_03.jpg,dev
french-118_03,train/attack/digital_2/huawei/french-118_03.jpg,train,4,french-114_03,train/attack/digital_1/scan/french-114_03.jpg,dev
french-118_03,train/attack/digital_2/huawei/french-118_03.jpg,train,4,french-033_03,test/attack/digital_3/huawei/french-033_03.jpg,dev
french-118_03,train/attack/digital_2/huawei/french-118_03.jpg,train,4,french-114_03,test/attack/digital_3/scan/french-114_03.jpg,dev
french-118_03,train/attack/digital_2/huawei/french-118_03.jpg,train,4,french-114_03,test/attack/digital_3/huawei/french-114_03.jpg,dev
french-118_03,train/attack/digital_2/huawei/french-118_03.jpg,train,4,french-022_03,train/bonafide/huawei/french-022_03.jpg,internal_test
french-118_03,train/attack/digital_2/huawei/french-118_03.jpg,train,4,french-022_03,train/attack/digital_2/huawei/french-022_03.jpg,internal_test
french-118_03,train/attack/digital_2/huawei/french-118_03.jpg,train,4,french-022_03,test/attack/digital_3/huawei/french-022_03.jpg,internal_test
usa-043_03,train/attack/digital_2/huawei/usa-043_03.jpg,train,4,usa-NF-1094,train/attack/digital_1/huawei/usa-NF-1094.jpg,internal_test
ukraine-NF-1068,train/attack/digital_2/huawei/ukraine-NF-1068.jpg,train,4,ukraine-NF-1057,train/bonafide/huawei/ukraine-NF-1057.jpg,dev
ukraine-NF-1068,train/attack/digital_2/huawei/ukraine-NF-1068.jpg,train,4,ukraine-NF-1057,train/bonafide/iphone15pro/ukraine-NF-1057.jpg,dev
ukraine-NF-1068,train/attack/digital_2/huawei/ukraine-NF-1068.jpg,train,4,ukraine-NF-1057,train/attack/digital_2/iphone15pro/ukraine-NF-1057.jpg,dev
ukraine-NF-1068,train/attack/digital_2/huawei/ukraine-NF-1068.jpg,train,4,ukraine-NF-1057,train/attack/digital_1/huawei/ukraine-NF-1057.jpg,dev
ukraine-NF-1068,train/attack/digital_2/huawei/ukraine-NF-1068.jpg,train,4,ukraine-NF-1057,train/attack/digital_1/iphone15pro/ukraine-NF-1057.jpg,dev
ukraine-NF-1068,train/attack/digital_2/huawei/ukraine-NF-1068.jpg,train,4,ukraine-NF-1057,test/attack/digital_3/huawei/ukraine-NF-1057.jpg,dev
ukraine-NF-1068,train/attack/digital_2/huawei/ukraine-NF-1068.jpg,train,4,ukraine-NF-1057,test/attack/digital_3/iphone15pro/ukraine-NF-1057.jpg,dev
usa-016_03,train/attack/digital_2/huawei/usa-016_03.jpg,train,2,usa-NF-1094,train/attack/digital_1/huawei/usa-NF-1094.jpg,internal_test
chinese-113_03,train/attack/digital_2/huawei/chinese-113_03.jpg,train,4,chinese-039_03,train/bonafide/huawei/chinese-039_03.jpg,dev
chinese-113_03,train/attack/digital_2/huawei/chinese-113_03.jpg,train,4,chinese-142_03,train/bonafide/huawei/chinese-142_03.jpg,dev
chinese-113_03,train/attack/digital_2/huawei/chinese-113_03.jpg,train,4,chinese-142_03,train/attack/digital_2/huawei/chinese-142_03.jpg,dev
chinese-113_03,train/attack/digital_2/huawei/chinese-113_03.jpg,train,4,chinese-039_03,train/attack/digital_1/huawei/chinese-039_03.jpg,dev
chinese-113_03,train/attack/digital_2/huawei/chinese-113_03.jpg,train,4,chinese-142_03,train/attack/digital_1/huawei/chinese-142_03.jpg,dev
chinese-113_03,train/attack/digital_2/huawei/chinese-113_03.jpg,train,4,chinese-039_03,test/attack/digital_3/huawei/chinese-039_03.jpg,dev
chinese-113_03,train/attack/digital_2/huawei/chinese-113_03.jpg,train,4,chinese-142_03,test/attack/digital_3/huawei/chinese-142_03.jpg,dev
chinese-113_03,train/attack/digital_2/huawei/chinese-113_03.jpg,train,4,chinese-020_03,train/bonafide/huawei/chinese-020_03.jpg,internal_test
chinese-113_03,train/attack/digital_2/huawei/chinese-113_03.jpg,train,4,chinese-020_03,train/attack/digital_2/huawei/chinese-020_03.jpg,internal_test
chinese-113_03,train/attack/digital_2/huawei/chinese-113_03.jpg,train,2,chinese-020_03,train/attack/digital_1/huawei/chinese-020_03.jpg,internal_test
chinese-113_03,train/attack/digital_2/huawei/chinese-113_03.jpg,train,4,chinese-020_03,train/attack/digital_1/iphone15pro/chinese-020_03.jpg,internal_test
chinese-113_03,train/attack/digital_2/huawei/chinese-113_03.jpg,train,4,chinese-020_03,test/attack/digital_3/huawei/chinese-020_03.jpg,internal_test
turkiye-130_03,train/attack/digital_2/huawei/turkiye-130_03.jpg,train,4,turkiye-104_03,train/attack/digital_2/huawei/turkiye-104_03.jpg,dev
turkiye-130_03,train/attack/digital_2/huawei/turkiye-130_03.jpg,train,4,turkiye-104_03,train/attack/digital_1/huawei/turkiye-104_03.jpg,dev
turkiye-130_03,train/attack/digital_2/huawei/turkiye-130_03.jpg,train,4,turkiye-104_03,test/attack/digital_3/huawei/turkiye-104_03.jpg,dev
turkiye-130_03,train/attack/digital_2/huawei/turkiye-130_03.jpg,train,2,turkiye-115_03,train/bonafide/huawei/turkiye-115_03.jpg,internal_test
turkiye-130_03,train/attack/digital_2/huawei/turkiye-130_03.jpg,train,4,turkiye-115_03,train/attack/digital_2/huawei/turkiye-115_03.jpg,internal_test
turkiye-130_03,train/attack/digital_2/huawei/turkiye-130_03.jpg,train,4,turkiye-031_03,test/attack/digital_3/huawei/turkiye-031_03.jpg,internal_test
turkiye-130_03,train/attack/digital_2/huawei/turkiye-130_03.jpg,train,2,turkiye-115_03,test/attack/digital_3/huawei/turkiye-115_03.jpg,internal_test
usa-NF-1004,train/attack/digital_2/huawei/usa-NF-1004.jpg,train,4,usa-NM-1052,train/bonafide/iphone15pro/usa-NM-1052.jpg,dev
usa-NF-1004,train/attack/digital_2/huawei/usa-NF-1004.jpg,train,4,usa-NM-1052,train/attack/digital_2/huawei/usa-NM-1052.jpg,dev
usa-NF-1004,train/attack/digital_2/huawei/usa-NF-1004.jpg,train,4,usa-NM-1052,train/attack/digital_1/iphone15pro/usa-NM-1052.jpg,dev
turkiye-008_03,train/attack/digital_2/huawei/turkiye-008_03.jpg,train,4,turkiye-041_03,train/bonafide/huawei/turkiye-041_03.jpg,dev
turkiye-008_03,train/attack/digital_2/huawei/turkiye-008_03.jpg,train,4,turkiye-101_03,train/bonafide/huawei/turkiye-101_03.jpg,dev
turkiye-008_03,train/attack/digital_2/huawei/turkiye-008_03.jpg,train,2,turkiye-104_03,train/bonafide/huawei/turkiye-104_03.jpg,dev
turkiye-008_03,train/attack/digital_2/huawei/turkiye-008_03.jpg,train,4,turkiye-041_03,train/bonafide/iphone15pro/turkiye-041_03.jpg,dev
turkiye-008_03,train/attack/digital_2/huawei/turkiye-008_03.jpg,train,2,turkiye-101_03,train/bonafide/iphone15pro/turkiye-101_03.jpg,dev
turkiye-008_03,train/attack/digital_2/huawei/turkiye-008_03.jpg,train,4,turkiye-104_03,train/bonafide/iphone15pro/turkiye-104_03.jpg,dev
turkiye-008_03,train/attack/digital_2/huawei/turkiye-008_03.jpg,train,4,turkiye-041_03,train/bonafide/scan/turkiye-041_03.jpg,dev
turkiye-008_03,train/attack/digital_2/huawei/turkiye-008_03.jpg,train,2,turkiye-101_03,train/bonafide/scan/turkiye-101_03.jpg,dev
turkiye-008_03,train/attack/digital_2/huawei/turkiye-008_03.jpg,train,4,turkiye-104_03,train/bonafide/scan/turkiye-104_03.jpg,dev
turkiye-008_03,train/attack/digital_2/huawei/turkiye-008_03.jpg,train,4,turkiye-041_03,train/attack/digital_2/iphone15pro/turkiye-041_03.jpg,dev
turkiye-008_03,train/attack/digital_2/huawei/turkiye-008_03.jpg,train,4,turkiye-104_03,train/attack/digital_2/iphone15pro/turkiye-104_03.jpg,dev
turkiye-008_03,train/attack/digital_2/huawei/turkiye-008_03.jpg,train,2,turkiye-101_03,train/attack/digital_2/iphone15pro/turkiye-101_03.jpg,dev
turkiye-008_03,train/attack/digital_2/huawei/turkiye-008_03.jpg,train,4,turkiye-041_03,train/attack/digital_2/scan/turkiye-041_03.jpg,dev
turkiye-008_03,train/attack/digital_2/huawei/turkiye-008_03.jpg,train,4,turkiye-101_03,train/attack/digital_2/scan/turkiye-101_03.jpg,dev
turkiye-008_03,train/attack/digital_2/huawei/turkiye-008_03.jpg,train,4,turkiye-041_03,train/attack/digital_2/huawei/turkiye-041_03.jpg,dev
turkiye-008_03,train/attack/digital_2/huawei/turkiye-008_03.jpg,train,4,turkiye-104_03,train/attack/digital_2/huawei/turkiye-104_03.jpg,dev
turkiye-008_03,train/attack/digital_2/huawei/turkiye-008_03.jpg,train,4,turkiye-041_03,train/attack/digital_1/huawei/turkiye-041_03.jpg,dev
turkiye-008_03,train/attack/digital_2/huawei/turkiye-008_03.jpg,train,2,turkiye-101_03,train/attack/digital_1/huawei/turkiye-101_03.jpg,dev
turkiye-008_03,train/attack/digital_2/huawei/turkiye-008_03.jpg,train,4,turkiye-104_03,train/attack/digital_1/huawei/turkiye-104_03.jpg,dev
turkiye-008_03,train/attack/digital_2/huawei/turkiye-008_03.jpg,train,4,turkiye-041_03,train/attack/digital_1/iphone15pro/turkiye-041_03.jpg,dev
turkiye-008_03,train/attack/digital_2/huawei/turkiye-008_03.jpg,train,2,turkiye-101_03,train/attack/digital_1/iphone15pro/turkiye-101_03.jpg,dev
turkiye-008_03,train/attack/digital_2/huawei/turkiye-008_03.jpg,train,4,turkiye-104_03,train/attack/digital_1/iphone15pro/turkiye-104_03.jpg,dev
turkiye-008_03,train/attack/digital_2/huawei/turkiye-008_03.jpg,train,4,turkiye-041_03,train/attack/digital_1/scan/turkiye-041_03.jpg,dev
turkiye-008_03,train/attack/digital_2/huawei/turkiye-008_03.jpg,train,2,turkiye-101_03,train/attack/digital_1/scan/turkiye-101_03.jpg,dev
turkiye-008_03,train/attack/digital_2/huawei/turkiye-008_03.jpg,train,4,turkiye-104_03,train/attack/digital_1/scan/turkiye-104_03.jpg,dev
turkiye-008_03,train/attack/digital_2/huawei/turkiye-008_03.jpg,train,4,turkiye-041_03,test/attack/digital_3/scan/turkiye-041_03.jpg,dev
turkiye-008_03,train/attack/digital_2/huawei/turkiye-008_03.jpg,train,4,turkiye-041_03,test/attack/digital_3/huawei/turkiye-041_03.jpg,dev
turkiye-008_03,train/attack/digital_2/huawei/turkiye-008_03.jpg,train,4,turkiye-041_03,test/attack/digital_3/iphone15pro/turkiye-041_03.jpg,dev
turkiye-008_03,train/attack/digital_2/huawei/turkiye-008_03.jpg,train,4,turkiye-101_03,test/attack/digital_3/scan/turkiye-101_03.jpg,dev
turkiye-008_03,train/attack/digital_2/huawei/turkiye-008_03.jpg,train,4,turkiye-101_03,test/attack/digital_3/huawei/turkiye-101_03.jpg,dev
turkiye-008_03,train/attack/digital_2/huawei/turkiye-008_03.jpg,train,2,turkiye-101_03,test/attack/digital_3/iphone15pro/turkiye-101_03.jpg,dev
turkiye-008_03,train/attack/digital_2/huawei/turkiye-008_03.jpg,train,4,turkiye-104_03,test/attack/digital_3/huawei/turkiye-104_03.jpg,dev
turkiye-008_03,train/attack/digital_2/huawei/turkiye-008_03.jpg,train,4,turkiye-104_03,test/attack/digital_3/iphone15pro/turkiye-104_03.jpg,dev
turkiye-008_03,train/attack/digital_2/huawei/turkiye-008_03.jpg,train,4,turkiye-031_03,train/bonafide/huawei/turkiye-031_03.jpg,internal_test
turkiye-008_03,train/attack/digital_2/huawei/turkiye-008_03.jpg,train,4,turkiye-032_03,train/bonafide/huawei/turkiye-032_03.jpg,internal_test
turkiye-008_03,train/attack/digital_2/huawei/turkiye-008_03.jpg,train,4,turkiye-121_03,train/bonafide/huawei/turkiye-121_03.jpg,internal_test
turkiye-008_03,train/attack/digital_2/huawei/turkiye-008_03.jpg,train,2,turkiye-031_03,train/bonafide/iphone15pro/turkiye-031_03.jpg,internal_test
turkiye-008_03,train/attack/digital_2/huawei/turkiye-008_03.jpg,train,4,turkiye-032_03,train/bonafide/iphone15pro/turkiye-032_03.jpg,internal_test
turkiye-008_03,train/attack/digital_2/huawei/turkiye-008_03.jpg,train,2,turkiye-115_03,train/bonafide/iphone15pro/turkiye-115_03.jpg,internal_test
turkiye-008_03,train/attack/digital_2/huawei/turkiye-008_03.jpg,train,4,turkiye-121_03,train/bonafide/iphone15pro/turkiye-121_03.jpg,internal_test
turkiye-008_03,train/attack/digital_2/huawei/turkiye-008_03.jpg,train,2,turkiye-031_03,train/bonafide/scan/turkiye-031_03.jpg,internal_test
turkiye-008_03,train/attack/digital_2/huawei/turkiye-008_03.jpg,train,4,turkiye-032_03,train/bonafide/scan/turkiye-032_03.jpg,internal_test
turkiye-008_03,train/attack/digital_2/huawei/turkiye-008_03.jpg,train,2,turkiye-115_03,train/bonafide/scan/turkiye-115_03.jpg,internal_test
turkiye-008_03,train/attack/digital_2/huawei/turkiye-008_03.jpg,train,4,turkiye-121_03,train/bonafide/scan/turkiye-121_03.jpg,internal_test
turkiye-008_03,train/attack/digital_2/huawei/turkiye-008_03.jpg,train,4,turkiye-032_03,train/attack/digital_2/iphone15pro/turkiye-032_03.jpg,internal_test
turkiye-008_03,train/attack/digital_2/huawei/turkiye-008_03.jpg,train,4,turkiye-115_03,train/attack/digital_2/iphone15pro/turkiye-115_03.jpg,internal_test
turkiye-008_03,train/attack/digital_2/huawei/turkiye-008_03.jpg,train,2,turkiye-121_03,train/attack/digital_2/iphone15pro/turkiye-121_03.jpg,internal_test
turkiye-008_03,train/attack/digital_2/huawei/turkiye-008_03.jpg,train,2,turkiye-031_03,train/attack/digital_2/iphone15pro/turkiye-031_03.jpg,internal_test
turkiye-008_03,train/attack/digital_2/huawei/turkiye-008_03.jpg,train,2,turkiye-115_03,train/attack/digital_2/scan/turkiye-115_03.jpg,internal_test
turkiye-008_03,train/attack/digital_2/huawei/turkiye-008_03.jpg,train,4,turkiye-121_03,train/attack/digital_2/scan/turkiye-121_03.jpg,internal_test
turkiye-008_03,train/attack/digital_2/huawei/turkiye-008_03.jpg,train,2,turkiye-031_03,train/attack/digital_2/scan/turkiye-031_03.jpg,internal_test
turkiye-008_03,train/attack/digital_2/huawei/turkiye-008_03.jpg,train,4,turkiye-032_03,train/attack/digital_2/huawei/turkiye-032_03.jpg,internal_test
turkiye-008_03,train/attack/digital_2/huawei/turkiye-008_03.jpg,train,2,turkiye-031_03,train/attack/digital_2/huawei/turkiye-031_03.jpg,internal_test
turkiye-008_03,train/attack/digital_2/huawei/turkiye-008_03.jpg,train,2,turkiye-031_03,train/attack/digital_1/huawei/turkiye-031_03.jpg,internal_test
turkiye-008_03,train/attack/digital_2/huawei/turkiye-008_03.jpg,train,4,turkiye-032_03,train/attack/digital_1/huawei/turkiye-032_03.jpg,internal_test
turkiye-008_03,train/attack/digital_2/huawei/turkiye-008_03.jpg,train,4,turkiye-115_03,train/attack/digital_1/huawei/turkiye-115_03.jpg,internal_test
turkiye-008_03,train/attack/digital_2/huawei/turkiye-008_03.jpg,train,4,turkiye-121_03,train/attack/digital_1/huawei/turkiye-121_03.jpg,internal_test
turkiye-008_03,train/attack/digital_2/huawei/turkiye-008_03.jpg,train,4,turkiye-032_03,train/attack/digital_1/iphone15pro/turkiye-032_03.jpg,internal_test
turkiye-008_03,train/attack/digital_2/huawei/turkiye-008_03.jpg,train,4,turkiye-115_03,train/attack/digital_1/iphone15pro/turkiye-115_03.jpg,internal_test
turkiye-008_03,train/attack/digital_2/huawei/turkiye-008_03.jpg,train,2,turkiye-121_03,train/attack/digital_1/iphone15pro/turkiye-121_03.jpg,internal_test
turkiye-008_03,train/attack/digital_2/huawei/turkiye-008_03.jpg,train,4,turkiye-032_03,train/attack/digital_1/scan/turkiye-032_03.jpg,internal_test
turkiye-008_03,train/attack/digital_2/huawei/turkiye-008_03.jpg,train,2,turkiye-115_03,train/attack/digital_1/scan/turkiye-115_03.jpg,internal_test
turkiye-008_03,train/attack/digital_2/huawei/turkiye-008_03.jpg,train,4,turkiye-121_03,train/attack/digital_1/scan/turkiye-121_03.jpg,internal_test
turkiye-008_03,train/attack/digital_2/huawei/turkiye-008_03.jpg,train,2,turkiye-031_03,test/attack/digital_3/scan/turkiye-031_03.jpg,internal_test
turkiye-008_03,train/attack/digital_2/huawei/turkiye-008_03.jpg,train,4,turkiye-031_03,test/attack/digital_3/huawei/turkiye-031_03.jpg,internal_test
turkiye-008_03,train/attack/digital_2/huawei/turkiye-008_03.jpg,train,2,turkiye-031_03,test/attack/digital_3/iphone15pro/turkiye-031_03.jpg,internal_test
turkiye-008_03,train/attack/digital_2/huawei/turkiye-008_03.jpg,train,4,turkiye-032_03,test/attack/digital_3/scan/turkiye-032_03.jpg,internal_test
turkiye-008_03,train/attack/digital_2/huawei/turkiye-008_03.jpg,train,4,turkiye-032_03,test/attack/digital_3/huawei/turkiye-032_03.jpg,internal_test
turkiye-008_03,train/attack/digital_2/huawei/turkiye-008_03.jpg,train,2,turkiye-115_03,test/attack/digital_3/scan/turkiye-115_03.jpg,internal_test
turkiye-008_03,train/attack/digital_2/huawei/turkiye-008_03.jpg,train,4,turkiye-115_03,test/attack/digital_3/iphone15pro/turkiye-115_03.jpg,internal_test
turkiye-008_03,train/attack/digital_2/huawei/turkiye-008_03.jpg,train,4,turkiye-121_03,test/attack/digital_3/scan/turkiye-121_03.jpg,internal_test
turkiye-008_03,train/attack/digital_2/huawei/turkiye-008_03.jpg,train,4,turkiye-121_03,test/attack/digital_3/huawei/turkiye-121_03.jpg,internal_test
turkiye-008_03,train/attack/digital_2/huawei/turkiye-008_03.jpg,train,2,turkiye-121_03,test/attack/digital_3/iphone15pro/turkiye-121_03.jpg,internal_test
turkiye-086_03,train/attack/digital_2/huawei/turkiye-086_03.jpg,train,4,turkiye-104_03,train/bonafide/huawei/turkiye-104_03.jpg,dev
turkiye-086_03,train/attack/digital_2/huawei/turkiye-086_03.jpg,train,4,turkiye-041_03,train/bonafide/iphone15pro/turkiye-041_03.jpg,dev
turkiye-086_03,train/attack/digital_2/huawei/turkiye-086_03.jpg,train,4,turkiye-101_03,train/bonafide/iphone15pro/turkiye-101_03.jpg,dev
turkiye-086_03,train/attack/digital_2/huawei/turkiye-086_03.jpg,train,4,turkiye-101_03,train/bonafide/scan/turkiye-101_03.jpg,dev
turkiye-086_03,train/attack/digital_2/huawei/turkiye-086_03.jpg,train,4,turkiye-104_03,train/bonafide/scan/turkiye-104_03.jpg,dev
turkiye-086_03,train/attack/digital_2/huawei/turkiye-086_03.jpg,train,4,turkiye-041_03,train/attack/digital_2/iphone15pro/turkiye-041_03.jpg,dev
turkiye-086_03,train/attack/digital_2/huawei/turkiye-086_03.jpg,train,4,turkiye-101_03,train/attack/digital_2/iphone15pro/turkiye-101_03.jpg,dev
turkiye-086_03,train/attack/digital_2/huawei/turkiye-086_03.jpg,train,4,turkiye-101_03,train/attack/digital_2/scan/turkiye-101_03.jpg,dev
turkiye-086_03,train/attack/digital_2/huawei/turkiye-086_03.jpg,train,4,turkiye-101_03,train/attack/digital_1/huawei/turkiye-101_03.jpg,dev
turkiye-086_03,train/attack/digital_2/huawei/turkiye-086_03.jpg,train,4,turkiye-104_03,train/attack/digital_1/huawei/turkiye-104_03.jpg,dev
turkiye-086_03,train/attack/digital_2/huawei/turkiye-086_03.jpg,train,4,turkiye-041_03,train/attack/digital_1/iphone15pro/turkiye-041_03.jpg,dev
turkiye-086_03,train/attack/digital_2/huawei/turkiye-086_03.jpg,train,4,turkiye-101_03,train/attack/digital_1/iphone15pro/turkiye-101_03.jpg,dev
turkiye-086_03,train/attack/digital_2/huawei/turkiye-086_03.jpg,train,4,turkiye-101_03,train/attack/digital_1/scan/turkiye-101_03.jpg,dev
turkiye-086_03,train/attack/digital_2/huawei/turkiye-086_03.jpg,train,4,turkiye-104_03,train/attack/digital_1/scan/turkiye-104_03.jpg,dev
turkiye-086_03,train/attack/digital_2/huawei/turkiye-086_03.jpg,train,4,turkiye-041_03,test/attack/digital_3/iphone15pro/turkiye-041_03.jpg,dev
turkiye-086_03,train/attack/digital_2/huawei/turkiye-086_03.jpg,train,4,turkiye-101_03,test/attack/digital_3/scan/turkiye-101_03.jpg,dev
turkiye-086_03,train/attack/digital_2/huawei/turkiye-086_03.jpg,train,4,turkiye-101_03,test/attack/digital_3/iphone15pro/turkiye-101_03.jpg,dev
turkiye-086_03,train/attack/digital_2/huawei/turkiye-086_03.jpg,train,4,turkiye-104_03,test/attack/digital_3/huawei/turkiye-104_03.jpg,dev
turkiye-086_03,train/attack/digital_2/huawei/turkiye-086_03.jpg,train,2,turkiye-031_03,train/bonafide/huawei/turkiye-031_03.jpg,internal_test
turkiye-086_03,train/attack/digital_2/huawei/turkiye-086_03.jpg,train,4,turkiye-032_03,train/bonafide/huawei/turkiye-032_03.jpg,internal_test
turkiye-086_03,train/attack/digital_2/huawei/turkiye-086_03.jpg,train,4,turkiye-115_03,train/bonafide/huawei/turkiye-115_03.jpg,internal_test
turkiye-086_03,train/attack/digital_2/huawei/turkiye-086_03.jpg,train,4,turkiye-121_03,train/bonafide/huawei/turkiye-121_03.jpg,internal_test
turkiye-086_03,train/attack/digital_2/huawei/turkiye-086_03.jpg,train,2,turkiye-031_03,train/bonafide/iphone15pro/turkiye-031_03.jpg,internal_test
turkiye-086_03,train/attack/digital_2/huawei/turkiye-086_03.jpg,train,4,turkiye-032_03,train/bonafide/iphone15pro/turkiye-032_03.jpg,internal_test
turkiye-086_03,train/attack/digital_2/huawei/turkiye-086_03.jpg,train,4,turkiye-115_03,train/bonafide/iphone15pro/turkiye-115_03.jpg,internal_test
turkiye-086_03,train/attack/digital_2/huawei/turkiye-086_03.jpg,train,2,turkiye-121_03,train/bonafide/iphone15pro/turkiye-121_03.jpg,internal_test
turkiye-086_03,train/attack/digital_2/huawei/turkiye-086_03.jpg,train,2,turkiye-031_03,train/bonafide/scan/turkiye-031_03.jpg,internal_test
turkiye-086_03,train/attack/digital_2/huawei/turkiye-086_03.jpg,train,4,turkiye-032_03,train/bonafide/scan/turkiye-032_03.jpg,internal_test
turkiye-086_03,train/attack/digital_2/huawei/turkiye-086_03.jpg,train,4,turkiye-115_03,train/bonafide/scan/turkiye-115_03.jpg,internal_test
turkiye-086_03,train/attack/digital_2/huawei/turkiye-086_03.jpg,train,2,turkiye-121_03,train/bonafide/scan/turkiye-121_03.jpg,internal_test
turkiye-086_03,train/attack/digital_2/huawei/turkiye-086_03.jpg,train,4,turkiye-032_03,train/attack/digital_2/iphone15pro/turkiye-032_03.jpg,internal_test
turkiye-086_03,train/attack/digital_2/huawei/turkiye-086_03.jpg,train,0,turkiye-121_03,train/attack/digital_2/iphone15pro/turkiye-121_03.jpg,internal_test
turkiye-086_03,train/attack/digital_2/huawei/turkiye-086_03.jpg,train,2,turkiye-031_03,train/attack/digital_2/iphone15pro/turkiye-031_03.jpg,internal_test
turkiye-086_03,train/attack/digital_2/huawei/turkiye-086_03.jpg,train,4,turkiye-115_03,train/attack/digital_2/scan/turkiye-115_03.jpg,internal_test
turkiye-086_03,train/attack/digital_2/huawei/turkiye-086_03.jpg,train,2,turkiye-121_03,train/attack/digital_2/scan/turkiye-121_03.jpg,internal_test
turkiye-086_03,train/attack/digital_2/huawei/turkiye-086_03.jpg,train,2,turkiye-031_03,train/attack/digital_2/scan/turkiye-031_03.jpg,internal_test
turkiye-086_03,train/attack/digital_2/huawei/turkiye-086_03.jpg,train,4,turkiye-032_03,train/attack/digital_2/huawei/turkiye-032_03.jpg,internal_test
turkiye-086_03,train/attack/digital_2/huawei/turkiye-086_03.jpg,train,4,turkiye-115_03,train/attack/digital_2/huawei/turkiye-115_03.jpg,internal_test
turkiye-086_03,train/attack/digital_2/huawei/turkiye-086_03.jpg,train,0,turkiye-031_03,train/attack/digital_2/huawei/turkiye-031_03.jpg,internal_test
turkiye-086_03,train/attack/digital_2/huawei/turkiye-086_03.jpg,train,2,turkiye-031_03,train/attack/digital_1/huawei/turkiye-031_03.jpg,internal_test
turkiye-086_03,train/attack/digital_2/huawei/turkiye-086_03.jpg,train,4,turkiye-032_03,train/attack/digital_1/huawei/turkiye-032_03.jpg,internal_test
turkiye-086_03,train/attack/digital_2/huawei/turkiye-086_03.jpg,train,4,turkiye-121_03,train/attack/digital_1/huawei/turkiye-121_03.jpg,internal_test
turkiye-086_03,train/attack/digital_2/huawei/turkiye-086_03.jpg,train,4,turkiye-032_03,train/attack/digital_1/iphone15pro/turkiye-032_03.jpg,internal_test
turkiye-086_03,train/attack/digital_2/huawei/turkiye-086_03.jpg,train,2,turkiye-121_03,train/attack/digital_1/iphone15pro/turkiye-121_03.jpg,internal_test
turkiye-086_03,train/attack/digital_2/huawei/turkiye-086_03.jpg,train,4,turkiye-032_03,train/attack/digital_1/scan/turkiye-032_03.jpg,internal_test
turkiye-086_03,train/attack/digital_2/huawei/turkiye-086_03.jpg,train,4,turkiye-115_03,train/attack/digital_1/scan/turkiye-115_03.jpg,internal_test
turkiye-086_03,train/attack/digital_2/huawei/turkiye-086_03.jpg,train,2,turkiye-121_03,train/attack/digital_1/scan/turkiye-121_03.jpg,internal_test
turkiye-086_03,train/attack/digital_2/huawei/turkiye-086_03.jpg,train,2,turkiye-031_03,test/attack/digital_3/scan/turkiye-031_03.jpg,internal_test
turkiye-086_03,train/attack/digital_2/huawei/turkiye-086_03.jpg,train,2,turkiye-031_03,test/attack/digital_3/huawei/turkiye-031_03.jpg,internal_test
turkiye-086_03,train/attack/digital_2/huawei/turkiye-086_03.jpg,train,2,turkiye-031_03,test/attack/digital_3/iphone15pro/turkiye-031_03.jpg,internal_test
turkiye-086_03,train/attack/digital_2/huawei/turkiye-086_03.jpg,train,4,turkiye-032_03,test/attack/digital_3/scan/turkiye-032_03.jpg,internal_test
turkiye-086_03,train/attack/digital_2/huawei/turkiye-086_03.jpg,train,4,turkiye-032_03,test/attack/digital_3/huawei/turkiye-032_03.jpg,internal_test
turkiye-086_03,train/attack/digital_2/huawei/turkiye-086_03.jpg,train,4,turkiye-115_03,test/attack/digital_3/scan/turkiye-115_03.jpg,internal_test
turkiye-086_03,train/attack/digital_2/huawei/turkiye-086_03.jpg,train,4,turkiye-115_03,test/attack/digital_3/huawei/turkiye-115_03.jpg,internal_test
turkiye-086_03,train/attack/digital_2/huawei/turkiye-086_03.jpg,train,2,turkiye-121_03,test/attack/digital_3/scan/turkiye-121_03.jpg,internal_test
turkiye-086_03,train/attack/digital_2/huawei/turkiye-086_03.jpg,train,4,turkiye-121_03,test/attack/digital_3/huawei/turkiye-121_03.jpg,internal_test
turkiye-086_03,train/attack/digital_2/huawei/turkiye-086_03.jpg,train,0,turkiye-121_03,test/attack/digital_3/iphone15pro/turkiye-121_03.jpg,internal_test
portugal-143_03,train/attack/digital_2/huawei/portugal-143_03.jpg,train,4,portugal-119_03,train/bonafide/huawei/portugal-119_03.jpg,internal_test
portugal-143_03,train/attack/digital_2/huawei/portugal-143_03.jpg,train,4,portugal-119_03,train/bonafide/scan/portugal-119_03.jpg,internal_test
portugal-143_03,train/attack/digital_2/huawei/portugal-143_03.jpg,train,4,portugal-119_03,train/attack/digital_1/huawei/portugal-119_03.jpg,internal_test
portugal-143_03,train/attack/digital_2/huawei/portugal-143_03.jpg,train,4,portugal-119_03,test/attack/digital_3/scan/portugal-119_03.jpg,internal_test
portugal-143_03,train/attack/digital_2/huawei/portugal-143_03.jpg,train,4,portugal-119_03,test/attack/digital_3/huawei/portugal-119_03.jpg,internal_test
chinese-081_03,train/attack/digital_2/huawei/chinese-081_03.jpg,train,4,chinese-039_03,train/bonafide/huawei/chinese-039_03.jpg,dev
chinese-081_03,train/attack/digital_2/huawei/chinese-081_03.jpg,train,4,chinese-039_03,train/attack/digital_1/huawei/chinese-039_03.jpg,dev
chinese-081_03,train/attack/digital_2/huawei/chinese-081_03.jpg,train,4,chinese-039_03,train/attack/digital_1/scan/chinese-039_03.jpg,dev
chinese-081_03,train/attack/digital_2/huawei/chinese-081_03.jpg,train,4,chinese-039_03,test/attack/digital_3/scan/chinese-039_03.jpg,dev
chinese-081_03,train/attack/digital_2/huawei/chinese-081_03.jpg,train,4,chinese-039_03,test/attack/digital_3/huawei/chinese-039_03.jpg,dev
chinese-107_03,train/attack/digital_2/huawei/chinese-107_03.jpg,train,2,chinese-039_03,train/bonafide/huawei/chinese-039_03.jpg,dev
chinese-107_03,train/attack/digital_2/huawei/chinese-107_03.jpg,train,2,chinese-142_03,train/bonafide/huawei/chinese-142_03.jpg,dev
chinese-107_03,train/attack/digital_2/huawei/chinese-107_03.jpg,train,4,chinese-142_03,train/bonafide/scan/chinese-142_03.jpg,dev
chinese-107_03,train/attack/digital_2/huawei/chinese-107_03.jpg,train,4,chinese-142_03,train/attack/digital_2/scan/chinese-142_03.jpg,dev
chinese-107_03,train/attack/digital_2/huawei/chinese-107_03.jpg,train,4,chinese-039_03,train/attack/digital_2/huawei/chinese-039_03.jpg,dev
chinese-107_03,train/attack/digital_2/huawei/chinese-107_03.jpg,train,2,chinese-142_03,train/attack/digital_2/huawei/chinese-142_03.jpg,dev
chinese-107_03,train/attack/digital_2/huawei/chinese-107_03.jpg,train,4,chinese-039_03,train/attack/digital_1/huawei/chinese-039_03.jpg,dev
chinese-107_03,train/attack/digital_2/huawei/chinese-107_03.jpg,train,4,chinese-142_03,train/attack/digital_1/huawei/chinese-142_03.jpg,dev
chinese-107_03,train/attack/digital_2/huawei/chinese-107_03.jpg,train,4,chinese-142_03,train/attack/digital_1/scan/chinese-142_03.jpg,dev
chinese-107_03,train/attack/digital_2/huawei/chinese-107_03.jpg,train,2,chinese-039_03,test/attack/digital_3/huawei/chinese-039_03.jpg,dev
chinese-107_03,train/attack/digital_2/huawei/chinese-107_03.jpg,train,4,chinese-142_03,test/attack/digital_3/scan/chinese-142_03.jpg,dev
chinese-107_03,train/attack/digital_2/huawei/chinese-107_03.jpg,train,2,chinese-142_03,test/attack/digital_3/huawei/chinese-142_03.jpg,dev
chinese-107_03,train/attack/digital_2/huawei/chinese-107_03.jpg,train,2,chinese-020_03,train/bonafide/huawei/chinese-020_03.jpg,internal_test
chinese-107_03,train/attack/digital_2/huawei/chinese-107_03.jpg,train,4,chinese-020_03,train/bonafide/iphone15pro/chinese-020_03.jpg,internal_test
chinese-107_03,train/attack/digital_2/huawei/chinese-107_03.jpg,train,4,chinese-020_03,train/bonafide/scan/chinese-020_03.jpg,internal_test
chinese-107_03,train/attack/digital_2/huawei/chinese-107_03.jpg,train,4,chinese-020_03,train/attack/digital_2/iphone15pro/chinese-020_03.jpg,internal_test
chinese-107_03,train/attack/digital_2/huawei/chinese-107_03.jpg,train,4,chinese-020_03,train/attack/digital_2/scan/chinese-020_03.jpg,internal_test
chinese-107_03,train/attack/digital_2/huawei/chinese-107_03.jpg,train,2,chinese-020_03,train/attack/digital_2/huawei/chinese-020_03.jpg,internal_test
chinese-107_03,train/attack/digital_2/huawei/chinese-107_03.jpg,train,2,chinese-020_03,train/attack/digital_1/huawei/chinese-020_03.jpg,internal_test
chinese-107_03,train/attack/digital_2/huawei/chinese-107_03.jpg,train,2,chinese-020_03,train/attack/digital_1/iphone15pro/chinese-020_03.jpg,internal_test
chinese-107_03,train/attack/digital_2/huawei/chinese-107_03.jpg,train,4,chinese-020_03,test/attack/digital_3/scan/chinese-020_03.jpg,internal_test
chinese-107_03,train/attack/digital_2/huawei/chinese-107_03.jpg,train,2,chinese-020_03,test/attack/digital_3/huawei/chinese-020_03.jpg,internal_test
chinese-107_03,train/attack/digital_2/huawei/chinese-107_03.jpg,train,4,chinese-020_03,test/attack/digital_3/iphone15pro/chinese-020_03.jpg,internal_test
turkiye-036_03,train/attack/digital_2/huawei/turkiye-036_03.jpg,train,4,turkiye-101_03,train/bonafide/huawei/turkiye-101_03.jpg,dev
turkiye-036_03,train/attack/digital_2/huawei/turkiye-036_03.jpg,train,4,turkiye-101_03,train/attack/digital_2/scan/turkiye-101_03.jpg,dev
turkiye-036_03,train/attack/digital_2/huawei/turkiye-036_03.jpg,train,2,turkiye-101_03,train/attack/digital_2/huawei/turkiye-101_03.jpg,dev
turkiye-036_03,train/attack/digital_2/huawei/turkiye-036_03.jpg,train,4,turkiye-101_03,test/attack/digital_3/scan/turkiye-101_03.jpg,dev
turkiye-036_03,train/attack/digital_2/huawei/turkiye-036_03.jpg,train,4,turkiye-101_03,test/attack/digital_3/huawei/turkiye-101_03.jpg,dev
turkiye-036_03,train/attack/digital_2/huawei/turkiye-036_03.jpg,train,4,turkiye-115_03,train/bonafide/huawei/turkiye-115_03.jpg,internal_test
turkiye-036_03,train/attack/digital_2/huawei/turkiye-036_03.jpg,train,4,turkiye-115_03,train/attack/digital_2/huawei/turkiye-115_03.jpg,internal_test
turkiye-036_03,train/attack/digital_2/huawei/turkiye-036_03.jpg,train,4,turkiye-115_03,train/attack/digital_1/huawei/turkiye-115_03.jpg,internal_test
turkiye-036_03,train/attack/digital_2/huawei/turkiye-036_03.jpg,train,4,turkiye-115_03,test/attack/digital_3/huawei/turkiye-115_03.jpg,internal_test
ukraine-NF-1021,train/attack/digital_2/huawei/ukraine-NF-1021.jpg,train,4,ukraine-NF-1057,train/bonafide/huawei/ukraine-NF-1057.jpg,dev
ukraine-NF-1021,train/attack/digital_2/huawei/ukraine-NF-1021.jpg,train,4,ukraine-NF-1057,train/bonafide/iphone15pro/ukraine-NF-1057.jpg,dev
ukraine-NF-1021,train/attack/digital_2/huawei/ukraine-NF-1021.jpg,train,2,ukraine-NF-1057,train/bonafide/scan/ukraine-NF-1057.jpg,dev
ukraine-NF-1021,train/attack/digital_2/huawei/ukraine-NF-1021.jpg,train,4,ukraine-NF-1057,train/attack/digital_2/iphone15pro/ukraine-NF-1057.jpg,dev
ukraine-NF-1021,train/attack/digital_2/huawei/ukraine-NF-1021.jpg,train,4,ukraine-NF-1057,train/attack/digital_2/scan/ukraine-NF-1057.jpg,dev
ukraine-NF-1021,train/attack/digital_2/huawei/ukraine-NF-1021.jpg,train,4,ukraine-NF-1057,train/attack/digital_2/huawei/ukraine-NF-1057.jpg,dev
ukraine-NF-1021,train/attack/digital_2/huawei/ukraine-NF-1021.jpg,train,4,ukraine-NF-1057,train/attack/digital_1/huawei/ukraine-NF-1057.jpg,dev
ukraine-NF-1021,train/attack/digital_2/huawei/ukraine-NF-1021.jpg,train,4,ukraine-NF-1057,train/attack/digital_1/iphone15pro/ukraine-NF-1057.jpg,dev
ukraine-NF-1021,train/attack/digital_2/huawei/ukraine-NF-1021.jpg,train,4,ukraine-NF-1057,train/attack/digital_1/scan/ukraine-NF-1057.jpg,dev
ukraine-NF-1021,train/attack/digital_2/huawei/ukraine-NF-1021.jpg,train,2,ukraine-NF-1057,test/attack/digital_3/scan/ukraine-NF-1057.jpg,dev
ukraine-NF-1021,train/attack/digital_2/huawei/ukraine-NF-1021.jpg,train,4,ukraine-NF-1057,test/attack/digital_3/huawei/ukraine-NF-1057.jpg,dev
ukraine-NF-1021,train/attack/digital_2/huawei/ukraine-NF-1021.jpg,train,4,ukraine-NF-1057,test/attack/digital_3/iphone15pro/ukraine-NF-1057.jpg,dev
usa-034_03,train/attack/digital_2/huawei/usa-034_03.jpg,train,4,usa-134_03,train/bonafide/huawei/usa-134_03.jpg,dev
usa-034_03,train/attack/digital_2/huawei/usa-034_03.jpg,train,4,usa-134_03,train/attack/digital_2/huawei/usa-134_03.jpg,dev
usa-034_03,train/attack/digital_2/huawei/usa-034_03.jpg,train,4,usa-134_03,train/attack/digital_1/huawei/usa-134_03.jpg,dev
usa-034_03,train/attack/digital_2/huawei/usa-034_03.jpg,train,4,usa-134_03,test/attack/digital_3/huawei/usa-134_03.jpg,dev
usa-NF-1062,train/attack/digital_2/huawei/usa-NF-1062.jpg,train,4,usa-NF-1009,train/attack/digital_2/huawei/usa-NF-1009.jpg,internal_test
arabic-NM-1029,train/attack/digital_2/huawei/arabic-NM-1029.jpg,train,4,arabic-NM-1064,train/attack/digital_2/huawei/arabic-NM-1064.jpg,dev
arabic-NM-1029,train/attack/digital_2/huawei/arabic-NM-1029.jpg,train,2,arabic-NM-1064,train/attack/digital_1/huawei/arabic-NM-1064.jpg,dev
arabic-NM-1029,train/attack/digital_2/huawei/arabic-NM-1029.jpg,train,4,arabic-NM-1064,train/attack/digital_1/iphone15pro/arabic-NM-1064.jpg,dev
ukraine-NF-1032,train/attack/digital_2/huawei/ukraine-NF-1032.jpg,train,4,ukraine-NF-1057,train/bonafide/iphone15pro/ukraine-NF-1057.jpg,dev
ukraine-NF-1032,train/attack/digital_2/huawei/ukraine-NF-1032.jpg,train,4,ukraine-NF-1057,train/attack/digital_2/iphone15pro/ukraine-NF-1057.jpg,dev
ukraine-NF-1032,train/attack/digital_2/huawei/ukraine-NF-1032.jpg,train,4,ukraine-NF-1057,train/attack/digital_2/scan/ukraine-NF-1057.jpg,dev
ukraine-NF-1032,train/attack/digital_2/huawei/ukraine-NF-1032.jpg,train,4,ukraine-NF-1057,train/attack/digital_2/huawei/ukraine-NF-1057.jpg,dev
ukraine-NF-1032,train/attack/digital_2/huawei/ukraine-NF-1032.jpg,train,4,ukraine-NF-1057,train/attack/digital_1/huawei/ukraine-NF-1057.jpg,dev
ukraine-NF-1032,train/attack/digital_2/huawei/ukraine-NF-1032.jpg,train,4,ukraine-NF-1057,train/attack/digital_1/iphone15pro/ukraine-NF-1057.jpg,dev
ukraine-NF-1032,train/attack/digital_2/huawei/ukraine-NF-1032.jpg,train,4,ukraine-NF-1057,train/attack/digital_1/scan/ukraine-NF-1057.jpg,dev
ukraine-NF-1032,train/attack/digital_2/huawei/ukraine-NF-1032.jpg,train,4,ukraine-NF-1057,test/attack/digital_3/iphone15pro/ukraine-NF-1057.jpg,dev
portugal-004_03,train/attack/digital_2/huawei/portugal-004_03.jpg,train,4,portugal-172_03,train/attack/digital_2/iphone15pro/portugal-172_03.jpg,dev
portugal-004_03,train/attack/digital_2/huawei/portugal-004_03.jpg,train,4,portugal-172_03,train/attack/digital_1/iphone15pro/portugal-172_03.jpg,dev
portugal-004_03,train/attack/digital_2/huawei/portugal-004_03.jpg,train,4,portugal-172_03,test/attack/digital_3/iphone15pro/portugal-172_03.jpg,dev
portugal-004_03,train/attack/digital_2/huawei/portugal-004_03.jpg,train,4,portugal-119_03,train/bonafide/huawei/portugal-119_03.jpg,internal_test
portugal-004_03,train/attack/digital_2/huawei/portugal-004_03.jpg,train,4,portugal-070_03,train/bonafide/iphone15pro/portugal-070_03.jpg,internal_test
portugal-004_03,train/attack/digital_2/huawei/portugal-004_03.jpg,train,4,portugal-070_03,train/bonafide/scan/portugal-070_03.jpg,internal_test
portugal-004_03,train/attack/digital_2/huawei/portugal-004_03.jpg,train,4,portugal-119_03,train/bonafide/scan/portugal-119_03.jpg,internal_test
portugal-004_03,train/attack/digital_2/huawei/portugal-004_03.jpg,train,4,portugal-119_03,train/attack/digital_2/scan/portugal-119_03.jpg,internal_test
portugal-004_03,train/attack/digital_2/huawei/portugal-004_03.jpg,train,4,portugal-070_03,train/attack/digital_2/scan/portugal-070_03.jpg,internal_test
portugal-004_03,train/attack/digital_2/huawei/portugal-004_03.jpg,train,4,portugal-119_03,train/attack/digital_1/huawei/portugal-119_03.jpg,internal_test
portugal-004_03,train/attack/digital_2/huawei/portugal-004_03.jpg,train,2,portugal-070_03,train/attack/digital_1/iphone15pro/portugal-070_03.jpg,internal_test
portugal-004_03,train/attack/digital_2/huawei/portugal-004_03.jpg,train,2,portugal-070_03,train/attack/digital_1/scan/portugal-070_03.jpg,internal_test
portugal-004_03,train/attack/digital_2/huawei/portugal-004_03.jpg,train,4,portugal-119_03,train/attack/digital_1/scan/portugal-119_03.jpg,internal_test
portugal-004_03,train/attack/digital_2/huawei/portugal-004_03.jpg,train,4,portugal-070_03,test/attack/digital_3/scan/portugal-070_03.jpg,internal_test
portugal-004_03,train/attack/digital_2/huawei/portugal-004_03.jpg,train,4,portugal-070_03,test/attack/digital_3/iphone15pro/portugal-070_03.jpg,internal_test
portugal-004_03,train/attack/digital_2/huawei/portugal-004_03.jpg,train,4,portugal-119_03,test/attack/digital_3/scan/portugal-119_03.jpg,internal_test
portugal-004_03,train/attack/digital_2/huawei/portugal-004_03.jpg,train,4,portugal-119_03,test/attack/digital_3/huawei/portugal-119_03.jpg,internal_test
portugal-017_03,train/attack/digital_2/huawei/portugal-017_03.jpg,train,2,portugal-172_03,train/bonafide/iphone15pro/portugal-172_03.jpg,dev
portugal-017_03,train/attack/digital_2/huawei/portugal-017_03.jpg,train,2,portugal-172_03,train/bonafide/scan/portugal-172_03.jpg,dev
portugal-017_03,train/attack/digital_2/huawei/portugal-017_03.jpg,train,0,portugal-172_03,train/attack/digital_2/iphone15pro/portugal-172_03.jpg,dev
portugal-017_03,train/attack/digital_2/huawei/portugal-017_03.jpg,train,4,portugal-172_03,train/attack/digital_2/scan/portugal-172_03.jpg,dev
portugal-017_03,train/attack/digital_2/huawei/portugal-017_03.jpg,train,4,portugal-172_03,train/attack/digital_1/huawei/portugal-172_03.jpg,dev
portugal-017_03,train/attack/digital_2/huawei/portugal-017_03.jpg,train,0,portugal-172_03,train/attack/digital_1/iphone15pro/portugal-172_03.jpg,dev
portugal-017_03,train/attack/digital_2/huawei/portugal-017_03.jpg,train,2,portugal-172_03,train/attack/digital_1/scan/portugal-172_03.jpg,dev
portugal-017_03,train/attack/digital_2/huawei/portugal-017_03.jpg,train,2,portugal-172_03,test/attack/digital_3/scan/portugal-172_03.jpg,dev
portugal-017_03,train/attack/digital_2/huawei/portugal-017_03.jpg,train,4,portugal-172_03,test/attack/digital_3/huawei/portugal-172_03.jpg,dev
portugal-017_03,train/attack/digital_2/huawei/portugal-017_03.jpg,train,0,portugal-172_03,test/attack/digital_3/iphone15pro/portugal-172_03.jpg,dev
portugal-017_03,train/attack/digital_2/huawei/portugal-017_03.jpg,train,4,portugal-119_03,train/bonafide/huawei/portugal-119_03.jpg,internal_test
portugal-017_03,train/attack/digital_2/huawei/portugal-017_03.jpg,train,2,portugal-070_03,train/bonafide/iphone15pro/portugal-070_03.jpg,internal_test
portugal-017_03,train/attack/digital_2/huawei/portugal-017_03.jpg,train,4,portugal-070_03,train/bonafide/scan/portugal-070_03.jpg,internal_test
portugal-017_03,train/attack/digital_2/huawei/portugal-017_03.jpg,train,4,portugal-119_03,train/bonafide/scan/portugal-119_03.jpg,internal_test
portugal-017_03,train/attack/digital_2/huawei/portugal-017_03.jpg,train,4,portugal-070_03,train/attack/digital_2/iphone15pro/portugal-070_03.jpg,internal_test
portugal-017_03,train/attack/digital_2/huawei/portugal-017_03.jpg,train,4,portugal-119_03,train/attack/digital_2/scan/portugal-119_03.jpg,internal_test
portugal-017_03,train/attack/digital_2/huawei/portugal-017_03.jpg,train,4,portugal-070_03,train/attack/digital_2/scan/portugal-070_03.jpg,internal_test
portugal-017_03,train/attack/digital_2/huawei/portugal-017_03.jpg,train,4,portugal-119_03,train/attack/digital_1/huawei/portugal-119_03.jpg,internal_test
portugal-017_03,train/attack/digital_2/huawei/portugal-017_03.jpg,train,2,portugal-070_03,train/attack/digital_1/iphone15pro/portugal-070_03.jpg,internal_test
portugal-017_03,train/attack/digital_2/huawei/portugal-017_03.jpg,train,2,portugal-070_03,train/attack/digital_1/scan/portugal-070_03.jpg,internal_test
portugal-017_03,train/attack/digital_2/huawei/portugal-017_03.jpg,train,4,portugal-119_03,train/attack/digital_1/scan/portugal-119_03.jpg,internal_test
portugal-017_03,train/attack/digital_2/huawei/portugal-017_03.jpg,train,2,portugal-070_03,test/attack/digital_3/scan/portugal-070_03.jpg,internal_test
portugal-017_03,train/attack/digital_2/huawei/portugal-017_03.jpg,train,2,portugal-070_03,test/attack/digital_3/iphone15pro/portugal-070_03.jpg,internal_test
portugal-017_03,train/attack/digital_2/huawei/portugal-017_03.jpg,train,4,portugal-119_03,test/attack/digital_3/scan/portugal-119_03.jpg,internal_test
portugal-017_03,train/attack/digital_2/huawei/portugal-017_03.jpg,train,4,portugal-119_03,test/attack/digital_3/huawei/portugal-119_03.jpg,internal_test
portugal-066_03,train/attack/digital_2/huawei/portugal-066_03.jpg,train,4,portugal-172_03,train/bonafide/scan/portugal-172_03.jpg,dev
portugal-066_03,train/attack/digital_2/huawei/portugal-066_03.jpg,train,4,portugal-172_03,train/attack/digital_2/iphone15pro/portugal-172_03.jpg,dev
portugal-066_03,train/attack/digital_2/huawei/portugal-066_03.jpg,train,4,portugal-172_03,train/attack/digital_2/scan/portugal-172_03.jpg,dev
portugal-066_03,train/attack/digital_2/huawei/portugal-066_03.jpg,train,4,portugal-172_03,train/attack/digital_1/huawei/portugal-172_03.jpg,dev
portugal-066_03,train/attack/digital_2/huawei/portugal-066_03.jpg,train,4,portugal-172_03,train/attack/digital_1/iphone15pro/portugal-172_03.jpg,dev
portugal-066_03,train/attack/digital_2/huawei/portugal-066_03.jpg,train,4,portugal-172_03,train/attack/digital_1/scan/portugal-172_03.jpg,dev
portugal-066_03,train/attack/digital_2/huawei/portugal-066_03.jpg,train,4,portugal-172_03,test/attack/digital_3/scan/portugal-172_03.jpg,dev
portugal-066_03,train/attack/digital_2/huawei/portugal-066_03.jpg,train,4,portugal-172_03,test/attack/digital_3/huawei/portugal-172_03.jpg,dev
portugal-066_03,train/attack/digital_2/huawei/portugal-066_03.jpg,train,4,portugal-172_03,test/attack/digital_3/iphone15pro/portugal-172_03.jpg,dev
portugal-066_03,train/attack/digital_2/huawei/portugal-066_03.jpg,train,4,portugal-070_03,train/bonafide/iphone15pro/portugal-070_03.jpg,internal_test
portugal-066_03,train/attack/digital_2/huawei/portugal-066_03.jpg,train,4,portugal-070_03,train/attack/digital_2/iphone15pro/portugal-070_03.jpg,internal_test
portugal-066_03,train/attack/digital_2/huawei/portugal-066_03.jpg,train,4,portugal-070_03,train/attack/digital_1/iphone15pro/portugal-070_03.jpg,internal_test
portugal-066_03,train/attack/digital_2/huawei/portugal-066_03.jpg,train,4,portugal-070_03,train/attack/digital_1/scan/portugal-070_03.jpg,internal_test
portugal-066_03,train/attack/digital_2/huawei/portugal-066_03.jpg,train,2,portugal-070_03,test/attack/digital_3/scan/portugal-070_03.jpg,internal_test
portugal-066_03,train/attack/digital_2/huawei/portugal-066_03.jpg,train,2,portugal-070_03,test/attack/digital_3/iphone15pro/portugal-070_03.jpg,internal_test
portugal-NF-1026,train/attack/digital_2/huawei/portugal-NF-1026.jpg,train,4,portugal-NF-1022,train/bonafide/huawei/portugal-NF-1022.jpg,internal_test
portugal-NF-1026,train/attack/digital_2/huawei/portugal-NF-1026.jpg,train,4,portugal-NF-1022,train/bonafide/scan/portugal-NF-1022.jpg,internal_test
portugal-NF-1026,train/attack/digital_2/huawei/portugal-NF-1026.jpg,train,2,portugal-NF-1022,train/attack/digital_2/huawei/portugal-NF-1022.jpg,internal_test
portugal-NF-1026,train/attack/digital_2/huawei/portugal-NF-1026.jpg,train,4,portugal-NF-1022,train/attack/digital_1/huawei/portugal-NF-1022.jpg,internal_test
portugal-NF-1026,train/attack/digital_2/huawei/portugal-NF-1026.jpg,train,4,portugal-NF-1022,train/attack/digital_1/scan/portugal-NF-1022.jpg,internal_test
portugal-NF-1026,train/attack/digital_2/huawei/portugal-NF-1026.jpg,train,4,portugal-NF-1022,test/attack/digital_3/scan/portugal-NF-1022.jpg,internal_test
portugal-NF-1026,train/attack/digital_2/huawei/portugal-NF-1026.jpg,train,2,portugal-NF-1022,test/attack/digital_3/huawei/portugal-NF-1022.jpg,internal_test
portugal-105_03,train/attack/digital_2/huawei/portugal-105_03.jpg,train,4,portugal-172_03,train/bonafide/huawei/portugal-172_03.jpg,dev
portugal-105_03,train/attack/digital_2/huawei/portugal-105_03.jpg,train,4,portugal-172_03,train/bonafide/iphone15pro/portugal-172_03.jpg,dev
portugal-105_03,train/attack/digital_2/huawei/portugal-105_03.jpg,train,4,portugal-172_03,train/bonafide/scan/portugal-172_03.jpg,dev
portugal-105_03,train/attack/digital_2/huawei/portugal-105_03.jpg,train,2,portugal-172_03,train/attack/digital_2/scan/portugal-172_03.jpg,dev
portugal-105_03,train/attack/digital_2/huawei/portugal-105_03.jpg,train,4,portugal-172_03,train/attack/digital_2/huawei/portugal-172_03.jpg,dev
portugal-105_03,train/attack/digital_2/huawei/portugal-105_03.jpg,train,4,portugal-172_03,train/attack/digital_1/scan/portugal-172_03.jpg,dev
portugal-105_03,train/attack/digital_2/huawei/portugal-105_03.jpg,train,4,portugal-172_03,test/attack/digital_3/huawei/portugal-172_03.jpg,dev
portugal-105_03,train/attack/digital_2/huawei/portugal-105_03.jpg,train,4,portugal-119_03,train/bonafide/huawei/portugal-119_03.jpg,internal_test
portugal-105_03,train/attack/digital_2/huawei/portugal-105_03.jpg,train,4,portugal-070_03,train/bonafide/scan/portugal-070_03.jpg,internal_test
portugal-105_03,train/attack/digital_2/huawei/portugal-105_03.jpg,train,4,portugal-119_03,train/bonafide/scan/portugal-119_03.jpg,internal_test
portugal-105_03,train/attack/digital_2/huawei/portugal-105_03.jpg,train,4,portugal-070_03,train/attack/digital_2/iphone15pro/portugal-070_03.jpg,internal_test
portugal-105_03,train/attack/digital_2/huawei/portugal-105_03.jpg,train,4,portugal-119_03,train/attack/digital_2/scan/portugal-119_03.jpg,internal_test
portugal-105_03,train/attack/digital_2/huawei/portugal-105_03.jpg,train,4,portugal-070_03,train/attack/digital_2/scan/portugal-070_03.jpg,internal_test
portugal-105_03,train/attack/digital_2/huawei/portugal-105_03.jpg,train,4,portugal-119_03,train/attack/digital_2/huawei/portugal-119_03.jpg,internal_test
portugal-105_03,train/attack/digital_2/huawei/portugal-105_03.jpg,train,4,portugal-070_03,train/attack/digital_1/huawei/portugal-070_03.jpg,internal_test
portugal-105_03,train/attack/digital_2/huawei/portugal-105_03.jpg,train,4,portugal-119_03,train/attack/digital_1/huawei/portugal-119_03.jpg,internal_test
portugal-105_03,train/attack/digital_2/huawei/portugal-105_03.jpg,train,4,portugal-070_03,train/attack/digital_1/iphone15pro/portugal-070_03.jpg,internal_test
portugal-105_03,train/attack/digital_2/huawei/portugal-105_03.jpg,train,4,portugal-070_03,train/attack/digital_1/scan/portugal-070_03.jpg,internal_test
portugal-105_03,train/attack/digital_2/huawei/portugal-105_03.jpg,train,4,portugal-119_03,train/attack/digital_1/scan/portugal-119_03.jpg,internal_test
portugal-105_03,train/attack/digital_2/huawei/portugal-105_03.jpg,train,4,portugal-070_03,test/attack/digital_3/scan/portugal-070_03.jpg,internal_test
portugal-105_03,train/attack/digital_2/huawei/portugal-105_03.jpg,train,4,portugal-070_03,test/attack/digital_3/huawei/portugal-070_03.jpg,internal_test
portugal-105_03,train/attack/digital_2/huawei/portugal-105_03.jpg,train,4,portugal-070_03,test/attack/digital_3/iphone15pro/portugal-070_03.jpg,internal_test
portugal-105_03,train/attack/digital_2/huawei/portugal-105_03.jpg,train,4,portugal-119_03,test/attack/digital_3/scan/portugal-119_03.jpg,internal_test
portugal-105_03,train/attack/digital_2/huawei/portugal-105_03.jpg,train,4,portugal-119_03,test/attack/digital_3/huawei/portugal-119_03.jpg,internal_test
portugal-042_03,train/attack/digital_2/huawei/portugal-042_03.jpg,train,2,portugal-061_03,train/bonafide/huawei/portugal-061_03.jpg,internal_test
portugal-042_03,train/attack/digital_2/huawei/portugal-042_03.jpg,train,2,portugal-061_03,train/bonafide/iphone15pro/portugal-061_03.jpg,internal_test
portugal-042_03,train/attack/digital_2/huawei/portugal-042_03.jpg,train,2,portugal-061_03,train/bonafide/scan/portugal-061_03.jpg,internal_test
portugal-042_03,train/attack/digital_2/huawei/portugal-042_03.jpg,train,2,portugal-061_03,train/attack/digital_2/iphone15pro/portugal-061_03.jpg,internal_test
portugal-042_03,train/attack/digital_2/huawei/portugal-042_03.jpg,train,4,portugal-119_03,train/attack/digital_2/iphone15pro/portugal-119_03.jpg,internal_test
portugal-042_03,train/attack/digital_2/huawei/portugal-042_03.jpg,train,2,portugal-061_03,train/attack/digital_2/scan/portugal-061_03.jpg,internal_test
portugal-042_03,train/attack/digital_2/huawei/portugal-042_03.jpg,train,2,portugal-061_03,train/attack/digital_2/huawei/portugal-061_03.jpg,internal_test
portugal-042_03,train/attack/digital_2/huawei/portugal-042_03.jpg,train,2,portugal-061_03,train/attack/digital_1/huawei/portugal-061_03.jpg,internal_test
portugal-042_03,train/attack/digital_2/huawei/portugal-042_03.jpg,train,4,portugal-119_03,train/attack/digital_1/iphone15pro/portugal-119_03.jpg,internal_test
portugal-042_03,train/attack/digital_2/huawei/portugal-042_03.jpg,train,2,portugal-061_03,train/attack/digital_1/iphone15pro/portugal-061_03.jpg,internal_test
portugal-042_03,train/attack/digital_2/huawei/portugal-042_03.jpg,train,2,portugal-061_03,train/attack/digital_1/scan/portugal-061_03.jpg,internal_test
portugal-042_03,train/attack/digital_2/huawei/portugal-042_03.jpg,train,2,portugal-061_03,test/attack/digital_3/scan/portugal-061_03.jpg,internal_test
portugal-042_03,train/attack/digital_2/huawei/portugal-042_03.jpg,train,2,portugal-061_03,test/attack/digital_3/huawei/portugal-061_03.jpg,internal_test
portugal-042_03,train/attack/digital_2/huawei/portugal-042_03.jpg,train,2,portugal-061_03,test/attack/digital_3/iphone15pro/portugal-061_03.jpg,internal_test
usa-NF-1051,train/attack/digital_2/huawei/usa-NF-1051.jpg,train,2,usa-NF-1009,train/bonafide/huawei/usa-NF-1009.jpg,internal_test
usa-NF-1051,train/attack/digital_2/huawei/usa-NF-1051.jpg,train,2,usa-NF-1009,train/attack/digital_1/huawei/usa-NF-1009.jpg,internal_test
usa-NF-1051,train/attack/digital_2/huawei/usa-NF-1051.jpg,train,2,usa-NF-1009,test/attack/digital_3/huawei/usa-NF-1009.jpg,internal_test
chinese-102_03,train/attack/digital_2/huawei/chinese-102_03.jpg,train,4,chinese-142_03,train/bonafide/huawei/chinese-142_03.jpg,dev
chinese-102_03,train/attack/digital_2/huawei/chinese-102_03.jpg,train,4,chinese-142_03,train/attack/digital_2/huawei/chinese-142_03.jpg,dev
chinese-102_03,train/attack/digital_2/huawei/chinese-102_03.jpg,train,4,chinese-142_03,train/attack/digital_1/huawei/chinese-142_03.jpg,dev
chinese-102_03,train/attack/digital_2/huawei/chinese-102_03.jpg,train,4,chinese-142_03,test/attack/digital_3/huawei/chinese-142_03.jpg,dev
chinese-102_03,train/attack/digital_2/huawei/chinese-102_03.jpg,train,4,chinese-020_03,train/bonafide/huawei/chinese-020_03.jpg,internal_test
chinese-102_03,train/attack/digital_2/huawei/chinese-102_03.jpg,train,4,chinese-020_03,train/attack/digital_2/huawei/chinese-020_03.jpg,internal_test
chinese-102_03,train/attack/digital_2/huawei/chinese-102_03.jpg,train,4,chinese-020_03,test/attack/digital_3/huawei/chinese-020_03.jpg,internal_test
ukraine-NF-1005,train/attack/digital_2/huawei/ukraine-NF-1005.jpg,train,4,ukraine-NF-1057,train/bonafide/huawei/ukraine-NF-1057.jpg,dev
ukraine-NF-1005,train/attack/digital_2/huawei/ukraine-NF-1005.jpg,train,4,ukraine-NF-1057,train/bonafide/iphone15pro/ukraine-NF-1057.jpg,dev
ukraine-NF-1005,train/attack/digital_2/huawei/ukraine-NF-1005.jpg,train,4,ukraine-NF-1057,train/bonafide/scan/ukraine-NF-1057.jpg,dev
ukraine-NF-1005,train/attack/digital_2/huawei/ukraine-NF-1005.jpg,train,4,ukraine-NF-1057,train/attack/digital_2/iphone15pro/ukraine-NF-1057.jpg,dev
ukraine-NF-1005,train/attack/digital_2/huawei/ukraine-NF-1005.jpg,train,2,ukraine-NF-1057,train/attack/digital_2/scan/ukraine-NF-1057.jpg,dev
ukraine-NF-1005,train/attack/digital_2/huawei/ukraine-NF-1005.jpg,train,2,ukraine-NF-1057,train/attack/digital_2/huawei/ukraine-NF-1057.jpg,dev
ukraine-NF-1005,train/attack/digital_2/huawei/ukraine-NF-1005.jpg,train,4,ukraine-NF-1057,train/attack/digital_1/huawei/ukraine-NF-1057.jpg,dev
ukraine-NF-1005,train/attack/digital_2/huawei/ukraine-NF-1005.jpg,train,4,ukraine-NF-1057,train/attack/digital_1/iphone15pro/ukraine-NF-1057.jpg,dev
ukraine-NF-1005,train/attack/digital_2/huawei/ukraine-NF-1005.jpg,train,2,ukraine-NF-1057,train/attack/digital_1/scan/ukraine-NF-1057.jpg,dev
ukraine-NF-1005,train/attack/digital_2/huawei/ukraine-NF-1005.jpg,train,4,ukraine-NF-1057,test/attack/digital_3/scan/ukraine-NF-1057.jpg,dev
ukraine-NF-1005,train/attack/digital_2/huawei/ukraine-NF-1005.jpg,train,4,ukraine-NF-1057,test/attack/digital_3/huawei/ukraine-NF-1057.jpg,dev
ukraine-NF-1005,train/attack/digital_2/huawei/ukraine-NF-1005.jpg,train,4,ukraine-NF-1057,test/attack/digital_3/iphone15pro/ukraine-NF-1057.jpg,dev
usa-NF-1044,train/attack/digital_2/huawei/usa-NF-1044.jpg,train,4,usa-NF-1009,train/bonafide/huawei/usa-NF-1009.jpg,internal_test
usa-NF-1044,train/attack/digital_2/huawei/usa-NF-1044.jpg,train,4,usa-NF-1009,train/attack/digital_1/huawei/usa-NF-1009.jpg,internal_test
usa-NF-1044,train/attack/digital_2/huawei/usa-NF-1044.jpg,train,4,usa-NF-1009,test/attack/digital_3/huawei/usa-NF-1009.jpg,internal_test
usa-NF-1093,train/attack/digital_2/huawei/usa-NF-1093.jpg,train,4,usa-NF-1009,train/bonafide/huawei/usa-NF-1009.jpg,internal_test
usa-NF-1093,train/attack/digital_2/huawei/usa-NF-1093.jpg,train,4,usa-NF-1009,train/attack/digital_1/huawei/usa-NF-1009.jpg,internal_test
usa-NF-1093,train/attack/digital_2/huawei/usa-NF-1093.jpg,train,4,usa-NF-1009,test/attack/digital_3/huawei/usa-NF-1009.jpg,internal_test
arabic-003_03,train/attack/digital_2/huawei/arabic-003_03.jpg,train,4,arabic-005_03,train/bonafide/huawei/arabic-005_03.jpg,dev
arabic-003_03,train/attack/digital_2/huawei/arabic-003_03.jpg,train,4,arabic-005_03,train/attack/digital_2/iphone15pro/arabic-005_03.jpg,dev
arabic-003_03,train/attack/digital_2/huawei/arabic-003_03.jpg,train,4,arabic-005_03,test/attack/digital_3/huawei/arabic-005_03.jpg,dev
portugal-125_03,train/attack/digital_2/huawei/portugal-125_03.jpg,train,4,portugal-172_03,train/bonafide/huawei/portugal-172_03.jpg,dev
portugal-125_03,train/attack/digital_2/huawei/portugal-125_03.jpg,train,4,portugal-172_03,train/bonafide/iphone15pro/portugal-172_03.jpg,dev
portugal-125_03,train/attack/digital_2/huawei/portugal-125_03.jpg,train,2,portugal-172_03,train/bonafide/scan/portugal-172_03.jpg,dev
portugal-125_03,train/attack/digital_2/huawei/portugal-125_03.jpg,train,2,portugal-172_03,train/attack/digital_2/iphone15pro/portugal-172_03.jpg,dev
portugal-125_03,train/attack/digital_2/huawei/portugal-125_03.jpg,train,2,portugal-172_03,train/attack/digital_2/scan/portugal-172_03.jpg,dev
portugal-125_03,train/attack/digital_2/huawei/portugal-125_03.jpg,train,4,portugal-172_03,train/attack/digital_2/huawei/portugal-172_03.jpg,dev
portugal-125_03,train/attack/digital_2/huawei/portugal-125_03.jpg,train,2,portugal-172_03,train/attack/digital_1/huawei/portugal-172_03.jpg,dev
portugal-125_03,train/attack/digital_2/huawei/portugal-125_03.jpg,train,2,portugal-172_03,train/attack/digital_1/iphone15pro/portugal-172_03.jpg,dev
portugal-125_03,train/attack/digital_2/huawei/portugal-125_03.jpg,train,2,portugal-172_03,train/attack/digital_1/scan/portugal-172_03.jpg,dev
portugal-125_03,train/attack/digital_2/huawei/portugal-125_03.jpg,train,2,portugal-172_03,test/attack/digital_3/scan/portugal-172_03.jpg,dev
portugal-125_03,train/attack/digital_2/huawei/portugal-125_03.jpg,train,2,portugal-172_03,test/attack/digital_3/huawei/portugal-172_03.jpg,dev
portugal-125_03,train/attack/digital_2/huawei/portugal-125_03.jpg,train,2,portugal-172_03,test/attack/digital_3/iphone15pro/portugal-172_03.jpg,dev
portugal-125_03,train/attack/digital_2/huawei/portugal-125_03.jpg,train,4,portugal-119_03,train/bonafide/huawei/portugal-119_03.jpg,internal_test
portugal-125_03,train/attack/digital_2/huawei/portugal-125_03.jpg,train,2,portugal-070_03,train/bonafide/iphone15pro/portugal-070_03.jpg,internal_test
portugal-125_03,train/attack/digital_2/huawei/portugal-125_03.jpg,train,4,portugal-070_03,train/bonafide/scan/portugal-070_03.jpg,internal_test
portugal-125_03,train/attack/digital_2/huawei/portugal-125_03.jpg,train,4,portugal-119_03,train/bonafide/scan/portugal-119_03.jpg,internal_test
portugal-125_03,train/attack/digital_2/huawei/portugal-125_03.jpg,train,2,portugal-070_03,train/attack/digital_2/iphone15pro/portugal-070_03.jpg,internal_test
portugal-125_03,train/attack/digital_2/huawei/portugal-125_03.jpg,train,4,portugal-119_03,train/attack/digital_2/scan/portugal-119_03.jpg,internal_test
portugal-125_03,train/attack/digital_2/huawei/portugal-125_03.jpg,train,4,portugal-070_03,train/attack/digital_2/scan/portugal-070_03.jpg,internal_test
portugal-125_03,train/attack/digital_2/huawei/portugal-125_03.jpg,train,4,portugal-119_03,train/attack/digital_1/huawei/portugal-119_03.jpg,internal_test
portugal-125_03,train/attack/digital_2/huawei/portugal-125_03.jpg,train,2,portugal-070_03,train/attack/digital_1/iphone15pro/portugal-070_03.jpg,internal_test
portugal-125_03,train/attack/digital_2/huawei/portugal-125_03.jpg,train,2,portugal-070_03,train/attack/digital_1/scan/portugal-070_03.jpg,internal_test
portugal-125_03,train/attack/digital_2/huawei/portugal-125_03.jpg,train,4,portugal-119_03,train/attack/digital_1/scan/portugal-119_03.jpg,internal_test
portugal-125_03,train/attack/digital_2/huawei/portugal-125_03.jpg,train,0,portugal-070_03,test/attack/digital_3/scan/portugal-070_03.jpg,internal_test
portugal-125_03,train/attack/digital_2/huawei/portugal-125_03.jpg,train,0,portugal-070_03,test/attack/digital_3/iphone15pro/portugal-070_03.jpg,internal_test
portugal-125_03,train/attack/digital_2/huawei/portugal-125_03.jpg,train,4,portugal-119_03,test/attack/digital_3/scan/portugal-119_03.jpg,internal_test
portugal-125_03,train/attack/digital_2/huawei/portugal-125_03.jpg,train,4,portugal-119_03,test/attack/digital_3/huawei/portugal-119_03.jpg,internal_test
portugal-029_03,train/attack/digital_2/huawei/portugal-029_03.jpg,train,4,portugal-119_03,train/bonafide/huawei/portugal-119_03.jpg,internal_test
portugal-029_03,train/attack/digital_2/huawei/portugal-029_03.jpg,train,4,portugal-070_03,train/bonafide/iphone15pro/portugal-070_03.jpg,internal_test
portugal-029_03,train/attack/digital_2/huawei/portugal-029_03.jpg,train,4,portugal-070_03,train/bonafide/scan/portugal-070_03.jpg,internal_test
portugal-029_03,train/attack/digital_2/huawei/portugal-029_03.jpg,train,4,portugal-119_03,train/bonafide/scan/portugal-119_03.jpg,internal_test
portugal-029_03,train/attack/digital_2/huawei/portugal-029_03.jpg,train,4,portugal-070_03,train/attack/digital_2/scan/portugal-070_03.jpg,internal_test
portugal-029_03,train/attack/digital_2/huawei/portugal-029_03.jpg,train,4,portugal-070_03,train/attack/digital_1/huawei/portugal-070_03.jpg,internal_test
portugal-029_03,train/attack/digital_2/huawei/portugal-029_03.jpg,train,4,portugal-119_03,train/attack/digital_1/huawei/portugal-119_03.jpg,internal_test
portugal-029_03,train/attack/digital_2/huawei/portugal-029_03.jpg,train,4,portugal-070_03,train/attack/digital_1/iphone15pro/portugal-070_03.jpg,internal_test
portugal-029_03,train/attack/digital_2/huawei/portugal-029_03.jpg,train,4,portugal-070_03,train/attack/digital_1/scan/portugal-070_03.jpg,internal_test
portugal-029_03,train/attack/digital_2/huawei/portugal-029_03.jpg,train,4,portugal-119_03,test/attack/digital_3/scan/portugal-119_03.jpg,internal_test
portugal-029_03,train/attack/digital_2/huawei/portugal-029_03.jpg,train,4,portugal-119_03,test/attack/digital_3/huawei/portugal-119_03.jpg,internal_test
portugal-NF-1041,train/attack/digital_2/huawei/portugal-NF-1041.jpg,train,4,portugal-NF-1022,train/attack/digital_1/scan/portugal-NF-1022.jpg,internal_test
portugal-NF-1041,train/attack/digital_2/huawei/portugal-NF-1041.jpg,train,4,portugal-NF-1022,test/attack/digital_3/scan/portugal-NF-1022.jpg,internal_test
chinese-018_03,train/attack/digital_2/huawei/chinese-018_03.jpg,train,2,chinese-039_03,train/bonafide/huawei/chinese-039_03.jpg,dev
chinese-018_03,train/attack/digital_2/huawei/chinese-018_03.jpg,train,4,chinese-142_03,train/bonafide/huawei/chinese-142_03.jpg,dev
chinese-018_03,train/attack/digital_2/huawei/chinese-018_03.jpg,train,4,chinese-039_03,train/attack/digital_2/huawei/chinese-039_03.jpg,dev
chinese-018_03,train/attack/digital_2/huawei/chinese-018_03.jpg,train,4,chinese-142_03,train/attack/digital_2/huawei/chinese-142_03.jpg,dev
chinese-018_03,train/attack/digital_2/huawei/chinese-018_03.jpg,train,4,chinese-039_03,train/attack/digital_1/huawei/chinese-039_03.jpg,dev
chinese-018_03,train/attack/digital_2/huawei/chinese-018_03.jpg,train,2,chinese-039_03,test/attack/digital_3/huawei/chinese-039_03.jpg,dev
chinese-018_03,train/attack/digital_2/huawei/chinese-018_03.jpg,train,4,chinese-142_03,test/attack/digital_3/huawei/chinese-142_03.jpg,dev
chinese-018_03,train/attack/digital_2/huawei/chinese-018_03.jpg,train,4,chinese-020_03,train/bonafide/huawei/chinese-020_03.jpg,internal_test
chinese-018_03,train/attack/digital_2/huawei/chinese-018_03.jpg,train,4,chinese-020_03,train/attack/digital_2/huawei/chinese-020_03.jpg,internal_test
chinese-018_03,train/attack/digital_2/huawei/chinese-018_03.jpg,train,4,chinese-020_03,train/attack/digital_1/huawei/chinese-020_03.jpg,internal_test
chinese-018_03,train/attack/digital_2/huawei/chinese-018_03.jpg,train,4,chinese-020_03,train/attack/digital_1/iphone15pro/chinese-020_03.jpg,internal_test
chinese-018_03,train/attack/digital_2/huawei/chinese-018_03.jpg,train,4,chinese-020_03,test/attack/digital_3/huawei/chinese-020_03.jpg,internal_test
usa-011_03,train/attack/digital_2/huawei/usa-011_03.jpg,train,2,usa-134_03,train/bonafide/huawei/usa-134_03.jpg,dev
usa-011_03,train/attack/digital_2/huawei/usa-011_03.jpg,train,4,usa-134_03,train/bonafide/iphone15pro/usa-134_03.jpg,dev
usa-011_03,train/attack/digital_2/huawei/usa-011_03.jpg,train,4,usa-134_03,train/attack/digital_2/iphone15pro/usa-134_03.jpg,dev
usa-011_03,train/attack/digital_2/huawei/usa-011_03.jpg,train,2,usa-134_03,train/attack/digital_2/huawei/usa-134_03.jpg,dev
usa-011_03,train/attack/digital_2/huawei/usa-011_03.jpg,train,2,usa-134_03,train/attack/digital_1/huawei/usa-134_03.jpg,dev
usa-011_03,train/attack/digital_2/huawei/usa-011_03.jpg,train,4,usa-134_03,train/attack/digital_1/iphone15pro/usa-134_03.jpg,dev
usa-011_03,train/attack/digital_2/huawei/usa-011_03.jpg,train,2,usa-134_03,test/attack/digital_3/huawei/usa-134_03.jpg,dev
usa-011_03,train/attack/digital_2/huawei/usa-011_03.jpg,train,4,usa-134_03,test/attack/digital_3/iphone15pro/usa-134_03.jpg,dev
turkiye-129_03,train/attack/digital_2/huawei/turkiye-129_03.jpg,train,4,turkiye-104_03,train/bonafide/huawei/turkiye-104_03.jpg,dev
turkiye-129_03,train/attack/digital_2/huawei/turkiye-129_03.jpg,train,4,turkiye-104_03,train/attack/digital_2/huawei/turkiye-104_03.jpg,dev
turkiye-129_03,train/attack/digital_2/huawei/turkiye-129_03.jpg,train,4,turkiye-104_03,train/attack/digital_1/huawei/turkiye-104_03.jpg,dev
turkiye-129_03,train/attack/digital_2/huawei/turkiye-129_03.jpg,train,4,turkiye-104_03,test/attack/digital_3/huawei/turkiye-104_03.jpg,dev
portugal-NF-1086,train/attack/digital_2/huawei/portugal-NF-1086.jpg,train,4,portugal-NF-1022,train/bonafide/huawei/portugal-NF-1022.jpg,internal_test
portugal-NF-1086,train/attack/digital_2/huawei/portugal-NF-1086.jpg,train,4,portugal-NF-1022,train/attack/digital_2/huawei/portugal-NF-1022.jpg,internal_test
portugal-NF-1086,train/attack/digital_2/huawei/portugal-NF-1086.jpg,train,4,portugal-NF-1022,train/attack/digital_1/huawei/portugal-NF-1022.jpg,internal_test
portugal-NF-1086,train/attack/digital_2/huawei/portugal-NF-1086.jpg,train,4,portugal-NF-1022,test/attack/digital_3/huawei/portugal-NF-1022.jpg,internal_test
turkiye-127_03,train/attack/digital_2/huawei/turkiye-127_03.jpg,train,4,turkiye-101_03,train/bonafide/huawei/turkiye-101_03.jpg,dev
turkiye-127_03,train/attack/digital_2/huawei/turkiye-127_03.jpg,train,2,turkiye-104_03,train/bonafide/huawei/turkiye-104_03.jpg,dev
turkiye-127_03,train/attack/digital_2/huawei/turkiye-127_03.jpg,train,4,turkiye-041_03,train/bonafide/iphone15pro/turkiye-041_03.jpg,dev
turkiye-127_03,train/attack/digital_2/huawei/turkiye-127_03.jpg,train,2,turkiye-101_03,train/bonafide/iphone15pro/turkiye-101_03.jpg,dev
turkiye-127_03,train/attack/digital_2/huawei/turkiye-127_03.jpg,train,4,turkiye-104_03,train/bonafide/iphone15pro/turkiye-104_03.jpg,dev
turkiye-127_03,train/attack/digital_2/huawei/turkiye-127_03.jpg,train,0,turkiye-101_03,train/bonafide/scan/turkiye-101_03.jpg,dev
turkiye-127_03,train/attack/digital_2/huawei/turkiye-127_03.jpg,train,4,turkiye-104_03,train/bonafide/scan/turkiye-104_03.jpg,dev
turkiye-127_03,train/attack/digital_2/huawei/turkiye-127_03.jpg,train,4,turkiye-041_03,train/attack/digital_2/iphone15pro/turkiye-041_03.jpg,dev
turkiye-127_03,train/attack/digital_2/huawei/turkiye-127_03.jpg,train,4,turkiye-104_03,train/attack/digital_2/iphone15pro/turkiye-104_03.jpg,dev
turkiye-127_03,train/attack/digital_2/huawei/turkiye-127_03.jpg,train,2,turkiye-101_03,train/attack/digital_2/iphone15pro/turkiye-101_03.jpg,dev
turkiye-127_03,train/attack/digital_2/huawei/turkiye-127_03.jpg,train,4,turkiye-041_03,train/attack/digital_2/scan/turkiye-041_03.jpg,dev
turkiye-127_03,train/attack/digital_2/huawei/turkiye-127_03.jpg,train,4,turkiye-104_03,train/attack/digital_2/scan/turkiye-104_03.jpg,dev
turkiye-127_03,train/attack/digital_2/huawei/turkiye-127_03.jpg,train,2,turkiye-101_03,train/attack/digital_2/scan/turkiye-101_03.jpg,dev
turkiye-127_03,train/attack/digital_2/huawei/turkiye-127_03.jpg,train,4,turkiye-104_03,train/attack/digital_2/huawei/turkiye-104_03.jpg,dev
turkiye-127_03,train/attack/digital_2/huawei/turkiye-127_03.jpg,train,4,turkiye-101_03,train/attack/digital_2/huawei/turkiye-101_03.jpg,dev
turkiye-127_03,train/attack/digital_2/huawei/turkiye-127_03.jpg,train,4,turkiye-101_03,train/attack/digital_1/huawei/turkiye-101_03.jpg,dev
turkiye-127_03,train/attack/digital_2/huawei/turkiye-127_03.jpg,train,4,turkiye-104_03,train/attack/digital_1/huawei/turkiye-104_03.jpg,dev
turkiye-127_03,train/attack/digital_2/huawei/turkiye-127_03.jpg,train,4,turkiye-041_03,train/attack/digital_1/iphone15pro/turkiye-041_03.jpg,dev
turkiye-127_03,train/attack/digital_2/huawei/turkiye-127_03.jpg,train,2,turkiye-101_03,train/attack/digital_1/iphone15pro/turkiye-101_03.jpg,dev
turkiye-127_03,train/attack/digital_2/huawei/turkiye-127_03.jpg,train,4,turkiye-104_03,train/attack/digital_1/iphone15pro/turkiye-104_03.jpg,dev
turkiye-127_03,train/attack/digital_2/huawei/turkiye-127_03.jpg,train,4,turkiye-041_03,train/attack/digital_1/scan/turkiye-041_03.jpg,dev
turkiye-127_03,train/attack/digital_2/huawei/turkiye-127_03.jpg,train,2,turkiye-101_03,train/attack/digital_1/scan/turkiye-101_03.jpg,dev
turkiye-127_03,train/attack/digital_2/huawei/turkiye-127_03.jpg,train,2,turkiye-104_03,train/attack/digital_1/scan/turkiye-104_03.jpg,dev
turkiye-127_03,train/attack/digital_2/huawei/turkiye-127_03.jpg,train,4,turkiye-041_03,test/attack/digital_3/iphone15pro/turkiye-041_03.jpg,dev
turkiye-127_03,train/attack/digital_2/huawei/turkiye-127_03.jpg,train,2,turkiye-101_03,test/attack/digital_3/scan/turkiye-101_03.jpg,dev
turkiye-127_03,train/attack/digital_2/huawei/turkiye-127_03.jpg,train,2,turkiye-101_03,test/attack/digital_3/huawei/turkiye-101_03.jpg,dev
turkiye-127_03,train/attack/digital_2/huawei/turkiye-127_03.jpg,train,2,turkiye-101_03,test/attack/digital_3/iphone15pro/turkiye-101_03.jpg,dev
turkiye-127_03,train/attack/digital_2/huawei/turkiye-127_03.jpg,train,4,turkiye-104_03,test/attack/digital_3/scan/turkiye-104_03.jpg,dev
turkiye-127_03,train/attack/digital_2/huawei/turkiye-127_03.jpg,train,4,turkiye-104_03,test/attack/digital_3/huawei/turkiye-104_03.jpg,dev
turkiye-127_03,train/attack/digital_2/huawei/turkiye-127_03.jpg,train,4,turkiye-104_03,test/attack/digital_3/iphone15pro/turkiye-104_03.jpg,dev
turkiye-127_03,train/attack/digital_2/huawei/turkiye-127_03.jpg,train,4,turkiye-121_03,train/bonafide/huawei/turkiye-121_03.jpg,internal_test
turkiye-127_03,train/attack/digital_2/huawei/turkiye-127_03.jpg,train,4,turkiye-031_03,train/bonafide/iphone15pro/turkiye-031_03.jpg,internal_test
turkiye-127_03,train/attack/digital_2/huawei/turkiye-127_03.jpg,train,2,turkiye-115_03,train/bonafide/iphone15pro/turkiye-115_03.jpg,internal_test
turkiye-127_03,train/attack/digital_2/huawei/turkiye-127_03.jpg,train,4,turkiye-031_03,train/bonafide/scan/turkiye-031_03.jpg,internal_test
turkiye-127_03,train/attack/digital_2/huawei/turkiye-127_03.jpg,train,2,turkiye-115_03,train/bonafide/scan/turkiye-115_03.jpg,internal_test
turkiye-127_03,train/attack/digital_2/huawei/turkiye-127_03.jpg,train,4,turkiye-115_03,train/attack/digital_2/iphone15pro/turkiye-115_03.jpg,internal_test
turkiye-127_03,train/attack/digital_2/huawei/turkiye-127_03.jpg,train,4,turkiye-121_03,train/attack/digital_2/iphone15pro/turkiye-121_03.jpg,internal_test
turkiye-127_03,train/attack/digital_2/huawei/turkiye-127_03.jpg,train,4,turkiye-031_03,train/attack/digital_2/iphone15pro/turkiye-031_03.jpg,internal_test
turkiye-127_03,train/attack/digital_2/huawei/turkiye-127_03.jpg,train,2,turkiye-115_03,train/attack/digital_2/scan/turkiye-115_03.jpg,internal_test
turkiye-127_03,train/attack/digital_2/huawei/turkiye-127_03.jpg,train,4,turkiye-031_03,train/attack/digital_2/scan/turkiye-031_03.jpg,internal_test
turkiye-127_03,train/attack/digital_2/huawei/turkiye-127_03.jpg,train,4,turkiye-031_03,train/attack/digital_2/huawei/turkiye-031_03.jpg,internal_test
turkiye-127_03,train/attack/digital_2/huawei/turkiye-127_03.jpg,train,4,turkiye-031_03,train/attack/digital_1/huawei/turkiye-031_03.jpg,internal_test
turkiye-127_03,train/attack/digital_2/huawei/turkiye-127_03.jpg,train,2,turkiye-115_03,train/attack/digital_1/huawei/turkiye-115_03.jpg,internal_test
turkiye-127_03,train/attack/digital_2/huawei/turkiye-127_03.jpg,train,4,turkiye-121_03,train/attack/digital_1/huawei/turkiye-121_03.jpg,internal_test
turkiye-127_03,train/attack/digital_2/huawei/turkiye-127_03.jpg,train,2,turkiye-115_03,train/attack/digital_1/iphone15pro/turkiye-115_03.jpg,internal_test
turkiye-127_03,train/attack/digital_2/huawei/turkiye-127_03.jpg,train,4,turkiye-121_03,train/attack/digital_1/iphone15pro/turkiye-121_03.jpg,internal_test
turkiye-127_03,train/attack/digital_2/huawei/turkiye-127_03.jpg,train,2,turkiye-115_03,train/attack/digital_1/scan/turkiye-115_03.jpg,internal_test
turkiye-127_03,train/attack/digital_2/huawei/turkiye-127_03.jpg,train,4,turkiye-121_03,train/attack/digital_1/scan/turkiye-121_03.jpg,internal_test
turkiye-127_03,train/attack/digital_2/huawei/turkiye-127_03.jpg,train,4,turkiye-031_03,test/attack/digital_3/scan/turkiye-031_03.jpg,internal_test
turkiye-127_03,train/attack/digital_2/huawei/turkiye-127_03.jpg,train,4,turkiye-031_03,test/attack/digital_3/iphone15pro/turkiye-031_03.jpg,internal_test
turkiye-127_03,train/attack/digital_2/huawei/turkiye-127_03.jpg,train,0,turkiye-115_03,test/attack/digital_3/scan/turkiye-115_03.jpg,internal_test
turkiye-127_03,train/attack/digital_2/huawei/turkiye-127_03.jpg,train,4,turkiye-115_03,test/attack/digital_3/iphone15pro/turkiye-115_03.jpg,internal_test
turkiye-127_03,train/attack/digital_2/huawei/turkiye-127_03.jpg,train,4,turkiye-121_03,test/attack/digital_3/huawei/turkiye-121_03.jpg,internal_test
turkiye-127_03,train/attack/digital_2/huawei/turkiye-127_03.jpg,train,4,turkiye-121_03,test/attack/digital_3/iphone15pro/turkiye-121_03.jpg,internal_test
portugal-026_03,train/attack/digital_2/huawei/portugal-026_03.jpg,train,4,portugal-070_03,train/bonafide/scan/portugal-070_03.jpg,internal_test
portugal-026_03,train/attack/digital_2/huawei/portugal-026_03.jpg,train,4,portugal-070_03,train/attack/digital_2/scan/portugal-070_03.jpg,internal_test
russian-123_03,train/attack/digital_2/huawei/russian-123_03.jpg,train,4,russian-141_03,train/bonafide/huawei/russian-141_03.jpg,dev
russian-123_03,train/attack/digital_2/huawei/russian-123_03.jpg,train,4,russian-141_03,train/attack/digital_2/huawei/russian-141_03.jpg,dev
russian-123_03,train/attack/digital_2/huawei/russian-123_03.jpg,train,4,russian-141_03,train/attack/digital_1/huawei/russian-141_03.jpg,dev
turkiye-126_03,train/attack/digital_2/huawei/turkiye-126_03.jpg,train,4,turkiye-041_03,train/bonafide/iphone15pro/turkiye-041_03.jpg,dev
turkiye-126_03,train/attack/digital_2/huawei/turkiye-126_03.jpg,train,4,turkiye-101_03,train/bonafide/iphone15pro/turkiye-101_03.jpg,dev
turkiye-126_03,train/attack/digital_2/huawei/turkiye-126_03.jpg,train,4,turkiye-041_03,train/attack/digital_2/iphone15pro/turkiye-041_03.jpg,dev
turkiye-126_03,train/attack/digital_2/huawei/turkiye-126_03.jpg,train,4,turkiye-101_03,train/attack/digital_2/iphone15pro/turkiye-101_03.jpg,dev
turkiye-126_03,train/attack/digital_2/huawei/turkiye-126_03.jpg,train,4,turkiye-041_03,train/attack/digital_1/iphone15pro/turkiye-041_03.jpg,dev
turkiye-126_03,train/attack/digital_2/huawei/turkiye-126_03.jpg,train,4,turkiye-101_03,train/attack/digital_1/iphone15pro/turkiye-101_03.jpg,dev
turkiye-126_03,train/attack/digital_2/huawei/turkiye-126_03.jpg,train,4,turkiye-041_03,test/attack/digital_3/iphone15pro/turkiye-041_03.jpg,dev
turkiye-126_03,train/attack/digital_2/huawei/turkiye-126_03.jpg,train,4,turkiye-101_03,test/attack/digital_3/iphone15pro/turkiye-101_03.jpg,dev
turkiye-126_03,train/attack/digital_2/huawei/turkiye-126_03.jpg,train,2,turkiye-121_03,train/bonafide/huawei/turkiye-121_03.jpg,internal_test
turkiye-126_03,train/attack/digital_2/huawei/turkiye-126_03.jpg,train,4,turkiye-115_03,train/bonafide/iphone15pro/turkiye-115_03.jpg,internal_test
turkiye-126_03,train/attack/digital_2/huawei/turkiye-126_03.jpg,train,4,turkiye-115_03,train/bonafide/scan/turkiye-115_03.jpg,internal_test
turkiye-126_03,train/attack/digital_2/huawei/turkiye-126_03.jpg,train,4,turkiye-115_03,train/attack/digital_2/iphone15pro/turkiye-115_03.jpg,internal_test
turkiye-126_03,train/attack/digital_2/huawei/turkiye-126_03.jpg,train,4,turkiye-115_03,train/attack/digital_2/scan/turkiye-115_03.jpg,internal_test
turkiye-126_03,train/attack/digital_2/huawei/turkiye-126_03.jpg,train,4,turkiye-121_03,train/attack/digital_2/huawei/turkiye-121_03.jpg,internal_test
turkiye-126_03,train/attack/digital_2/huawei/turkiye-126_03.jpg,train,2,turkiye-121_03,train/attack/digital_1/huawei/turkiye-121_03.jpg,internal_test
turkiye-126_03,train/attack/digital_2/huawei/turkiye-126_03.jpg,train,4,turkiye-115_03,train/attack/digital_1/scan/turkiye-115_03.jpg,internal_test
turkiye-126_03,train/attack/digital_2/huawei/turkiye-126_03.jpg,train,4,turkiye-121_03,train/attack/digital_1/scan/turkiye-121_03.jpg,internal_test
turkiye-126_03,train/attack/digital_2/huawei/turkiye-126_03.jpg,train,2,turkiye-121_03,test/attack/digital_3/huawei/turkiye-121_03.jpg,internal_test
usa-063_03,train/attack/digital_2/huawei/usa-063_03.jpg,train,4,usa-134_03,train/bonafide/huawei/usa-134_03.jpg,dev
usa-063_03,train/attack/digital_2/huawei/usa-063_03.jpg,train,4,usa-117_03,train/bonafide/iphone15pro/usa-117_03.jpg,dev
usa-063_03,train/attack/digital_2/huawei/usa-063_03.jpg,train,4,usa-117_03,train/attack/digital_2/iphone15pro/usa-117_03.jpg,dev
usa-063_03,train/attack/digital_2/huawei/usa-063_03.jpg,train,4,usa-134_03,train/attack/digital_2/huawei/usa-134_03.jpg,dev
usa-063_03,train/attack/digital_2/huawei/usa-063_03.jpg,train,4,usa-134_03,train/attack/digital_1/huawei/usa-134_03.jpg,dev
usa-063_03,train/attack/digital_2/huawei/usa-063_03.jpg,train,4,usa-117_03,train/attack/digital_1/iphone15pro/usa-117_03.jpg,dev
usa-063_03,train/attack/digital_2/huawei/usa-063_03.jpg,train,4,usa-117_03,test/attack/digital_3/iphone15pro/usa-117_03.jpg,dev
usa-063_03,train/attack/digital_2/huawei/usa-063_03.jpg,train,4,usa-134_03,test/attack/digital_3/huawei/usa-134_03.jpg,dev
usa-063_03,train/attack/digital_2/huawei/usa-063_03.jpg,train,4,usa-NF-1094,train/attack/digital_1/huawei/usa-NF-1094.jpg,internal_test
usa-063_03,train/attack/digital_2/huawei/usa-063_03.jpg,train,4,usa-NF-1094,test/attack/digital_3/huawei/usa-NF-1094.jpg,internal_test
usa-136_03,train/attack/digital_2/huawei/usa-136_03.jpg,train,4,usa-NF-1094,train/bonafide/huawei/usa-NF-1094.jpg,internal_test
usa-136_03,train/attack/digital_2/huawei/usa-136_03.jpg,train,4,usa-NF-1094,train/attack/digital_2/huawei/usa-NF-1094.jpg,internal_test
usa-136_03,train/attack/digital_2/huawei/usa-136_03.jpg,train,4,usa-NF-1094,test/attack/digital_3/huawei/usa-NF-1094.jpg,internal_test
usa-009_03,train/attack/digital_2/huawei/usa-009_03.jpg,train,4,usa-117_03,train/bonafide/iphone15pro/usa-117_03.jpg,dev
usa-009_03,train/attack/digital_2/huawei/usa-009_03.jpg,train,4,usa-117_03,train/attack/digital_2/iphone15pro/usa-117_03.jpg,dev
usa-009_03,train/attack/digital_2/huawei/usa-009_03.jpg,train,4,usa-117_03,train/attack/digital_1/iphone15pro/usa-117_03.jpg,dev
usa-009_03,train/attack/digital_2/huawei/usa-009_03.jpg,train,4,usa-117_03,test/attack/digital_3/iphone15pro/usa-117_03.jpg,dev
usa-009_03,train/attack/digital_2/huawei/usa-009_03.jpg,train,4,usa-NF-1094,test/attack/digital_3/huawei/usa-NF-1094.jpg,internal_test
persian-087_03,train/attack/digital_2/huawei/persian-087_03.jpg,train,4,persian-045_03,train/bonafide/scan/persian-045_03.jpg,dev
persian-087_03,train/attack/digital_2/huawei/persian-087_03.jpg,train,4,persian-045_03,train/attack/digital_1/huawei/persian-045_03.jpg,dev
persian-087_03,train/attack/digital_2/huawei/persian-087_03.jpg,train,4,persian-045_03,test/attack/digital_3/scan/persian-045_03.jpg,dev
arabic-024_03,train/attack/digital_1/huawei/arabic-024_03.jpg,train,4,arabic-005_03,train/bonafide/scan/arabic-005_03.jpg,dev
arabic-024_03,train/attack/digital_1/huawei/arabic-024_03.jpg,train,4,arabic-005_03,train/attack/digital_2/scan/arabic-005_03.jpg,dev
arabic-024_03,train/attack/digital_1/huawei/arabic-024_03.jpg,train,4,arabic-005_03,train/attack/digital_1/scan/arabic-005_03.jpg,dev
arabic-024_03,train/attack/digital_1/huawei/arabic-024_03.jpg,train,4,arabic-005_03,test/attack/digital_3/scan/arabic-005_03.jpg,dev
arabic-173_03,train/attack/digital_1/huawei/arabic-173_03.jpg,train,4,arabic-005_03,train/bonafide/huawei/arabic-005_03.jpg,dev
arabic-173_03,train/attack/digital_1/huawei/arabic-173_03.jpg,train,4,arabic-005_03,train/bonafide/iphone15pro/arabic-005_03.jpg,dev
arabic-173_03,train/attack/digital_1/huawei/arabic-173_03.jpg,train,4,arabic-005_03,train/attack/digital_2/iphone15pro/arabic-005_03.jpg,dev
arabic-173_03,train/attack/digital_1/huawei/arabic-173_03.jpg,train,4,arabic-005_03,train/attack/digital_2/huawei/arabic-005_03.jpg,dev
arabic-173_03,train/attack/digital_1/huawei/arabic-173_03.jpg,train,4,arabic-005_03,train/attack/digital_1/huawei/arabic-005_03.jpg,dev
arabic-173_03,train/attack/digital_1/huawei/arabic-173_03.jpg,train,4,arabic-005_03,train/attack/digital_1/iphone15pro/arabic-005_03.jpg,dev
arabic-173_03,train/attack/digital_1/huawei/arabic-173_03.jpg,train,4,arabic-005_03,test/attack/digital_3/huawei/arabic-005_03.jpg,dev
arabic-173_03,train/attack/digital_1/huawei/arabic-173_03.jpg,train,4,arabic-005_03,test/attack/digital_3/iphone15pro/arabic-005_03.jpg,dev
arabic-NF-1003,train/attack/digital_1/huawei/arabic-NF-1003.jpg,train,4,arabic-NF-1098,train/attack/digital_1/scan/arabic-NF-1098.jpg,internal_test
arabic-NM-1029,train/attack/digital_1/huawei/arabic-NM-1029.jpg,train,4,arabic-NM-1064,train/attack/digital_1/huawei/arabic-NM-1064.jpg,dev
chinese-018_03,train/attack/digital_1/huawei/chinese-018_03.jpg,train,2,chinese-039_03,train/bonafide/huawei/chinese-039_03.jpg,dev
chinese-018_03,train/attack/digital_1/huawei/chinese-018_03.jpg,train,4,chinese-142_03,train/bonafide/huawei/chinese-142_03.jpg,dev
chinese-018_03,train/attack/digital_1/huawei/chinese-018_03.jpg,train,4,chinese-039_03,train/attack/digital_2/huawei/chinese-039_03.jpg,dev
chinese-018_03,train/attack/digital_1/huawei/chinese-018_03.jpg,train,4,chinese-142_03,train/attack/digital_2/huawei/chinese-142_03.jpg,dev
chinese-018_03,train/attack/digital_1/huawei/chinese-018_03.jpg,train,4,chinese-039_03,train/attack/digital_1/huawei/chinese-039_03.jpg,dev
chinese-018_03,train/attack/digital_1/huawei/chinese-018_03.jpg,train,2,chinese-039_03,test/attack/digital_3/huawei/chinese-039_03.jpg,dev
chinese-018_03,train/attack/digital_1/huawei/chinese-018_03.jpg,train,4,chinese-142_03,test/attack/digital_3/huawei/chinese-142_03.jpg,dev
chinese-018_03,train/attack/digital_1/huawei/chinese-018_03.jpg,train,4,chinese-020_03,train/bonafide/huawei/chinese-020_03.jpg,internal_test
chinese-018_03,train/attack/digital_1/huawei/chinese-018_03.jpg,train,4,chinese-020_03,train/attack/digital_2/huawei/chinese-020_03.jpg,internal_test
chinese-018_03,train/attack/digital_1/huawei/chinese-018_03.jpg,train,4,chinese-020_03,train/attack/digital_1/huawei/chinese-020_03.jpg,internal_test
chinese-018_03,train/attack/digital_1/huawei/chinese-018_03.jpg,train,4,chinese-020_03,train/attack/digital_1/iphone15pro/chinese-020_03.jpg,internal_test
chinese-018_03,train/attack/digital_1/huawei/chinese-018_03.jpg,train,4,chinese-020_03,test/attack/digital_3/huawei/chinese-020_03.jpg,internal_test
chinese-081_03,train/attack/digital_1/huawei/chinese-081_03.jpg,train,4,chinese-039_03,train/bonafide/huawei/chinese-039_03.jpg,dev
chinese-081_03,train/attack/digital_1/huawei/chinese-081_03.jpg,train,4,chinese-142_03,train/bonafide/huawei/chinese-142_03.jpg,dev
chinese-081_03,train/attack/digital_1/huawei/chinese-081_03.jpg,train,4,chinese-142_03,train/attack/digital_2/huawei/chinese-142_03.jpg,dev
chinese-081_03,train/attack/digital_1/huawei/chinese-081_03.jpg,train,4,chinese-039_03,train/attack/digital_1/huawei/chinese-039_03.jpg,dev
chinese-081_03,train/attack/digital_1/huawei/chinese-081_03.jpg,train,2,chinese-142_03,train/attack/digital_1/huawei/chinese-142_03.jpg,dev
chinese-081_03,train/attack/digital_1/huawei/chinese-081_03.jpg,train,4,chinese-039_03,test/attack/digital_3/huawei/chinese-039_03.jpg,dev
chinese-081_03,train/attack/digital_1/huawei/chinese-081_03.jpg,train,4,chinese-142_03,test/attack/digital_3/huawei/chinese-142_03.jpg,dev
chinese-081_03,train/attack/digital_1/huawei/chinese-081_03.jpg,train,2,chinese-020_03,train/bonafide/huawei/chinese-020_03.jpg,internal_test
chinese-081_03,train/attack/digital_1/huawei/chinese-081_03.jpg,train,2,chinese-020_03,train/attack/digital_2/huawei/chinese-020_03.jpg,internal_test
chinese-081_03,train/attack/digital_1/huawei/chinese-081_03.jpg,train,2,chinese-020_03,train/attack/digital_1/huawei/chinese-020_03.jpg,internal_test
chinese-081_03,train/attack/digital_1/huawei/chinese-081_03.jpg,train,4,chinese-020_03,train/attack/digital_1/iphone15pro/chinese-020_03.jpg,internal_test
chinese-081_03,train/attack/digital_1/huawei/chinese-081_03.jpg,train,2,chinese-020_03,test/attack/digital_3/huawei/chinese-020_03.jpg,internal_test
chinese-102_03,train/attack/digital_1/huawei/chinese-102_03.jpg,train,4,chinese-142_03,train/attack/digital_1/huawei/chinese-142_03.jpg,dev
chinese-107_03,train/attack/digital_1/huawei/chinese-107_03.jpg,train,2,chinese-039_03,train/bonafide/huawei/chinese-039_03.jpg,dev
chinese-107_03,train/attack/digital_1/huawei/chinese-107_03.jpg,train,2,chinese-142_03,train/bonafide/huawei/chinese-142_03.jpg,dev
chinese-107_03,train/attack/digital_1/huawei/chinese-107_03.jpg,train,4,chinese-142_03,train/bonafide/scan/chinese-142_03.jpg,dev
chinese-107_03,train/attack/digital_1/huawei/chinese-107_03.jpg,train,4,chinese-142_03,train/attack/digital_2/scan/chinese-142_03.jpg,dev
chinese-107_03,train/attack/digital_1/huawei/chinese-107_03.jpg,train,4,chinese-039_03,train/attack/digital_2/huawei/chinese-039_03.jpg,dev
chinese-107_03,train/attack/digital_1/huawei/chinese-107_03.jpg,train,2,chinese-142_03,train/attack/digital_2/huawei/chinese-142_03.jpg,dev
chinese-107_03,train/attack/digital_1/huawei/chinese-107_03.jpg,train,4,chinese-039_03,train/attack/digital_1/huawei/chinese-039_03.jpg,dev
chinese-107_03,train/attack/digital_1/huawei/chinese-107_03.jpg,train,4,chinese-142_03,train/attack/digital_1/huawei/chinese-142_03.jpg,dev
chinese-107_03,train/attack/digital_1/huawei/chinese-107_03.jpg,train,4,chinese-142_03,train/attack/digital_1/scan/chinese-142_03.jpg,dev
chinese-107_03,train/attack/digital_1/huawei/chinese-107_03.jpg,train,2,chinese-039_03,test/attack/digital_3/huawei/chinese-039_03.jpg,dev
chinese-107_03,train/attack/digital_1/huawei/chinese-107_03.jpg,train,4,chinese-142_03,test/attack/digital_3/scan/chinese-142_03.jpg,dev
chinese-107_03,train/attack/digital_1/huawei/chinese-107_03.jpg,train,2,chinese-142_03,test/attack/digital_3/huawei/chinese-142_03.jpg,dev
chinese-107_03,train/attack/digital_1/huawei/chinese-107_03.jpg,train,2,chinese-020_03,train/bonafide/huawei/chinese-020_03.jpg,internal_test
chinese-107_03,train/attack/digital_1/huawei/chinese-107_03.jpg,train,4,chinese-020_03,train/bonafide/iphone15pro/chinese-020_03.jpg,internal_test
chinese-107_03,train/attack/digital_1/huawei/chinese-107_03.jpg,train,4,chinese-020_03,train/bonafide/scan/chinese-020_03.jpg,internal_test
chinese-107_03,train/attack/digital_1/huawei/chinese-107_03.jpg,train,4,chinese-020_03,train/attack/digital_2/iphone15pro/chinese-020_03.jpg,internal_test
chinese-107_03,train/attack/digital_1/huawei/chinese-107_03.jpg,train,4,chinese-020_03,train/attack/digital_2/scan/chinese-020_03.jpg,internal_test
chinese-107_03,train/attack/digital_1/huawei/chinese-107_03.jpg,train,2,chinese-020_03,train/attack/digital_2/huawei/chinese-020_03.jpg,internal_test
chinese-107_03,train/attack/digital_1/huawei/chinese-107_03.jpg,train,2,chinese-020_03,train/attack/digital_1/huawei/chinese-020_03.jpg,internal_test
chinese-107_03,train/attack/digital_1/huawei/chinese-107_03.jpg,train,2,chinese-020_03,train/attack/digital_1/iphone15pro/chinese-020_03.jpg,internal_test
chinese-107_03,train/attack/digital_1/huawei/chinese-107_03.jpg,train,4,chinese-020_03,test/attack/digital_3/scan/chinese-020_03.jpg,internal_test
chinese-107_03,train/attack/digital_1/huawei/chinese-107_03.jpg,train,2,chinese-020_03,test/attack/digital_3/huawei/chinese-020_03.jpg,internal_test
chinese-107_03,train/attack/digital_1/huawei/chinese-107_03.jpg,train,4,chinese-020_03,test/attack/digital_3/iphone15pro/chinese-020_03.jpg,internal_test
chinese-113_03,train/attack/digital_1/huawei/chinese-113_03.jpg,train,4,chinese-039_03,train/bonafide/huawei/chinese-039_03.jpg,dev
chinese-113_03,train/attack/digital_1/huawei/chinese-113_03.jpg,train,4,chinese-142_03,train/bonafide/huawei/chinese-142_03.jpg,dev
chinese-113_03,train/attack/digital_1/huawei/chinese-113_03.jpg,train,4,chinese-142_03,train/attack/digital_2/huawei/chinese-142_03.jpg,dev
chinese-113_03,train/attack/digital_1/huawei/chinese-113_03.jpg,train,4,chinese-039_03,train/attack/digital_1/huawei/chinese-039_03.jpg,dev
chinese-113_03,train/attack/digital_1/huawei/chinese-113_03.jpg,train,4,chinese-142_03,train/attack/digital_1/huawei/chinese-142_03.jpg,dev
chinese-113_03,train/attack/digital_1/huawei/chinese-113_03.jpg,train,4,chinese-039_03,test/attack/digital_3/huawei/chinese-039_03.jpg,dev
chinese-113_03,train/attack/digital_1/huawei/chinese-113_03.jpg,train,4,chinese-142_03,test/attack/digital_3/huawei/chinese-142_03.jpg,dev
chinese-113_03,train/attack/digital_1/huawei/chinese-113_03.jpg,train,4,chinese-020_03,train/bonafide/huawei/chinese-020_03.jpg,internal_test
chinese-113_03,train/attack/digital_1/huawei/chinese-113_03.jpg,train,4,chinese-020_03,train/attack/digital_2/huawei/chinese-020_03.jpg,internal_test
chinese-113_03,train/attack/digital_1/huawei/chinese-113_03.jpg,train,2,chinese-020_03,train/attack/digital_1/huawei/chinese-020_03.jpg,internal_test
chinese-113_03,train/attack/digital_1/huawei/chinese-113_03.jpg,train,4,chinese-020_03,train/attack/digital_1/iphone15pro/chinese-020_03.jpg,internal_test
chinese-113_03,train/attack/digital_1/huawei/chinese-113_03.jpg,train,4,chinese-020_03,test/attack/digital_3/huawei/chinese-020_03.jpg,internal_test
french-044_03,train/attack/digital_1/huawei/french-044_03.jpg,train,4,french-033_03,train/bonafide/huawei/french-033_03.jpg,dev
french-044_03,train/attack/digital_1/huawei/french-044_03.jpg,train,4,french-033_03,train/bonafide/iphone15pro/french-033_03.jpg,dev
french-044_03,train/attack/digital_1/huawei/french-044_03.jpg,train,4,french-033_03,train/bonafide/scan/french-033_03.jpg,dev
french-044_03,train/attack/digital_1/huawei/french-044_03.jpg,train,4,french-033_03,train/attack/digital_2/iphone15pro/french-033_03.jpg,dev
french-044_03,train/attack/digital_1/huawei/french-044_03.jpg,train,4,french-033_03,train/attack/digital_2/scan/french-033_03.jpg,dev
french-044_03,train/attack/digital_1/huawei/french-044_03.jpg,train,4,french-033_03,train/attack/digital_1/iphone15pro/french-033_03.jpg,dev
french-044_03,train/attack/digital_1/huawei/french-044_03.jpg,train,4,french-033_03,test/attack/digital_3/scan/french-033_03.jpg,dev
french-044_03,train/attack/digital_1/huawei/french-044_03.jpg,train,4,french-033_03,test/attack/digital_3/huawei/french-033_03.jpg,dev
french-044_03,train/attack/digital_1/huawei/french-044_03.jpg,train,4,french-033_03,test/attack/digital_3/iphone15pro/french-033_03.jpg,dev
french-044_03,train/attack/digital_1/huawei/french-044_03.jpg,train,4,french-022_03,train/bonafide/huawei/french-022_03.jpg,internal_test
french-044_03,train/attack/digital_1/huawei/french-044_03.jpg,train,4,french-022_03,train/attack/digital_2/huawei/french-022_03.jpg,internal_test
french-044_03,train/attack/digital_1/huawei/french-044_03.jpg,train,4,french-019_03,train/attack/digital_1/huawei/french-019_03.jpg,internal_test
french-044_03,train/attack/digital_1/huawei/french-044_03.jpg,train,4,french-022_03,test/attack/digital_3/huawei/french-022_03.jpg,internal_test
french-091_03,train/attack/digital_1/huawei/french-091_03.jpg,train,4,french-033_03,test/attack/digital_3/huawei/french-033_03.jpg,dev
french-091_03,train/attack/digital_1/huawei/french-091_03.jpg,train,4,french-019_03,train/bonafide/huawei/french-019_03.jpg,internal_test
french-091_03,train/attack/digital_1/huawei/french-091_03.jpg,train,4,french-022_03,train/bonafide/huawei/french-022_03.jpg,internal_test
french-091_03,train/attack/digital_1/huawei/french-091_03.jpg,train,4,french-022_03,train/bonafide/scan/french-022_03.jpg,internal_test
french-091_03,train/attack/digital_1/huawei/french-091_03.jpg,train,4,french-022_03,train/attack/digital_2/scan/french-022_03.jpg,internal_test
french-091_03,train/attack/digital_1/huawei/french-091_03.jpg,train,4,french-022_03,train/attack/digital_2/huawei/french-022_03.jpg,internal_test
french-091_03,train/attack/digital_1/huawei/french-091_03.jpg,train,4,french-022_03,train/attack/digital_1/scan/french-022_03.jpg,internal_test
french-091_03,train/attack/digital_1/huawei/french-091_03.jpg,train,4,french-022_03,test/attack/digital_3/scan/french-022_03.jpg,internal_test
french-091_03,train/attack/digital_1/huawei/french-091_03.jpg,train,4,french-022_03,test/attack/digital_3/huawei/french-022_03.jpg,internal_test
french-118_03,train/attack/digital_1/huawei/french-118_03.jpg,train,4,french-033_03,train/attack/digital_2/huawei/french-033_03.jpg,dev
french-118_03,train/attack/digital_1/huawei/french-118_03.jpg,train,4,french-068_03,test/attack/digital_3/scan/french-068_03.jpg,internal_test
french-124_03,train/attack/digital_1/huawei/french-124_03.jpg,train,2,french-019_03,train/bonafide/huawei/french-019_03.jpg,internal_test
french-124_03,train/attack/digital_1/huawei/french-124_03.jpg,train,4,french-019_03,train/bonafide/scan/french-019_03.jpg,internal_test
french-124_03,train/attack/digital_1/huawei/french-124_03.jpg,train,4,french-019_03,train/attack/digital_2/scan/french-019_03.jpg,internal_test
french-124_03,train/attack/digital_1/huawei/french-124_03.jpg,train,2,french-019_03,train/attack/digital_2/huawei/french-019_03.jpg,internal_test
french-124_03,train/attack/digital_1/huawei/french-124_03.jpg,train,4,french-019_03,train/attack/digital_1/scan/french-019_03.jpg,internal_test
french-124_03,train/attack/digital_1/huawei/french-124_03.jpg,train,4,french-019_03,test/attack/digital_3/scan/french-019_03.jpg,internal_test
french-124_03,train/attack/digital_1/huawei/french-124_03.jpg,train,2,french-019_03,test/attack/digital_3/huawei/french-019_03.jpg,internal_test
french-135_03,train/attack/digital_1/huawei/french-135_03.jpg,train,4,french-033_03,train/bonafide/huawei/french-033_03.jpg,dev
french-135_03,train/attack/digital_1/huawei/french-135_03.jpg,train,4,french-033_03,train/bonafide/iphone15pro/french-033_03.jpg,dev
french-135_03,train/attack/digital_1/huawei/french-135_03.jpg,train,4,french-033_03,train/bonafide/scan/french-033_03.jpg,dev
french-135_03,train/attack/digital_1/huawei/french-135_03.jpg,train,4,french-033_03,train/attack/digital_2/iphone15pro/french-033_03.jpg,dev
french-135_03,train/attack/digital_1/huawei/french-135_03.jpg,train,4,french-033_03,train/attack/digital_2/scan/french-033_03.jpg,dev
french-135_03,train/attack/digital_1/huawei/french-135_03.jpg,train,4,french-033_03,train/attack/digital_1/iphone15pro/french-033_03.jpg,dev
french-135_03,train/attack/digital_1/huawei/french-135_03.jpg,train,4,french-033_03,test/attack/digital_3/scan/french-033_03.jpg,dev
french-135_03,train/attack/digital_1/huawei/french-135_03.jpg,train,4,french-033_03,test/attack/digital_3/iphone15pro/french-033_03.jpg,dev
french-135_03,train/attack/digital_1/huawei/french-135_03.jpg,train,4,french-019_03,train/bonafide/huawei/french-019_03.jpg,internal_test
french-135_03,train/attack/digital_1/huawei/french-135_03.jpg,train,4,french-019_03,train/bonafide/iphone15pro/french-019_03.jpg,internal_test
french-135_03,train/attack/digital_1/huawei/french-135_03.jpg,train,4,french-022_03,train/bonafide/iphone15pro/french-022_03.jpg,internal_test
french-135_03,train/attack/digital_1/huawei/french-135_03.jpg,train,4,french-019_03,train/attack/digital_2/iphone15pro/french-019_03.jpg,internal_test
french-135_03,train/attack/digital_1/huawei/french-135_03.jpg,train,4,french-022_03,train/attack/digital_2/iphone15pro/french-022_03.jpg,internal_test
french-135_03,train/attack/digital_1/huawei/french-135_03.jpg,train,4,french-019_03,train/attack/digital_2/scan/french-019_03.jpg,internal_test
french-135_03,train/attack/digital_1/huawei/french-135_03.jpg,train,4,french-019_03,train/attack/digital_2/huawei/french-019_03.jpg,internal_test
french-135_03,train/attack/digital_1/huawei/french-135_03.jpg,train,0,french-019_03,train/attack/digital_1/huawei/french-019_03.jpg,internal_test
french-135_03,train/attack/digital_1/huawei/french-135_03.jpg,train,2,french-019_03,train/attack/digital_1/iphone15pro/french-019_03.jpg,internal_test
french-135_03,train/attack/digital_1/huawei/french-135_03.jpg,train,4,french-022_03,train/attack/digital_1/iphone15pro/french-022_03.jpg,internal_test
french-135_03,train/attack/digital_1/huawei/french-135_03.jpg,train,4,french-019_03,train/attack/digital_1/scan/french-019_03.jpg,internal_test
french-135_03,train/attack/digital_1/huawei/french-135_03.jpg,train,4,french-019_03,test/attack/digital_3/huawei/french-019_03.jpg,internal_test
french-135_03,train/attack/digital_1/huawei/french-135_03.jpg,train,4,french-019_03,test/attack/digital_3/iphone15pro/french-019_03.jpg,internal_test
french-135_03,train/attack/digital_1/huawei/french-135_03.jpg,train,4,french-022_03,test/attack/digital_3/iphone15pro/french-022_03.jpg,internal_test
persian-010_03,train/attack/digital_1/huawei/persian-010_03.jpg,train,0,persian-122_03,train/bonafide/huawei/persian-122_03.jpg,dev
persian-010_03,train/attack/digital_1/huawei/persian-010_03.jpg,train,2,persian-122_03,train/bonafide/iphone15pro/persian-122_03.jpg,dev
persian-010_03,train/attack/digital_1/huawei/persian-010_03.jpg,train,4,persian-122_03,train/bonafide/scan/persian-122_03.jpg,dev
persian-010_03,train/attack/digital_1/huawei/persian-010_03.jpg,train,2,persian-122_03,train/attack/digital_2/iphone15pro/persian-122_03.jpg,dev
persian-010_03,train/attack/digital_1/huawei/persian-010_03.jpg,train,2,persian-122_03,train/attack/digital_2/scan/persian-122_03.jpg,dev
persian-010_03,train/attack/digital_1/huawei/persian-010_03.jpg,train,2,persian-122_03,train/attack/digital_2/huawei/persian-122_03.jpg,dev
persian-010_03,train/attack/digital_1/huawei/persian-010_03.jpg,train,0,persian-122_03,train/attack/digital_1/huawei/persian-122_03.jpg,dev
persian-010_03,train/attack/digital_1/huawei/persian-010_03.jpg,train,2,persian-122_03,train/attack/digital_1/iphone15pro/persian-122_03.jpg,dev
persian-010_03,train/attack/digital_1/huawei/persian-010_03.jpg,train,2,persian-122_03,train/attack/digital_1/scan/persian-122_03.jpg,dev
persian-010_03,train/attack/digital_1/huawei/persian-010_03.jpg,train,4,persian-122_03,test/attack/digital_3/scan/persian-122_03.jpg,dev
persian-010_03,train/attack/digital_1/huawei/persian-010_03.jpg,train,0,persian-122_03,test/attack/digital_3/huawei/persian-122_03.jpg,dev
persian-010_03,train/attack/digital_1/huawei/persian-010_03.jpg,train,2,persian-122_03,test/attack/digital_3/iphone15pro/persian-122_03.jpg,dev
persian-069_03,train/attack/digital_1/huawei/persian-069_03.jpg,train,4,persian-122_03,train/bonafide/huawei/persian-122_03.jpg,dev
persian-069_03,train/attack/digital_1/huawei/persian-069_03.jpg,train,4,persian-122_03,train/attack/digital_1/huawei/persian-122_03.jpg,dev
persian-069_03,train/attack/digital_1/huawei/persian-069_03.jpg,train,4,persian-122_03,test/attack/digital_3/huawei/persian-122_03.jpg,dev
persian-087_03,train/attack/digital_1/huawei/persian-087_03.jpg,train,4,persian-045_03,train/bonafide/scan/persian-045_03.jpg,dev
persian-087_03,train/attack/digital_1/huawei/persian-087_03.jpg,train,4,persian-045_03,train/attack/digital_1/huawei/persian-045_03.jpg,dev
persian-087_03,train/attack/digital_1/huawei/persian-087_03.jpg,train,4,persian-045_03,test/attack/digital_3/scan/persian-045_03.jpg,dev
persian-NF-1031,train/attack/digital_1/huawei/persian-NF-1031.jpg,train,4,persian-NF-1097,train/attack/digital_2/scan/persian-NF-1097.jpg,dev
portugal-004_03,train/attack/digital_1/huawei/portugal-004_03.jpg,train,4,portugal-172_03,train/bonafide/iphone15pro/portugal-172_03.jpg,dev
portugal-004_03,train/attack/digital_1/huawei/portugal-004_03.jpg,train,4,portugal-172_03,train/bonafide/scan/portugal-172_03.jpg,dev
portugal-004_03,train/attack/digital_1/huawei/portugal-004_03.jpg,train,2,portugal-172_03,train/attack/digital_2/iphone15pro/portugal-172_03.jpg,dev
portugal-004_03,train/attack/digital_1/huawei/portugal-004_03.jpg,train,4,portugal-172_03,train/attack/digital_2/scan/portugal-172_03.jpg,dev
portugal-004_03,train/attack/digital_1/huawei/portugal-004_03.jpg,train,4,portugal-172_03,train/attack/digital_1/huawei/portugal-172_03.jpg,dev
portugal-004_03,train/attack/digital_1/huawei/portugal-004_03.jpg,train,2,portugal-172_03,train/attack/digital_1/iphone15pro/portugal-172_03.jpg,dev
portugal-004_03,train/attack/digital_1/huawei/portugal-004_03.jpg,train,4,portugal-172_03,train/attack/digital_1/scan/portugal-172_03.jpg,dev
portugal-004_03,train/attack/digital_1/huawei/portugal-004_03.jpg,train,4,portugal-172_03,test/attack/digital_3/scan/portugal-172_03.jpg,dev
portugal-004_03,train/attack/digital_1/huawei/portugal-004_03.jpg,train,4,portugal-172_03,test/attack/digital_3/huawei/portugal-172_03.jpg,dev
portugal-004_03,train/attack/digital_1/huawei/portugal-004_03.jpg,train,2,portugal-172_03,test/attack/digital_3/iphone15pro/portugal-172_03.jpg,dev
portugal-004_03,train/attack/digital_1/huawei/portugal-004_03.jpg,train,2,portugal-119_03,train/bonafide/huawei/portugal-119_03.jpg,internal_test
portugal-004_03,train/attack/digital_1/huawei/portugal-004_03.jpg,train,2,portugal-070_03,train/bonafide/iphone15pro/portugal-070_03.jpg,internal_test
portugal-004_03,train/attack/digital_1/huawei/portugal-004_03.jpg,train,2,portugal-070_03,train/bonafide/scan/portugal-070_03.jpg,internal_test
portugal-004_03,train/attack/digital_1/huawei/portugal-004_03.jpg,train,2,portugal-119_03,train/bonafide/scan/portugal-119_03.jpg,internal_test
portugal-004_03,train/attack/digital_1/huawei/portugal-004_03.jpg,train,4,portugal-070_03,train/attack/digital_2/iphone15pro/portugal-070_03.jpg,internal_test
portugal-004_03,train/attack/digital_1/huawei/portugal-004_03.jpg,train,2,portugal-119_03,train/attack/digital_2/scan/portugal-119_03.jpg,internal_test
portugal-004_03,train/attack/digital_1/huawei/portugal-004_03.jpg,train,2,portugal-070_03,train/attack/digital_2/scan/portugal-070_03.jpg,internal_test
portugal-004_03,train/attack/digital_1/huawei/portugal-004_03.jpg,train,4,portugal-119_03,train/attack/digital_2/huawei/portugal-119_03.jpg,internal_test
portugal-004_03,train/attack/digital_1/huawei/portugal-004_03.jpg,train,2,portugal-119_03,train/attack/digital_1/huawei/portugal-119_03.jpg,internal_test
portugal-004_03,train/attack/digital_1/huawei/portugal-004_03.jpg,train,0,portugal-070_03,train/attack/digital_1/iphone15pro/portugal-070_03.jpg,internal_test
portugal-004_03,train/attack/digital_1/huawei/portugal-004_03.jpg,train,0,portugal-070_03,train/attack/digital_1/scan/portugal-070_03.jpg,internal_test
portugal-004_03,train/attack/digital_1/huawei/portugal-004_03.jpg,train,2,portugal-119_03,train/attack/digital_1/scan/portugal-119_03.jpg,internal_test
portugal-004_03,train/attack/digital_1/huawei/portugal-004_03.jpg,train,2,portugal-070_03,test/attack/digital_3/scan/portugal-070_03.jpg,internal_test
portugal-004_03,train/attack/digital_1/huawei/portugal-004_03.jpg,train,4,portugal-070_03,test/attack/digital_3/huawei/portugal-070_03.jpg,internal_test
portugal-004_03,train/attack/digital_1/huawei/portugal-004_03.jpg,train,2,portugal-070_03,test/attack/digital_3/iphone15pro/portugal-070_03.jpg,internal_test
portugal-004_03,train/attack/digital_1/huawei/portugal-004_03.jpg,train,2,portugal-119_03,test/attack/digital_3/scan/portugal-119_03.jpg,internal_test
portugal-004_03,train/attack/digital_1/huawei/portugal-004_03.jpg,train,2,portugal-119_03,test/attack/digital_3/huawei/portugal-119_03.jpg,internal_test
portugal-013_03,train/attack/digital_1/huawei/portugal-013_03.jpg,train,4,portugal-119_03,train/attack/digital_2/scan/portugal-119_03.jpg,internal_test
portugal-013_03,train/attack/digital_1/huawei/portugal-013_03.jpg,train,4,portugal-119_03,train/attack/digital_1/scan/portugal-119_03.jpg,internal_test
portugal-017_03,train/attack/digital_1/huawei/portugal-017_03.jpg,train,2,portugal-172_03,train/bonafide/iphone15pro/portugal-172_03.jpg,dev
portugal-017_03,train/attack/digital_1/huawei/portugal-017_03.jpg,train,2,portugal-172_03,train/bonafide/scan/portugal-172_03.jpg,dev
portugal-017_03,train/attack/digital_1/huawei/portugal-017_03.jpg,train,0,portugal-172_03,train/attack/digital_2/iphone15pro/portugal-172_03.jpg,dev
portugal-017_03,train/attack/digital_1/huawei/portugal-017_03.jpg,train,4,portugal-172_03,train/attack/digital_2/scan/portugal-172_03.jpg,dev
portugal-017_03,train/attack/digital_1/huawei/portugal-017_03.jpg,train,4,portugal-172_03,train/attack/digital_1/huawei/portugal-172_03.jpg,dev
portugal-017_03,train/attack/digital_1/huawei/portugal-017_03.jpg,train,0,portugal-172_03,train/attack/digital_1/iphone15pro/portugal-172_03.jpg,dev
portugal-017_03,train/attack/digital_1/huawei/portugal-017_03.jpg,train,2,portugal-172_03,train/attack/digital_1/scan/portugal-172_03.jpg,dev
portugal-017_03,train/attack/digital_1/huawei/portugal-017_03.jpg,train,2,portugal-172_03,test/attack/digital_3/scan/portugal-172_03.jpg,dev
portugal-017_03,train/attack/digital_1/huawei/portugal-017_03.jpg,train,4,portugal-172_03,test/attack/digital_3/huawei/portugal-172_03.jpg,dev
portugal-017_03,train/attack/digital_1/huawei/portugal-017_03.jpg,train,0,portugal-172_03,test/attack/digital_3/iphone15pro/portugal-172_03.jpg,dev
portugal-017_03,train/attack/digital_1/huawei/portugal-017_03.jpg,train,4,portugal-119_03,train/bonafide/huawei/portugal-119_03.jpg,internal_test
portugal-017_03,train/attack/digital_1/huawei/portugal-017_03.jpg,train,2,portugal-070_03,train/bonafide/iphone15pro/portugal-070_03.jpg,internal_test
portugal-017_03,train/attack/digital_1/huawei/portugal-017_03.jpg,train,4,portugal-070_03,train/bonafide/scan/portugal-070_03.jpg,internal_test
portugal-017_03,train/attack/digital_1/huawei/portugal-017_03.jpg,train,4,portugal-119_03,train/bonafide/scan/portugal-119_03.jpg,internal_test
portugal-017_03,train/attack/digital_1/huawei/portugal-017_03.jpg,train,4,portugal-070_03,train/attack/digital_2/iphone15pro/portugal-070_03.jpg,internal_test
portugal-017_03,train/attack/digital_1/huawei/portugal-017_03.jpg,train,4,portugal-119_03,train/attack/digital_2/scan/portugal-119_03.jpg,internal_test
portugal-017_03,train/attack/digital_1/huawei/portugal-017_03.jpg,train,4,portugal-070_03,train/attack/digital_2/scan/portugal-070_03.jpg,internal_test
portugal-017_03,train/attack/digital_1/huawei/portugal-017_03.jpg,train,4,portugal-119_03,train/attack/digital_1/huawei/portugal-119_03.jpg,internal_test
portugal-017_03,train/attack/digital_1/huawei/portugal-017_03.jpg,train,2,portugal-070_03,train/attack/digital_1/iphone15pro/portugal-070_03.jpg,internal_test
portugal-017_03,train/attack/digital_1/huawei/portugal-017_03.jpg,train,2,portugal-070_03,train/attack/digital_1/scan/portugal-070_03.jpg,internal_test
portugal-017_03,train/attack/digital_1/huawei/portugal-017_03.jpg,train,4,portugal-119_03,train/attack/digital_1/scan/portugal-119_03.jpg,internal_test
portugal-017_03,train/attack/digital_1/huawei/portugal-017_03.jpg,train,2,portugal-070_03,test/attack/digital_3/scan/portugal-070_03.jpg,internal_test
portugal-017_03,train/attack/digital_1/huawei/portugal-017_03.jpg,train,2,portugal-070_03,test/attack/digital_3/iphone15pro/portugal-070_03.jpg,internal_test
portugal-017_03,train/attack/digital_1/huawei/portugal-017_03.jpg,train,4,portugal-119_03,test/attack/digital_3/scan/portugal-119_03.jpg,internal_test
portugal-017_03,train/attack/digital_1/huawei/portugal-017_03.jpg,train,4,portugal-119_03,test/attack/digital_3/huawei/portugal-119_03.jpg,internal_test
portugal-026_03,train/attack/digital_1/huawei/portugal-026_03.jpg,train,4,portugal-119_03,train/bonafide/huawei/portugal-119_03.jpg,internal_test
portugal-026_03,train/attack/digital_1/huawei/portugal-026_03.jpg,train,4,portugal-070_03,train/bonafide/scan/portugal-070_03.jpg,internal_test
portugal-026_03,train/attack/digital_1/huawei/portugal-026_03.jpg,train,4,portugal-119_03,train/bonafide/scan/portugal-119_03.jpg,internal_test
portugal-026_03,train/attack/digital_1/huawei/portugal-026_03.jpg,train,4,portugal-119_03,train/attack/digital_2/scan/portugal-119_03.jpg,internal_test
portugal-026_03,train/attack/digital_1/huawei/portugal-026_03.jpg,train,4,portugal-070_03,train/attack/digital_2/scan/portugal-070_03.jpg,internal_test
portugal-026_03,train/attack/digital_1/huawei/portugal-026_03.jpg,train,4,portugal-119_03,train/attack/digital_2/huawei/portugal-119_03.jpg,internal_test
portugal-026_03,train/attack/digital_1/huawei/portugal-026_03.jpg,train,4,portugal-070_03,train/attack/digital_1/huawei/portugal-070_03.jpg,internal_test
portugal-026_03,train/attack/digital_1/huawei/portugal-026_03.jpg,train,4,portugal-119_03,train/attack/digital_1/huawei/portugal-119_03.jpg,internal_test
portugal-026_03,train/attack/digital_1/huawei/portugal-026_03.jpg,train,4,portugal-119_03,train/attack/digital_1/scan/portugal-119_03.jpg,internal_test
portugal-026_03,train/attack/digital_1/huawei/portugal-026_03.jpg,train,4,portugal-119_03,test/attack/digital_3/scan/portugal-119_03.jpg,internal_test
portugal-026_03,train/attack/digital_1/huawei/portugal-026_03.jpg,train,4,portugal-119_03,test/attack/digital_3/huawei/portugal-119_03.jpg,internal_test
portugal-029_03,train/attack/digital_1/huawei/portugal-029_03.jpg,train,4,portugal-070_03,train/bonafide/huawei/portugal-070_03.jpg,internal_test
portugal-029_03,train/attack/digital_1/huawei/portugal-029_03.jpg,train,4,portugal-119_03,train/bonafide/huawei/portugal-119_03.jpg,internal_test
portugal-029_03,train/attack/digital_1/huawei/portugal-029_03.jpg,train,4,portugal-070_03,train/bonafide/iphone15pro/portugal-070_03.jpg,internal_test
portugal-029_03,train/attack/digital_1/huawei/portugal-029_03.jpg,train,4,portugal-070_03,train/bonafide/scan/portugal-070_03.jpg,internal_test
portugal-029_03,train/attack/digital_1/huawei/portugal-029_03.jpg,train,4,portugal-119_03,train/bonafide/scan/portugal-119_03.jpg,internal_test
portugal-029_03,train/attack/digital_1/huawei/portugal-029_03.jpg,train,4,portugal-070_03,train/attack/digital_2/scan/portugal-070_03.jpg,internal_test
portugal-029_03,train/attack/digital_1/huawei/portugal-029_03.jpg,train,4,portugal-070_03,train/attack/digital_2/huawei/portugal-070_03.jpg,internal_test
portugal-029_03,train/attack/digital_1/huawei/portugal-029_03.jpg,train,4,portugal-070_03,train/attack/digital_1/huawei/portugal-070_03.jpg,internal_test
portugal-029_03,train/attack/digital_1/huawei/portugal-029_03.jpg,train,4,portugal-119_03,train/attack/digital_1/huawei/portugal-119_03.jpg,internal_test
portugal-029_03,train/attack/digital_1/huawei/portugal-029_03.jpg,train,4,portugal-070_03,train/attack/digital_1/iphone15pro/portugal-070_03.jpg,internal_test
portugal-029_03,train/attack/digital_1/huawei/portugal-029_03.jpg,train,4,portugal-070_03,train/attack/digital_1/scan/portugal-070_03.jpg,internal_test
portugal-029_03,train/attack/digital_1/huawei/portugal-029_03.jpg,train,4,portugal-119_03,test/attack/digital_3/scan/portugal-119_03.jpg,internal_test
portugal-029_03,train/attack/digital_1/huawei/portugal-029_03.jpg,train,4,portugal-119_03,test/attack/digital_3/huawei/portugal-119_03.jpg,internal_test
portugal-042_03,train/attack/digital_1/huawei/portugal-042_03.jpg,train,2,portugal-061_03,train/bonafide/huawei/portugal-061_03.jpg,internal_test
portugal-042_03,train/attack/digital_1/huawei/portugal-042_03.jpg,train,2,portugal-061_03,train/bonafide/iphone15pro/portugal-061_03.jpg,internal_test
portugal-042_03,train/attack/digital_1/huawei/portugal-042_03.jpg,train,2,portugal-061_03,train/bonafide/scan/portugal-061_03.jpg,internal_test
portugal-042_03,train/attack/digital_1/huawei/portugal-042_03.jpg,train,2,portugal-061_03,train/attack/digital_2/iphone15pro/portugal-061_03.jpg,internal_test
portugal-042_03,train/attack/digital_1/huawei/portugal-042_03.jpg,train,4,portugal-119_03,train/attack/digital_2/iphone15pro/portugal-119_03.jpg,internal_test
portugal-042_03,train/attack/digital_1/huawei/portugal-042_03.jpg,train,2,portugal-061_03,train/attack/digital_2/scan/portugal-061_03.jpg,internal_test
portugal-042_03,train/attack/digital_1/huawei/portugal-042_03.jpg,train,2,portugal-061_03,train/attack/digital_2/huawei/portugal-061_03.jpg,internal_test
portugal-042_03,train/attack/digital_1/huawei/portugal-042_03.jpg,train,2,portugal-061_03,train/attack/digital_1/huawei/portugal-061_03.jpg,internal_test
portugal-042_03,train/attack/digital_1/huawei/portugal-042_03.jpg,train,4,portugal-119_03,train/attack/digital_1/iphone15pro/portugal-119_03.jpg,internal_test
portugal-042_03,train/attack/digital_1/huawei/portugal-042_03.jpg,train,2,portugal-061_03,train/attack/digital_1/iphone15pro/portugal-061_03.jpg,internal_test
portugal-042_03,train/attack/digital_1/huawei/portugal-042_03.jpg,train,2,portugal-061_03,train/attack/digital_1/scan/portugal-061_03.jpg,internal_test
portugal-042_03,train/attack/digital_1/huawei/portugal-042_03.jpg,train,2,portugal-061_03,test/attack/digital_3/scan/portugal-061_03.jpg,internal_test
portugal-042_03,train/attack/digital_1/huawei/portugal-042_03.jpg,train,2,portugal-061_03,test/attack/digital_3/huawei/portugal-061_03.jpg,internal_test
portugal-042_03,train/attack/digital_1/huawei/portugal-042_03.jpg,train,2,portugal-061_03,test/attack/digital_3/iphone15pro/portugal-061_03.jpg,internal_test
portugal-066_03,train/attack/digital_1/huawei/portugal-066_03.jpg,train,4,portugal-172_03,train/bonafide/huawei/portugal-172_03.jpg,dev
portugal-066_03,train/attack/digital_1/huawei/portugal-066_03.jpg,train,4,portugal-172_03,train/bonafide/iphone15pro/portugal-172_03.jpg,dev
portugal-066_03,train/attack/digital_1/huawei/portugal-066_03.jpg,train,2,portugal-172_03,train/bonafide/scan/portugal-172_03.jpg,dev
portugal-066_03,train/attack/digital_1/huawei/portugal-066_03.jpg,train,2,portugal-172_03,train/attack/digital_2/iphone15pro/portugal-172_03.jpg,dev
portugal-066_03,train/attack/digital_1/huawei/portugal-066_03.jpg,train,2,portugal-172_03,train/attack/digital_2/scan/portugal-172_03.jpg,dev
portugal-066_03,train/attack/digital_1/huawei/portugal-066_03.jpg,train,4,portugal-172_03,train/attack/digital_2/huawei/portugal-172_03.jpg,dev
portugal-066_03,train/attack/digital_1/huawei/portugal-066_03.jpg,train,2,portugal-172_03,train/attack/digital_1/huawei/portugal-172_03.jpg,dev
portugal-066_03,train/attack/digital_1/huawei/portugal-066_03.jpg,train,2,portugal-172_03,train/attack/digital_1/iphone15pro/portugal-172_03.jpg,dev
portugal-066_03,train/attack/digital_1/huawei/portugal-066_03.jpg,train,2,portugal-172_03,train/attack/digital_1/scan/portugal-172_03.jpg,dev
portugal-066_03,train/attack/digital_1/huawei/portugal-066_03.jpg,train,2,portugal-172_03,test/attack/digital_3/scan/portugal-172_03.jpg,dev
portugal-066_03,train/attack/digital_1/huawei/portugal-066_03.jpg,train,2,portugal-172_03,test/attack/digital_3/huawei/portugal-172_03.jpg,dev
portugal-066_03,train/attack/digital_1/huawei/portugal-066_03.jpg,train,2,portugal-172_03,test/attack/digital_3/iphone15pro/portugal-172_03.jpg,dev
portugal-066_03,train/attack/digital_1/huawei/portugal-066_03.jpg,train,4,portugal-119_03,train/bonafide/huawei/portugal-119_03.jpg,internal_test
portugal-066_03,train/attack/digital_1/huawei/portugal-066_03.jpg,train,2,portugal-070_03,train/bonafide/iphone15pro/portugal-070_03.jpg,internal_test
portugal-066_03,train/attack/digital_1/huawei/portugal-066_03.jpg,train,4,portugal-070_03,train/bonafide/scan/portugal-070_03.jpg,internal_test
portugal-066_03,train/attack/digital_1/huawei/portugal-066_03.jpg,train,4,portugal-119_03,train/bonafide/scan/portugal-119_03.jpg,internal_test
portugal-066_03,train/attack/digital_1/huawei/portugal-066_03.jpg,train,2,portugal-070_03,train/attack/digital_2/iphone15pro/portugal-070_03.jpg,internal_test
portugal-066_03,train/attack/digital_1/huawei/portugal-066_03.jpg,train,4,portugal-119_03,train/attack/digital_2/scan/portugal-119_03.jpg,internal_test
portugal-066_03,train/attack/digital_1/huawei/portugal-066_03.jpg,train,4,portugal-070_03,train/attack/digital_2/scan/portugal-070_03.jpg,internal_test
portugal-066_03,train/attack/digital_1/huawei/portugal-066_03.jpg,train,4,portugal-119_03,train/attack/digital_1/huawei/portugal-119_03.jpg,internal_test
portugal-066_03,train/attack/digital_1/huawei/portugal-066_03.jpg,train,2,portugal-070_03,train/attack/digital_1/iphone15pro/portugal-070_03.jpg,internal_test
portugal-066_03,train/attack/digital_1/huawei/portugal-066_03.jpg,train,2,portugal-070_03,train/attack/digital_1/scan/portugal-070_03.jpg,internal_test
portugal-066_03,train/attack/digital_1/huawei/portugal-066_03.jpg,train,4,portugal-119_03,train/attack/digital_1/scan/portugal-119_03.jpg,internal_test
portugal-066_03,train/attack/digital_1/huawei/portugal-066_03.jpg,train,0,portugal-070_03,test/attack/digital_3/scan/portugal-070_03.jpg,internal_test
portugal-066_03,train/attack/digital_1/huawei/portugal-066_03.jpg,train,0,portugal-070_03,test/attack/digital_3/iphone15pro/portugal-070_03.jpg,internal_test
portugal-066_03,train/attack/digital_1/huawei/portugal-066_03.jpg,train,4,portugal-119_03,test/attack/digital_3/scan/portugal-119_03.jpg,internal_test
portugal-066_03,train/attack/digital_1/huawei/portugal-066_03.jpg,train,4,portugal-119_03,test/attack/digital_3/huawei/portugal-119_03.jpg,internal_test
portugal-105_03,train/attack/digital_1/huawei/portugal-105_03.jpg,train,4,portugal-172_03,train/bonafide/huawei/portugal-172_03.jpg,dev
portugal-105_03,train/attack/digital_1/huawei/portugal-105_03.jpg,train,2,portugal-172_03,train/bonafide/iphone15pro/portugal-172_03.jpg,dev
portugal-105_03,train/attack/digital_1/huawei/portugal-105_03.jpg,train,4,portugal-172_03,train/bonafide/scan/portugal-172_03.jpg,dev
portugal-105_03,train/attack/digital_1/huawei/portugal-105_03.jpg,train,4,portugal-172_03,train/attack/digital_2/iphone15pro/portugal-172_03.jpg,dev
portugal-105_03,train/attack/digital_1/huawei/portugal-105_03.jpg,train,2,portugal-172_03,train/attack/digital_2/scan/portugal-172_03.jpg,dev
portugal-105_03,train/attack/digital_1/huawei/portugal-105_03.jpg,train,4,portugal-172_03,train/attack/digital_2/huawei/portugal-172_03.jpg,dev
portugal-105_03,train/attack/digital_1/huawei/portugal-105_03.jpg,train,4,portugal-172_03,train/attack/digital_1/iphone15pro/portugal-172_03.jpg,dev
portugal-105_03,train/attack/digital_1/huawei/portugal-105_03.jpg,train,4,portugal-172_03,train/attack/digital_1/scan/portugal-172_03.jpg,dev
portugal-105_03,train/attack/digital_1/huawei/portugal-105_03.jpg,train,4,portugal-172_03,test/attack/digital_3/huawei/portugal-172_03.jpg,dev
portugal-105_03,train/attack/digital_1/huawei/portugal-105_03.jpg,train,4,portugal-172_03,test/attack/digital_3/iphone15pro/portugal-172_03.jpg,dev
portugal-105_03,train/attack/digital_1/huawei/portugal-105_03.jpg,train,4,portugal-070_03,train/bonafide/huawei/portugal-070_03.jpg,internal_test
portugal-105_03,train/attack/digital_1/huawei/portugal-105_03.jpg,train,4,portugal-119_03,train/bonafide/huawei/portugal-119_03.jpg,internal_test
portugal-105_03,train/attack/digital_1/huawei/portugal-105_03.jpg,train,4,portugal-070_03,train/bonafide/iphone15pro/portugal-070_03.jpg,internal_test
portugal-105_03,train/attack/digital_1/huawei/portugal-105_03.jpg,train,2,portugal-070_03,train/bonafide/scan/portugal-070_03.jpg,internal_test
portugal-105_03,train/attack/digital_1/huawei/portugal-105_03.jpg,train,4,portugal-119_03,train/bonafide/scan/portugal-119_03.jpg,internal_test
portugal-105_03,train/attack/digital_1/huawei/portugal-105_03.jpg,train,4,portugal-070_03,train/attack/digital_2/iphone15pro/portugal-070_03.jpg,internal_test
portugal-105_03,train/attack/digital_1/huawei/portugal-105_03.jpg,train,2,portugal-119_03,train/attack/digital_2/scan/portugal-119_03.jpg,internal_test
portugal-105_03,train/attack/digital_1/huawei/portugal-105_03.jpg,train,2,portugal-070_03,train/attack/digital_2/scan/portugal-070_03.jpg,internal_test
portugal-105_03,train/attack/digital_1/huawei/portugal-105_03.jpg,train,4,portugal-119_03,train/attack/digital_2/huawei/portugal-119_03.jpg,internal_test
portugal-105_03,train/attack/digital_1/huawei/portugal-105_03.jpg,train,4,portugal-070_03,train/attack/digital_2/huawei/portugal-070_03.jpg,internal_test
portugal-105_03,train/attack/digital_1/huawei/portugal-105_03.jpg,train,4,portugal-070_03,train/attack/digital_1/huawei/portugal-070_03.jpg,internal_test
portugal-105_03,train/attack/digital_1/huawei/portugal-105_03.jpg,train,4,portugal-119_03,train/attack/digital_1/huawei/portugal-119_03.jpg,internal_test
portugal-105_03,train/attack/digital_1/huawei/portugal-105_03.jpg,train,2,portugal-070_03,train/attack/digital_1/iphone15pro/portugal-070_03.jpg,internal_test
portugal-105_03,train/attack/digital_1/huawei/portugal-105_03.jpg,train,2,portugal-070_03,train/attack/digital_1/scan/portugal-070_03.jpg,internal_test
portugal-105_03,train/attack/digital_1/huawei/portugal-105_03.jpg,train,2,portugal-119_03,train/attack/digital_1/scan/portugal-119_03.jpg,internal_test
portugal-105_03,train/attack/digital_1/huawei/portugal-105_03.jpg,train,4,portugal-070_03,test/attack/digital_3/scan/portugal-070_03.jpg,internal_test
portugal-105_03,train/attack/digital_1/huawei/portugal-105_03.jpg,train,2,portugal-070_03,test/attack/digital_3/huawei/portugal-070_03.jpg,internal_test
portugal-105_03,train/attack/digital_1/huawei/portugal-105_03.jpg,train,4,portugal-070_03,test/attack/digital_3/iphone15pro/portugal-070_03.jpg,internal_test
portugal-105_03,train/attack/digital_1/huawei/portugal-105_03.jpg,train,4,portugal-119_03,test/attack/digital_3/scan/portugal-119_03.jpg,internal_test
portugal-105_03,train/attack/digital_1/huawei/portugal-105_03.jpg,train,4,portugal-119_03,test/attack/digital_3/huawei/portugal-119_03.jpg,internal_test
portugal-125_03,train/attack/digital_1/huawei/portugal-125_03.jpg,train,4,portugal-172_03,train/bonafide/huawei/portugal-172_03.jpg,dev
portugal-125_03,train/attack/digital_1/huawei/portugal-125_03.jpg,train,4,portugal-172_03,train/bonafide/iphone15pro/portugal-172_03.jpg,dev
portugal-125_03,train/attack/digital_1/huawei/portugal-125_03.jpg,train,2,portugal-172_03,train/bonafide/scan/portugal-172_03.jpg,dev
portugal-125_03,train/attack/digital_1/huawei/portugal-125_03.jpg,train,2,portugal-172_03,train/attack/digital_2/iphone15pro/portugal-172_03.jpg,dev
portugal-125_03,train/attack/digital_1/huawei/portugal-125_03.jpg,train,2,portugal-172_03,train/attack/digital_2/scan/portugal-172_03.jpg,dev
portugal-125_03,train/attack/digital_1/huawei/portugal-125_03.jpg,train,4,portugal-172_03,train/attack/digital_2/huawei/portugal-172_03.jpg,dev
portugal-125_03,train/attack/digital_1/huawei/portugal-125_03.jpg,train,2,portugal-172_03,train/attack/digital_1/huawei/portugal-172_03.jpg,dev
portugal-125_03,train/attack/digital_1/huawei/portugal-125_03.jpg,train,2,portugal-172_03,train/attack/digital_1/iphone15pro/portugal-172_03.jpg,dev
portugal-125_03,train/attack/digital_1/huawei/portugal-125_03.jpg,train,2,portugal-172_03,train/attack/digital_1/scan/portugal-172_03.jpg,dev
portugal-125_03,train/attack/digital_1/huawei/portugal-125_03.jpg,train,2,portugal-172_03,test/attack/digital_3/scan/portugal-172_03.jpg,dev
portugal-125_03,train/attack/digital_1/huawei/portugal-125_03.jpg,train,2,portugal-172_03,test/attack/digital_3/huawei/portugal-172_03.jpg,dev
portugal-125_03,train/attack/digital_1/huawei/portugal-125_03.jpg,train,2,portugal-172_03,test/attack/digital_3/iphone15pro/portugal-172_03.jpg,dev
portugal-125_03,train/attack/digital_1/huawei/portugal-125_03.jpg,train,4,portugal-119_03,train/bonafide/huawei/portugal-119_03.jpg,internal_test
portugal-125_03,train/attack/digital_1/huawei/portugal-125_03.jpg,train,2,portugal-070_03,train/bonafide/iphone15pro/portugal-070_03.jpg,internal_test
portugal-125_03,train/attack/digital_1/huawei/portugal-125_03.jpg,train,4,portugal-070_03,train/bonafide/scan/portugal-070_03.jpg,internal_test
portugal-125_03,train/attack/digital_1/huawei/portugal-125_03.jpg,train,4,portugal-119_03,train/bonafide/scan/portugal-119_03.jpg,internal_test
portugal-125_03,train/attack/digital_1/huawei/portugal-125_03.jpg,train,2,portugal-070_03,train/attack/digital_2/iphone15pro/portugal-070_03.jpg,internal_test
portugal-125_03,train/attack/digital_1/huawei/portugal-125_03.jpg,train,4,portugal-119_03,train/attack/digital_2/scan/portugal-119_03.jpg,internal_test
portugal-125_03,train/attack/digital_1/huawei/portugal-125_03.jpg,train,4,portugal-070_03,train/attack/digital_2/scan/portugal-070_03.jpg,internal_test
portugal-125_03,train/attack/digital_1/huawei/portugal-125_03.jpg,train,4,portugal-119_03,train/attack/digital_1/huawei/portugal-119_03.jpg,internal_test
portugal-125_03,train/attack/digital_1/huawei/portugal-125_03.jpg,train,2,portugal-070_03,train/attack/digital_1/iphone15pro/portugal-070_03.jpg,internal_test
portugal-125_03,train/attack/digital_1/huawei/portugal-125_03.jpg,train,2,portugal-070_03,train/attack/digital_1/scan/portugal-070_03.jpg,internal_test
portugal-125_03,train/attack/digital_1/huawei/portugal-125_03.jpg,train,4,portugal-119_03,train/attack/digital_1/scan/portugal-119_03.jpg,internal_test
portugal-125_03,train/attack/digital_1/huawei/portugal-125_03.jpg,train,0,portugal-070_03,test/attack/digital_3/scan/portugal-070_03.jpg,internal_test
portugal-125_03,train/attack/digital_1/huawei/portugal-125_03.jpg,train,0,portugal-070_03,test/attack/digital_3/iphone15pro/portugal-070_03.jpg,internal_test
portugal-125_03,train/attack/digital_1/huawei/portugal-125_03.jpg,train,4,portugal-119_03,test/attack/digital_3/scan/portugal-119_03.jpg,internal_test
portugal-125_03,train/attack/digital_1/huawei/portugal-125_03.jpg,train,4,portugal-119_03,test/attack/digital_3/huawei/portugal-119_03.jpg,internal_test
portugal-143_03,train/attack/digital_1/huawei/portugal-143_03.jpg,train,4,portugal-119_03,train/bonafide/huawei/portugal-119_03.jpg,internal_test
portugal-143_03,train/attack/digital_1/huawei/portugal-143_03.jpg,train,4,portugal-119_03,train/bonafide/scan/portugal-119_03.jpg,internal_test
portugal-143_03,train/attack/digital_1/huawei/portugal-143_03.jpg,train,4,portugal-119_03,train/attack/digital_1/huawei/portugal-119_03.jpg,internal_test
portugal-143_03,train/attack/digital_1/huawei/portugal-143_03.jpg,train,4,portugal-119_03,test/attack/digital_3/scan/portugal-119_03.jpg,internal_test
portugal-143_03,train/attack/digital_1/huawei/portugal-143_03.jpg,train,4,portugal-119_03,test/attack/digital_3/huawei/portugal-119_03.jpg,internal_test
portugal-NF-1016,train/attack/digital_1/huawei/portugal-NF-1016.jpg,train,4,portugal-NF-1022,train/bonafide/huawei/portugal-NF-1022.jpg,internal_test
portugal-NF-1016,train/attack/digital_1/huawei/portugal-NF-1016.jpg,train,4,portugal-NF-1022,train/attack/digital_1/huawei/portugal-NF-1022.jpg,internal_test
portugal-NF-1016,train/attack/digital_1/huawei/portugal-NF-1016.jpg,train,4,portugal-NF-1022,test/attack/digital_3/huawei/portugal-NF-1022.jpg,internal_test
portugal-NF-1026,train/attack/digital_1/huawei/portugal-NF-1026.jpg,train,4,portugal-NF-1022,test/attack/digital_3/huawei/portugal-NF-1022.jpg,internal_test
portugal-NF-1041,train/attack/digital_1/huawei/portugal-NF-1041.jpg,train,4,portugal-NF-1022,train/attack/digital_2/huawei/portugal-NF-1022.jpg,internal_test
portugal-NF-1041,train/attack/digital_1/huawei/portugal-NF-1041.jpg,train,4,portugal-NF-1022,test/attack/digital_3/huawei/portugal-NF-1022.jpg,internal_test
portugal-NF-1086,train/attack/digital_1/huawei/portugal-NF-1086.jpg,train,4,portugal-NF-1022,train/bonafide/huawei/portugal-NF-1022.jpg,internal_test
portugal-NF-1086,train/attack/digital_1/huawei/portugal-NF-1086.jpg,train,4,portugal-NF-1022,train/attack/digital_2/huawei/portugal-NF-1022.jpg,internal_test
portugal-NF-1086,train/attack/digital_1/huawei/portugal-NF-1086.jpg,train,4,portugal-NF-1022,train/attack/digital_1/huawei/portugal-NF-1022.jpg,internal_test
portugal-NF-1086,train/attack/digital_1/huawei/portugal-NF-1086.jpg,train,4,portugal-NF-1022,test/attack/digital_3/huawei/portugal-NF-1022.jpg,internal_test
russian-NF-1089,train/attack/digital_1/huawei/russian-NF-1089.jpg,train,4,russian-NF-1069,train/bonafide/huawei/russian-NF-1069.jpg,internal_test
russian-NF-1089,train/attack/digital_1/huawei/russian-NF-1089.jpg,train,4,russian-NF-1069,train/attack/digital_2/huawei/russian-NF-1069.jpg,internal_test
russian-NF-1089,train/attack/digital_1/huawei/russian-NF-1089.jpg,train,4,russian-NF-1069,test/attack/digital_3/huawei/russian-NF-1069.jpg,internal_test
turkiye-008_03,train/attack/digital_1/huawei/turkiye-008_03.jpg,train,4,turkiye-041_03,train/bonafide/huawei/turkiye-041_03.jpg,dev
turkiye-008_03,train/attack/digital_1/huawei/turkiye-008_03.jpg,train,4,turkiye-101_03,train/bonafide/huawei/turkiye-101_03.jpg,dev
turkiye-008_03,train/attack/digital_1/huawei/turkiye-008_03.jpg,train,2,turkiye-104_03,train/bonafide/huawei/turkiye-104_03.jpg,dev
turkiye-008_03,train/attack/digital_1/huawei/turkiye-008_03.jpg,train,4,turkiye-041_03,train/bonafide/iphone15pro/turkiye-041_03.jpg,dev
turkiye-008_03,train/attack/digital_1/huawei/turkiye-008_03.jpg,train,2,turkiye-101_03,train/bonafide/iphone15pro/turkiye-101_03.jpg,dev
turkiye-008_03,train/attack/digital_1/huawei/turkiye-008_03.jpg,train,4,turkiye-104_03,train/bonafide/iphone15pro/turkiye-104_03.jpg,dev
turkiye-008_03,train/attack/digital_1/huawei/turkiye-008_03.jpg,train,4,turkiye-041_03,train/bonafide/scan/turkiye-041_03.jpg,dev
turkiye-008_03,train/attack/digital_1/huawei/turkiye-008_03.jpg,train,2,turkiye-101_03,train/bonafide/scan/turkiye-101_03.jpg,dev
turkiye-008_03,train/attack/digital_1/huawei/turkiye-008_03.jpg,train,4,turkiye-104_03,train/bonafide/scan/turkiye-104_03.jpg,dev
turkiye-008_03,train/attack/digital_1/huawei/turkiye-008_03.jpg,train,4,turkiye-041_03,train/attack/digital_2/iphone15pro/turkiye-041_03.jpg,dev
turkiye-008_03,train/attack/digital_1/huawei/turkiye-008_03.jpg,train,4,turkiye-104_03,train/attack/digital_2/iphone15pro/turkiye-104_03.jpg,dev
turkiye-008_03,train/attack/digital_1/huawei/turkiye-008_03.jpg,train,2,turkiye-101_03,train/attack/digital_2/iphone15pro/turkiye-101_03.jpg,dev
turkiye-008_03,train/attack/digital_1/huawei/turkiye-008_03.jpg,train,4,turkiye-041_03,train/attack/digital_2/scan/turkiye-041_03.jpg,dev
turkiye-008_03,train/attack/digital_1/huawei/turkiye-008_03.jpg,train,4,turkiye-101_03,train/attack/digital_2/scan/turkiye-101_03.jpg,dev
turkiye-008_03,train/attack/digital_1/huawei/turkiye-008_03.jpg,train,4,turkiye-041_03,train/attack/digital_2/huawei/turkiye-041_03.jpg,dev
turkiye-008_03,train/attack/digital_1/huawei/turkiye-008_03.jpg,train,4,turkiye-104_03,train/attack/digital_2/huawei/turkiye-104_03.jpg,dev
turkiye-008_03,train/attack/digital_1/huawei/turkiye-008_03.jpg,train,4,turkiye-041_03,train/attack/digital_1/huawei/turkiye-041_03.jpg,dev
turkiye-008_03,train/attack/digital_1/huawei/turkiye-008_03.jpg,train,2,turkiye-101_03,train/attack/digital_1/huawei/turkiye-101_03.jpg,dev
turkiye-008_03,train/attack/digital_1/huawei/turkiye-008_03.jpg,train,4,turkiye-104_03,train/attack/digital_1/huawei/turkiye-104_03.jpg,dev
turkiye-008_03,train/attack/digital_1/huawei/turkiye-008_03.jpg,train,4,turkiye-041_03,train/attack/digital_1/iphone15pro/turkiye-041_03.jpg,dev
turkiye-008_03,train/attack/digital_1/huawei/turkiye-008_03.jpg,train,2,turkiye-101_03,train/attack/digital_1/iphone15pro/turkiye-101_03.jpg,dev
turkiye-008_03,train/attack/digital_1/huawei/turkiye-008_03.jpg,train,4,turkiye-104_03,train/attack/digital_1/iphone15pro/turkiye-104_03.jpg,dev
turkiye-008_03,train/attack/digital_1/huawei/turkiye-008_03.jpg,train,4,turkiye-041_03,train/attack/digital_1/scan/turkiye-041_03.jpg,dev
turkiye-008_03,train/attack/digital_1/huawei/turkiye-008_03.jpg,train,2,turkiye-101_03,train/attack/digital_1/scan/turkiye-101_03.jpg,dev
turkiye-008_03,train/attack/digital_1/huawei/turkiye-008_03.jpg,train,4,turkiye-104_03,train/attack/digital_1/scan/turkiye-104_03.jpg,dev
turkiye-008_03,train/attack/digital_1/huawei/turkiye-008_03.jpg,train,4,turkiye-041_03,test/attack/digital_3/scan/turkiye-041_03.jpg,dev
turkiye-008_03,train/attack/digital_1/huawei/turkiye-008_03.jpg,train,4,turkiye-041_03,test/attack/digital_3/huawei/turkiye-041_03.jpg,dev
turkiye-008_03,train/attack/digital_1/huawei/turkiye-008_03.jpg,train,4,turkiye-041_03,test/attack/digital_3/iphone15pro/turkiye-041_03.jpg,dev
turkiye-008_03,train/attack/digital_1/huawei/turkiye-008_03.jpg,train,4,turkiye-101_03,test/attack/digital_3/scan/turkiye-101_03.jpg,dev
turkiye-008_03,train/attack/digital_1/huawei/turkiye-008_03.jpg,train,4,turkiye-101_03,test/attack/digital_3/huawei/turkiye-101_03.jpg,dev
turkiye-008_03,train/attack/digital_1/huawei/turkiye-008_03.jpg,train,2,turkiye-101_03,test/attack/digital_3/iphone15pro/turkiye-101_03.jpg,dev
turkiye-008_03,train/attack/digital_1/huawei/turkiye-008_03.jpg,train,4,turkiye-104_03,test/attack/digital_3/huawei/turkiye-104_03.jpg,dev
turkiye-008_03,train/attack/digital_1/huawei/turkiye-008_03.jpg,train,4,turkiye-104_03,test/attack/digital_3/iphone15pro/turkiye-104_03.jpg,dev
turkiye-008_03,train/attack/digital_1/huawei/turkiye-008_03.jpg,train,4,turkiye-031_03,train/bonafide/huawei/turkiye-031_03.jpg,internal_test
turkiye-008_03,train/attack/digital_1/huawei/turkiye-008_03.jpg,train,4,turkiye-032_03,train/bonafide/huawei/turkiye-032_03.jpg,internal_test
turkiye-008_03,train/attack/digital_1/huawei/turkiye-008_03.jpg,train,4,turkiye-121_03,train/bonafide/huawei/turkiye-121_03.jpg,internal_test
turkiye-008_03,train/attack/digital_1/huawei/turkiye-008_03.jpg,train,2,turkiye-031_03,train/bonafide/iphone15pro/turkiye-031_03.jpg,internal_test
turkiye-008_03,train/attack/digital_1/huawei/turkiye-008_03.jpg,train,4,turkiye-032_03,train/bonafide/iphone15pro/turkiye-032_03.jpg,internal_test
turkiye-008_03,train/attack/digital_1/huawei/turkiye-008_03.jpg,train,2,turkiye-115_03,train/bonafide/iphone15pro/turkiye-115_03.jpg,internal_test
turkiye-008_03,train/attack/digital_1/huawei/turkiye-008_03.jpg,train,4,turkiye-121_03,train/bonafide/iphone15pro/turkiye-121_03.jpg,internal_test
turkiye-008_03,train/attack/digital_1/huawei/turkiye-008_03.jpg,train,2,turkiye-031_03,train/bonafide/scan/turkiye-031_03.jpg,internal_test
turkiye-008_03,train/attack/digital_1/huawei/turkiye-008_03.jpg,train,4,turkiye-032_03,train/bonafide/scan/turkiye-032_03.jpg,internal_test
turkiye-008_03,train/attack/digital_1/huawei/turkiye-008_03.jpg,train,2,turkiye-115_03,train/bonafide/scan/turkiye-115_03.jpg,internal_test
turkiye-008_03,train/attack/digital_1/huawei/turkiye-008_03.jpg,train,4,turkiye-121_03,train/bonafide/scan/turkiye-121_03.jpg,internal_test
turkiye-008_03,train/attack/digital_1/huawei/turkiye-008_03.jpg,train,4,turkiye-032_03,train/attack/digital_2/iphone15pro/turkiye-032_03.jpg,internal_test
turkiye-008_03,train/attack/digital_1/huawei/turkiye-008_03.jpg,train,4,turkiye-115_03,train/attack/digital_2/iphone15pro/turkiye-115_03.jpg,internal_test
turkiye-008_03,train/attack/digital_1/huawei/turkiye-008_03.jpg,train,2,turkiye-121_03,train/attack/digital_2/iphone15pro/turkiye-121_03.jpg,internal_test
turkiye-008_03,train/attack/digital_1/huawei/turkiye-008_03.jpg,train,2,turkiye-031_03,train/attack/digital_2/iphone15pro/turkiye-031_03.jpg,internal_test
turkiye-008_03,train/attack/digital_1/huawei/turkiye-008_03.jpg,train,2,turkiye-115_03,train/attack/digital_2/scan/turkiye-115_03.jpg,internal_test
turkiye-008_03,train/attack/digital_1/huawei/turkiye-008_03.jpg,train,4,turkiye-121_03,train/attack/digital_2/scan/turkiye-121_03.jpg,internal_test
turkiye-008_03,train/attack/digital_1/huawei/turkiye-008_03.jpg,train,2,turkiye-031_03,train/attack/digital_2/scan/turkiye-031_03.jpg,internal_test
turkiye-008_03,train/attack/digital_1/huawei/turkiye-008_03.jpg,train,4,turkiye-032_03,train/attack/digital_2/huawei/turkiye-032_03.jpg,internal_test
turkiye-008_03,train/attack/digital_1/huawei/turkiye-008_03.jpg,train,2,turkiye-031_03,train/attack/digital_2/huawei/turkiye-031_03.jpg,internal_test
turkiye-008_03,train/attack/digital_1/huawei/turkiye-008_03.jpg,train,2,turkiye-031_03,train/attack/digital_1/huawei/turkiye-031_03.jpg,internal_test
turkiye-008_03,train/attack/digital_1/huawei/turkiye-008_03.jpg,train,4,turkiye-032_03,train/attack/digital_1/huawei/turkiye-032_03.jpg,internal_test
turkiye-008_03,train/attack/digital_1/huawei/turkiye-008_03.jpg,train,4,turkiye-115_03,train/attack/digital_1/huawei/turkiye-115_03.jpg,internal_test
turkiye-008_03,train/attack/digital_1/huawei/turkiye-008_03.jpg,train,4,turkiye-121_03,train/attack/digital_1/huawei/turkiye-121_03.jpg,internal_test
turkiye-008_03,train/attack/digital_1/huawei/turkiye-008_03.jpg,train,4,turkiye-032_03,train/attack/digital_1/iphone15pro/turkiye-032_03.jpg,internal_test
turkiye-008_03,train/attack/digital_1/huawei/turkiye-008_03.jpg,train,4,turkiye-115_03,train/attack/digital_1/iphone15pro/turkiye-115_03.jpg,internal_test
turkiye-008_03,train/attack/digital_1/huawei/turkiye-008_03.jpg,train,2,turkiye-121_03,train/attack/digital_1/iphone15pro/turkiye-121_03.jpg,internal_test
turkiye-008_03,train/attack/digital_1/huawei/turkiye-008_03.jpg,train,4,turkiye-032_03,train/attack/digital_1/scan/turkiye-032_03.jpg,internal_test
turkiye-008_03,train/attack/digital_1/huawei/turkiye-008_03.jpg,train,2,turkiye-115_03,train/attack/digital_1/scan/turkiye-115_03.jpg,internal_test
turkiye-008_03,train/attack/digital_1/huawei/turkiye-008_03.jpg,train,4,turkiye-121_03,train/attack/digital_1/scan/turkiye-121_03.jpg,internal_test
turkiye-008_03,train/attack/digital_1/huawei/turkiye-008_03.jpg,train,2,turkiye-031_03,test/attack/digital_3/scan/turkiye-031_03.jpg,internal_test
turkiye-008_03,train/attack/digital_1/huawei/turkiye-008_03.jpg,train,4,turkiye-031_03,test/attack/digital_3/huawei/turkiye-031_03.jpg,internal_test
turkiye-008_03,train/attack/digital_1/huawei/turkiye-008_03.jpg,train,2,turkiye-031_03,test/attack/digital_3/iphone15pro/turkiye-031_03.jpg,internal_test
turkiye-008_03,train/attack/digital_1/huawei/turkiye-008_03.jpg,train,4,turkiye-032_03,test/attack/digital_3/scan/turkiye-032_03.jpg,internal_test
turkiye-008_03,train/attack/digital_1/huawei/turkiye-008_03.jpg,train,4,turkiye-032_03,test/attack/digital_3/huawei/turkiye-032_03.jpg,internal_test
turkiye-008_03,train/attack/digital_1/huawei/turkiye-008_03.jpg,train,2,turkiye-115_03,test/attack/digital_3/scan/turkiye-115_03.jpg,internal_test
turkiye-008_03,train/attack/digital_1/huawei/turkiye-008_03.jpg,train,4,turkiye-115_03,test/attack/digital_3/iphone15pro/turkiye-115_03.jpg,internal_test
turkiye-008_03,train/attack/digital_1/huawei/turkiye-008_03.jpg,train,4,turkiye-121_03,test/attack/digital_3/scan/turkiye-121_03.jpg,internal_test
turkiye-008_03,train/attack/digital_1/huawei/turkiye-008_03.jpg,train,4,turkiye-121_03,test/attack/digital_3/huawei/turkiye-121_03.jpg,internal_test
turkiye-008_03,train/attack/digital_1/huawei/turkiye-008_03.jpg,train,2,turkiye-121_03,test/attack/digital_3/iphone15pro/turkiye-121_03.jpg,internal_test
turkiye-036_03,train/attack/digital_1/huawei/turkiye-036_03.jpg,train,4,turkiye-101_03,train/bonafide/huawei/turkiye-101_03.jpg,dev
turkiye-036_03,train/attack/digital_1/huawei/turkiye-036_03.jpg,train,4,turkiye-101_03,train/attack/digital_2/scan/turkiye-101_03.jpg,dev
turkiye-036_03,train/attack/digital_1/huawei/turkiye-036_03.jpg,train,2,turkiye-101_03,train/attack/digital_2/huawei/turkiye-101_03.jpg,dev
turkiye-036_03,train/attack/digital_1/huawei/turkiye-036_03.jpg,train,4,turkiye-101_03,test/attack/digital_3/scan/turkiye-101_03.jpg,dev
turkiye-036_03,train/attack/digital_1/huawei/turkiye-036_03.jpg,train,4,turkiye-101_03,test/attack/digital_3/huawei/turkiye-101_03.jpg,dev
turkiye-036_03,train/attack/digital_1/huawei/turkiye-036_03.jpg,train,4,turkiye-115_03,train/bonafide/huawei/turkiye-115_03.jpg,internal_test
turkiye-036_03,train/attack/digital_1/huawei/turkiye-036_03.jpg,train,4,turkiye-115_03,train/attack/digital_2/huawei/turkiye-115_03.jpg,internal_test
turkiye-036_03,train/attack/digital_1/huawei/turkiye-036_03.jpg,train,4,turkiye-115_03,train/attack/digital_1/huawei/turkiye-115_03.jpg,internal_test
turkiye-036_03,train/attack/digital_1/huawei/turkiye-036_03.jpg,train,4,turkiye-115_03,test/attack/digital_3/huawei/turkiye-115_03.jpg,internal_test
turkiye-086_03,train/attack/digital_1/huawei/turkiye-086_03.jpg,train,4,turkiye-041_03,train/bonafide/huawei/turkiye-041_03.jpg,dev
turkiye-086_03,train/attack/digital_1/huawei/turkiye-086_03.jpg,train,4,turkiye-104_03,train/bonafide/huawei/turkiye-104_03.jpg,dev
turkiye-086_03,train/attack/digital_1/huawei/turkiye-086_03.jpg,train,2,turkiye-041_03,train/bonafide/iphone15pro/turkiye-041_03.jpg,dev
turkiye-086_03,train/attack/digital_1/huawei/turkiye-086_03.jpg,train,4,turkiye-101_03,train/bonafide/iphone15pro/turkiye-101_03.jpg,dev
turkiye-086_03,train/attack/digital_1/huawei/turkiye-086_03.jpg,train,4,turkiye-041_03,train/bonafide/scan/turkiye-041_03.jpg,dev
turkiye-086_03,train/attack/digital_1/huawei/turkiye-086_03.jpg,train,4,turkiye-101_03,train/bonafide/scan/turkiye-101_03.jpg,dev
turkiye-086_03,train/attack/digital_1/huawei/turkiye-086_03.jpg,train,4,turkiye-104_03,train/bonafide/scan/turkiye-104_03.jpg,dev
turkiye-086_03,train/attack/digital_1/huawei/turkiye-086_03.jpg,train,2,turkiye-041_03,train/attack/digital_2/iphone15pro/turkiye-041_03.jpg,dev
turkiye-086_03,train/attack/digital_1/huawei/turkiye-086_03.jpg,train,4,turkiye-101_03,train/attack/digital_2/iphone15pro/turkiye-101_03.jpg,dev
turkiye-086_03,train/attack/digital_1/huawei/turkiye-086_03.jpg,train,4,turkiye-041_03,train/attack/digital_2/scan/turkiye-041_03.jpg,dev
turkiye-086_03,train/attack/digital_1/huawei/turkiye-086_03.jpg,train,4,turkiye-041_03,train/attack/digital_2/huawei/turkiye-041_03.jpg,dev
turkiye-086_03,train/attack/digital_1/huawei/turkiye-086_03.jpg,train,4,turkiye-041_03,train/attack/digital_1/huawei/turkiye-041_03.jpg,dev
turkiye-086_03,train/attack/digital_1/huawei/turkiye-086_03.jpg,train,4,turkiye-101_03,train/attack/digital_1/huawei/turkiye-101_03.jpg,dev
turkiye-086_03,train/attack/digital_1/huawei/turkiye-086_03.jpg,train,4,turkiye-104_03,train/attack/digital_1/huawei/turkiye-104_03.jpg,dev
turkiye-086_03,train/attack/digital_1/huawei/turkiye-086_03.jpg,train,2,turkiye-041_03,train/attack/digital_1/iphone15pro/turkiye-041_03.jpg,dev
turkiye-086_03,train/attack/digital_1/huawei/turkiye-086_03.jpg,train,4,turkiye-101_03,train/attack/digital_1/iphone15pro/turkiye-101_03.jpg,dev
turkiye-086_03,train/attack/digital_1/huawei/turkiye-086_03.jpg,train,4,turkiye-041_03,train/attack/digital_1/scan/turkiye-041_03.jpg,dev
turkiye-086_03,train/attack/digital_1/huawei/turkiye-086_03.jpg,train,4,turkiye-101_03,train/attack/digital_1/scan/turkiye-101_03.jpg,dev
turkiye-086_03,train/attack/digital_1/huawei/turkiye-086_03.jpg,train,4,turkiye-104_03,train/attack/digital_1/scan/turkiye-104_03.jpg,dev
turkiye-086_03,train/attack/digital_1/huawei/turkiye-086_03.jpg,train,4,turkiye-041_03,test/attack/digital_3/scan/turkiye-041_03.jpg,dev
turkiye-086_03,train/attack/digital_1/huawei/turkiye-086_03.jpg,train,4,turkiye-041_03,test/attack/digital_3/huawei/turkiye-041_03.jpg,dev
turkiye-086_03,train/attack/digital_1/huawei/turkiye-086_03.jpg,train,2,turkiye-041_03,test/attack/digital_3/iphone15pro/turkiye-041_03.jpg,dev
turkiye-086_03,train/attack/digital_1/huawei/turkiye-086_03.jpg,train,4,turkiye-101_03,test/attack/digital_3/iphone15pro/turkiye-101_03.jpg,dev
turkiye-086_03,train/attack/digital_1/huawei/turkiye-086_03.jpg,train,4,turkiye-104_03,test/attack/digital_3/huawei/turkiye-104_03.jpg,dev
turkiye-086_03,train/attack/digital_1/huawei/turkiye-086_03.jpg,train,4,turkiye-031_03,train/bonafide/huawei/turkiye-031_03.jpg,internal_test
turkiye-086_03,train/attack/digital_1/huawei/turkiye-086_03.jpg,train,4,turkiye-032_03,train/bonafide/huawei/turkiye-032_03.jpg,internal_test
turkiye-086_03,train/attack/digital_1/huawei/turkiye-086_03.jpg,train,4,turkiye-121_03,train/bonafide/huawei/turkiye-121_03.jpg,internal_test
turkiye-086_03,train/attack/digital_1/huawei/turkiye-086_03.jpg,train,2,turkiye-031_03,train/bonafide/iphone15pro/turkiye-031_03.jpg,internal_test
turkiye-086_03,train/attack/digital_1/huawei/turkiye-086_03.jpg,train,4,turkiye-032_03,train/bonafide/iphone15pro/turkiye-032_03.jpg,internal_test
turkiye-086_03,train/attack/digital_1/huawei/turkiye-086_03.jpg,train,4,turkiye-115_03,train/bonafide/iphone15pro/turkiye-115_03.jpg,internal_test
turkiye-086_03,train/attack/digital_1/huawei/turkiye-086_03.jpg,train,4,turkiye-121_03,train/bonafide/iphone15pro/turkiye-121_03.jpg,internal_test
turkiye-086_03,train/attack/digital_1/huawei/turkiye-086_03.jpg,train,2,turkiye-031_03,train/bonafide/scan/turkiye-031_03.jpg,internal_test
turkiye-086_03,train/attack/digital_1/huawei/turkiye-086_03.jpg,train,4,turkiye-032_03,train/bonafide/scan/turkiye-032_03.jpg,internal_test
turkiye-086_03,train/attack/digital_1/huawei/turkiye-086_03.jpg,train,4,turkiye-115_03,train/bonafide/scan/turkiye-115_03.jpg,internal_test
turkiye-086_03,train/attack/digital_1/huawei/turkiye-086_03.jpg,train,4,turkiye-121_03,train/bonafide/scan/turkiye-121_03.jpg,internal_test
turkiye-086_03,train/attack/digital_1/huawei/turkiye-086_03.jpg,train,4,turkiye-032_03,train/attack/digital_2/iphone15pro/turkiye-032_03.jpg,internal_test
turkiye-086_03,train/attack/digital_1/huawei/turkiye-086_03.jpg,train,2,turkiye-121_03,train/attack/digital_2/iphone15pro/turkiye-121_03.jpg,internal_test
turkiye-086_03,train/attack/digital_1/huawei/turkiye-086_03.jpg,train,2,turkiye-031_03,train/attack/digital_2/iphone15pro/turkiye-031_03.jpg,internal_test
turkiye-086_03,train/attack/digital_1/huawei/turkiye-086_03.jpg,train,4,turkiye-032_03,train/attack/digital_2/scan/turkiye-032_03.jpg,internal_test
turkiye-086_03,train/attack/digital_1/huawei/turkiye-086_03.jpg,train,4,turkiye-115_03,train/attack/digital_2/scan/turkiye-115_03.jpg,internal_test
turkiye-086_03,train/attack/digital_1/huawei/turkiye-086_03.jpg,train,4,turkiye-121_03,train/attack/digital_2/scan/turkiye-121_03.jpg,internal_test
turkiye-086_03,train/attack/digital_1/huawei/turkiye-086_03.jpg,train,2,turkiye-031_03,train/attack/digital_2/scan/turkiye-031_03.jpg,internal_test
turkiye-086_03,train/attack/digital_1/huawei/turkiye-086_03.jpg,train,4,turkiye-032_03,train/attack/digital_2/huawei/turkiye-032_03.jpg,internal_test
turkiye-086_03,train/attack/digital_1/huawei/turkiye-086_03.jpg,train,4,turkiye-121_03,train/attack/digital_2/huawei/turkiye-121_03.jpg,internal_test
turkiye-086_03,train/attack/digital_1/huawei/turkiye-086_03.jpg,train,2,turkiye-031_03,train/attack/digital_2/huawei/turkiye-031_03.jpg,internal_test
turkiye-086_03,train/attack/digital_1/huawei/turkiye-086_03.jpg,train,2,turkiye-031_03,train/attack/digital_1/huawei/turkiye-031_03.jpg,internal_test
turkiye-086_03,train/attack/digital_1/huawei/turkiye-086_03.jpg,train,4,turkiye-032_03,train/attack/digital_1/huawei/turkiye-032_03.jpg,internal_test
turkiye-086_03,train/attack/digital_1/huawei/turkiye-086_03.jpg,train,4,turkiye-121_03,train/attack/digital_1/huawei/turkiye-121_03.jpg,internal_test
turkiye-086_03,train/attack/digital_1/huawei/turkiye-086_03.jpg,train,4,turkiye-031_03,train/attack/digital_1/iphone15pro/turkiye-031_03.jpg,internal_test
turkiye-086_03,train/attack/digital_1/huawei/turkiye-086_03.jpg,train,4,turkiye-032_03,train/attack/digital_1/iphone15pro/turkiye-032_03.jpg,internal_test
turkiye-086_03,train/attack/digital_1/huawei/turkiye-086_03.jpg,train,4,turkiye-121_03,train/attack/digital_1/iphone15pro/turkiye-121_03.jpg,internal_test
turkiye-086_03,train/attack/digital_1/huawei/turkiye-086_03.jpg,train,4,turkiye-031_03,train/attack/digital_1/scan/turkiye-031_03.jpg,internal_test
turkiye-086_03,train/attack/digital_1/huawei/turkiye-086_03.jpg,train,2,turkiye-032_03,train/attack/digital_1/scan/turkiye-032_03.jpg,internal_test
turkiye-086_03,train/attack/digital_1/huawei/turkiye-086_03.jpg,train,4,turkiye-115_03,train/attack/digital_1/scan/turkiye-115_03.jpg,internal_test
turkiye-086_03,train/attack/digital_1/huawei/turkiye-086_03.jpg,train,4,turkiye-121_03,train/attack/digital_1/scan/turkiye-121_03.jpg,internal_test
turkiye-086_03,train/attack/digital_1/huawei/turkiye-086_03.jpg,train,2,turkiye-031_03,test/attack/digital_3/scan/turkiye-031_03.jpg,internal_test
turkiye-086_03,train/attack/digital_1/huawei/turkiye-086_03.jpg,train,4,turkiye-031_03,test/attack/digital_3/huawei/turkiye-031_03.jpg,internal_test
turkiye-086_03,train/attack/digital_1/huawei/turkiye-086_03.jpg,train,2,turkiye-031_03,test/attack/digital_3/iphone15pro/turkiye-031_03.jpg,internal_test
turkiye-086_03,train/attack/digital_1/huawei/turkiye-086_03.jpg,train,4,turkiye-032_03,test/attack/digital_3/scan/turkiye-032_03.jpg,internal_test
turkiye-086_03,train/attack/digital_1/huawei/turkiye-086_03.jpg,train,4,turkiye-032_03,test/attack/digital_3/huawei/turkiye-032_03.jpg,internal_test
turkiye-086_03,train/attack/digital_1/huawei/turkiye-086_03.jpg,train,4,turkiye-115_03,test/attack/digital_3/scan/turkiye-115_03.jpg,internal_test
turkiye-086_03,train/attack/digital_1/huawei/turkiye-086_03.jpg,train,4,turkiye-115_03,test/attack/digital_3/iphone15pro/turkiye-115_03.jpg,internal_test
turkiye-086_03,train/attack/digital_1/huawei/turkiye-086_03.jpg,train,4,turkiye-121_03,test/attack/digital_3/scan/turkiye-121_03.jpg,internal_test
turkiye-086_03,train/attack/digital_1/huawei/turkiye-086_03.jpg,train,4,turkiye-121_03,test/attack/digital_3/huawei/turkiye-121_03.jpg,internal_test
turkiye-086_03,train/attack/digital_1/huawei/turkiye-086_03.jpg,train,2,turkiye-121_03,test/attack/digital_3/iphone15pro/turkiye-121_03.jpg,internal_test
turkiye-126_03,train/attack/digital_1/huawei/turkiye-126_03.jpg,train,2,turkiye-041_03,train/bonafide/iphone15pro/turkiye-041_03.jpg,dev
turkiye-126_03,train/attack/digital_1/huawei/turkiye-126_03.jpg,train,4,turkiye-101_03,train/bonafide/iphone15pro/turkiye-101_03.jpg,dev
turkiye-126_03,train/attack/digital_1/huawei/turkiye-126_03.jpg,train,2,turkiye-041_03,train/attack/digital_2/iphone15pro/turkiye-041_03.jpg,dev
turkiye-126_03,train/attack/digital_1/huawei/turkiye-126_03.jpg,train,4,turkiye-101_03,train/attack/digital_2/iphone15pro/turkiye-101_03.jpg,dev
turkiye-126_03,train/attack/digital_1/huawei/turkiye-126_03.jpg,train,2,turkiye-041_03,train/attack/digital_1/iphone15pro/turkiye-041_03.jpg,dev
turkiye-126_03,train/attack/digital_1/huawei/turkiye-126_03.jpg,train,4,turkiye-101_03,train/attack/digital_1/iphone15pro/turkiye-101_03.jpg,dev
turkiye-126_03,train/attack/digital_1/huawei/turkiye-126_03.jpg,train,2,turkiye-041_03,test/attack/digital_3/iphone15pro/turkiye-041_03.jpg,dev
turkiye-126_03,train/attack/digital_1/huawei/turkiye-126_03.jpg,train,4,turkiye-101_03,test/attack/digital_3/iphone15pro/turkiye-101_03.jpg,dev
turkiye-126_03,train/attack/digital_1/huawei/turkiye-126_03.jpg,train,4,turkiye-121_03,train/bonafide/huawei/turkiye-121_03.jpg,internal_test
turkiye-126_03,train/attack/digital_1/huawei/turkiye-126_03.jpg,train,4,turkiye-115_03,train/bonafide/iphone15pro/turkiye-115_03.jpg,internal_test
turkiye-126_03,train/attack/digital_1/huawei/turkiye-126_03.jpg,train,4,turkiye-121_03,train/attack/digital_2/huawei/turkiye-121_03.jpg,internal_test
turkiye-126_03,train/attack/digital_1/huawei/turkiye-126_03.jpg,train,4,turkiye-121_03,train/attack/digital_1/huawei/turkiye-121_03.jpg,internal_test
turkiye-126_03,train/attack/digital_1/huawei/turkiye-126_03.jpg,train,4,turkiye-115_03,test/attack/digital_3/iphone15pro/turkiye-115_03.jpg,internal_test
turkiye-126_03,train/attack/digital_1/huawei/turkiye-126_03.jpg,train,4,turkiye-121_03,test/attack/digital_3/huawei/turkiye-121_03.jpg,internal_test
turkiye-127_03,train/attack/digital_1/huawei/turkiye-127_03.jpg,train,4,turkiye-101_03,train/bonafide/huawei/turkiye-101_03.jpg,dev
turkiye-127_03,train/attack/digital_1/huawei/turkiye-127_03.jpg,train,4,turkiye-104_03,train/bonafide/huawei/turkiye-104_03.jpg,dev
turkiye-127_03,train/attack/digital_1/huawei/turkiye-127_03.jpg,train,4,turkiye-041_03,train/bonafide/iphone15pro/turkiye-041_03.jpg,dev
turkiye-127_03,train/attack/digital_1/huawei/turkiye-127_03.jpg,train,4,turkiye-101_03,train/bonafide/iphone15pro/turkiye-101_03.jpg,dev
turkiye-127_03,train/attack/digital_1/huawei/turkiye-127_03.jpg,train,2,turkiye-101_03,train/bonafide/scan/turkiye-101_03.jpg,dev
turkiye-127_03,train/attack/digital_1/huawei/turkiye-127_03.jpg,train,4,turkiye-104_03,train/bonafide/scan/turkiye-104_03.jpg,dev
turkiye-127_03,train/attack/digital_1/huawei/turkiye-127_03.jpg,train,4,turkiye-041_03,train/attack/digital_2/iphone15pro/turkiye-041_03.jpg,dev
turkiye-127_03,train/attack/digital_1/huawei/turkiye-127_03.jpg,train,4,turkiye-101_03,train/attack/digital_2/iphone15pro/turkiye-101_03.jpg,dev
turkiye-127_03,train/attack/digital_1/huawei/turkiye-127_03.jpg,train,4,turkiye-041_03,train/attack/digital_2/scan/turkiye-041_03.jpg,dev
turkiye-127_03,train/attack/digital_1/huawei/turkiye-127_03.jpg,train,4,turkiye-104_03,train/attack/digital_2/scan/turkiye-104_03.jpg,dev
turkiye-127_03,train/attack/digital_1/huawei/turkiye-127_03.jpg,train,4,turkiye-101_03,train/attack/digital_2/scan/turkiye-101_03.jpg,dev
turkiye-127_03,train/attack/digital_1/huawei/turkiye-127_03.jpg,train,4,turkiye-101_03,train/attack/digital_2/huawei/turkiye-101_03.jpg,dev
turkiye-127_03,train/attack/digital_1/huawei/turkiye-127_03.jpg,train,4,turkiye-101_03,train/attack/digital_1/huawei/turkiye-101_03.jpg,dev
turkiye-127_03,train/attack/digital_1/huawei/turkiye-127_03.jpg,train,4,turkiye-104_03,train/attack/digital_1/huawei/turkiye-104_03.jpg,dev
turkiye-127_03,train/attack/digital_1/huawei/turkiye-127_03.jpg,train,4,turkiye-041_03,train/attack/digital_1/iphone15pro/turkiye-041_03.jpg,dev
turkiye-127_03,train/attack/digital_1/huawei/turkiye-127_03.jpg,train,4,turkiye-101_03,train/attack/digital_1/iphone15pro/turkiye-101_03.jpg,dev
turkiye-127_03,train/attack/digital_1/huawei/turkiye-127_03.jpg,train,4,turkiye-041_03,train/attack/digital_1/scan/turkiye-041_03.jpg,dev
turkiye-127_03,train/attack/digital_1/huawei/turkiye-127_03.jpg,train,2,turkiye-101_03,train/attack/digital_1/scan/turkiye-101_03.jpg,dev
turkiye-127_03,train/attack/digital_1/huawei/turkiye-127_03.jpg,train,2,turkiye-104_03,train/attack/digital_1/scan/turkiye-104_03.jpg,dev
turkiye-127_03,train/attack/digital_1/huawei/turkiye-127_03.jpg,train,4,turkiye-041_03,test/attack/digital_3/iphone15pro/turkiye-041_03.jpg,dev
turkiye-127_03,train/attack/digital_1/huawei/turkiye-127_03.jpg,train,4,turkiye-101_03,test/attack/digital_3/scan/turkiye-101_03.jpg,dev
turkiye-127_03,train/attack/digital_1/huawei/turkiye-127_03.jpg,train,2,turkiye-101_03,test/attack/digital_3/huawei/turkiye-101_03.jpg,dev
turkiye-127_03,train/attack/digital_1/huawei/turkiye-127_03.jpg,train,4,turkiye-101_03,test/attack/digital_3/iphone15pro/turkiye-101_03.jpg,dev
turkiye-127_03,train/attack/digital_1/huawei/turkiye-127_03.jpg,train,4,turkiye-104_03,test/attack/digital_3/scan/turkiye-104_03.jpg,dev
turkiye-127_03,train/attack/digital_1/huawei/turkiye-127_03.jpg,train,4,turkiye-104_03,test/attack/digital_3/huawei/turkiye-104_03.jpg,dev
turkiye-127_03,train/attack/digital_1/huawei/turkiye-127_03.jpg,train,4,turkiye-031_03,train/bonafide/huawei/turkiye-031_03.jpg,internal_test
turkiye-127_03,train/attack/digital_1/huawei/turkiye-127_03.jpg,train,4,turkiye-115_03,train/bonafide/huawei/turkiye-115_03.jpg,internal_test
turkiye-127_03,train/attack/digital_1/huawei/turkiye-127_03.jpg,train,4,turkiye-121_03,train/bonafide/huawei/turkiye-121_03.jpg,internal_test
turkiye-127_03,train/attack/digital_1/huawei/turkiye-127_03.jpg,train,4,turkiye-031_03,train/bonafide/iphone15pro/turkiye-031_03.jpg,internal_test
turkiye-127_03,train/attack/digital_1/huawei/turkiye-127_03.jpg,train,4,turkiye-115_03,train/bonafide/iphone15pro/turkiye-115_03.jpg,internal_test
turkiye-127_03,train/attack/digital_1/huawei/turkiye-127_03.jpg,train,4,turkiye-031_03,train/bonafide/scan/turkiye-031_03.jpg,internal_test
turkiye-127_03,train/attack/digital_1/huawei/turkiye-127_03.jpg,train,4,turkiye-115_03,train/bonafide/scan/turkiye-115_03.jpg,internal_test
turkiye-127_03,train/attack/digital_1/huawei/turkiye-127_03.jpg,train,4,turkiye-121_03,train/attack/digital_2/iphone15pro/turkiye-121_03.jpg,internal_test
turkiye-127_03,train/attack/digital_1/huawei/turkiye-127_03.jpg,train,4,turkiye-031_03,train/attack/digital_2/iphone15pro/turkiye-031_03.jpg,internal_test
turkiye-127_03,train/attack/digital_1/huawei/turkiye-127_03.jpg,train,4,turkiye-115_03,train/attack/digital_2/scan/turkiye-115_03.jpg,internal_test
turkiye-127_03,train/attack/digital_1/huawei/turkiye-127_03.jpg,train,4,turkiye-031_03,train/attack/digital_2/scan/turkiye-031_03.jpg,internal_test
turkiye-127_03,train/attack/digital_1/huawei/turkiye-127_03.jpg,train,4,turkiye-115_03,train/attack/digital_2/huawei/turkiye-115_03.jpg,internal_test
turkiye-127_03,train/attack/digital_1/huawei/turkiye-127_03.jpg,train,4,turkiye-031_03,train/attack/digital_2/huawei/turkiye-031_03.jpg,internal_test
turkiye-127_03,train/attack/digital_1/huawei/turkiye-127_03.jpg,train,2,turkiye-031_03,train/attack/digital_1/huawei/turkiye-031_03.jpg,internal_test
turkiye-127_03,train/attack/digital_1/huawei/turkiye-127_03.jpg,train,2,turkiye-115_03,train/attack/digital_1/huawei/turkiye-115_03.jpg,internal_test
turkiye-127_03,train/attack/digital_1/huawei/turkiye-127_03.jpg,train,4,turkiye-121_03,train/attack/digital_1/huawei/turkiye-121_03.jpg,internal_test
turkiye-127_03,train/attack/digital_1/huawei/turkiye-127_03.jpg,train,4,turkiye-115_03,train/attack/digital_1/iphone15pro/turkiye-115_03.jpg,internal_test
turkiye-127_03,train/attack/digital_1/huawei/turkiye-127_03.jpg,train,4,turkiye-115_03,train/attack/digital_1/scan/turkiye-115_03.jpg,internal_test
turkiye-127_03,train/attack/digital_1/huawei/turkiye-127_03.jpg,train,4,turkiye-121_03,train/attack/digital_1/scan/turkiye-121_03.jpg,internal_test
turkiye-127_03,train/attack/digital_1/huawei/turkiye-127_03.jpg,train,4,turkiye-031_03,test/attack/digital_3/scan/turkiye-031_03.jpg,internal_test
turkiye-127_03,train/attack/digital_1/huawei/turkiye-127_03.jpg,train,4,turkiye-031_03,test/attack/digital_3/huawei/turkiye-031_03.jpg,internal_test
turkiye-127_03,train/attack/digital_1/huawei/turkiye-127_03.jpg,train,4,turkiye-031_03,test/attack/digital_3/iphone15pro/turkiye-031_03.jpg,internal_test
turkiye-127_03,train/attack/digital_1/huawei/turkiye-127_03.jpg,train,2,turkiye-115_03,test/attack/digital_3/scan/turkiye-115_03.jpg,internal_test
turkiye-127_03,train/attack/digital_1/huawei/turkiye-127_03.jpg,train,4,turkiye-115_03,test/attack/digital_3/huawei/turkiye-115_03.jpg,internal_test
turkiye-127_03,train/attack/digital_1/huawei/turkiye-127_03.jpg,train,4,turkiye-121_03,test/attack/digital_3/huawei/turkiye-121_03.jpg,internal_test
turkiye-127_03,train/attack/digital_1/huawei/turkiye-127_03.jpg,train,4,turkiye-121_03,test/attack/digital_3/iphone15pro/turkiye-121_03.jpg,internal_test
turkiye-130_03,train/attack/digital_1/huawei/turkiye-130_03.jpg,train,4,turkiye-101_03,train/bonafide/huawei/turkiye-101_03.jpg,dev
turkiye-130_03,train/attack/digital_1/huawei/turkiye-130_03.jpg,train,4,turkiye-104_03,train/bonafide/huawei/turkiye-104_03.jpg,dev
turkiye-130_03,train/attack/digital_1/huawei/turkiye-130_03.jpg,train,4,turkiye-104_03,train/bonafide/scan/turkiye-104_03.jpg,dev
turkiye-130_03,train/attack/digital_1/huawei/turkiye-130_03.jpg,train,4,turkiye-101_03,train/attack/digital_2/scan/turkiye-101_03.jpg,dev
turkiye-130_03,train/attack/digital_1/huawei/turkiye-130_03.jpg,train,4,turkiye-101_03,train/attack/digital_2/huawei/turkiye-101_03.jpg,dev
turkiye-130_03,train/attack/digital_1/huawei/turkiye-130_03.jpg,train,4,turkiye-104_03,train/attack/digital_1/huawei/turkiye-104_03.jpg,dev
turkiye-130_03,train/attack/digital_1/huawei/turkiye-130_03.jpg,train,4,turkiye-101_03,test/attack/digital_3/scan/turkiye-101_03.jpg,dev
turkiye-130_03,train/attack/digital_1/huawei/turkiye-130_03.jpg,train,4,turkiye-101_03,test/attack/digital_3/huawei/turkiye-101_03.jpg,dev
turkiye-130_03,train/attack/digital_1/huawei/turkiye-130_03.jpg,train,4,turkiye-104_03,test/attack/digital_3/huawei/turkiye-104_03.jpg,dev
turkiye-130_03,train/attack/digital_1/huawei/turkiye-130_03.jpg,train,4,turkiye-031_03,train/bonafide/huawei/turkiye-031_03.jpg,internal_test
turkiye-130_03,train/attack/digital_1/huawei/turkiye-130_03.jpg,train,2,turkiye-115_03,train/bonafide/huawei/turkiye-115_03.jpg,internal_test
turkiye-130_03,train/attack/digital_1/huawei/turkiye-130_03.jpg,train,4,turkiye-121_03,train/attack/digital_2/iphone15pro/turkiye-121_03.jpg,internal_test
turkiye-130_03,train/attack/digital_1/huawei/turkiye-130_03.jpg,train,4,turkiye-115_03,train/attack/digital_2/huawei/turkiye-115_03.jpg,internal_test
turkiye-130_03,train/attack/digital_1/huawei/turkiye-130_03.jpg,train,4,turkiye-031_03,train/attack/digital_2/huawei/turkiye-031_03.jpg,internal_test
turkiye-130_03,train/attack/digital_1/huawei/turkiye-130_03.jpg,train,4,turkiye-031_03,train/attack/digital_1/huawei/turkiye-031_03.jpg,internal_test
turkiye-130_03,train/attack/digital_1/huawei/turkiye-130_03.jpg,train,2,turkiye-031_03,test/attack/digital_3/huawei/turkiye-031_03.jpg,internal_test
turkiye-130_03,train/attack/digital_1/huawei/turkiye-130_03.jpg,train,2,turkiye-115_03,test/attack/digital_3/huawei/turkiye-115_03.jpg,internal_test
turkiye-130_03,train/attack/digital_1/huawei/turkiye-130_03.jpg,train,4,turkiye-121_03,test/attack/digital_3/iphone15pro/turkiye-121_03.jpg,internal_test
ukraine-NF-1005,train/attack/digital_1/huawei/ukraine-NF-1005.jpg,train,4,ukraine-NF-1057,train/bonafide/huawei/ukraine-NF-1057.jpg,dev
ukraine-NF-1005,train/attack/digital_1/huawei/ukraine-NF-1005.jpg,train,4,ukraine-NF-1057,train/attack/digital_2/scan/ukraine-NF-1057.jpg,dev
ukraine-NF-1005,train/attack/digital_1/huawei/ukraine-NF-1005.jpg,train,4,ukraine-NF-1057,train/attack/digital_2/huawei/ukraine-NF-1057.jpg,dev
ukraine-NF-1005,train/attack/digital_1/huawei/ukraine-NF-1005.jpg,train,4,ukraine-NF-1057,train/attack/digital_1/scan/ukraine-NF-1057.jpg,dev
ukraine-NF-1005,train/attack/digital_1/huawei/ukraine-NF-1005.jpg,train,4,ukraine-NF-1057,test/attack/digital_3/huawei/ukraine-NF-1057.jpg,dev
ukraine-NF-1021,train/attack/digital_1/huawei/ukraine-NF-1021.jpg,train,4,ukraine-NF-1057,train/bonafide/huawei/ukraine-NF-1057.jpg,dev
ukraine-NF-1021,train/attack/digital_1/huawei/ukraine-NF-1021.jpg,train,4,ukraine-NF-1057,train/bonafide/iphone15pro/ukraine-NF-1057.jpg,dev
ukraine-NF-1021,train/attack/digital_1/huawei/ukraine-NF-1021.jpg,train,2,ukraine-NF-1057,train/bonafide/scan/ukraine-NF-1057.jpg,dev
ukraine-NF-1021,train/attack/digital_1/huawei/ukraine-NF-1021.jpg,train,4,ukraine-NF-1057,train/attack/digital_2/iphone15pro/ukraine-NF-1057.jpg,dev
ukraine-NF-1021,train/attack/digital_1/huawei/ukraine-NF-1021.jpg,train,4,ukraine-NF-1057,train/attack/digital_2/scan/ukraine-NF-1057.jpg,dev
ukraine-NF-1021,train/attack/digital_1/huawei/ukraine-NF-1021.jpg,train,4,ukraine-NF-1057,train/attack/digital_2/huawei/ukraine-NF-1057.jpg,dev
ukraine-NF-1021,train/attack/digital_1/huawei/ukraine-NF-1021.jpg,train,4,ukraine-NF-1057,train/attack/digital_1/huawei/ukraine-NF-1057.jpg,dev
ukraine-NF-1021,train/attack/digital_1/huawei/ukraine-NF-1021.jpg,train,4,ukraine-NF-1057,train/attack/digital_1/iphone15pro/ukraine-NF-1057.jpg,dev
ukraine-NF-1021,train/attack/digital_1/huawei/ukraine-NF-1021.jpg,train,4,ukraine-NF-1057,train/attack/digital_1/scan/ukraine-NF-1057.jpg,dev
ukraine-NF-1021,train/attack/digital_1/huawei/ukraine-NF-1021.jpg,train,2,ukraine-NF-1057,test/attack/digital_3/scan/ukraine-NF-1057.jpg,dev
ukraine-NF-1021,train/attack/digital_1/huawei/ukraine-NF-1021.jpg,train,4,ukraine-NF-1057,test/attack/digital_3/huawei/ukraine-NF-1057.jpg,dev
ukraine-NF-1021,train/attack/digital_1/huawei/ukraine-NF-1021.jpg,train,4,ukraine-NF-1057,test/attack/digital_3/iphone15pro/ukraine-NF-1057.jpg,dev
ukraine-NF-1032,train/attack/digital_1/huawei/ukraine-NF-1032.jpg,train,4,ukraine-NF-1057,train/bonafide/huawei/ukraine-NF-1057.jpg,dev
ukraine-NF-1032,train/attack/digital_1/huawei/ukraine-NF-1032.jpg,train,2,ukraine-NF-1057,train/bonafide/iphone15pro/ukraine-NF-1057.jpg,dev
ukraine-NF-1032,train/attack/digital_1/huawei/ukraine-NF-1032.jpg,train,4,ukraine-NF-1057,train/bonafide/scan/ukraine-NF-1057.jpg,dev
ukraine-NF-1032,train/attack/digital_1/huawei/ukraine-NF-1032.jpg,train,2,ukraine-NF-1057,train/attack/digital_2/iphone15pro/ukraine-NF-1057.jpg,dev
ukraine-NF-1032,train/attack/digital_1/huawei/ukraine-NF-1032.jpg,train,4,ukraine-NF-1057,train/attack/digital_2/scan/ukraine-NF-1057.jpg,dev
ukraine-NF-1032,train/attack/digital_1/huawei/ukraine-NF-1032.jpg,train,4,ukraine-NF-1057,train/attack/digital_2/huawei/ukraine-NF-1057.jpg,dev
ukraine-NF-1032,train/attack/digital_1/huawei/ukraine-NF-1032.jpg,train,2,ukraine-NF-1057,train/attack/digital_1/huawei/ukraine-NF-1057.jpg,dev
ukraine-NF-1032,train/attack/digital_1/huawei/ukraine-NF-1032.jpg,train,2,ukraine-NF-1057,train/attack/digital_1/iphone15pro/ukraine-NF-1057.jpg,dev
ukraine-NF-1032,train/attack/digital_1/huawei/ukraine-NF-1032.jpg,train,4,ukraine-NF-1057,train/attack/digital_1/scan/ukraine-NF-1057.jpg,dev
ukraine-NF-1032,train/attack/digital_1/huawei/ukraine-NF-1032.jpg,train,4,ukraine-NF-1057,test/attack/digital_3/scan/ukraine-NF-1057.jpg,dev
ukraine-NF-1032,train/attack/digital_1/huawei/ukraine-NF-1032.jpg,train,4,ukraine-NF-1057,test/attack/digital_3/huawei/ukraine-NF-1057.jpg,dev
ukraine-NF-1032,train/attack/digital_1/huawei/ukraine-NF-1032.jpg,train,2,ukraine-NF-1057,test/attack/digital_3/iphone15pro/ukraine-NF-1057.jpg,dev
ukraine-NF-1106,train/attack/digital_1/huawei/ukraine-NF-1106.jpg,train,4,ukraine-NF-1084,train/attack/digital_1/huawei/ukraine-NF-1084.jpg,dev
usa-011_03,train/attack/digital_1/huawei/usa-011_03.jpg,train,4,usa-134_03,train/bonafide/huawei/usa-134_03.jpg,dev
usa-011_03,train/attack/digital_1/huawei/usa-011_03.jpg,train,4,usa-134_03,train/attack/digital_2/huawei/usa-134_03.jpg,dev
usa-011_03,train/attack/digital_1/huawei/usa-011_03.jpg,train,4,usa-134_03,train/attack/digital_1/huawei/usa-134_03.jpg,dev
usa-011_03,train/attack/digital_1/huawei/usa-011_03.jpg,train,4,usa-134_03,test/attack/digital_3/huawei/usa-134_03.jpg,dev
usa-016_03,train/attack/digital_1/huawei/usa-016_03.jpg,train,2,usa-NF-1094,train/attack/digital_1/huawei/usa-NF-1094.jpg,internal_test
usa-034_03,train/attack/digital_1/huawei/usa-034_03.jpg,train,4,usa-134_03,train/bonafide/huawei/usa-134_03.jpg,dev
usa-034_03,train/attack/digital_1/huawei/usa-034_03.jpg,train,4,usa-134_03,train/bonafide/iphone15pro/usa-134_03.jpg,dev
usa-034_03,train/attack/digital_1/huawei/usa-034_03.jpg,train,4,usa-NM-1052,train/bonafide/iphone15pro/usa-NM-1052.jpg,dev
usa-034_03,train/attack/digital_1/huawei/usa-034_03.jpg,train,4,usa-134_03,train/attack/digital_2/iphone15pro/usa-134_03.jpg,dev
usa-034_03,train/attack/digital_1/huawei/usa-034_03.jpg,train,4,usa-134_03,train/attack/digital_2/huawei/usa-134_03.jpg,dev
usa-034_03,train/attack/digital_1/huawei/usa-034_03.jpg,train,4,usa-134_03,train/attack/digital_1/huawei/usa-134_03.jpg,dev
usa-034_03,train/attack/digital_1/huawei/usa-034_03.jpg,train,4,usa-134_03,train/attack/digital_1/iphone15pro/usa-134_03.jpg,dev
usa-034_03,train/attack/digital_1/huawei/usa-034_03.jpg,train,4,usa-134_03,test/attack/digital_3/huawei/usa-134_03.jpg,dev
usa-034_03,train/attack/digital_1/huawei/usa-034_03.jpg,train,4,usa-134_03,test/attack/digital_3/iphone15pro/usa-134_03.jpg,dev
usa-034_03,train/attack/digital_1/huawei/usa-034_03.jpg,train,4,usa-NF-1094,train/attack/digital_1/huawei/usa-NF-1094.jpg,internal_test
usa-063_03,train/attack/digital_1/huawei/usa-063_03.jpg,train,4,usa-134_03,train/bonafide/huawei/usa-134_03.jpg,dev
usa-063_03,train/attack/digital_1/huawei/usa-063_03.jpg,train,4,usa-117_03,train/bonafide/iphone15pro/usa-117_03.jpg,dev
usa-063_03,train/attack/digital_1/huawei/usa-063_03.jpg,train,4,usa-117_03,train/attack/digital_2/iphone15pro/usa-117_03.jpg,dev
usa-063_03,train/attack/digital_1/huawei/usa-063_03.jpg,train,4,usa-134_03,train/attack/digital_2/huawei/usa-134_03.jpg,dev
usa-063_03,train/attack/digital_1/huawei/usa-063_03.jpg,train,4,usa-134_03,train/attack/digital_1/huawei/usa-134_03.jpg,dev
usa-063_03,train/attack/digital_1/huawei/usa-063_03.jpg,train,4,usa-117_03,train/attack/digital_1/iphone15pro/usa-117_03.jpg,dev
usa-063_03,train/attack/digital_1/huawei/usa-063_03.jpg,train,4,usa-117_03,test/attack/digital_3/iphone15pro/usa-117_03.jpg,dev
usa-063_03,train/attack/digital_1/huawei/usa-063_03.jpg,train,4,usa-134_03,test/attack/digital_3/huawei/usa-134_03.jpg,dev
usa-063_03,train/attack/digital_1/huawei/usa-063_03.jpg,train,4,usa-NF-1094,train/attack/digital_1/huawei/usa-NF-1094.jpg,internal_test
usa-063_03,train/attack/digital_1/huawei/usa-063_03.jpg,train,4,usa-NF-1094,test/attack/digital_3/huawei/usa-NF-1094.jpg,internal_test
usa-NF-1004,train/attack/digital_1/huawei/usa-NF-1004.jpg,train,4,usa-NM-1052,train/bonafide/iphone15pro/usa-NM-1052.jpg,dev
usa-NF-1004,train/attack/digital_1/huawei/usa-NF-1004.jpg,train,4,usa-NM-1052,train/attack/digital_2/huawei/usa-NM-1052.jpg,dev
usa-NF-1004,train/attack/digital_1/huawei/usa-NF-1004.jpg,train,4,usa-NM-1052,train/attack/digital_1/iphone15pro/usa-NM-1052.jpg,dev
usa-NF-1044,train/attack/digital_1/huawei/usa-NF-1044.jpg,train,4,usa-NF-1009,train/bonafide/huawei/usa-NF-1009.jpg,internal_test
usa-NF-1044,train/attack/digital_1/huawei/usa-NF-1044.jpg,train,4,usa-NF-1009,train/attack/digital_1/huawei/usa-NF-1009.jpg,internal_test
usa-NF-1044,train/attack/digital_1/huawei/usa-NF-1044.jpg,train,4,usa-NF-1009,test/attack/digital_3/huawei/usa-NF-1009.jpg,internal_test
usa-NF-1051,train/attack/digital_1/huawei/usa-NF-1051.jpg,train,2,usa-NF-1009,train/bonafide/huawei/usa-NF-1009.jpg,internal_test
usa-NF-1051,train/attack/digital_1/huawei/usa-NF-1051.jpg,train,2,usa-NF-1009,train/attack/digital_1/huawei/usa-NF-1009.jpg,internal_test
usa-NF-1051,train/attack/digital_1/huawei/usa-NF-1051.jpg,train,2,usa-NF-1009,test/attack/digital_3/huawei/usa-NF-1009.jpg,internal_test
usa-NF-1093,train/attack/digital_1/huawei/usa-NF-1093.jpg,train,4,usa-NF-1009,train/bonafide/huawei/usa-NF-1009.jpg,internal_test
usa-NF-1093,train/attack/digital_1/huawei/usa-NF-1093.jpg,train,4,usa-NF-1009,train/attack/digital_1/huawei/usa-NF-1009.jpg,internal_test
usa-NF-1093,train/attack/digital_1/huawei/usa-NF-1093.jpg,train,4,usa-NF-1009,test/attack/digital_3/huawei/usa-NF-1009.jpg,internal_test
arabic-003_03,train/attack/digital_1/huawei/arabic-003_03.jpg,train,4,arabic-005_03,train/bonafide/huawei/arabic-005_03.jpg,dev
arabic-003_03,train/attack/digital_1/huawei/arabic-003_03.jpg,train,4,arabic-005_03,train/attack/digital_2/iphone15pro/arabic-005_03.jpg,dev
arabic-003_03,train/attack/digital_1/huawei/arabic-003_03.jpg,train,4,arabic-005_03,test/attack/digital_3/huawei/arabic-005_03.jpg,dev
portugal-105_03,train/attack/digital_1/iphone15pro/portugal-105_03.jpg,train,4,portugal-172_03,train/bonafide/iphone15pro/portugal-172_03.jpg,dev
portugal-105_03,train/attack/digital_1/iphone15pro/portugal-105_03.jpg,train,4,portugal-172_03,train/bonafide/scan/portugal-172_03.jpg,dev
portugal-105_03,train/attack/digital_1/iphone15pro/portugal-105_03.jpg,train,4,portugal-172_03,train/attack/digital_2/iphone15pro/portugal-172_03.jpg,dev
portugal-105_03,train/attack/digital_1/iphone15pro/portugal-105_03.jpg,train,4,portugal-172_03,train/attack/digital_1/iphone15pro/portugal-172_03.jpg,dev
portugal-105_03,train/attack/digital_1/iphone15pro/portugal-105_03.jpg,train,4,portugal-172_03,train/attack/digital_1/scan/portugal-172_03.jpg,dev
portugal-105_03,train/attack/digital_1/iphone15pro/portugal-105_03.jpg,train,4,portugal-172_03,test/attack/digital_3/iphone15pro/portugal-172_03.jpg,dev
portugal-105_03,train/attack/digital_1/iphone15pro/portugal-105_03.jpg,train,4,portugal-070_03,train/bonafide/huawei/portugal-070_03.jpg,internal_test
portugal-105_03,train/attack/digital_1/iphone15pro/portugal-105_03.jpg,train,4,portugal-070_03,train/bonafide/scan/portugal-070_03.jpg,internal_test
portugal-105_03,train/attack/digital_1/iphone15pro/portugal-105_03.jpg,train,4,portugal-119_03,train/attack/digital_2/scan/portugal-119_03.jpg,internal_test
portugal-105_03,train/attack/digital_1/iphone15pro/portugal-105_03.jpg,train,4,portugal-070_03,train/attack/digital_2/scan/portugal-070_03.jpg,internal_test
portugal-105_03,train/attack/digital_1/iphone15pro/portugal-105_03.jpg,train,4,portugal-070_03,train/attack/digital_2/huawei/portugal-070_03.jpg,internal_test
portugal-105_03,train/attack/digital_1/iphone15pro/portugal-105_03.jpg,train,4,portugal-070_03,train/attack/digital_1/huawei/portugal-070_03.jpg,internal_test
portugal-105_03,train/attack/digital_1/iphone15pro/portugal-105_03.jpg,train,4,portugal-070_03,train/attack/digital_1/iphone15pro/portugal-070_03.jpg,internal_test
portugal-105_03,train/attack/digital_1/iphone15pro/portugal-105_03.jpg,train,4,portugal-119_03,train/attack/digital_1/iphone15pro/portugal-119_03.jpg,internal_test
portugal-105_03,train/attack/digital_1/iphone15pro/portugal-105_03.jpg,train,4,portugal-070_03,train/attack/digital_1/scan/portugal-070_03.jpg,internal_test
portugal-105_03,train/attack/digital_1/iphone15pro/portugal-105_03.jpg,train,4,portugal-119_03,train/attack/digital_1/scan/portugal-119_03.jpg,internal_test
portugal-105_03,train/attack/digital_1/iphone15pro/portugal-105_03.jpg,train,2,portugal-070_03,test/attack/digital_3/huawei/portugal-070_03.jpg,internal_test
portugal-125_03,train/attack/digital_1/iphone15pro/portugal-125_03.jpg,train,4,portugal-172_03,train/bonafide/huawei/portugal-172_03.jpg,dev
portugal-125_03,train/attack/digital_1/iphone15pro/portugal-125_03.jpg,train,4,portugal-172_03,train/bonafide/iphone15pro/portugal-172_03.jpg,dev
portugal-125_03,train/attack/digital_1/iphone15pro/portugal-125_03.jpg,train,2,portugal-172_03,train/bonafide/scan/portugal-172_03.jpg,dev
portugal-125_03,train/attack/digital_1/iphone15pro/portugal-125_03.jpg,train,2,portugal-172_03,train/attack/digital_2/iphone15pro/portugal-172_03.jpg,dev
portugal-125_03,train/attack/digital_1/iphone15pro/portugal-125_03.jpg,train,2,portugal-172_03,train/attack/digital_2/scan/portugal-172_03.jpg,dev
portugal-125_03,train/attack/digital_1/iphone15pro/portugal-125_03.jpg,train,4,portugal-172_03,train/attack/digital_2/huawei/portugal-172_03.jpg,dev
portugal-125_03,train/attack/digital_1/iphone15pro/portugal-125_03.jpg,train,2,portugal-172_03,train/attack/digital_1/huawei/portugal-172_03.jpg,dev
portugal-125_03,train/attack/digital_1/iphone15pro/portugal-125_03.jpg,train,2,portugal-172_03,train/attack/digital_1/iphone15pro/portugal-172_03.jpg,dev
portugal-125_03,train/attack/digital_1/iphone15pro/portugal-125_03.jpg,train,2,portugal-172_03,train/attack/digital_1/scan/portugal-172_03.jpg,dev
portugal-125_03,train/attack/digital_1/iphone15pro/portugal-125_03.jpg,train,2,portugal-172_03,test/attack/digital_3/scan/portugal-172_03.jpg,dev
portugal-125_03,train/attack/digital_1/iphone15pro/portugal-125_03.jpg,train,2,portugal-172_03,test/attack/digital_3/huawei/portugal-172_03.jpg,dev
portugal-125_03,train/attack/digital_1/iphone15pro/portugal-125_03.jpg,train,2,portugal-172_03,test/attack/digital_3/iphone15pro/portugal-172_03.jpg,dev
portugal-125_03,train/attack/digital_1/iphone15pro/portugal-125_03.jpg,train,4,portugal-119_03,train/bonafide/huawei/portugal-119_03.jpg,internal_test
portugal-125_03,train/attack/digital_1/iphone15pro/portugal-125_03.jpg,train,2,portugal-070_03,train/bonafide/iphone15pro/portugal-070_03.jpg,internal_test
portugal-125_03,train/attack/digital_1/iphone15pro/portugal-125_03.jpg,train,4,portugal-070_03,train/bonafide/scan/portugal-070_03.jpg,internal_test
portugal-125_03,train/attack/digital_1/iphone15pro/portugal-125_03.jpg,train,4,portugal-119_03,train/bonafide/scan/portugal-119_03.jpg,internal_test
portugal-125_03,train/attack/digital_1/iphone15pro/portugal-125_03.jpg,train,2,portugal-070_03,train/attack/digital_2/iphone15pro/portugal-070_03.jpg,internal_test
portugal-125_03,train/attack/digital_1/iphone15pro/portugal-125_03.jpg,train,4,portugal-119_03,train/attack/digital_2/scan/portugal-119_03.jpg,internal_test
portugal-125_03,train/attack/digital_1/iphone15pro/portugal-125_03.jpg,train,4,portugal-070_03,train/attack/digital_2/scan/portugal-070_03.jpg,internal_test
portugal-125_03,train/attack/digital_1/iphone15pro/portugal-125_03.jpg,train,4,portugal-119_03,train/attack/digital_1/huawei/portugal-119_03.jpg,internal_test
portugal-125_03,train/attack/digital_1/iphone15pro/portugal-125_03.jpg,train,2,portugal-070_03,train/attack/digital_1/iphone15pro/portugal-070_03.jpg,internal_test
portugal-125_03,train/attack/digital_1/iphone15pro/portugal-125_03.jpg,train,2,portugal-070_03,train/attack/digital_1/scan/portugal-070_03.jpg,internal_test
portugal-125_03,train/attack/digital_1/iphone15pro/portugal-125_03.jpg,train,4,portugal-119_03,train/attack/digital_1/scan/portugal-119_03.jpg,internal_test
portugal-125_03,train/attack/digital_1/iphone15pro/portugal-125_03.jpg,train,0,portugal-070_03,test/attack/digital_3/scan/portugal-070_03.jpg,internal_test
portugal-125_03,train/attack/digital_1/iphone15pro/portugal-125_03.jpg,train,0,portugal-070_03,test/attack/digital_3/iphone15pro/portugal-070_03.jpg,internal_test
portugal-125_03,train/attack/digital_1/iphone15pro/portugal-125_03.jpg,train,4,portugal-119_03,test/attack/digital_3/scan/portugal-119_03.jpg,internal_test
portugal-125_03,train/attack/digital_1/iphone15pro/portugal-125_03.jpg,train,4,portugal-119_03,test/attack/digital_3/huawei/portugal-119_03.jpg,internal_test
portugal-NF-1016,train/attack/digital_1/iphone15pro/portugal-NF-1016.jpg,train,4,portugal-NF-1022,test/attack/digital_3/iphone15pro/portugal-NF-1022.jpg,internal_test
portugal-029_03,train/attack/digital_1/iphone15pro/portugal-029_03.jpg,train,4,portugal-172_03,train/bonafide/iphone15pro/portugal-172_03.jpg,dev
portugal-029_03,train/attack/digital_1/iphone15pro/portugal-029_03.jpg,train,4,portugal-172_03,train/bonafide/scan/portugal-172_03.jpg,dev
portugal-029_03,train/attack/digital_1/iphone15pro/portugal-029_03.jpg,train,4,portugal-172_03,train/attack/digital_2/iphone15pro/portugal-172_03.jpg,dev
portugal-029_03,train/attack/digital_1/iphone15pro/portugal-029_03.jpg,train,4,portugal-172_03,train/attack/digital_1/iphone15pro/portugal-172_03.jpg,dev
portugal-029_03,train/attack/digital_1/iphone15pro/portugal-029_03.jpg,train,4,portugal-172_03,train/attack/digital_1/scan/portugal-172_03.jpg,dev
portugal-029_03,train/attack/digital_1/iphone15pro/portugal-029_03.jpg,train,4,portugal-172_03,test/attack/digital_3/iphone15pro/portugal-172_03.jpg,dev
portugal-029_03,train/attack/digital_1/iphone15pro/portugal-029_03.jpg,train,4,portugal-119_03,train/bonafide/huawei/portugal-119_03.jpg,internal_test
portugal-029_03,train/attack/digital_1/iphone15pro/portugal-029_03.jpg,train,4,portugal-070_03,train/bonafide/iphone15pro/portugal-070_03.jpg,internal_test
portugal-029_03,train/attack/digital_1/iphone15pro/portugal-029_03.jpg,train,2,portugal-070_03,train/bonafide/scan/portugal-070_03.jpg,internal_test
portugal-029_03,train/attack/digital_1/iphone15pro/portugal-029_03.jpg,train,4,portugal-119_03,train/bonafide/scan/portugal-119_03.jpg,internal_test
portugal-029_03,train/attack/digital_1/iphone15pro/portugal-029_03.jpg,train,4,portugal-070_03,train/attack/digital_2/iphone15pro/portugal-070_03.jpg,internal_test
portugal-029_03,train/attack/digital_1/iphone15pro/portugal-029_03.jpg,train,4,portugal-119_03,train/attack/digital_2/scan/portugal-119_03.jpg,internal_test
portugal-029_03,train/attack/digital_1/iphone15pro/portugal-029_03.jpg,train,2,portugal-070_03,train/attack/digital_2/scan/portugal-070_03.jpg,internal_test
portugal-029_03,train/attack/digital_1/iphone15pro/portugal-029_03.jpg,train,4,portugal-119_03,train/attack/digital_2/huawei/portugal-119_03.jpg,internal_test
portugal-029_03,train/attack/digital_1/iphone15pro/portugal-029_03.jpg,train,4,portugal-070_03,train/attack/digital_1/huawei/portugal-070_03.jpg,internal_test
portugal-029_03,train/attack/digital_1/iphone15pro/portugal-029_03.jpg,train,4,portugal-119_03,train/attack/digital_1/huawei/portugal-119_03.jpg,internal_test
portugal-029_03,train/attack/digital_1/iphone15pro/portugal-029_03.jpg,train,4,portugal-070_03,train/attack/digital_1/iphone15pro/portugal-070_03.jpg,internal_test
portugal-029_03,train/attack/digital_1/iphone15pro/portugal-029_03.jpg,train,4,portugal-070_03,train/attack/digital_1/scan/portugal-070_03.jpg,internal_test
portugal-029_03,train/attack/digital_1/iphone15pro/portugal-029_03.jpg,train,4,portugal-119_03,train/attack/digital_1/scan/portugal-119_03.jpg,internal_test
portugal-029_03,train/attack/digital_1/iphone15pro/portugal-029_03.jpg,train,4,portugal-119_03,test/attack/digital_3/scan/portugal-119_03.jpg,internal_test
portugal-029_03,train/attack/digital_1/iphone15pro/portugal-029_03.jpg,train,4,portugal-119_03,test/attack/digital_3/huawei/portugal-119_03.jpg,internal_test
turkiye-036_03,train/attack/digital_1/iphone15pro/turkiye-036_03.jpg,train,4,turkiye-101_03,train/bonafide/huawei/turkiye-101_03.jpg,dev
turkiye-036_03,train/attack/digital_1/iphone15pro/turkiye-036_03.jpg,train,4,turkiye-104_03,train/bonafide/huawei/turkiye-104_03.jpg,dev
turkiye-036_03,train/attack/digital_1/iphone15pro/turkiye-036_03.jpg,train,4,turkiye-101_03,train/bonafide/iphone15pro/turkiye-101_03.jpg,dev
turkiye-036_03,train/attack/digital_1/iphone15pro/turkiye-036_03.jpg,train,4,turkiye-104_03,train/bonafide/iphone15pro/turkiye-104_03.jpg,dev
turkiye-036_03,train/attack/digital_1/iphone15pro/turkiye-036_03.jpg,train,2,turkiye-101_03,train/bonafide/scan/turkiye-101_03.jpg,dev
turkiye-036_03,train/attack/digital_1/iphone15pro/turkiye-036_03.jpg,train,4,turkiye-104_03,train/attack/digital_2/iphone15pro/turkiye-104_03.jpg,dev
turkiye-036_03,train/attack/digital_1/iphone15pro/turkiye-036_03.jpg,train,4,turkiye-101_03,train/attack/digital_2/iphone15pro/turkiye-101_03.jpg,dev
turkiye-036_03,train/attack/digital_1/iphone15pro/turkiye-036_03.jpg,train,4,turkiye-041_03,train/attack/digital_2/scan/turkiye-041_03.jpg,dev
turkiye-036_03,train/attack/digital_1/iphone15pro/turkiye-036_03.jpg,train,4,turkiye-101_03,train/attack/digital_2/scan/turkiye-101_03.jpg,dev
turkiye-036_03,train/attack/digital_1/iphone15pro/turkiye-036_03.jpg,train,4,turkiye-101_03,train/attack/digital_2/huawei/turkiye-101_03.jpg,dev
turkiye-036_03,train/attack/digital_1/iphone15pro/turkiye-036_03.jpg,train,4,turkiye-101_03,train/attack/digital_1/huawei/turkiye-101_03.jpg,dev
turkiye-036_03,train/attack/digital_1/iphone15pro/turkiye-036_03.jpg,train,4,turkiye-101_03,train/attack/digital_1/iphone15pro/turkiye-101_03.jpg,dev
turkiye-036_03,train/attack/digital_1/iphone15pro/turkiye-036_03.jpg,train,4,turkiye-104_03,train/attack/digital_1/iphone15pro/turkiye-104_03.jpg,dev
turkiye-036_03,train/attack/digital_1/iphone15pro/turkiye-036_03.jpg,train,4,turkiye-041_03,train/attack/digital_1/scan/turkiye-041_03.jpg,dev
turkiye-036_03,train/attack/digital_1/iphone15pro/turkiye-036_03.jpg,train,2,turkiye-101_03,train/attack/digital_1/scan/turkiye-101_03.jpg,dev
turkiye-036_03,train/attack/digital_1/iphone15pro/turkiye-036_03.jpg,train,4,turkiye-104_03,train/attack/digital_1/scan/turkiye-104_03.jpg,dev
turkiye-036_03,train/attack/digital_1/iphone15pro/turkiye-036_03.jpg,train,4,turkiye-101_03,test/attack/digital_3/scan/turkiye-101_03.jpg,dev
turkiye-036_03,train/attack/digital_1/iphone15pro/turkiye-036_03.jpg,train,2,turkiye-101_03,test/attack/digital_3/huawei/turkiye-101_03.jpg,dev
turkiye-036_03,train/attack/digital_1/iphone15pro/turkiye-036_03.jpg,train,4,turkiye-101_03,test/attack/digital_3/iphone15pro/turkiye-101_03.jpg,dev
turkiye-036_03,train/attack/digital_1/iphone15pro/turkiye-036_03.jpg,train,4,turkiye-104_03,test/attack/digital_3/iphone15pro/turkiye-104_03.jpg,dev
turkiye-036_03,train/attack/digital_1/iphone15pro/turkiye-036_03.jpg,train,4,turkiye-115_03,train/bonafide/iphone15pro/turkiye-115_03.jpg,internal_test
turkiye-036_03,train/attack/digital_1/iphone15pro/turkiye-036_03.jpg,train,4,turkiye-115_03,train/bonafide/scan/turkiye-115_03.jpg,internal_test
turkiye-036_03,train/attack/digital_1/iphone15pro/turkiye-036_03.jpg,train,4,turkiye-115_03,train/attack/digital_2/iphone15pro/turkiye-115_03.jpg,internal_test
turkiye-036_03,train/attack/digital_1/iphone15pro/turkiye-036_03.jpg,train,4,turkiye-115_03,train/attack/digital_2/scan/turkiye-115_03.jpg,internal_test
turkiye-036_03,train/attack/digital_1/iphone15pro/turkiye-036_03.jpg,train,4,turkiye-031_03,train/attack/digital_1/huawei/turkiye-031_03.jpg,internal_test
turkiye-036_03,train/attack/digital_1/iphone15pro/turkiye-036_03.jpg,train,2,turkiye-115_03,train/attack/digital_1/huawei/turkiye-115_03.jpg,internal_test
turkiye-036_03,train/attack/digital_1/iphone15pro/turkiye-036_03.jpg,train,2,turkiye-115_03,train/attack/digital_1/iphone15pro/turkiye-115_03.jpg,internal_test
turkiye-036_03,train/attack/digital_1/iphone15pro/turkiye-036_03.jpg,train,4,turkiye-115_03,train/attack/digital_1/scan/turkiye-115_03.jpg,internal_test
turkiye-036_03,train/attack/digital_1/iphone15pro/turkiye-036_03.jpg,train,2,turkiye-115_03,test/attack/digital_3/scan/turkiye-115_03.jpg,internal_test
turkiye-036_03,train/attack/digital_1/iphone15pro/turkiye-036_03.jpg,train,4,turkiye-115_03,test/attack/digital_3/iphone15pro/turkiye-115_03.jpg,internal_test
arabic-003_03,train/attack/digital_1/iphone15pro/arabic-003_03.jpg,train,4,arabic-005_03,train/bonafide/huawei/arabic-005_03.jpg,dev
arabic-003_03,train/attack/digital_1/iphone15pro/arabic-003_03.jpg,train,2,arabic-005_03,train/bonafide/iphone15pro/arabic-005_03.jpg,dev
arabic-003_03,train/attack/digital_1/iphone15pro/arabic-003_03.jpg,train,4,arabic-005_03,train/bonafide/scan/arabic-005_03.jpg,dev
arabic-003_03,train/attack/digital_1/iphone15pro/arabic-003_03.jpg,train,4,arabic-005_03,train/attack/digital_2/iphone15pro/arabic-005_03.jpg,dev
arabic-003_03,train/attack/digital_1/iphone15pro/arabic-003_03.jpg,train,4,arabic-005_03,train/attack/digital_2/scan/arabic-005_03.jpg,dev
arabic-003_03,train/attack/digital_1/iphone15pro/arabic-003_03.jpg,train,4,arabic-005_03,train/attack/digital_2/huawei/arabic-005_03.jpg,dev
arabic-003_03,train/attack/digital_1/iphone15pro/arabic-003_03.jpg,train,4,arabic-005_03,train/attack/digital_1/huawei/arabic-005_03.jpg,dev
arabic-003_03,train/attack/digital_1/iphone15pro/arabic-003_03.jpg,train,2,arabic-005_03,train/attack/digital_1/iphone15pro/arabic-005_03.jpg,dev
arabic-003_03,train/attack/digital_1/iphone15pro/arabic-003_03.jpg,train,4,arabic-005_03,train/attack/digital_1/scan/arabic-005_03.jpg,dev
arabic-003_03,train/attack/digital_1/iphone15pro/arabic-003_03.jpg,train,4,arabic-005_03,test/attack/digital_3/scan/arabic-005_03.jpg,dev
arabic-003_03,train/attack/digital_1/iphone15pro/arabic-003_03.jpg,train,4,arabic-005_03,test/attack/digital_3/huawei/arabic-005_03.jpg,dev
arabic-003_03,train/attack/digital_1/iphone15pro/arabic-003_03.jpg,train,2,arabic-005_03,test/attack/digital_3/iphone15pro/arabic-005_03.jpg,dev
arabic-024_03,train/attack/digital_1/iphone15pro/arabic-024_03.jpg,train,4,arabic-005_03,train/bonafide/huawei/arabic-005_03.jpg,dev
arabic-024_03,train/attack/digital_1/iphone15pro/arabic-024_03.jpg,train,4,arabic-005_03,test/attack/digital_3/huawei/arabic-005_03.jpg,dev
arabic-173_03,train/attack/digital_1/iphone15pro/arabic-173_03.jpg,train,4,arabic-005_03,train/bonafide/huawei/arabic-005_03.jpg,dev
arabic-173_03,train/attack/digital_1/iphone15pro/arabic-173_03.jpg,train,4,arabic-005_03,test/attack/digital_3/huawei/arabic-005_03.jpg,dev
arabic-NF-1040,train/attack/digital_1/iphone15pro/arabic-NF-1040.jpg,train,4,arabic-NF-1030,train/bonafide/scan/arabic-NF-1030.jpg,dev
arabic-NF-1040,train/attack/digital_1/iphone15pro/arabic-NF-1040.jpg,train,4,arabic-NF-1030,train/attack/digital_2/scan/arabic-NF-1030.jpg,dev
arabic-NF-1040,train/attack/digital_1/iphone15pro/arabic-NF-1040.jpg,train,4,arabic-NF-1030,train/attack/digital_1/huawei/arabic-NF-1030.jpg,dev
arabic-NF-1040,train/attack/digital_1/iphone15pro/arabic-NF-1040.jpg,train,4,arabic-NF-1030,train/attack/digital_1/iphone15pro/arabic-NF-1030.jpg,dev
arabic-NF-1040,train/attack/digital_1/iphone15pro/arabic-NF-1040.jpg,train,2,arabic-NF-1030,train/attack/digital_1/scan/arabic-NF-1030.jpg,dev
arabic-NF-1040,train/attack/digital_1/iphone15pro/arabic-NF-1040.jpg,train,4,arabic-NF-1030,test/attack/digital_3/scan/arabic-NF-1030.jpg,dev
arabic-NF-1100,train/attack/digital_1/iphone15pro/arabic-NF-1100.jpg,train,4,arabic-NF-1098,train/attack/digital_2/huawei/arabic-NF-1098.jpg,internal_test
arabic-NF-1100,train/attack/digital_1/iphone15pro/arabic-NF-1100.jpg,train,4,arabic-NF-1098,train/attack/digital_1/huawei/arabic-NF-1098.jpg,internal_test
chinese-018_03,train/attack/digital_1/iphone15pro/chinese-018_03.jpg,train,4,chinese-039_03,train/bonafide/huawei/chinese-039_03.jpg,dev
chinese-018_03,train/attack/digital_1/iphone15pro/chinese-018_03.jpg,train,4,chinese-039_03,train/attack/digital_1/huawei/chinese-039_03.jpg,dev
chinese-018_03,train/attack/digital_1/iphone15pro/chinese-018_03.jpg,train,4,chinese-039_03,train/attack/digital_1/scan/chinese-039_03.jpg,dev
chinese-018_03,train/attack/digital_1/iphone15pro/chinese-018_03.jpg,train,4,chinese-039_03,test/attack/digital_3/huawei/chinese-039_03.jpg,dev
chinese-018_03,train/attack/digital_1/iphone15pro/chinese-018_03.jpg,train,4,chinese-020_03,train/attack/digital_1/huawei/chinese-020_03.jpg,internal_test
chinese-018_03,train/attack/digital_1/iphone15pro/chinese-018_03.jpg,train,4,chinese-020_03,train/attack/digital_1/iphone15pro/chinese-020_03.jpg,internal_test
chinese-081_03,train/attack/digital_1/iphone15pro/chinese-081_03.jpg,train,4,chinese-039_03,train/attack/digital_1/scan/chinese-039_03.jpg,dev
chinese-107_03,train/attack/digital_1/iphone15pro/chinese-107_03.jpg,train,4,chinese-039_03,train/bonafide/huawei/chinese-039_03.jpg,dev
chinese-107_03,train/attack/digital_1/iphone15pro/chinese-107_03.jpg,train,4,chinese-039_03,test/attack/digital_3/huawei/chinese-039_03.jpg,dev
chinese-113_03,train/attack/digital_1/iphone15pro/chinese-113_03.jpg,train,4,chinese-020_03,train/attack/digital_1/iphone15pro/chinese-020_03.jpg,internal_test
french-044_03,train/attack/digital_1/iphone15pro/french-044_03.jpg,train,4,french-033_03,train/bonafide/huawei/french-033_03.jpg,dev
french-044_03,train/attack/digital_1/iphone15pro/french-044_03.jpg,train,2,french-033_03,train/bonafide/iphone15pro/french-033_03.jpg,dev
french-044_03,train/attack/digital_1/iphone15pro/french-044_03.jpg,train,2,french-033_03,train/bonafide/scan/french-033_03.jpg,dev
french-044_03,train/attack/digital_1/iphone15pro/french-044_03.jpg,train,2,french-033_03,train/attack/digital_2/iphone15pro/french-033_03.jpg,dev
french-044_03,train/attack/digital_1/iphone15pro/french-044_03.jpg,train,2,french-033_03,train/attack/digital_2/scan/french-033_03.jpg,dev
french-044_03,train/attack/digital_1/iphone15pro/french-044_03.jpg,train,2,french-033_03,train/attack/digital_1/iphone15pro/french-033_03.jpg,dev
french-044_03,train/attack/digital_1/iphone15pro/french-044_03.jpg,train,4,french-033_03,train/attack/digital_1/scan/french-033_03.jpg,dev
french-044_03,train/attack/digital_1/iphone15pro/french-044_03.jpg,train,2,french-033_03,test/attack/digital_3/scan/french-033_03.jpg,dev
french-044_03,train/attack/digital_1/iphone15pro/french-044_03.jpg,train,4,french-033_03,test/attack/digital_3/huawei/french-033_03.jpg,dev
french-044_03,train/attack/digital_1/iphone15pro/french-044_03.jpg,train,2,french-033_03,test/attack/digital_3/iphone15pro/french-033_03.jpg,dev
french-044_03,train/attack/digital_1/iphone15pro/french-044_03.jpg,train,4,french-114_03,test/attack/digital_3/iphone15pro/french-114_03.jpg,dev
french-044_03,train/attack/digital_1/iphone15pro/french-044_03.jpg,train,4,french-019_03,train/bonafide/huawei/french-019_03.jpg,internal_test
french-044_03,train/attack/digital_1/iphone15pro/french-044_03.jpg,train,4,french-022_03,train/bonafide/huawei/french-022_03.jpg,internal_test
french-044_03,train/attack/digital_1/iphone15pro/french-044_03.jpg,train,4,french-068_03,train/bonafide/huawei/french-068_03.jpg,internal_test
french-044_03,train/attack/digital_1/iphone15pro/french-044_03.jpg,train,2,french-019_03,train/bonafide/iphone15pro/french-019_03.jpg,internal_test
french-044_03,train/attack/digital_1/iphone15pro/french-044_03.jpg,train,2,french-022_03,train/bonafide/iphone15pro/french-022_03.jpg,internal_test
french-044_03,train/attack/digital_1/iphone15pro/french-044_03.jpg,train,4,french-068_03,train/bonafide/iphone15pro/french-068_03.jpg,internal_test
french-044_03,train/attack/digital_1/iphone15pro/french-044_03.jpg,train,4,french-019_03,train/attack/digital_2/iphone15pro/french-019_03.jpg,internal_test
french-044_03,train/attack/digital_1/iphone15pro/french-044_03.jpg,train,4,french-068_03,train/attack/digital_2/iphone15pro/french-068_03.jpg,internal_test
french-044_03,train/attack/digital_1/iphone15pro/french-044_03.jpg,train,2,french-022_03,train/attack/digital_2/iphone15pro/french-022_03.jpg,internal_test
french-044_03,train/attack/digital_1/iphone15pro/french-044_03.jpg,train,4,french-068_03,train/attack/digital_2/huawei/french-068_03.jpg,internal_test
french-044_03,train/attack/digital_1/iphone15pro/french-044_03.jpg,train,4,french-022_03,train/attack/digital_2/huawei/french-022_03.jpg,internal_test
french-044_03,train/attack/digital_1/iphone15pro/french-044_03.jpg,train,2,french-019_03,train/attack/digital_1/huawei/french-019_03.jpg,internal_test
french-044_03,train/attack/digital_1/iphone15pro/french-044_03.jpg,train,4,french-022_03,train/attack/digital_1/huawei/french-022_03.jpg,internal_test
french-044_03,train/attack/digital_1/iphone15pro/french-044_03.jpg,train,4,french-068_03,train/attack/digital_1/huawei/french-068_03.jpg,internal_test
french-044_03,train/attack/digital_1/iphone15pro/french-044_03.jpg,train,2,french-019_03,train/attack/digital_1/iphone15pro/french-019_03.jpg,internal_test
french-044_03,train/attack/digital_1/iphone15pro/french-044_03.jpg,train,2,french-022_03,train/attack/digital_1/iphone15pro/french-022_03.jpg,internal_test
french-044_03,train/attack/digital_1/iphone15pro/french-044_03.jpg,train,4,french-068_03,train/attack/digital_1/iphone15pro/french-068_03.jpg,internal_test
french-044_03,train/attack/digital_1/iphone15pro/french-044_03.jpg,train,4,french-019_03,test/attack/digital_3/huawei/french-019_03.jpg,internal_test
french-044_03,train/attack/digital_1/iphone15pro/french-044_03.jpg,train,2,french-019_03,test/attack/digital_3/iphone15pro/french-019_03.jpg,internal_test
french-044_03,train/attack/digital_1/iphone15pro/french-044_03.jpg,train,4,french-022_03,test/attack/digital_3/huawei/french-022_03.jpg,internal_test
french-044_03,train/attack/digital_1/iphone15pro/french-044_03.jpg,train,2,french-022_03,test/attack/digital_3/iphone15pro/french-022_03.jpg,internal_test
french-044_03,train/attack/digital_1/iphone15pro/french-044_03.jpg,train,4,french-068_03,test/attack/digital_3/huawei/french-068_03.jpg,internal_test
french-044_03,train/attack/digital_1/iphone15pro/french-044_03.jpg,train,4,french-068_03,test/attack/digital_3/iphone15pro/french-068_03.jpg,internal_test
french-091_03,train/attack/digital_1/iphone15pro/french-091_03.jpg,train,2,french-033_03,train/bonafide/iphone15pro/french-033_03.jpg,dev
french-091_03,train/attack/digital_1/iphone15pro/french-091_03.jpg,train,2,french-033_03,train/bonafide/scan/french-033_03.jpg,dev
french-091_03,train/attack/digital_1/iphone15pro/french-091_03.jpg,train,2,french-033_03,train/attack/digital_2/iphone15pro/french-033_03.jpg,dev
french-091_03,train/attack/digital_1/iphone15pro/french-091_03.jpg,train,2,french-033_03,train/attack/digital_2/scan/french-033_03.jpg,dev
french-091_03,train/attack/digital_1/iphone15pro/french-091_03.jpg,train,2,french-033_03,train/attack/digital_1/iphone15pro/french-033_03.jpg,dev
french-091_03,train/attack/digital_1/iphone15pro/french-091_03.jpg,train,4,french-033_03,train/attack/digital_1/scan/french-033_03.jpg,dev
french-091_03,train/attack/digital_1/iphone15pro/french-091_03.jpg,train,2,french-033_03,test/attack/digital_3/scan/french-033_03.jpg,dev
french-091_03,train/attack/digital_1/iphone15pro/french-091_03.jpg,train,2,french-033_03,test/attack/digital_3/iphone15pro/french-033_03.jpg,dev
french-091_03,train/attack/digital_1/iphone15pro/french-091_03.jpg,train,4,french-114_03,test/attack/digital_3/iphone15pro/french-114_03.jpg,dev
french-091_03,train/attack/digital_1/iphone15pro/french-091_03.jpg,train,0,french-019_03,train/bonafide/iphone15pro/french-019_03.jpg,internal_test
french-091_03,train/attack/digital_1/iphone15pro/french-091_03.jpg,train,0,french-022_03,train/bonafide/iphone15pro/french-022_03.jpg,internal_test
french-091_03,train/attack/digital_1/iphone15pro/french-091_03.jpg,train,2,french-068_03,train/bonafide/iphone15pro/french-068_03.jpg,internal_test
french-091_03,train/attack/digital_1/iphone15pro/french-091_03.jpg,train,4,french-128_03,train/bonafide/iphone15pro/french-128_03.jpg,internal_test
french-091_03,train/attack/digital_1/iphone15pro/french-091_03.jpg,train,2,french-019_03,train/attack/digital_2/iphone15pro/french-019_03.jpg,internal_test
french-091_03,train/attack/digital_1/iphone15pro/french-091_03.jpg,train,2,french-068_03,train/attack/digital_2/iphone15pro/french-068_03.jpg,internal_test
french-091_03,train/attack/digital_1/iphone15pro/french-091_03.jpg,train,4,french-128_03,train/attack/digital_2/iphone15pro/french-128_03.jpg,internal_test
french-091_03,train/attack/digital_1/iphone15pro/french-091_03.jpg,train,0,french-022_03,train/attack/digital_2/iphone15pro/french-022_03.jpg,internal_test
french-091_03,train/attack/digital_1/iphone15pro/french-091_03.jpg,train,4,french-019_03,train/attack/digital_1/huawei/french-019_03.jpg,internal_test
french-091_03,train/attack/digital_1/iphone15pro/french-091_03.jpg,train,4,french-019_03,train/attack/digital_1/iphone15pro/french-019_03.jpg,internal_test
french-091_03,train/attack/digital_1/iphone15pro/french-091_03.jpg,train,0,french-022_03,train/attack/digital_1/iphone15pro/french-022_03.jpg,internal_test
french-091_03,train/attack/digital_1/iphone15pro/french-091_03.jpg,train,4,french-068_03,train/attack/digital_1/iphone15pro/french-068_03.jpg,internal_test
french-091_03,train/attack/digital_1/iphone15pro/french-091_03.jpg,train,0,french-019_03,test/attack/digital_3/iphone15pro/french-019_03.jpg,internal_test
french-091_03,train/attack/digital_1/iphone15pro/french-091_03.jpg,train,0,french-022_03,test/attack/digital_3/iphone15pro/french-022_03.jpg,internal_test
french-091_03,train/attack/digital_1/iphone15pro/french-091_03.jpg,train,4,french-068_03,test/attack/digital_3/iphone15pro/french-068_03.jpg,internal_test
french-124_03,train/attack/digital_1/iphone15pro/french-124_03.jpg,train,4,french-033_03,train/attack/digital_1/scan/french-033_03.jpg,dev
french-124_03,train/attack/digital_1/iphone15pro/french-124_03.jpg,train,4,french-019_03,train/bonafide/iphone15pro/french-019_03.jpg,internal_test
french-124_03,train/attack/digital_1/iphone15pro/french-124_03.jpg,train,4,french-022_03,train/bonafide/iphone15pro/french-022_03.jpg,internal_test
french-124_03,train/attack/digital_1/iphone15pro/french-124_03.jpg,train,2,french-019_03,train/attack/digital_2/iphone15pro/french-019_03.jpg,internal_test
french-124_03,train/attack/digital_1/iphone15pro/french-124_03.jpg,train,4,french-022_03,train/attack/digital_2/iphone15pro/french-022_03.jpg,internal_test
french-124_03,train/attack/digital_1/iphone15pro/french-124_03.jpg,train,4,french-019_03,train/attack/digital_1/iphone15pro/french-019_03.jpg,internal_test
french-124_03,train/attack/digital_1/iphone15pro/french-124_03.jpg,train,4,french-022_03,train/attack/digital_1/iphone15pro/french-022_03.jpg,internal_test
french-124_03,train/attack/digital_1/iphone15pro/french-124_03.jpg,train,4,french-019_03,test/attack/digital_3/iphone15pro/french-019_03.jpg,internal_test
french-124_03,train/attack/digital_1/iphone15pro/french-124_03.jpg,train,4,french-022_03,test/attack/digital_3/iphone15pro/french-022_03.jpg,internal_test
french-135_03,train/attack/digital_1/iphone15pro/french-135_03.jpg,train,4,french-033_03,train/bonafide/huawei/french-033_03.jpg,dev
french-135_03,train/attack/digital_1/iphone15pro/french-135_03.jpg,train,2,french-033_03,train/bonafide/iphone15pro/french-033_03.jpg,dev
french-135_03,train/attack/digital_1/iphone15pro/french-135_03.jpg,train,2,french-033_03,train/bonafide/scan/french-033_03.jpg,dev
french-135_03,train/attack/digital_1/iphone15pro/french-135_03.jpg,train,2,french-033_03,train/attack/digital_2/iphone15pro/french-033_03.jpg,dev
french-135_03,train/attack/digital_1/iphone15pro/french-135_03.jpg,train,2,french-033_03,train/attack/digital_2/scan/french-033_03.jpg,dev
french-135_03,train/attack/digital_1/iphone15pro/french-135_03.jpg,train,2,french-033_03,train/attack/digital_1/iphone15pro/french-033_03.jpg,dev
french-135_03,train/attack/digital_1/iphone15pro/french-135_03.jpg,train,4,french-033_03,train/attack/digital_1/scan/french-033_03.jpg,dev
french-135_03,train/attack/digital_1/iphone15pro/french-135_03.jpg,train,2,french-033_03,test/attack/digital_3/scan/french-033_03.jpg,dev
french-135_03,train/attack/digital_1/iphone15pro/french-135_03.jpg,train,4,french-033_03,test/attack/digital_3/huawei/french-033_03.jpg,dev
french-135_03,train/attack/digital_1/iphone15pro/french-135_03.jpg,train,2,french-033_03,test/attack/digital_3/iphone15pro/french-033_03.jpg,dev
french-135_03,train/attack/digital_1/iphone15pro/french-135_03.jpg,train,4,french-114_03,test/attack/digital_3/iphone15pro/french-114_03.jpg,dev
french-135_03,train/attack/digital_1/iphone15pro/french-135_03.jpg,train,4,french-019_03,train/bonafide/huawei/french-019_03.jpg,internal_test
french-135_03,train/attack/digital_1/iphone15pro/french-135_03.jpg,train,4,french-022_03,train/bonafide/huawei/french-022_03.jpg,internal_test
french-135_03,train/attack/digital_1/iphone15pro/french-135_03.jpg,train,4,french-068_03,train/bonafide/huawei/french-068_03.jpg,internal_test
french-135_03,train/attack/digital_1/iphone15pro/french-135_03.jpg,train,2,french-019_03,train/bonafide/iphone15pro/french-019_03.jpg,internal_test
french-135_03,train/attack/digital_1/iphone15pro/french-135_03.jpg,train,2,french-022_03,train/bonafide/iphone15pro/french-022_03.jpg,internal_test
french-135_03,train/attack/digital_1/iphone15pro/french-135_03.jpg,train,4,french-068_03,train/bonafide/iphone15pro/french-068_03.jpg,internal_test
french-135_03,train/attack/digital_1/iphone15pro/french-135_03.jpg,train,4,french-019_03,train/attack/digital_2/iphone15pro/french-019_03.jpg,internal_test
french-135_03,train/attack/digital_1/iphone15pro/french-135_03.jpg,train,4,french-068_03,train/attack/digital_2/iphone15pro/french-068_03.jpg,internal_test
french-135_03,train/attack/digital_1/iphone15pro/french-135_03.jpg,train,2,french-022_03,train/attack/digital_2/iphone15pro/french-022_03.jpg,internal_test
french-135_03,train/attack/digital_1/iphone15pro/french-135_03.jpg,train,4,french-068_03,train/attack/digital_2/huawei/french-068_03.jpg,internal_test
french-135_03,train/attack/digital_1/iphone15pro/french-135_03.jpg,train,4,french-022_03,train/attack/digital_2/huawei/french-022_03.jpg,internal_test
french-135_03,train/attack/digital_1/iphone15pro/french-135_03.jpg,train,2,french-019_03,train/attack/digital_1/huawei/french-019_03.jpg,internal_test
french-135_03,train/attack/digital_1/iphone15pro/french-135_03.jpg,train,4,french-022_03,train/attack/digital_1/huawei/french-022_03.jpg,internal_test
french-135_03,train/attack/digital_1/iphone15pro/french-135_03.jpg,train,4,french-068_03,train/attack/digital_1/huawei/french-068_03.jpg,internal_test
french-135_03,train/attack/digital_1/iphone15pro/french-135_03.jpg,train,2,french-019_03,train/attack/digital_1/iphone15pro/french-019_03.jpg,internal_test
french-135_03,train/attack/digital_1/iphone15pro/french-135_03.jpg,train,2,french-022_03,train/attack/digital_1/iphone15pro/french-022_03.jpg,internal_test
french-135_03,train/attack/digital_1/iphone15pro/french-135_03.jpg,train,4,french-068_03,train/attack/digital_1/iphone15pro/french-068_03.jpg,internal_test
french-135_03,train/attack/digital_1/iphone15pro/french-135_03.jpg,train,4,french-019_03,test/attack/digital_3/huawei/french-019_03.jpg,internal_test
french-135_03,train/attack/digital_1/iphone15pro/french-135_03.jpg,train,2,french-019_03,test/attack/digital_3/iphone15pro/french-019_03.jpg,internal_test
french-135_03,train/attack/digital_1/iphone15pro/french-135_03.jpg,train,4,french-022_03,test/attack/digital_3/huawei/french-022_03.jpg,internal_test
french-135_03,train/attack/digital_1/iphone15pro/french-135_03.jpg,train,2,french-022_03,test/attack/digital_3/iphone15pro/french-022_03.jpg,internal_test
french-135_03,train/attack/digital_1/iphone15pro/french-135_03.jpg,train,4,french-068_03,test/attack/digital_3/huawei/french-068_03.jpg,internal_test
french-135_03,train/attack/digital_1/iphone15pro/french-135_03.jpg,train,4,french-068_03,test/attack/digital_3/iphone15pro/french-068_03.jpg,internal_test
indian-012_03,train/attack/digital_1/iphone15pro/indian-012_03.jpg,train,4,indian-038_03,test/attack/digital_3/scan/indian-038_03.jpg,dev
indian-021_03,train/attack/digital_1/iphone15pro/indian-021_03.jpg,train,4,indian-038_03,train/bonafide/iphone15pro/indian-038_03.jpg,dev
indian-021_03,train/attack/digital_1/iphone15pro/indian-021_03.jpg,train,4,indian-038_03,train/attack/digital_2/iphone15pro/indian-038_03.jpg,dev
indian-021_03,train/attack/digital_1/iphone15pro/indian-021_03.jpg,train,4,indian-038_03,train/attack/digital_1/iphone15pro/indian-038_03.jpg,dev
indian-021_03,train/attack/digital_1/iphone15pro/indian-021_03.jpg,train,4,indian-038_03,test/attack/digital_3/iphone15pro/indian-038_03.jpg,dev
indian-108_03,train/attack/digital_1/iphone15pro/indian-108_03.jpg,train,4,indian-038_03,train/bonafide/iphone15pro/indian-038_03.jpg,dev
indian-108_03,train/attack/digital_1/iphone15pro/indian-108_03.jpg,train,4,indian-038_03,train/attack/digital_2/iphone15pro/indian-038_03.jpg,dev
indian-108_03,train/attack/digital_1/iphone15pro/indian-108_03.jpg,train,4,indian-038_03,train/attack/digital_1/iphone15pro/indian-038_03.jpg,dev
indian-108_03,train/attack/digital_1/iphone15pro/indian-108_03.jpg,train,4,indian-038_03,test/attack/digital_3/scan/indian-038_03.jpg,dev
indian-108_03,train/attack/digital_1/iphone15pro/indian-108_03.jpg,train,4,indian-038_03,test/attack/digital_3/iphone15pro/indian-038_03.jpg,dev
persian-010_03,train/attack/digital_1/iphone15pro/persian-010_03.jpg,train,4,persian-122_03,train/bonafide/huawei/persian-122_03.jpg,dev
persian-010_03,train/attack/digital_1/iphone15pro/persian-010_03.jpg,train,2,persian-122_03,train/bonafide/iphone15pro/persian-122_03.jpg,dev
persian-010_03,train/attack/digital_1/iphone15pro/persian-010_03.jpg,train,4,persian-122_03,train/bonafide/scan/persian-122_03.jpg,dev
persian-010_03,train/attack/digital_1/iphone15pro/persian-010_03.jpg,train,2,persian-122_03,train/attack/digital_2/iphone15pro/persian-122_03.jpg,dev
persian-010_03,train/attack/digital_1/iphone15pro/persian-010_03.jpg,train,4,persian-122_03,train/attack/digital_2/scan/persian-122_03.jpg,dev
persian-010_03,train/attack/digital_1/iphone15pro/persian-010_03.jpg,train,4,persian-122_03,train/attack/digital_2/huawei/persian-122_03.jpg,dev
persian-010_03,train/attack/digital_1/iphone15pro/persian-010_03.jpg,train,4,persian-122_03,train/attack/digital_1/huawei/persian-122_03.jpg,dev
persian-010_03,train/attack/digital_1/iphone15pro/persian-010_03.jpg,train,2,persian-122_03,train/attack/digital_1/iphone15pro/persian-122_03.jpg,dev
persian-010_03,train/attack/digital_1/iphone15pro/persian-010_03.jpg,train,4,persian-122_03,train/attack/digital_1/scan/persian-122_03.jpg,dev
persian-010_03,train/attack/digital_1/iphone15pro/persian-010_03.jpg,train,4,persian-122_03,test/attack/digital_3/scan/persian-122_03.jpg,dev
persian-010_03,train/attack/digital_1/iphone15pro/persian-010_03.jpg,train,4,persian-122_03,test/attack/digital_3/huawei/persian-122_03.jpg,dev
persian-010_03,train/attack/digital_1/iphone15pro/persian-010_03.jpg,train,2,persian-122_03,test/attack/digital_3/iphone15pro/persian-122_03.jpg,dev
persian-069_03,train/attack/digital_1/iphone15pro/persian-069_03.jpg,train,4,persian-122_03,train/bonafide/huawei/persian-122_03.jpg,dev
persian-069_03,train/attack/digital_1/iphone15pro/persian-069_03.jpg,train,2,persian-122_03,train/bonafide/iphone15pro/persian-122_03.jpg,dev
persian-069_03,train/attack/digital_1/iphone15pro/persian-069_03.jpg,train,4,persian-122_03,train/bonafide/scan/persian-122_03.jpg,dev
persian-069_03,train/attack/digital_1/iphone15pro/persian-069_03.jpg,train,4,persian-122_03,train/attack/digital_2/iphone15pro/persian-122_03.jpg,dev
persian-069_03,train/attack/digital_1/iphone15pro/persian-069_03.jpg,train,2,persian-122_03,train/attack/digital_2/scan/persian-122_03.jpg,dev
persian-069_03,train/attack/digital_1/iphone15pro/persian-069_03.jpg,train,4,persian-122_03,train/attack/digital_2/huawei/persian-122_03.jpg,dev
persian-069_03,train/attack/digital_1/iphone15pro/persian-069_03.jpg,train,4,persian-122_03,train/attack/digital_1/huawei/persian-122_03.jpg,dev
persian-069_03,train/attack/digital_1/iphone15pro/persian-069_03.jpg,train,4,persian-122_03,train/attack/digital_1/iphone15pro/persian-122_03.jpg,dev
persian-069_03,train/attack/digital_1/iphone15pro/persian-069_03.jpg,train,2,persian-122_03,train/attack/digital_1/scan/persian-122_03.jpg,dev
persian-069_03,train/attack/digital_1/iphone15pro/persian-069_03.jpg,train,4,persian-122_03,test/attack/digital_3/scan/persian-122_03.jpg,dev
persian-069_03,train/attack/digital_1/iphone15pro/persian-069_03.jpg,train,4,persian-122_03,test/attack/digital_3/huawei/persian-122_03.jpg,dev
persian-069_03,train/attack/digital_1/iphone15pro/persian-069_03.jpg,train,4,persian-122_03,test/attack/digital_3/iphone15pro/persian-122_03.jpg,dev
persian-087_03,train/attack/digital_1/iphone15pro/persian-087_03.jpg,train,4,persian-045_03,train/bonafide/iphone15pro/persian-045_03.jpg,dev
persian-087_03,train/attack/digital_1/iphone15pro/persian-087_03.jpg,train,4,persian-045_03,train/bonafide/scan/persian-045_03.jpg,dev
persian-087_03,train/attack/digital_1/iphone15pro/persian-087_03.jpg,train,4,persian-045_03,train/attack/digital_2/iphone15pro/persian-045_03.jpg,dev
persian-087_03,train/attack/digital_1/iphone15pro/persian-087_03.jpg,train,4,persian-045_03,train/attack/digital_2/scan/persian-045_03.jpg,dev
persian-087_03,train/attack/digital_1/iphone15pro/persian-087_03.jpg,train,4,persian-045_03,train/attack/digital_1/iphone15pro/persian-045_03.jpg,dev
persian-087_03,train/attack/digital_1/iphone15pro/persian-087_03.jpg,train,4,persian-045_03,train/attack/digital_1/scan/persian-045_03.jpg,dev
persian-087_03,train/attack/digital_1/iphone15pro/persian-087_03.jpg,train,4,persian-045_03,test/attack/digital_3/scan/persian-045_03.jpg,dev
persian-NF-1001,train/attack/digital_1/iphone15pro/persian-NF-1001.jpg,train,4,persian-NM-1074,train/bonafide/huawei/persian-NM-1074.jpg,internal_test
persian-NF-1001,train/attack/digital_1/iphone15pro/persian-NF-1001.jpg,train,2,persian-NM-1074,train/bonafide/scan/persian-NM-1074.jpg,internal_test
persian-NF-1001,train/attack/digital_1/iphone15pro/persian-NF-1001.jpg,train,4,persian-NM-1074,train/attack/digital_2/scan/persian-NM-1074.jpg,internal_test
persian-NF-1001,train/attack/digital_1/iphone15pro/persian-NF-1001.jpg,train,4,persian-NM-1074,train/attack/digital_2/huawei/persian-NM-1074.jpg,internal_test
persian-NF-1001,train/attack/digital_1/iphone15pro/persian-NF-1001.jpg,train,2,persian-NM-1074,train/attack/digital_1/huawei/persian-NM-1074.jpg,internal_test
persian-NF-1001,train/attack/digital_1/iphone15pro/persian-NF-1001.jpg,train,2,persian-NM-1074,train/attack/digital_1/scan/persian-NM-1074.jpg,internal_test
persian-NF-1001,train/attack/digital_1/iphone15pro/persian-NF-1001.jpg,train,2,persian-NM-1074,test/attack/digital_3/scan/persian-NM-1074.jpg,internal_test
persian-NF-1001,train/attack/digital_1/iphone15pro/persian-NF-1001.jpg,train,4,persian-NM-1074,test/attack/digital_3/huawei/persian-NM-1074.jpg,internal_test
persian-NM-1035,train/attack/digital_1/iphone15pro/persian-NM-1035.jpg,train,4,persian-NM-1010,train/bonafide/iphone15pro/persian-NM-1010.jpg,internal_test
persian-NM-1035,train/attack/digital_1/iphone15pro/persian-NM-1035.jpg,train,4,persian-NM-1010,train/attack/digital_2/iphone15pro/persian-NM-1010.jpg,internal_test
persian-NM-1035,train/attack/digital_1/iphone15pro/persian-NM-1035.jpg,train,4,persian-NM-1010,train/attack/digital_1/iphone15pro/persian-NM-1010.jpg,internal_test
persian-NM-1035,train/attack/digital_1/iphone15pro/persian-NM-1035.jpg,train,4,persian-NM-1010,train/attack/digital_1/scan/persian-NM-1010.jpg,internal_test
portugal-004_03,train/attack/digital_1/iphone15pro/portugal-004_03.jpg,train,4,portugal-172_03,train/bonafide/iphone15pro/portugal-172_03.jpg,dev
portugal-004_03,train/attack/digital_1/iphone15pro/portugal-004_03.jpg,train,4,portugal-172_03,train/bonafide/scan/portugal-172_03.jpg,dev
portugal-004_03,train/attack/digital_1/iphone15pro/portugal-004_03.jpg,train,2,portugal-172_03,train/attack/digital_2/iphone15pro/portugal-172_03.jpg,dev
portugal-004_03,train/attack/digital_1/iphone15pro/portugal-004_03.jpg,train,2,portugal-172_03,train/attack/digital_1/iphone15pro/portugal-172_03.jpg,dev
portugal-004_03,train/attack/digital_1/iphone15pro/portugal-004_03.jpg,train,4,portugal-172_03,train/attack/digital_1/scan/portugal-172_03.jpg,dev
portugal-004_03,train/attack/digital_1/iphone15pro/portugal-004_03.jpg,train,4,portugal-172_03,test/attack/digital_3/scan/portugal-172_03.jpg,dev
portugal-004_03,train/attack/digital_1/iphone15pro/portugal-004_03.jpg,train,2,portugal-172_03,test/attack/digital_3/iphone15pro/portugal-172_03.jpg,dev
portugal-004_03,train/attack/digital_1/iphone15pro/portugal-004_03.jpg,train,2,portugal-119_03,train/bonafide/huawei/portugal-119_03.jpg,internal_test
portugal-004_03,train/attack/digital_1/iphone15pro/portugal-004_03.jpg,train,4,portugal-070_03,train/bonafide/iphone15pro/portugal-070_03.jpg,internal_test
portugal-004_03,train/attack/digital_1/iphone15pro/portugal-004_03.jpg,train,4,portugal-070_03,train/bonafide/scan/portugal-070_03.jpg,internal_test
portugal-004_03,train/attack/digital_1/iphone15pro/portugal-004_03.jpg,train,2,portugal-119_03,train/bonafide/scan/portugal-119_03.jpg,internal_test
portugal-004_03,train/attack/digital_1/iphone15pro/portugal-004_03.jpg,train,4,portugal-119_03,train/attack/digital_2/scan/portugal-119_03.jpg,internal_test
portugal-004_03,train/attack/digital_1/iphone15pro/portugal-004_03.jpg,train,4,portugal-070_03,train/attack/digital_2/scan/portugal-070_03.jpg,internal_test
portugal-004_03,train/attack/digital_1/iphone15pro/portugal-004_03.jpg,train,4,portugal-119_03,train/attack/digital_2/huawei/portugal-119_03.jpg,internal_test
portugal-004_03,train/attack/digital_1/iphone15pro/portugal-004_03.jpg,train,2,portugal-119_03,train/attack/digital_1/huawei/portugal-119_03.jpg,internal_test
portugal-004_03,train/attack/digital_1/iphone15pro/portugal-004_03.jpg,train,2,portugal-070_03,train/attack/digital_1/iphone15pro/portugal-070_03.jpg,internal_test
portugal-004_03,train/attack/digital_1/iphone15pro/portugal-004_03.jpg,train,2,portugal-070_03,train/attack/digital_1/scan/portugal-070_03.jpg,internal_test
portugal-004_03,train/attack/digital_1/iphone15pro/portugal-004_03.jpg,train,4,portugal-119_03,train/attack/digital_1/scan/portugal-119_03.jpg,internal_test
portugal-004_03,train/attack/digital_1/iphone15pro/portugal-004_03.jpg,train,4,portugal-070_03,test/attack/digital_3/scan/portugal-070_03.jpg,internal_test
portugal-004_03,train/attack/digital_1/iphone15pro/portugal-004_03.jpg,train,4,portugal-070_03,test/attack/digital_3/iphone15pro/portugal-070_03.jpg,internal_test
portugal-004_03,train/attack/digital_1/iphone15pro/portugal-004_03.jpg,train,2,portugal-119_03,test/attack/digital_3/scan/portugal-119_03.jpg,internal_test
portugal-004_03,train/attack/digital_1/iphone15pro/portugal-004_03.jpg,train,2,portugal-119_03,test/attack/digital_3/huawei/portugal-119_03.jpg,internal_test
portugal-017_03,train/attack/digital_1/iphone15pro/portugal-017_03.jpg,train,2,portugal-172_03,train/bonafide/iphone15pro/portugal-172_03.jpg,dev
portugal-017_03,train/attack/digital_1/iphone15pro/portugal-017_03.jpg,train,2,portugal-172_03,train/bonafide/scan/portugal-172_03.jpg,dev
portugal-017_03,train/attack/digital_1/iphone15pro/portugal-017_03.jpg,train,2,portugal-172_03,train/attack/digital_2/iphone15pro/portugal-172_03.jpg,dev
portugal-017_03,train/attack/digital_1/iphone15pro/portugal-017_03.jpg,train,4,portugal-172_03,train/attack/digital_2/scan/portugal-172_03.jpg,dev
portugal-017_03,train/attack/digital_1/iphone15pro/portugal-017_03.jpg,train,2,portugal-172_03,train/attack/digital_1/iphone15pro/portugal-172_03.jpg,dev
portugal-017_03,train/attack/digital_1/iphone15pro/portugal-017_03.jpg,train,2,portugal-172_03,train/attack/digital_1/scan/portugal-172_03.jpg,dev
portugal-017_03,train/attack/digital_1/iphone15pro/portugal-017_03.jpg,train,4,portugal-172_03,test/attack/digital_3/scan/portugal-172_03.jpg,dev
portugal-017_03,train/attack/digital_1/iphone15pro/portugal-017_03.jpg,train,2,portugal-172_03,test/attack/digital_3/iphone15pro/portugal-172_03.jpg,dev
portugal-017_03,train/attack/digital_1/iphone15pro/portugal-017_03.jpg,train,4,portugal-119_03,train/bonafide/huawei/portugal-119_03.jpg,internal_test
portugal-017_03,train/attack/digital_1/iphone15pro/portugal-017_03.jpg,train,4,portugal-070_03,train/bonafide/iphone15pro/portugal-070_03.jpg,internal_test
portugal-017_03,train/attack/digital_1/iphone15pro/portugal-017_03.jpg,train,2,portugal-070_03,train/bonafide/scan/portugal-070_03.jpg,internal_test
portugal-017_03,train/attack/digital_1/iphone15pro/portugal-017_03.jpg,train,4,portugal-119_03,train/bonafide/scan/portugal-119_03.jpg,internal_test
portugal-017_03,train/attack/digital_1/iphone15pro/portugal-017_03.jpg,train,4,portugal-070_03,train/attack/digital_2/iphone15pro/portugal-070_03.jpg,internal_test
portugal-017_03,train/attack/digital_1/iphone15pro/portugal-017_03.jpg,train,2,portugal-119_03,train/attack/digital_2/scan/portugal-119_03.jpg,internal_test
portugal-017_03,train/attack/digital_1/iphone15pro/portugal-017_03.jpg,train,2,portugal-070_03,train/attack/digital_2/scan/portugal-070_03.jpg,internal_test
portugal-017_03,train/attack/digital_1/iphone15pro/portugal-017_03.jpg,train,4,portugal-119_03,train/attack/digital_2/huawei/portugal-119_03.jpg,internal_test
portugal-017_03,train/attack/digital_1/iphone15pro/portugal-017_03.jpg,train,4,portugal-119_03,train/attack/digital_1/huawei/portugal-119_03.jpg,internal_test
portugal-017_03,train/attack/digital_1/iphone15pro/portugal-017_03.jpg,train,2,portugal-070_03,train/attack/digital_1/iphone15pro/portugal-070_03.jpg,internal_test
portugal-017_03,train/attack/digital_1/iphone15pro/portugal-017_03.jpg,train,4,portugal-119_03,train/attack/digital_1/iphone15pro/portugal-119_03.jpg,internal_test
portugal-017_03,train/attack/digital_1/iphone15pro/portugal-017_03.jpg,train,2,portugal-070_03,train/attack/digital_1/scan/portugal-070_03.jpg,internal_test
portugal-017_03,train/attack/digital_1/iphone15pro/portugal-017_03.jpg,train,2,portugal-119_03,train/attack/digital_1/scan/portugal-119_03.jpg,internal_test
portugal-017_03,train/attack/digital_1/iphone15pro/portugal-017_03.jpg,train,4,portugal-070_03,test/attack/digital_3/scan/portugal-070_03.jpg,internal_test
portugal-017_03,train/attack/digital_1/iphone15pro/portugal-017_03.jpg,train,4,portugal-070_03,test/attack/digital_3/huawei/portugal-070_03.jpg,internal_test
portugal-017_03,train/attack/digital_1/iphone15pro/portugal-017_03.jpg,train,4,portugal-070_03,test/attack/digital_3/iphone15pro/portugal-070_03.jpg,internal_test
portugal-017_03,train/attack/digital_1/iphone15pro/portugal-017_03.jpg,train,4,portugal-119_03,test/attack/digital_3/scan/portugal-119_03.jpg,internal_test
portugal-017_03,train/attack/digital_1/iphone15pro/portugal-017_03.jpg,train,4,portugal-119_03,test/attack/digital_3/huawei/portugal-119_03.jpg,internal_test
portugal-042_03,train/attack/digital_1/iphone15pro/portugal-042_03.jpg,train,4,portugal-061_03,train/bonafide/huawei/portugal-061_03.jpg,internal_test
portugal-042_03,train/attack/digital_1/iphone15pro/portugal-042_03.jpg,train,2,portugal-061_03,train/bonafide/iphone15pro/portugal-061_03.jpg,internal_test
portugal-042_03,train/attack/digital_1/iphone15pro/portugal-042_03.jpg,train,0,portugal-061_03,train/bonafide/scan/portugal-061_03.jpg,internal_test
portugal-042_03,train/attack/digital_1/iphone15pro/portugal-042_03.jpg,train,2,portugal-061_03,train/attack/digital_2/iphone15pro/portugal-061_03.jpg,internal_test
portugal-042_03,train/attack/digital_1/iphone15pro/portugal-042_03.jpg,train,4,portugal-119_03,train/attack/digital_2/iphone15pro/portugal-119_03.jpg,internal_test
portugal-042_03,train/attack/digital_1/iphone15pro/portugal-042_03.jpg,train,0,portugal-061_03,train/attack/digital_2/scan/portugal-061_03.jpg,internal_test
portugal-042_03,train/attack/digital_1/iphone15pro/portugal-042_03.jpg,train,4,portugal-061_03,train/attack/digital_2/huawei/portugal-061_03.jpg,internal_test
portugal-042_03,train/attack/digital_1/iphone15pro/portugal-042_03.jpg,train,4,portugal-061_03,train/attack/digital_1/huawei/portugal-061_03.jpg,internal_test
portugal-042_03,train/attack/digital_1/iphone15pro/portugal-042_03.jpg,train,4,portugal-119_03,train/attack/digital_1/iphone15pro/portugal-119_03.jpg,internal_test
portugal-042_03,train/attack/digital_1/iphone15pro/portugal-042_03.jpg,train,2,portugal-061_03,train/attack/digital_1/iphone15pro/portugal-061_03.jpg,internal_test
portugal-042_03,train/attack/digital_1/iphone15pro/portugal-042_03.jpg,train,2,portugal-061_03,train/attack/digital_1/scan/portugal-061_03.jpg,internal_test
portugal-042_03,train/attack/digital_1/iphone15pro/portugal-042_03.jpg,train,0,portugal-061_03,test/attack/digital_3/scan/portugal-061_03.jpg,internal_test
portugal-042_03,train/attack/digital_1/iphone15pro/portugal-042_03.jpg,train,4,portugal-061_03,test/attack/digital_3/huawei/portugal-061_03.jpg,internal_test
portugal-042_03,train/attack/digital_1/iphone15pro/portugal-042_03.jpg,train,2,portugal-061_03,test/attack/digital_3/iphone15pro/portugal-061_03.jpg,internal_test
russian-062_03,train/attack/digital_1/iphone15pro/russian-062_03.jpg,train,4,russian-141_03,train/attack/digital_2/iphone15pro/russian-141_03.jpg,dev
russian-062_03,train/attack/digital_1/iphone15pro/russian-062_03.jpg,train,4,russian-141_03,train/attack/digital_1/iphone15pro/russian-141_03.jpg,dev
russian-062_03,train/attack/digital_1/iphone15pro/russian-062_03.jpg,train,4,russian-141_03,test/attack/digital_3/iphone15pro/russian-141_03.jpg,dev
russian-123_03,train/attack/digital_1/iphone15pro/russian-123_03.jpg,train,4,russian-141_03,train/attack/digital_2/iphone15pro/russian-141_03.jpg,dev
russian-123_03,train/attack/digital_1/iphone15pro/russian-123_03.jpg,train,4,russian-141_03,train/attack/digital_1/iphone15pro/russian-141_03.jpg,dev
russian-123_03,train/attack/digital_1/iphone15pro/russian-123_03.jpg,train,4,russian-141_03,test/attack/digital_3/iphone15pro/russian-141_03.jpg,dev
russian-NF-1099,train/attack/digital_1/iphone15pro/russian-NF-1099.jpg,train,4,russian-NF-1069,train/bonafide/scan/russian-NF-1069.jpg,internal_test
russian-NF-1099,train/attack/digital_1/iphone15pro/russian-NF-1099.jpg,train,4,russian-NF-1069,train/attack/digital_2/iphone15pro/russian-NF-1069.jpg,internal_test
russian-NF-1099,train/attack/digital_1/iphone15pro/russian-NF-1099.jpg,train,4,russian-NF-1069,train/attack/digital_2/scan/russian-NF-1069.jpg,internal_test
russian-NF-1099,train/attack/digital_1/iphone15pro/russian-NF-1099.jpg,train,4,russian-NF-1069,train/attack/digital_1/huawei/russian-NF-1069.jpg,internal_test
russian-NF-1099,train/attack/digital_1/iphone15pro/russian-NF-1099.jpg,train,4,russian-NF-1069,train/attack/digital_1/scan/russian-NF-1069.jpg,internal_test
russian-NF-1099,train/attack/digital_1/iphone15pro/russian-NF-1099.jpg,train,4,russian-NF-1069,test/attack/digital_3/scan/russian-NF-1069.jpg,internal_test
russian-NF-1099,train/attack/digital_1/iphone15pro/russian-NF-1099.jpg,train,4,russian-NF-1069,test/attack/digital_3/iphone15pro/russian-NF-1069.jpg,internal_test
turkiye-008_03,train/attack/digital_1/iphone15pro/turkiye-008_03.jpg,train,4,turkiye-101_03,train/bonafide/iphone15pro/turkiye-101_03.jpg,dev
turkiye-008_03,train/attack/digital_1/iphone15pro/turkiye-008_03.jpg,train,4,turkiye-101_03,train/attack/digital_2/iphone15pro/turkiye-101_03.jpg,dev
turkiye-008_03,train/attack/digital_1/iphone15pro/turkiye-008_03.jpg,train,4,turkiye-101_03,train/attack/digital_1/iphone15pro/turkiye-101_03.jpg,dev
turkiye-008_03,train/attack/digital_1/iphone15pro/turkiye-008_03.jpg,train,4,turkiye-101_03,test/attack/digital_3/iphone15pro/turkiye-101_03.jpg,dev
turkiye-008_03,train/attack/digital_1/iphone15pro/turkiye-008_03.jpg,train,4,turkiye-121_03,train/bonafide/huawei/turkiye-121_03.jpg,internal_test
turkiye-008_03,train/attack/digital_1/iphone15pro/turkiye-008_03.jpg,train,4,turkiye-115_03,train/bonafide/iphone15pro/turkiye-115_03.jpg,internal_test
turkiye-008_03,train/attack/digital_1/iphone15pro/turkiye-008_03.jpg,train,4,turkiye-115_03,train/bonafide/scan/turkiye-115_03.jpg,internal_test
turkiye-008_03,train/attack/digital_1/iphone15pro/turkiye-008_03.jpg,train,4,turkiye-115_03,train/attack/digital_2/iphone15pro/turkiye-115_03.jpg,internal_test
turkiye-008_03,train/attack/digital_1/iphone15pro/turkiye-008_03.jpg,train,4,turkiye-115_03,train/attack/digital_2/scan/turkiye-115_03.jpg,internal_test
turkiye-008_03,train/attack/digital_1/iphone15pro/turkiye-008_03.jpg,train,4,turkiye-121_03,train/attack/digital_1/huawei/turkiye-121_03.jpg,internal_test
turkiye-008_03,train/attack/digital_1/iphone15pro/turkiye-008_03.jpg,train,4,turkiye-115_03,train/attack/digital_1/scan/turkiye-115_03.jpg,internal_test
turkiye-008_03,train/attack/digital_1/iphone15pro/turkiye-008_03.jpg,train,4,turkiye-121_03,test/attack/digital_3/huawei/turkiye-121_03.jpg,internal_test
turkiye-083_03,train/attack/digital_1/iphone15pro/turkiye-083_03.jpg,train,4,turkiye-032_03,test/attack/digital_3/huawei/turkiye-032_03.jpg,internal_test
turkiye-086_03,train/attack/digital_1/iphone15pro/turkiye-086_03.jpg,train,4,turkiye-104_03,train/bonafide/huawei/turkiye-104_03.jpg,dev
turkiye-086_03,train/attack/digital_1/iphone15pro/turkiye-086_03.jpg,train,2,turkiye-041_03,train/bonafide/iphone15pro/turkiye-041_03.jpg,dev
turkiye-086_03,train/attack/digital_1/iphone15pro/turkiye-086_03.jpg,train,2,turkiye-101_03,train/bonafide/iphone15pro/turkiye-101_03.jpg,dev
turkiye-086_03,train/attack/digital_1/iphone15pro/turkiye-086_03.jpg,train,4,turkiye-101_03,train/bonafide/scan/turkiye-101_03.jpg,dev
turkiye-086_03,train/attack/digital_1/iphone15pro/turkiye-086_03.jpg,train,4,turkiye-104_03,train/bonafide/scan/turkiye-104_03.jpg,dev
turkiye-086_03,train/attack/digital_1/iphone15pro/turkiye-086_03.jpg,train,2,turkiye-041_03,train/attack/digital_2/iphone15pro/turkiye-041_03.jpg,dev
turkiye-086_03,train/attack/digital_1/iphone15pro/turkiye-086_03.jpg,train,4,turkiye-104_03,train/attack/digital_2/iphone15pro/turkiye-104_03.jpg,dev
turkiye-086_03,train/attack/digital_1/iphone15pro/turkiye-086_03.jpg,train,2,turkiye-101_03,train/attack/digital_2/iphone15pro/turkiye-101_03.jpg,dev
turkiye-086_03,train/attack/digital_1/iphone15pro/turkiye-086_03.jpg,train,4,turkiye-101_03,train/attack/digital_1/huawei/turkiye-101_03.jpg,dev
turkiye-086_03,train/attack/digital_1/iphone15pro/turkiye-086_03.jpg,train,4,turkiye-104_03,train/attack/digital_1/huawei/turkiye-104_03.jpg,dev
turkiye-086_03,train/attack/digital_1/iphone15pro/turkiye-086_03.jpg,train,2,turkiye-041_03,train/attack/digital_1/iphone15pro/turkiye-041_03.jpg,dev
turkiye-086_03,train/attack/digital_1/iphone15pro/turkiye-086_03.jpg,train,2,turkiye-101_03,train/attack/digital_1/iphone15pro/turkiye-101_03.jpg,dev
turkiye-086_03,train/attack/digital_1/iphone15pro/turkiye-086_03.jpg,train,4,turkiye-101_03,train/attack/digital_1/scan/turkiye-101_03.jpg,dev
turkiye-086_03,train/attack/digital_1/iphone15pro/turkiye-086_03.jpg,train,4,turkiye-104_03,train/attack/digital_1/scan/turkiye-104_03.jpg,dev
turkiye-086_03,train/attack/digital_1/iphone15pro/turkiye-086_03.jpg,train,2,turkiye-041_03,test/attack/digital_3/iphone15pro/turkiye-041_03.jpg,dev
turkiye-086_03,train/attack/digital_1/iphone15pro/turkiye-086_03.jpg,train,2,turkiye-101_03,test/attack/digital_3/iphone15pro/turkiye-101_03.jpg,dev
turkiye-086_03,train/attack/digital_1/iphone15pro/turkiye-086_03.jpg,train,4,turkiye-104_03,test/attack/digital_3/huawei/turkiye-104_03.jpg,dev
turkiye-086_03,train/attack/digital_1/iphone15pro/turkiye-086_03.jpg,train,4,turkiye-031_03,train/bonafide/huawei/turkiye-031_03.jpg,internal_test
turkiye-086_03,train/attack/digital_1/iphone15pro/turkiye-086_03.jpg,train,4,turkiye-032_03,train/bonafide/huawei/turkiye-032_03.jpg,internal_test
turkiye-086_03,train/attack/digital_1/iphone15pro/turkiye-086_03.jpg,train,2,turkiye-121_03,train/bonafide/huawei/turkiye-121_03.jpg,internal_test
turkiye-086_03,train/attack/digital_1/iphone15pro/turkiye-086_03.jpg,train,2,turkiye-031_03,train/bonafide/iphone15pro/turkiye-031_03.jpg,internal_test
turkiye-086_03,train/attack/digital_1/iphone15pro/turkiye-086_03.jpg,train,4,turkiye-032_03,train/bonafide/iphone15pro/turkiye-032_03.jpg,internal_test
turkiye-086_03,train/attack/digital_1/iphone15pro/turkiye-086_03.jpg,train,2,turkiye-115_03,train/bonafide/iphone15pro/turkiye-115_03.jpg,internal_test
turkiye-086_03,train/attack/digital_1/iphone15pro/turkiye-086_03.jpg,train,4,turkiye-121_03,train/bonafide/iphone15pro/turkiye-121_03.jpg,internal_test
turkiye-086_03,train/attack/digital_1/iphone15pro/turkiye-086_03.jpg,train,2,turkiye-031_03,train/bonafide/scan/turkiye-031_03.jpg,internal_test
turkiye-086_03,train/attack/digital_1/iphone15pro/turkiye-086_03.jpg,train,4,turkiye-032_03,train/bonafide/scan/turkiye-032_03.jpg,internal_test
turkiye-086_03,train/attack/digital_1/iphone15pro/turkiye-086_03.jpg,train,4,turkiye-115_03,train/bonafide/scan/turkiye-115_03.jpg,internal_test
turkiye-086_03,train/attack/digital_1/iphone15pro/turkiye-086_03.jpg,train,4,turkiye-121_03,train/bonafide/scan/turkiye-121_03.jpg,internal_test
turkiye-086_03,train/attack/digital_1/iphone15pro/turkiye-086_03.jpg,train,4,turkiye-032_03,train/attack/digital_2/iphone15pro/turkiye-032_03.jpg,internal_test
turkiye-086_03,train/attack/digital_1/iphone15pro/turkiye-086_03.jpg,train,4,turkiye-115_03,train/attack/digital_2/iphone15pro/turkiye-115_03.jpg,internal_test
turkiye-086_03,train/attack/digital_1/iphone15pro/turkiye-086_03.jpg,train,2,turkiye-121_03,train/attack/digital_2/iphone15pro/turkiye-121_03.jpg,internal_test
turkiye-086_03,train/attack/digital_1/iphone15pro/turkiye-086_03.jpg,train,2,turkiye-031_03,train/attack/digital_2/iphone15pro/turkiye-031_03.jpg,internal_test
turkiye-086_03,train/attack/digital_1/iphone15pro/turkiye-086_03.jpg,train,4,turkiye-115_03,train/attack/digital_2/scan/turkiye-115_03.jpg,internal_test
turkiye-086_03,train/attack/digital_1/iphone15pro/turkiye-086_03.jpg,train,4,turkiye-121_03,train/attack/digital_2/scan/turkiye-121_03.jpg,internal_test
turkiye-086_03,train/attack/digital_1/iphone15pro/turkiye-086_03.jpg,train,2,turkiye-031_03,train/attack/digital_2/scan/turkiye-031_03.jpg,internal_test
turkiye-086_03,train/attack/digital_1/iphone15pro/turkiye-086_03.jpg,train,4,turkiye-032_03,train/attack/digital_2/huawei/turkiye-032_03.jpg,internal_test
turkiye-086_03,train/attack/digital_1/iphone15pro/turkiye-086_03.jpg,train,4,turkiye-121_03,train/attack/digital_2/huawei/turkiye-121_03.jpg,internal_test
turkiye-086_03,train/attack/digital_1/iphone15pro/turkiye-086_03.jpg,train,2,turkiye-031_03,train/attack/digital_2/huawei/turkiye-031_03.jpg,internal_test
turkiye-086_03,train/attack/digital_1/iphone15pro/turkiye-086_03.jpg,train,2,turkiye-031_03,train/attack/digital_1/huawei/turkiye-031_03.jpg,internal_test
turkiye-086_03,train/attack/digital_1/iphone15pro/turkiye-086_03.jpg,train,4,turkiye-032_03,train/attack/digital_1/huawei/turkiye-032_03.jpg,internal_test
turkiye-086_03,train/attack/digital_1/iphone15pro/turkiye-086_03.jpg,train,2,turkiye-121_03,train/attack/digital_1/huawei/turkiye-121_03.jpg,internal_test
turkiye-086_03,train/attack/digital_1/iphone15pro/turkiye-086_03.jpg,train,4,turkiye-032_03,train/attack/digital_1/iphone15pro/turkiye-032_03.jpg,internal_test
turkiye-086_03,train/attack/digital_1/iphone15pro/turkiye-086_03.jpg,train,4,turkiye-115_03,train/attack/digital_1/iphone15pro/turkiye-115_03.jpg,internal_test
turkiye-086_03,train/attack/digital_1/iphone15pro/turkiye-086_03.jpg,train,4,turkiye-121_03,train/attack/digital_1/iphone15pro/turkiye-121_03.jpg,internal_test
turkiye-086_03,train/attack/digital_1/iphone15pro/turkiye-086_03.jpg,train,4,turkiye-032_03,train/attack/digital_1/scan/turkiye-032_03.jpg,internal_test
turkiye-086_03,train/attack/digital_1/iphone15pro/turkiye-086_03.jpg,train,4,turkiye-115_03,train/attack/digital_1/scan/turkiye-115_03.jpg,internal_test
turkiye-086_03,train/attack/digital_1/iphone15pro/turkiye-086_03.jpg,train,4,turkiye-121_03,train/attack/digital_1/scan/turkiye-121_03.jpg,internal_test
turkiye-086_03,train/attack/digital_1/iphone15pro/turkiye-086_03.jpg,train,2,turkiye-031_03,test/attack/digital_3/scan/turkiye-031_03.jpg,internal_test
turkiye-086_03,train/attack/digital_1/iphone15pro/turkiye-086_03.jpg,train,4,turkiye-031_03,test/attack/digital_3/huawei/turkiye-031_03.jpg,internal_test
turkiye-086_03,train/attack/digital_1/iphone15pro/turkiye-086_03.jpg,train,2,turkiye-031_03,test/attack/digital_3/iphone15pro/turkiye-031_03.jpg,internal_test
turkiye-086_03,train/attack/digital_1/iphone15pro/turkiye-086_03.jpg,train,4,turkiye-032_03,test/attack/digital_3/scan/turkiye-032_03.jpg,internal_test
turkiye-086_03,train/attack/digital_1/iphone15pro/turkiye-086_03.jpg,train,4,turkiye-032_03,test/attack/digital_3/huawei/turkiye-032_03.jpg,internal_test
turkiye-086_03,train/attack/digital_1/iphone15pro/turkiye-086_03.jpg,train,4,turkiye-115_03,test/attack/digital_3/scan/turkiye-115_03.jpg,internal_test
turkiye-086_03,train/attack/digital_1/iphone15pro/turkiye-086_03.jpg,train,4,turkiye-115_03,test/attack/digital_3/iphone15pro/turkiye-115_03.jpg,internal_test
turkiye-086_03,train/attack/digital_1/iphone15pro/turkiye-086_03.jpg,train,4,turkiye-121_03,test/attack/digital_3/scan/turkiye-121_03.jpg,internal_test
turkiye-086_03,train/attack/digital_1/iphone15pro/turkiye-086_03.jpg,train,2,turkiye-121_03,test/attack/digital_3/huawei/turkiye-121_03.jpg,internal_test
turkiye-086_03,train/attack/digital_1/iphone15pro/turkiye-086_03.jpg,train,2,turkiye-121_03,test/attack/digital_3/iphone15pro/turkiye-121_03.jpg,internal_test
turkiye-092_03,train/attack/digital_1/iphone15pro/turkiye-092_03.jpg,train,4,turkiye-041_03,train/bonafide/iphone15pro/turkiye-041_03.jpg,dev
turkiye-092_03,train/attack/digital_1/iphone15pro/turkiye-092_03.jpg,train,2,turkiye-101_03,train/bonafide/iphone15pro/turkiye-101_03.jpg,dev
turkiye-092_03,train/attack/digital_1/iphone15pro/turkiye-092_03.jpg,train,4,turkiye-101_03,train/bonafide/scan/turkiye-101_03.jpg,dev
turkiye-092_03,train/attack/digital_1/iphone15pro/turkiye-092_03.jpg,train,4,turkiye-041_03,train/attack/digital_2/iphone15pro/turkiye-041_03.jpg,dev
turkiye-092_03,train/attack/digital_1/iphone15pro/turkiye-092_03.jpg,train,2,turkiye-101_03,train/attack/digital_2/iphone15pro/turkiye-101_03.jpg,dev
turkiye-092_03,train/attack/digital_1/iphone15pro/turkiye-092_03.jpg,train,4,turkiye-101_03,train/attack/digital_2/scan/turkiye-101_03.jpg,dev
turkiye-092_03,train/attack/digital_1/iphone15pro/turkiye-092_03.jpg,train,4,turkiye-041_03,train/attack/digital_1/iphone15pro/turkiye-041_03.jpg,dev
turkiye-092_03,train/attack/digital_1/iphone15pro/turkiye-092_03.jpg,train,2,turkiye-101_03,train/attack/digital_1/iphone15pro/turkiye-101_03.jpg,dev
turkiye-092_03,train/attack/digital_1/iphone15pro/turkiye-092_03.jpg,train,4,turkiye-101_03,train/attack/digital_1/scan/turkiye-101_03.jpg,dev
turkiye-092_03,train/attack/digital_1/iphone15pro/turkiye-092_03.jpg,train,4,turkiye-041_03,test/attack/digital_3/iphone15pro/turkiye-041_03.jpg,dev
turkiye-092_03,train/attack/digital_1/iphone15pro/turkiye-092_03.jpg,train,4,turkiye-101_03,test/attack/digital_3/scan/turkiye-101_03.jpg,dev
turkiye-092_03,train/attack/digital_1/iphone15pro/turkiye-092_03.jpg,train,2,turkiye-101_03,test/attack/digital_3/iphone15pro/turkiye-101_03.jpg,dev
turkiye-092_03,train/attack/digital_1/iphone15pro/turkiye-092_03.jpg,train,4,turkiye-121_03,train/bonafide/huawei/turkiye-121_03.jpg,internal_test
turkiye-092_03,train/attack/digital_1/iphone15pro/turkiye-092_03.jpg,train,2,turkiye-115_03,train/bonafide/iphone15pro/turkiye-115_03.jpg,internal_test
turkiye-092_03,train/attack/digital_1/iphone15pro/turkiye-092_03.jpg,train,4,turkiye-115_03,train/bonafide/scan/turkiye-115_03.jpg,internal_test
turkiye-092_03,train/attack/digital_1/iphone15pro/turkiye-092_03.jpg,train,4,turkiye-115_03,train/attack/digital_2/iphone15pro/turkiye-115_03.jpg,internal_test
turkiye-092_03,train/attack/digital_1/iphone15pro/turkiye-092_03.jpg,train,4,turkiye-121_03,train/attack/digital_2/iphone15pro/turkiye-121_03.jpg,internal_test
turkiye-092_03,train/attack/digital_1/iphone15pro/turkiye-092_03.jpg,train,4,turkiye-115_03,train/attack/digital_2/scan/turkiye-115_03.jpg,internal_test
turkiye-092_03,train/attack/digital_1/iphone15pro/turkiye-092_03.jpg,train,4,turkiye-031_03,train/attack/digital_2/huawei/turkiye-031_03.jpg,internal_test
turkiye-092_03,train/attack/digital_1/iphone15pro/turkiye-092_03.jpg,train,4,turkiye-121_03,train/attack/digital_1/huawei/turkiye-121_03.jpg,internal_test
turkiye-092_03,train/attack/digital_1/iphone15pro/turkiye-092_03.jpg,train,4,turkiye-115_03,train/attack/digital_1/iphone15pro/turkiye-115_03.jpg,internal_test
turkiye-092_03,train/attack/digital_1/iphone15pro/turkiye-092_03.jpg,train,4,turkiye-121_03,train/attack/digital_1/iphone15pro/turkiye-121_03.jpg,internal_test
turkiye-092_03,train/attack/digital_1/iphone15pro/turkiye-092_03.jpg,train,4,turkiye-115_03,train/attack/digital_1/scan/turkiye-115_03.jpg,internal_test
turkiye-092_03,train/attack/digital_1/iphone15pro/turkiye-092_03.jpg,train,4,turkiye-121_03,train/attack/digital_1/scan/turkiye-121_03.jpg,internal_test
turkiye-092_03,train/attack/digital_1/iphone15pro/turkiye-092_03.jpg,train,4,turkiye-115_03,test/attack/digital_3/scan/turkiye-115_03.jpg,internal_test
turkiye-092_03,train/attack/digital_1/iphone15pro/turkiye-092_03.jpg,train,4,turkiye-115_03,test/attack/digital_3/iphone15pro/turkiye-115_03.jpg,internal_test
turkiye-092_03,train/attack/digital_1/iphone15pro/turkiye-092_03.jpg,train,4,turkiye-121_03,test/attack/digital_3/huawei/turkiye-121_03.jpg,internal_test
turkiye-092_03,train/attack/digital_1/iphone15pro/turkiye-092_03.jpg,train,4,turkiye-121_03,test/attack/digital_3/iphone15pro/turkiye-121_03.jpg,internal_test
turkiye-126_03,train/attack/digital_1/iphone15pro/turkiye-126_03.jpg,train,2,turkiye-041_03,train/bonafide/iphone15pro/turkiye-041_03.jpg,dev
turkiye-126_03,train/attack/digital_1/iphone15pro/turkiye-126_03.jpg,train,4,turkiye-101_03,train/bonafide/iphone15pro/turkiye-101_03.jpg,dev
turkiye-126_03,train/attack/digital_1/iphone15pro/turkiye-126_03.jpg,train,2,turkiye-041_03,train/attack/digital_2/iphone15pro/turkiye-041_03.jpg,dev
turkiye-126_03,train/attack/digital_1/iphone15pro/turkiye-126_03.jpg,train,4,turkiye-101_03,train/attack/digital_2/iphone15pro/turkiye-101_03.jpg,dev
turkiye-126_03,train/attack/digital_1/iphone15pro/turkiye-126_03.jpg,train,2,turkiye-041_03,train/attack/digital_1/iphone15pro/turkiye-041_03.jpg,dev
turkiye-126_03,train/attack/digital_1/iphone15pro/turkiye-126_03.jpg,train,4,turkiye-101_03,train/attack/digital_1/iphone15pro/turkiye-101_03.jpg,dev
turkiye-126_03,train/attack/digital_1/iphone15pro/turkiye-126_03.jpg,train,2,turkiye-041_03,test/attack/digital_3/iphone15pro/turkiye-041_03.jpg,dev
turkiye-126_03,train/attack/digital_1/iphone15pro/turkiye-126_03.jpg,train,4,turkiye-101_03,test/attack/digital_3/iphone15pro/turkiye-101_03.jpg,dev
turkiye-126_03,train/attack/digital_1/iphone15pro/turkiye-126_03.jpg,train,4,turkiye-121_03,train/bonafide/huawei/turkiye-121_03.jpg,internal_test
turkiye-126_03,train/attack/digital_1/iphone15pro/turkiye-126_03.jpg,train,4,turkiye-115_03,train/bonafide/iphone15pro/turkiye-115_03.jpg,internal_test
turkiye-126_03,train/attack/digital_1/iphone15pro/turkiye-126_03.jpg,train,4,turkiye-121_03,train/attack/digital_2/huawei/turkiye-121_03.jpg,internal_test
turkiye-126_03,train/attack/digital_1/iphone15pro/turkiye-126_03.jpg,train,4,turkiye-121_03,train/attack/digital_1/huawei/turkiye-121_03.jpg,internal_test
turkiye-126_03,train/attack/digital_1/iphone15pro/turkiye-126_03.jpg,train,4,turkiye-115_03,test/attack/digital_3/iphone15pro/turkiye-115_03.jpg,internal_test
turkiye-126_03,train/attack/digital_1/iphone15pro/turkiye-126_03.jpg,train,4,turkiye-121_03,test/attack/digital_3/huawei/turkiye-121_03.jpg,internal_test
turkiye-127_03,train/attack/digital_1/iphone15pro/turkiye-127_03.jpg,train,2,turkiye-041_03,train/bonafide/iphone15pro/turkiye-041_03.jpg,dev
turkiye-127_03,train/attack/digital_1/iphone15pro/turkiye-127_03.jpg,train,2,turkiye-101_03,train/bonafide/iphone15pro/turkiye-101_03.jpg,dev
turkiye-127_03,train/attack/digital_1/iphone15pro/turkiye-127_03.jpg,train,4,turkiye-101_03,train/bonafide/scan/turkiye-101_03.jpg,dev
turkiye-127_03,train/attack/digital_1/iphone15pro/turkiye-127_03.jpg,train,2,turkiye-041_03,train/attack/digital_2/iphone15pro/turkiye-041_03.jpg,dev
turkiye-127_03,train/attack/digital_1/iphone15pro/turkiye-127_03.jpg,train,4,turkiye-104_03,train/attack/digital_2/iphone15pro/turkiye-104_03.jpg,dev
turkiye-127_03,train/attack/digital_1/iphone15pro/turkiye-127_03.jpg,train,2,turkiye-101_03,train/attack/digital_2/iphone15pro/turkiye-101_03.jpg,dev
turkiye-127_03,train/attack/digital_1/iphone15pro/turkiye-127_03.jpg,train,4,turkiye-041_03,train/attack/digital_2/scan/turkiye-041_03.jpg,dev
turkiye-127_03,train/attack/digital_1/iphone15pro/turkiye-127_03.jpg,train,2,turkiye-041_03,train/attack/digital_1/iphone15pro/turkiye-041_03.jpg,dev
turkiye-127_03,train/attack/digital_1/iphone15pro/turkiye-127_03.jpg,train,2,turkiye-101_03,train/attack/digital_1/iphone15pro/turkiye-101_03.jpg,dev
turkiye-127_03,train/attack/digital_1/iphone15pro/turkiye-127_03.jpg,train,4,turkiye-041_03,train/attack/digital_1/scan/turkiye-041_03.jpg,dev
turkiye-127_03,train/attack/digital_1/iphone15pro/turkiye-127_03.jpg,train,4,turkiye-101_03,train/attack/digital_1/scan/turkiye-101_03.jpg,dev
turkiye-127_03,train/attack/digital_1/iphone15pro/turkiye-127_03.jpg,train,2,turkiye-041_03,test/attack/digital_3/iphone15pro/turkiye-041_03.jpg,dev
turkiye-127_03,train/attack/digital_1/iphone15pro/turkiye-127_03.jpg,train,2,turkiye-101_03,test/attack/digital_3/iphone15pro/turkiye-101_03.jpg,dev
turkiye-127_03,train/attack/digital_1/iphone15pro/turkiye-127_03.jpg,train,4,turkiye-121_03,train/bonafide/huawei/turkiye-121_03.jpg,internal_test
turkiye-127_03,train/attack/digital_1/iphone15pro/turkiye-127_03.jpg,train,2,turkiye-115_03,train/bonafide/iphone15pro/turkiye-115_03.jpg,internal_test
turkiye-127_03,train/attack/digital_1/iphone15pro/turkiye-127_03.jpg,train,4,turkiye-115_03,train/bonafide/scan/turkiye-115_03.jpg,internal_test
turkiye-127_03,train/attack/digital_1/iphone15pro/turkiye-127_03.jpg,train,2,turkiye-115_03,train/attack/digital_2/iphone15pro/turkiye-115_03.jpg,internal_test
turkiye-127_03,train/attack/digital_1/iphone15pro/turkiye-127_03.jpg,train,4,turkiye-115_03,train/attack/digital_2/scan/turkiye-115_03.jpg,internal_test
turkiye-127_03,train/attack/digital_1/iphone15pro/turkiye-127_03.jpg,train,4,turkiye-121_03,train/attack/digital_2/huawei/turkiye-121_03.jpg,internal_test
turkiye-127_03,train/attack/digital_1/iphone15pro/turkiye-127_03.jpg,train,4,turkiye-121_03,train/attack/digital_1/huawei/turkiye-121_03.jpg,internal_test
turkiye-127_03,train/attack/digital_1/iphone15pro/turkiye-127_03.jpg,train,4,turkiye-031_03,train/attack/digital_1/iphone15pro/turkiye-031_03.jpg,internal_test
turkiye-127_03,train/attack/digital_1/iphone15pro/turkiye-127_03.jpg,train,2,turkiye-115_03,train/attack/digital_1/iphone15pro/turkiye-115_03.jpg,internal_test
turkiye-127_03,train/attack/digital_1/iphone15pro/turkiye-127_03.jpg,train,4,turkiye-031_03,train/attack/digital_1/scan/turkiye-031_03.jpg,internal_test
turkiye-127_03,train/attack/digital_1/iphone15pro/turkiye-127_03.jpg,train,4,turkiye-115_03,train/attack/digital_1/scan/turkiye-115_03.jpg,internal_test
turkiye-127_03,train/attack/digital_1/iphone15pro/turkiye-127_03.jpg,train,4,turkiye-115_03,test/attack/digital_3/scan/turkiye-115_03.jpg,internal_test
turkiye-127_03,train/attack/digital_1/iphone15pro/turkiye-127_03.jpg,train,0,turkiye-115_03,test/attack/digital_3/iphone15pro/turkiye-115_03.jpg,internal_test
turkiye-127_03,train/attack/digital_1/iphone15pro/turkiye-127_03.jpg,train,4,turkiye-121_03,test/attack/digital_3/huawei/turkiye-121_03.jpg,internal_test
turkiye-130_03,train/attack/digital_1/iphone15pro/turkiye-130_03.jpg,train,4,turkiye-104_03,train/bonafide/huawei/turkiye-104_03.jpg,dev
turkiye-130_03,train/attack/digital_1/iphone15pro/turkiye-130_03.jpg,train,4,turkiye-104_03,train/bonafide/iphone15pro/turkiye-104_03.jpg,dev
turkiye-130_03,train/attack/digital_1/iphone15pro/turkiye-130_03.jpg,train,2,turkiye-104_03,train/bonafide/scan/turkiye-104_03.jpg,dev
turkiye-130_03,train/attack/digital_1/iphone15pro/turkiye-130_03.jpg,train,4,turkiye-104_03,train/attack/digital_1/huawei/turkiye-104_03.jpg,dev
turkiye-130_03,train/attack/digital_1/iphone15pro/turkiye-130_03.jpg,train,4,turkiye-104_03,train/attack/digital_1/iphone15pro/turkiye-104_03.jpg,dev
turkiye-130_03,train/attack/digital_1/iphone15pro/turkiye-130_03.jpg,train,4,turkiye-104_03,train/attack/digital_1/scan/turkiye-104_03.jpg,dev
turkiye-130_03,train/attack/digital_1/iphone15pro/turkiye-130_03.jpg,train,4,turkiye-104_03,test/attack/digital_3/scan/turkiye-104_03.jpg,dev
turkiye-130_03,train/attack/digital_1/iphone15pro/turkiye-130_03.jpg,train,4,turkiye-104_03,test/attack/digital_3/huawei/turkiye-104_03.jpg,dev
turkiye-130_03,train/attack/digital_1/iphone15pro/turkiye-130_03.jpg,train,4,turkiye-104_03,test/attack/digital_3/iphone15pro/turkiye-104_03.jpg,dev
turkiye-130_03,train/attack/digital_1/iphone15pro/turkiye-130_03.jpg,train,4,turkiye-031_03,train/bonafide/iphone15pro/turkiye-031_03.jpg,internal_test
turkiye-130_03,train/attack/digital_1/iphone15pro/turkiye-130_03.jpg,train,4,turkiye-031_03,train/bonafide/scan/turkiye-031_03.jpg,internal_test
turkiye-130_03,train/attack/digital_1/iphone15pro/turkiye-130_03.jpg,train,4,turkiye-031_03,train/attack/digital_2/iphone15pro/turkiye-031_03.jpg,internal_test
turkiye-130_03,train/attack/digital_1/iphone15pro/turkiye-130_03.jpg,train,4,turkiye-031_03,train/attack/digital_2/scan/turkiye-031_03.jpg,internal_test
turkiye-130_03,train/attack/digital_1/iphone15pro/turkiye-130_03.jpg,train,4,turkiye-031_03,test/attack/digital_3/scan/turkiye-031_03.jpg,internal_test
turkiye-130_03,train/attack/digital_1/iphone15pro/turkiye-130_03.jpg,train,4,turkiye-031_03,test/attack/digital_3/iphone15pro/turkiye-031_03.jpg,internal_test
turkiye-138_03,train/attack/digital_1/iphone15pro/turkiye-138_03.jpg,train,4,turkiye-104_03,train/bonafide/huawei/turkiye-104_03.jpg,dev
turkiye-138_03,train/attack/digital_1/iphone15pro/turkiye-138_03.jpg,train,4,turkiye-101_03,train/bonafide/scan/turkiye-101_03.jpg,dev
turkiye-138_03,train/attack/digital_1/iphone15pro/turkiye-138_03.jpg,train,4,turkiye-121_03,train/attack/digital_1/iphone15pro/turkiye-121_03.jpg,internal_test
turkiye-138_03,train/attack/digital_1/iphone15pro/turkiye-138_03.jpg,train,4,turkiye-115_03,test/attack/digital_3/scan/turkiye-115_03.jpg,internal_test
ukraine-006_03,train/attack/digital_1/iphone15pro/ukraine-006_03.jpg,train,4,ukraine-007_03,train/bonafide/iphone15pro/ukraine-007_03.jpg,internal_test
ukraine-006_03,train/attack/digital_1/iphone15pro/ukraine-006_03.jpg,train,4,ukraine-007_03,train/attack/digital_2/iphone15pro/ukraine-007_03.jpg,internal_test
ukraine-006_03,train/attack/digital_1/iphone15pro/ukraine-006_03.jpg,train,4,ukraine-007_03,train/attack/digital_1/iphone15pro/ukraine-007_03.jpg,internal_test
ukraine-030_03,train/attack/digital_1/iphone15pro/ukraine-030_03.jpg,train,4,ukraine-007_03,train/bonafide/iphone15pro/ukraine-007_03.jpg,internal_test
ukraine-030_03,train/attack/digital_1/iphone15pro/ukraine-030_03.jpg,train,4,ukraine-007_03,train/bonafide/scan/ukraine-007_03.jpg,internal_test
ukraine-030_03,train/attack/digital_1/iphone15pro/ukraine-030_03.jpg,train,4,ukraine-007_03,train/attack/digital_2/iphone15pro/ukraine-007_03.jpg,internal_test
ukraine-030_03,train/attack/digital_1/iphone15pro/ukraine-030_03.jpg,train,4,ukraine-007_03,train/attack/digital_2/scan/ukraine-007_03.jpg,internal_test
ukraine-030_03,train/attack/digital_1/iphone15pro/ukraine-030_03.jpg,train,4,ukraine-007_03,train/attack/digital_1/iphone15pro/ukraine-007_03.jpg,internal_test
ukraine-030_03,train/attack/digital_1/iphone15pro/ukraine-030_03.jpg,train,4,ukraine-007_03,train/attack/digital_1/scan/ukraine-007_03.jpg,internal_test
ukraine-030_03,train/attack/digital_1/iphone15pro/ukraine-030_03.jpg,train,4,ukraine-007_03,test/attack/digital_3/scan/ukraine-007_03.jpg,internal_test
ukraine-030_03,train/attack/digital_1/iphone15pro/ukraine-030_03.jpg,train,2,ukraine-007_03,test/attack/digital_3/iphone15pro/ukraine-007_03.jpg,internal_test
ukraine-NF-1005,train/attack/digital_1/iphone15pro/ukraine-NF-1005.jpg,train,4,ukraine-NF-1057,train/bonafide/huawei/ukraine-NF-1057.jpg,dev
ukraine-NF-1005,train/attack/digital_1/iphone15pro/ukraine-NF-1005.jpg,train,4,ukraine-NF-1057,train/bonafide/iphone15pro/ukraine-NF-1057.jpg,dev
ukraine-NF-1005,train/attack/digital_1/iphone15pro/ukraine-NF-1005.jpg,train,4,ukraine-NF-1057,train/attack/digital_2/iphone15pro/ukraine-NF-1057.jpg,dev
ukraine-NF-1005,train/attack/digital_1/iphone15pro/ukraine-NF-1005.jpg,train,4,ukraine-NF-1057,train/attack/digital_2/scan/ukraine-NF-1057.jpg,dev
ukraine-NF-1005,train/attack/digital_1/iphone15pro/ukraine-NF-1005.jpg,train,4,ukraine-NF-1057,train/attack/digital_2/huawei/ukraine-NF-1057.jpg,dev
ukraine-NF-1005,train/attack/digital_1/iphone15pro/ukraine-NF-1005.jpg,train,4,ukraine-NF-1057,train/attack/digital_1/huawei/ukraine-NF-1057.jpg,dev
ukraine-NF-1005,train/attack/digital_1/iphone15pro/ukraine-NF-1005.jpg,train,4,ukraine-NF-1084,train/attack/digital_1/huawei/ukraine-NF-1084.jpg,dev
ukraine-NF-1005,train/attack/digital_1/iphone15pro/ukraine-NF-1005.jpg,train,4,ukraine-NF-1057,train/attack/digital_1/iphone15pro/ukraine-NF-1057.jpg,dev
ukraine-NF-1005,train/attack/digital_1/iphone15pro/ukraine-NF-1005.jpg,train,4,ukraine-NF-1057,train/attack/digital_1/scan/ukraine-NF-1057.jpg,dev
ukraine-NF-1005,train/attack/digital_1/iphone15pro/ukraine-NF-1005.jpg,train,4,ukraine-NF-1057,test/attack/digital_3/huawei/ukraine-NF-1057.jpg,dev
ukraine-NF-1005,train/attack/digital_1/iphone15pro/ukraine-NF-1005.jpg,train,4,ukraine-NF-1057,test/attack/digital_3/iphone15pro/ukraine-NF-1057.jpg,dev
ukraine-NF-1021,train/attack/digital_1/iphone15pro/ukraine-NF-1021.jpg,train,4,ukraine-NF-1057,train/bonafide/scan/ukraine-NF-1057.jpg,dev
ukraine-NF-1021,train/attack/digital_1/iphone15pro/ukraine-NF-1021.jpg,train,4,ukraine-NF-1057,train/attack/digital_2/scan/ukraine-NF-1057.jpg,dev
ukraine-NF-1021,train/attack/digital_1/iphone15pro/ukraine-NF-1021.jpg,train,4,ukraine-NF-1057,train/attack/digital_2/huawei/ukraine-NF-1057.jpg,dev
ukraine-NF-1021,train/attack/digital_1/iphone15pro/ukraine-NF-1021.jpg,train,4,ukraine-NF-1057,train/attack/digital_1/scan/ukraine-NF-1057.jpg,dev
ukraine-NF-1021,train/attack/digital_1/iphone15pro/ukraine-NF-1021.jpg,train,4,ukraine-NF-1057,test/attack/digital_3/scan/ukraine-NF-1057.jpg,dev
ukraine-NF-1073,train/attack/digital_1/iphone15pro/ukraine-NF-1073.jpg,train,4,ukraine-NF-1057,train/bonafide/iphone15pro/ukraine-NF-1057.jpg,dev
ukraine-NF-1073,train/attack/digital_1/iphone15pro/ukraine-NF-1073.jpg,train,4,ukraine-NF-1077,train/bonafide/iphone15pro/ukraine-NF-1077.jpg,dev
ukraine-NF-1073,train/attack/digital_1/iphone15pro/ukraine-NF-1073.jpg,train,4,ukraine-NF-1057,train/attack/digital_2/iphone15pro/ukraine-NF-1057.jpg,dev
ukraine-NF-1073,train/attack/digital_1/iphone15pro/ukraine-NF-1073.jpg,train,4,ukraine-NF-1057,train/attack/digital_1/huawei/ukraine-NF-1057.jpg,dev
ukraine-NF-1073,train/attack/digital_1/iphone15pro/ukraine-NF-1073.jpg,train,4,ukraine-NF-1057,train/attack/digital_1/iphone15pro/ukraine-NF-1057.jpg,dev
ukraine-NF-1073,train/attack/digital_1/iphone15pro/ukraine-NF-1073.jpg,train,4,ukraine-NF-1057,test/attack/digital_3/iphone15pro/ukraine-NF-1057.jpg,dev
ukraine-NF-1073,train/attack/digital_1/iphone15pro/ukraine-NF-1073.jpg,train,4,ukraine-NF-1077,test/attack/digital_3/iphone15pro/ukraine-NF-1077.jpg,dev
ukraine-NF-1106,train/attack/digital_1/iphone15pro/ukraine-NF-1106.jpg,train,4,ukraine-NF-1057,train/attack/digital_2/scan/ukraine-NF-1057.jpg,dev
ukraine-NF-1106,train/attack/digital_1/iphone15pro/ukraine-NF-1106.jpg,train,4,ukraine-NF-1057,train/attack/digital_2/huawei/ukraine-NF-1057.jpg,dev
ukraine-NF-1106,train/attack/digital_1/iphone15pro/ukraine-NF-1106.jpg,train,4,ukraine-NF-1057,train/attack/digital_1/scan/ukraine-NF-1057.jpg,dev
usa-011_03,train/attack/digital_1/iphone15pro/usa-011_03.jpg,train,4,usa-134_03,train/bonafide/huawei/usa-134_03.jpg,dev
usa-011_03,train/attack/digital_1/iphone15pro/usa-011_03.jpg,train,0,usa-134_03,train/bonafide/iphone15pro/usa-134_03.jpg,dev
usa-011_03,train/attack/digital_1/iphone15pro/usa-011_03.jpg,train,0,usa-134_03,train/attack/digital_2/iphone15pro/usa-134_03.jpg,dev
usa-011_03,train/attack/digital_1/iphone15pro/usa-011_03.jpg,train,4,usa-134_03,train/attack/digital_2/huawei/usa-134_03.jpg,dev
usa-011_03,train/attack/digital_1/iphone15pro/usa-011_03.jpg,train,4,usa-134_03,train/attack/digital_1/huawei/usa-134_03.jpg,dev
usa-011_03,train/attack/digital_1/iphone15pro/usa-011_03.jpg,train,2,usa-134_03,train/attack/digital_1/iphone15pro/usa-134_03.jpg,dev
usa-011_03,train/attack/digital_1/iphone15pro/usa-011_03.jpg,train,4,usa-134_03,test/attack/digital_3/huawei/usa-134_03.jpg,dev
usa-011_03,train/attack/digital_1/iphone15pro/usa-011_03.jpg,train,0,usa-134_03,test/attack/digital_3/iphone15pro/usa-134_03.jpg,dev
usa-016_03,train/attack/digital_1/iphone15pro/usa-016_03.jpg,train,4,usa-NF-1094,train/bonafide/huawei/usa-NF-1094.jpg,internal_test
usa-016_03,train/attack/digital_1/iphone15pro/usa-016_03.jpg,train,4,usa-NF-1094,train/attack/digital_2/huawei/usa-NF-1094.jpg,internal_test
usa-016_03,train/attack/digital_1/iphone15pro/usa-016_03.jpg,train,4,usa-NF-1094,train/attack/digital_1/huawei/usa-NF-1094.jpg,internal_test
usa-016_03,train/attack/digital_1/iphone15pro/usa-016_03.jpg,train,4,usa-NF-1094,test/attack/digital_3/huawei/usa-NF-1094.jpg,internal_test
usa-034_03,train/attack/digital_1/iphone15pro/usa-034_03.jpg,train,4,usa-117_03,train/bonafide/iphone15pro/usa-117_03.jpg,dev
usa-034_03,train/attack/digital_1/iphone15pro/usa-034_03.jpg,train,2,usa-134_03,train/bonafide/iphone15pro/usa-134_03.jpg,dev
usa-034_03,train/attack/digital_1/iphone15pro/usa-034_03.jpg,train,2,usa-134_03,train/attack/digital_2/iphone15pro/usa-134_03.jpg,dev
usa-034_03,train/attack/digital_1/iphone15pro/usa-034_03.jpg,train,4,usa-117_03,train/attack/digital_2/iphone15pro/usa-117_03.jpg,dev
usa-034_03,train/attack/digital_1/iphone15pro/usa-034_03.jpg,train,4,usa-117_03,train/attack/digital_1/iphone15pro/usa-117_03.jpg,dev
usa-034_03,train/attack/digital_1/iphone15pro/usa-034_03.jpg,train,4,usa-134_03,train/attack/digital_1/iphone15pro/usa-134_03.jpg,dev
usa-034_03,train/attack/digital_1/iphone15pro/usa-034_03.jpg,train,4,usa-117_03,test/attack/digital_3/iphone15pro/usa-117_03.jpg,dev
usa-034_03,train/attack/digital_1/iphone15pro/usa-034_03.jpg,train,2,usa-134_03,test/attack/digital_3/iphone15pro/usa-134_03.jpg,dev
usa-034_03,train/attack/digital_1/iphone15pro/usa-034_03.jpg,train,4,usa-NF-1094,train/bonafide/iphone15pro/usa-NF-1094.jpg,internal_test
usa-034_03,train/attack/digital_1/iphone15pro/usa-034_03.jpg,train,4,usa-NF-1094,train/attack/digital_1/iphone15pro/usa-NF-1094.jpg,internal_test
usa-043_03,train/attack/digital_1/iphone15pro/usa-043_03.jpg,train,4,usa-117_03,train/bonafide/iphone15pro/usa-117_03.jpg,dev
usa-043_03,train/attack/digital_1/iphone15pro/usa-043_03.jpg,train,4,usa-117_03,train/attack/digital_2/iphone15pro/usa-117_03.jpg,dev
usa-043_03,train/attack/digital_1/iphone15pro/usa-043_03.jpg,train,4,usa-117_03,train/attack/digital_1/iphone15pro/usa-117_03.jpg,dev
usa-043_03,train/attack/digital_1/iphone15pro/usa-043_03.jpg,train,4,usa-117_03,test/attack/digital_3/iphone15pro/usa-117_03.jpg,dev
usa-043_03,train/attack/digital_1/iphone15pro/usa-043_03.jpg,train,4,usa-NF-1094,train/bonafide/huawei/usa-NF-1094.jpg,internal_test
usa-043_03,train/attack/digital_1/iphone15pro/usa-043_03.jpg,train,4,usa-NF-1094,train/bonafide/iphone15pro/usa-NF-1094.jpg,internal_test
usa-043_03,train/attack/digital_1/iphone15pro/usa-043_03.jpg,train,4,usa-NF-1094,train/attack/digital_2/huawei/usa-NF-1094.jpg,internal_test
usa-043_03,train/attack/digital_1/iphone15pro/usa-043_03.jpg,train,4,usa-NF-1094,train/attack/digital_1/huawei/usa-NF-1094.jpg,internal_test
usa-043_03,train/attack/digital_1/iphone15pro/usa-043_03.jpg,train,4,usa-NF-1094,train/attack/digital_1/scan/usa-NF-1094.jpg,internal_test
usa-043_03,train/attack/digital_1/iphone15pro/usa-043_03.jpg,train,4,usa-NF-1094,test/attack/digital_3/huawei/usa-NF-1094.jpg,internal_test
usa-063_03,train/attack/digital_1/iphone15pro/usa-063_03.jpg,train,4,usa-117_03,train/bonafide/iphone15pro/usa-117_03.jpg,dev
usa-063_03,train/attack/digital_1/iphone15pro/usa-063_03.jpg,train,4,usa-134_03,train/bonafide/iphone15pro/usa-134_03.jpg,dev
usa-063_03,train/attack/digital_1/iphone15pro/usa-063_03.jpg,train,4,usa-134_03,train/attack/digital_2/iphone15pro/usa-134_03.jpg,dev
usa-063_03,train/attack/digital_1/iphone15pro/usa-063_03.jpg,train,4,usa-117_03,train/attack/digital_2/iphone15pro/usa-117_03.jpg,dev
usa-063_03,train/attack/digital_1/iphone15pro/usa-063_03.jpg,train,4,usa-117_03,train/attack/digital_1/iphone15pro/usa-117_03.jpg,dev
usa-063_03,train/attack/digital_1/iphone15pro/usa-063_03.jpg,train,4,usa-117_03,test/attack/digital_3/iphone15pro/usa-117_03.jpg,dev
usa-063_03,train/attack/digital_1/iphone15pro/usa-063_03.jpg,train,4,usa-134_03,test/attack/digital_3/iphone15pro/usa-134_03.jpg,dev
usa-063_03,train/attack/digital_1/iphone15pro/usa-063_03.jpg,train,4,usa-NF-1094,train/bonafide/iphone15pro/usa-NF-1094.jpg,internal_test
usa-063_03,train/attack/digital_1/iphone15pro/usa-063_03.jpg,train,2,usa-NF-1094,test/attack/digital_3/iphone15pro/usa-NF-1094.jpg,internal_test
usa-137_03,train/attack/digital_1/iphone15pro/usa-137_03.jpg,train,4,usa-117_03,train/bonafide/iphone15pro/usa-117_03.jpg,dev
usa-137_03,train/attack/digital_1/iphone15pro/usa-137_03.jpg,train,4,usa-117_03,train/attack/digital_2/iphone15pro/usa-117_03.jpg,dev
usa-137_03,train/attack/digital_1/iphone15pro/usa-137_03.jpg,train,4,usa-117_03,train/attack/digital_1/iphone15pro/usa-117_03.jpg,dev
usa-137_03,train/attack/digital_1/iphone15pro/usa-137_03.jpg,train,4,usa-117_03,test/attack/digital_3/iphone15pro/usa-117_03.jpg,dev
usa-137_03,train/attack/digital_1/iphone15pro/usa-137_03.jpg,train,4,usa-NF-1094,train/bonafide/huawei/usa-NF-1094.jpg,internal_test
usa-137_03,train/attack/digital_1/iphone15pro/usa-137_03.jpg,train,4,usa-NF-1094,train/bonafide/iphone15pro/usa-NF-1094.jpg,internal_test
usa-137_03,train/attack/digital_1/iphone15pro/usa-137_03.jpg,train,4,usa-NF-1094,train/attack/digital_2/huawei/usa-NF-1094.jpg,internal_test
usa-137_03,train/attack/digital_1/iphone15pro/usa-137_03.jpg,train,4,usa-NF-1094,train/attack/digital_1/huawei/usa-NF-1094.jpg,internal_test
usa-137_03,train/attack/digital_1/iphone15pro/usa-137_03.jpg,train,4,usa-NF-1094,train/attack/digital_1/scan/usa-NF-1094.jpg,internal_test
usa-137_03,train/attack/digital_1/iphone15pro/usa-137_03.jpg,train,4,usa-NF-1094,test/attack/digital_3/huawei/usa-NF-1094.jpg,internal_test
usa-NF-1004,train/attack/digital_1/iphone15pro/usa-NF-1004.jpg,train,4,usa-NM-1038,train/attack/digital_1/scan/usa-NM-1038.jpg,internal_test
usa-NF-1051,train/attack/digital_1/iphone15pro/usa-NF-1051.jpg,train,4,usa-NF-1009,train/bonafide/huawei/usa-NF-1009.jpg,internal_test
usa-NF-1051,train/attack/digital_1/iphone15pro/usa-NF-1051.jpg,train,4,usa-NF-1009,train/attack/digital_1/huawei/usa-NF-1009.jpg,internal_test
usa-NF-1051,train/attack/digital_1/iphone15pro/usa-NF-1051.jpg,train,4,usa-NF-1009,test/attack/digital_3/huawei/usa-NF-1009.jpg,internal_test
usa-NF-1093,train/attack/digital_1/iphone15pro/usa-NF-1093.jpg,train,4,usa-NF-1094,train/bonafide/scan/usa-NF-1094.jpg,internal_test
usa-NF-1093,train/attack/digital_1/iphone15pro/usa-NF-1093.jpg,train,2,usa-NF-1094,train/attack/digital_2/scan/usa-NF-1094.jpg,internal_test
usa-NF-1093,train/attack/digital_1/iphone15pro/usa-NF-1093.jpg,train,2,usa-NF-1094,test/attack/digital_3/scan/usa-NF-1094.jpg,internal_test
arabic-024_03,train/attack/digital_1/scan/arabic-024_03.jpg,train,4,arabic-005_03,train/bonafide/iphone15pro/arabic-005_03.jpg,dev
arabic-024_03,train/attack/digital_1/scan/arabic-024_03.jpg,train,4,arabic-005_03,train/attack/digital_1/iphone15pro/arabic-005_03.jpg,dev
arabic-024_03,train/attack/digital_1/scan/arabic-024_03.jpg,train,4,arabic-005_03,test/attack/digital_3/iphone15pro/arabic-005_03.jpg,dev
arabic-173_03,train/attack/digital_1/scan/arabic-173_03.jpg,train,4,arabic-005_03,train/bonafide/huawei/arabic-005_03.jpg,dev
arabic-173_03,train/attack/digital_1/scan/arabic-173_03.jpg,train,2,arabic-005_03,train/bonafide/iphone15pro/arabic-005_03.jpg,dev
arabic-173_03,train/attack/digital_1/scan/arabic-173_03.jpg,train,4,arabic-005_03,train/bonafide/scan/arabic-005_03.jpg,dev
arabic-173_03,train/attack/digital_1/scan/arabic-173_03.jpg,train,4,arabic-005_03,train/attack/digital_2/iphone15pro/arabic-005_03.jpg,dev
arabic-173_03,train/attack/digital_1/scan/arabic-173_03.jpg,train,4,arabic-005_03,train/attack/digital_2/scan/arabic-005_03.jpg,dev
arabic-173_03,train/attack/digital_1/scan/arabic-173_03.jpg,train,4,arabic-005_03,train/attack/digital_2/huawei/arabic-005_03.jpg,dev
arabic-173_03,train/attack/digital_1/scan/arabic-173_03.jpg,train,4,arabic-005_03,train/attack/digital_1/huawei/arabic-005_03.jpg,dev
arabic-173_03,train/attack/digital_1/scan/arabic-173_03.jpg,train,2,arabic-005_03,train/attack/digital_1/iphone15pro/arabic-005_03.jpg,dev
arabic-173_03,train/attack/digital_1/scan/arabic-173_03.jpg,train,4,arabic-005_03,train/attack/digital_1/scan/arabic-005_03.jpg,dev
arabic-173_03,train/attack/digital_1/scan/arabic-173_03.jpg,train,4,arabic-005_03,test/attack/digital_3/scan/arabic-005_03.jpg,dev
arabic-173_03,train/attack/digital_1/scan/arabic-173_03.jpg,train,4,arabic-005_03,test/attack/digital_3/huawei/arabic-005_03.jpg,dev
arabic-173_03,train/attack/digital_1/scan/arabic-173_03.jpg,train,2,arabic-005_03,test/attack/digital_3/iphone15pro/arabic-005_03.jpg,dev
arabic-NF-1040,train/attack/digital_1/scan/arabic-NF-1040.jpg,train,4,arabic-NF-1030,train/attack/digital_1/scan/arabic-NF-1030.jpg,dev
arabic-NF-1100,train/attack/digital_1/scan/arabic-NF-1100.jpg,train,4,arabic-NF-1030,train/bonafide/scan/arabic-NF-1030.jpg,dev
arabic-NF-1100,train/attack/digital_1/scan/arabic-NF-1100.jpg,train,4,arabic-NF-1030,train/attack/digital_2/scan/arabic-NF-1030.jpg,dev
arabic-NF-1100,train/attack/digital_1/scan/arabic-NF-1100.jpg,train,4,arabic-NF-1030,train/attack/digital_1/huawei/arabic-NF-1030.jpg,dev
arabic-NF-1100,train/attack/digital_1/scan/arabic-NF-1100.jpg,train,4,arabic-NF-1030,train/attack/digital_1/scan/arabic-NF-1030.jpg,dev
arabic-NF-1100,train/attack/digital_1/scan/arabic-NF-1100.jpg,train,4,arabic-NF-1030,test/attack/digital_3/scan/arabic-NF-1030.jpg,dev
arabic-NF-1100,train/attack/digital_1/scan/arabic-NF-1100.jpg,train,4,arabic-NF-1098,train/bonafide/iphone15pro/arabic-NF-1098.jpg,internal_test
arabic-NF-1100,train/attack/digital_1/scan/arabic-NF-1100.jpg,train,4,arabic-NF-1098,train/bonafide/scan/arabic-NF-1098.jpg,internal_test
arabic-NF-1100,train/attack/digital_1/scan/arabic-NF-1100.jpg,train,4,arabic-NF-1098,test/attack/digital_3/scan/arabic-NF-1098.jpg,internal_test
chinese-107_03,train/attack/digital_1/scan/chinese-107_03.jpg,train,4,chinese-039_03,train/bonafide/huawei/chinese-039_03.jpg,dev
chinese-107_03,train/attack/digital_1/scan/chinese-107_03.jpg,train,4,chinese-142_03,train/bonafide/huawei/chinese-142_03.jpg,dev
chinese-107_03,train/attack/digital_1/scan/chinese-107_03.jpg,train,4,chinese-142_03,train/bonafide/scan/chinese-142_03.jpg,dev
chinese-107_03,train/attack/digital_1/scan/chinese-107_03.jpg,train,4,chinese-142_03,train/attack/digital_2/scan/chinese-142_03.jpg,dev
chinese-107_03,train/attack/digital_1/scan/chinese-107_03.jpg,train,4,chinese-142_03,train/attack/digital_2/huawei/chinese-142_03.jpg,dev
chinese-107_03,train/attack/digital_1/scan/chinese-107_03.jpg,train,4,chinese-142_03,train/attack/digital_1/scan/chinese-142_03.jpg,dev
chinese-107_03,train/attack/digital_1/scan/chinese-107_03.jpg,train,4,chinese-039_03,test/attack/digital_3/huawei/chinese-039_03.jpg,dev
chinese-107_03,train/attack/digital_1/scan/chinese-107_03.jpg,train,4,chinese-142_03,test/attack/digital_3/scan/chinese-142_03.jpg,dev
chinese-107_03,train/attack/digital_1/scan/chinese-107_03.jpg,train,4,chinese-142_03,test/attack/digital_3/huawei/chinese-142_03.jpg,dev
chinese-107_03,train/attack/digital_1/scan/chinese-107_03.jpg,train,4,chinese-020_03,train/bonafide/huawei/chinese-020_03.jpg,internal_test
chinese-107_03,train/attack/digital_1/scan/chinese-107_03.jpg,train,4,chinese-020_03,train/bonafide/scan/chinese-020_03.jpg,internal_test
chinese-107_03,train/attack/digital_1/scan/chinese-107_03.jpg,train,4,chinese-020_03,train/attack/digital_2/scan/chinese-020_03.jpg,internal_test
chinese-107_03,train/attack/digital_1/scan/chinese-107_03.jpg,train,4,chinese-020_03,train/attack/digital_2/huawei/chinese-020_03.jpg,internal_test
chinese-107_03,train/attack/digital_1/scan/chinese-107_03.jpg,train,4,chinese-020_03,test/attack/digital_3/scan/chinese-020_03.jpg,internal_test
chinese-107_03,train/attack/digital_1/scan/chinese-107_03.jpg,train,4,chinese-020_03,test/attack/digital_3/huawei/chinese-020_03.jpg,internal_test
chinese-113_03,train/attack/digital_1/scan/chinese-113_03.jpg,train,4,chinese-039_03,train/bonafide/huawei/chinese-039_03.jpg,dev
chinese-113_03,train/attack/digital_1/scan/chinese-113_03.jpg,train,4,chinese-039_03,train/attack/digital_1/huawei/chinese-039_03.jpg,dev
chinese-113_03,train/attack/digital_1/scan/chinese-113_03.jpg,train,4,chinese-039_03,test/attack/digital_3/huawei/chinese-039_03.jpg,dev
chinese-113_03,train/attack/digital_1/scan/chinese-113_03.jpg,train,4,chinese-020_03,train/attack/digital_1/huawei/chinese-020_03.jpg,internal_test
chinese-NF-1050,train/attack/digital_1/scan/chinese-NF-1050.jpg,train,4,chinese-NF-1059,train/bonafide/iphone15pro/chinese-NF-1059.jpg,internal_test
chinese-NF-1050,train/attack/digital_1/scan/chinese-NF-1050.jpg,train,4,chinese-NF-1059,train/bonafide/scan/chinese-NF-1059.jpg,internal_test
chinese-NF-1050,train/attack/digital_1/scan/chinese-NF-1050.jpg,train,4,chinese-NF-1059,train/attack/digital_2/iphone15pro/chinese-NF-1059.jpg,internal_test
chinese-NF-1050,train/attack/digital_1/scan/chinese-NF-1050.jpg,train,4,chinese-NF-1059,train/attack/digital_2/scan/chinese-NF-1059.jpg,internal_test
chinese-NF-1050,train/attack/digital_1/scan/chinese-NF-1050.jpg,train,4,chinese-NF-1059,train/attack/digital_2/huawei/chinese-NF-1059.jpg,internal_test
chinese-NF-1050,train/attack/digital_1/scan/chinese-NF-1050.jpg,train,4,chinese-NF-1059,train/attack/digital_1/scan/chinese-NF-1059.jpg,internal_test
chinese-NF-1050,train/attack/digital_1/scan/chinese-NF-1050.jpg,train,4,chinese-NF-1059,test/attack/digital_3/scan/chinese-NF-1059.jpg,internal_test
chinese-NF-1050,train/attack/digital_1/scan/chinese-NF-1050.jpg,train,4,chinese-NF-1059,test/attack/digital_3/huawei/chinese-NF-1059.jpg,internal_test
chinese-NF-1050,train/attack/digital_1/scan/chinese-NF-1050.jpg,train,4,chinese-NF-1059,test/attack/digital_3/iphone15pro/chinese-NF-1059.jpg,internal_test
french-044_03,train/attack/digital_1/scan/french-044_03.jpg,train,4,french-033_03,train/bonafide/huawei/french-033_03.jpg,dev
french-044_03,train/attack/digital_1/scan/french-044_03.jpg,train,2,french-033_03,train/bonafide/iphone15pro/french-033_03.jpg,dev
french-044_03,train/attack/digital_1/scan/french-044_03.jpg,train,2,french-033_03,train/bonafide/scan/french-033_03.jpg,dev
french-044_03,train/attack/digital_1/scan/french-044_03.jpg,train,2,french-033_03,train/attack/digital_2/iphone15pro/french-033_03.jpg,dev
french-044_03,train/attack/digital_1/scan/french-044_03.jpg,train,2,french-033_03,train/attack/digital_2/scan/french-033_03.jpg,dev
french-044_03,train/attack/digital_1/scan/french-044_03.jpg,train,4,french-033_03,train/attack/digital_2/huawei/french-033_03.jpg,dev
french-044_03,train/attack/digital_1/scan/french-044_03.jpg,train,2,french-033_03,train/attack/digital_1/iphone15pro/french-033_03.jpg,dev
french-044_03,train/attack/digital_1/scan/french-044_03.jpg,train,4,french-033_03,train/attack/digital_1/scan/french-033_03.jpg,dev
french-044_03,train/attack/digital_1/scan/french-044_03.jpg,train,2,french-033_03,test/attack/digital_3/scan/french-033_03.jpg,dev
french-044_03,train/attack/digital_1/scan/french-044_03.jpg,train,2,french-033_03,test/attack/digital_3/huawei/french-033_03.jpg,dev
french-044_03,train/attack/digital_1/scan/french-044_03.jpg,train,2,french-033_03,test/attack/digital_3/iphone15pro/french-033_03.jpg,dev
french-044_03,train/attack/digital_1/scan/french-044_03.jpg,train,4,french-019_03,train/bonafide/huawei/french-019_03.jpg,internal_test
french-044_03,train/attack/digital_1/scan/french-044_03.jpg,train,2,french-022_03,train/bonafide/huawei/french-022_03.jpg,internal_test
french-044_03,train/attack/digital_1/scan/french-044_03.jpg,train,4,french-068_03,train/bonafide/huawei/french-068_03.jpg,internal_test
french-044_03,train/attack/digital_1/scan/french-044_03.jpg,train,4,french-019_03,train/bonafide/iphone15pro/french-019_03.jpg,internal_test
french-044_03,train/attack/digital_1/scan/french-044_03.jpg,train,4,french-022_03,train/bonafide/iphone15pro/french-022_03.jpg,internal_test
french-044_03,train/attack/digital_1/scan/french-044_03.jpg,train,4,french-068_03,train/bonafide/iphone15pro/french-068_03.jpg,internal_test
french-044_03,train/attack/digital_1/scan/french-044_03.jpg,train,4,french-022_03,train/bonafide/scan/french-022_03.jpg,internal_test
french-044_03,train/attack/digital_1/scan/french-044_03.jpg,train,4,french-022_03,train/attack/digital_2/iphone15pro/french-022_03.jpg,internal_test
french-044_03,train/attack/digital_1/scan/french-044_03.jpg,train,4,french-022_03,train/attack/digital_2/scan/french-022_03.jpg,internal_test
french-044_03,train/attack/digital_1/scan/french-044_03.jpg,train,4,french-068_03,train/attack/digital_2/huawei/french-068_03.jpg,internal_test
french-044_03,train/attack/digital_1/scan/french-044_03.jpg,train,2,french-022_03,train/attack/digital_2/huawei/french-022_03.jpg,internal_test
french-044_03,train/attack/digital_1/scan/french-044_03.jpg,train,4,french-019_03,train/attack/digital_1/huawei/french-019_03.jpg,internal_test
french-044_03,train/attack/digital_1/scan/french-044_03.jpg,train,4,french-022_03,train/attack/digital_1/huawei/french-022_03.jpg,internal_test
french-044_03,train/attack/digital_1/scan/french-044_03.jpg,train,4,french-068_03,train/attack/digital_1/huawei/french-068_03.jpg,internal_test
french-044_03,train/attack/digital_1/scan/french-044_03.jpg,train,4,french-019_03,train/attack/digital_1/iphone15pro/french-019_03.jpg,internal_test
french-044_03,train/attack/digital_1/scan/french-044_03.jpg,train,4,french-022_03,train/attack/digital_1/iphone15pro/french-022_03.jpg,internal_test
french-044_03,train/attack/digital_1/scan/french-044_03.jpg,train,4,french-068_03,train/attack/digital_1/iphone15pro/french-068_03.jpg,internal_test
french-044_03,train/attack/digital_1/scan/french-044_03.jpg,train,4,french-022_03,train/attack/digital_1/scan/french-022_03.jpg,internal_test
french-044_03,train/attack/digital_1/scan/french-044_03.jpg,train,4,french-019_03,test/attack/digital_3/huawei/french-019_03.jpg,internal_test
french-044_03,train/attack/digital_1/scan/french-044_03.jpg,train,4,french-019_03,test/attack/digital_3/iphone15pro/french-019_03.jpg,internal_test
french-044_03,train/attack/digital_1/scan/french-044_03.jpg,train,4,french-022_03,test/attack/digital_3/scan/french-022_03.jpg,internal_test
french-044_03,train/attack/digital_1/scan/french-044_03.jpg,train,2,french-022_03,test/attack/digital_3/huawei/french-022_03.jpg,internal_test
french-044_03,train/attack/digital_1/scan/french-044_03.jpg,train,4,french-022_03,test/attack/digital_3/iphone15pro/french-022_03.jpg,internal_test
french-044_03,train/attack/digital_1/scan/french-044_03.jpg,train,4,french-068_03,test/attack/digital_3/huawei/french-068_03.jpg,internal_test
persian-010_03,train/attack/digital_1/scan/persian-010_03.jpg,train,2,persian-122_03,train/bonafide/huawei/persian-122_03.jpg,dev
persian-010_03,train/attack/digital_1/scan/persian-010_03.jpg,train,2,persian-122_03,train/bonafide/iphone15pro/persian-122_03.jpg,dev
persian-010_03,train/attack/digital_1/scan/persian-010_03.jpg,train,2,persian-122_03,train/bonafide/scan/persian-122_03.jpg,dev
persian-010_03,train/attack/digital_1/scan/persian-010_03.jpg,train,2,persian-122_03,train/attack/digital_2/iphone15pro/persian-122_03.jpg,dev
persian-010_03,train/attack/digital_1/scan/persian-010_03.jpg,train,0,persian-122_03,train/attack/digital_2/scan/persian-122_03.jpg,dev
persian-010_03,train/attack/digital_1/scan/persian-010_03.jpg,train,2,persian-122_03,train/attack/digital_2/huawei/persian-122_03.jpg,dev
persian-010_03,train/attack/digital_1/scan/persian-010_03.jpg,train,2,persian-122_03,train/attack/digital_1/huawei/persian-122_03.jpg,dev
persian-010_03,train/attack/digital_1/scan/persian-010_03.jpg,train,2,persian-122_03,train/attack/digital_1/iphone15pro/persian-122_03.jpg,dev
persian-010_03,train/attack/digital_1/scan/persian-010_03.jpg,train,0,persian-122_03,train/attack/digital_1/scan/persian-122_03.jpg,dev
persian-010_03,train/attack/digital_1/scan/persian-010_03.jpg,train,2,persian-122_03,test/attack/digital_3/scan/persian-122_03.jpg,dev
persian-010_03,train/attack/digital_1/scan/persian-010_03.jpg,train,2,persian-122_03,test/attack/digital_3/huawei/persian-122_03.jpg,dev
persian-010_03,train/attack/digital_1/scan/persian-010_03.jpg,train,2,persian-122_03,test/attack/digital_3/iphone15pro/persian-122_03.jpg,dev
persian-069_03,train/attack/digital_1/scan/persian-069_03.jpg,train,4,persian-122_03,train/attack/digital_2/scan/persian-122_03.jpg,dev
persian-069_03,train/attack/digital_1/scan/persian-069_03.jpg,train,4,persian-122_03,train/attack/digital_1/scan/persian-122_03.jpg,dev
persian-144_03,train/attack/digital_1/scan/persian-144_03.jpg,train,4,persian-122_03,train/attack/digital_2/scan/persian-122_03.jpg,dev
persian-144_03,train/attack/digital_1/scan/persian-144_03.jpg,train,4,persian-122_03,train/attack/digital_1/scan/persian-122_03.jpg,dev
persian-NF-1001,train/attack/digital_1/scan/persian-NF-1001.jpg,train,2,persian-NM-1074,train/bonafide/huawei/persian-NM-1074.jpg,internal_test
persian-NF-1001,train/attack/digital_1/scan/persian-NF-1001.jpg,train,4,persian-NM-1074,train/bonafide/scan/persian-NM-1074.jpg,internal_test
persian-NF-1001,train/attack/digital_1/scan/persian-NF-1001.jpg,train,4,persian-NM-1074,train/attack/digital_2/iphone15pro/persian-NM-1074.jpg,internal_test
persian-NF-1001,train/attack/digital_1/scan/persian-NF-1001.jpg,train,2,persian-NM-1074,train/attack/digital_2/scan/persian-NM-1074.jpg,internal_test
persian-NF-1001,train/attack/digital_1/scan/persian-NF-1001.jpg,train,4,persian-NM-1074,train/attack/digital_2/huawei/persian-NM-1074.jpg,internal_test
persian-NF-1001,train/attack/digital_1/scan/persian-NF-1001.jpg,train,2,persian-NM-1074,train/attack/digital_1/huawei/persian-NM-1074.jpg,internal_test
persian-NF-1001,train/attack/digital_1/scan/persian-NF-1001.jpg,train,4,persian-NM-1074,train/attack/digital_1/iphone15pro/persian-NM-1074.jpg,internal_test
persian-NF-1001,train/attack/digital_1/scan/persian-NF-1001.jpg,train,4,persian-NM-1074,train/attack/digital_1/scan/persian-NM-1074.jpg,internal_test
persian-NF-1001,train/attack/digital_1/scan/persian-NF-1001.jpg,train,4,persian-NM-1074,test/attack/digital_3/scan/persian-NM-1074.jpg,internal_test
persian-NF-1001,train/attack/digital_1/scan/persian-NF-1001.jpg,train,2,persian-NM-1074,test/attack/digital_3/huawei/persian-NM-1074.jpg,internal_test
persian-NF-1031,train/attack/digital_1/scan/persian-NF-1031.jpg,train,4,persian-NF-1097,train/attack/digital_2/scan/persian-NF-1097.jpg,dev
persian-NF-1043,train/attack/digital_1/scan/persian-NF-1043.jpg,train,4,persian-NF-1097,train/bonafide/scan/persian-NF-1097.jpg,dev
persian-NM-1035,train/attack/digital_1/scan/persian-NM-1035.jpg,train,4,persian-NM-1074,train/bonafide/scan/persian-NM-1074.jpg,internal_test
persian-NM-1035,train/attack/digital_1/scan/persian-NM-1035.jpg,train,4,persian-NM-1074,train/attack/digital_1/scan/persian-NM-1074.jpg,internal_test
persian-NM-1035,train/attack/digital_1/scan/persian-NM-1035.jpg,train,4,persian-NM-1074,test/attack/digital_3/scan/persian-NM-1074.jpg,internal_test
portugal-004_03,train/attack/digital_1/scan/portugal-004_03.jpg,train,4,portugal-172_03,train/bonafide/iphone15pro/portugal-172_03.jpg,dev
portugal-004_03,train/attack/digital_1/scan/portugal-004_03.jpg,train,4,portugal-172_03,train/bonafide/scan/portugal-172_03.jpg,dev
portugal-004_03,train/attack/digital_1/scan/portugal-004_03.jpg,train,2,portugal-172_03,train/attack/digital_2/iphone15pro/portugal-172_03.jpg,dev
portugal-004_03,train/attack/digital_1/scan/portugal-004_03.jpg,train,4,portugal-172_03,train/attack/digital_2/scan/portugal-172_03.jpg,dev
portugal-004_03,train/attack/digital_1/scan/portugal-004_03.jpg,train,4,portugal-172_03,train/attack/digital_1/huawei/portugal-172_03.jpg,dev
portugal-004_03,train/attack/digital_1/scan/portugal-004_03.jpg,train,2,portugal-172_03,train/attack/digital_1/iphone15pro/portugal-172_03.jpg,dev
portugal-004_03,train/attack/digital_1/scan/portugal-004_03.jpg,train,4,portugal-172_03,train/attack/digital_1/scan/portugal-172_03.jpg,dev
portugal-004_03,train/attack/digital_1/scan/portugal-004_03.jpg,train,4,portugal-172_03,test/attack/digital_3/scan/portugal-172_03.jpg,dev
portugal-004_03,train/attack/digital_1/scan/portugal-004_03.jpg,train,4,portugal-172_03,test/attack/digital_3/huawei/portugal-172_03.jpg,dev
portugal-004_03,train/attack/digital_1/scan/portugal-004_03.jpg,train,2,portugal-172_03,test/attack/digital_3/iphone15pro/portugal-172_03.jpg,dev
portugal-004_03,train/attack/digital_1/scan/portugal-004_03.jpg,train,2,portugal-119_03,train/bonafide/huawei/portugal-119_03.jpg,internal_test
portugal-004_03,train/attack/digital_1/scan/portugal-004_03.jpg,train,2,portugal-070_03,train/bonafide/iphone15pro/portugal-070_03.jpg,internal_test
portugal-004_03,train/attack/digital_1/scan/portugal-004_03.jpg,train,2,portugal-070_03,train/bonafide/scan/portugal-070_03.jpg,internal_test
portugal-004_03,train/attack/digital_1/scan/portugal-004_03.jpg,train,2,portugal-119_03,train/bonafide/scan/portugal-119_03.jpg,internal_test
portugal-004_03,train/attack/digital_1/scan/portugal-004_03.jpg,train,4,portugal-070_03,train/attack/digital_2/iphone15pro/portugal-070_03.jpg,internal_test
portugal-004_03,train/attack/digital_1/scan/portugal-004_03.jpg,train,2,portugal-119_03,train/attack/digital_2/scan/portugal-119_03.jpg,internal_test
portugal-004_03,train/attack/digital_1/scan/portugal-004_03.jpg,train,2,portugal-070_03,train/attack/digital_2/scan/portugal-070_03.jpg,internal_test
portugal-004_03,train/attack/digital_1/scan/portugal-004_03.jpg,train,4,portugal-119_03,train/attack/digital_2/huawei/portugal-119_03.jpg,internal_test
portugal-004_03,train/attack/digital_1/scan/portugal-004_03.jpg,train,2,portugal-119_03,train/attack/digital_1/huawei/portugal-119_03.jpg,internal_test
portugal-004_03,train/attack/digital_1/scan/portugal-004_03.jpg,train,0,portugal-070_03,train/attack/digital_1/iphone15pro/portugal-070_03.jpg,internal_test
portugal-004_03,train/attack/digital_1/scan/portugal-004_03.jpg,train,0,portugal-070_03,train/attack/digital_1/scan/portugal-070_03.jpg,internal_test
portugal-004_03,train/attack/digital_1/scan/portugal-004_03.jpg,train,2,portugal-119_03,train/attack/digital_1/scan/portugal-119_03.jpg,internal_test
portugal-004_03,train/attack/digital_1/scan/portugal-004_03.jpg,train,2,portugal-070_03,test/attack/digital_3/scan/portugal-070_03.jpg,internal_test
portugal-004_03,train/attack/digital_1/scan/portugal-004_03.jpg,train,4,portugal-070_03,test/attack/digital_3/huawei/portugal-070_03.jpg,internal_test
portugal-004_03,train/attack/digital_1/scan/portugal-004_03.jpg,train,2,portugal-070_03,test/attack/digital_3/iphone15pro/portugal-070_03.jpg,internal_test
portugal-004_03,train/attack/digital_1/scan/portugal-004_03.jpg,train,2,portugal-119_03,test/attack/digital_3/scan/portugal-119_03.jpg,internal_test
portugal-004_03,train/attack/digital_1/scan/portugal-004_03.jpg,train,2,portugal-119_03,test/attack/digital_3/huawei/portugal-119_03.jpg,internal_test
portugal-013_03,train/attack/digital_1/scan/portugal-013_03.jpg,train,4,portugal-119_03,train/attack/digital_2/scan/portugal-119_03.jpg,internal_test
portugal-013_03,train/attack/digital_1/scan/portugal-013_03.jpg,train,4,portugal-119_03,train/attack/digital_1/scan/portugal-119_03.jpg,internal_test
portugal-017_03,train/attack/digital_1/scan/portugal-017_03.jpg,train,2,portugal-172_03,train/bonafide/iphone15pro/portugal-172_03.jpg,dev
portugal-017_03,train/attack/digital_1/scan/portugal-017_03.jpg,train,2,portugal-172_03,train/bonafide/scan/portugal-172_03.jpg,dev
portugal-017_03,train/attack/digital_1/scan/portugal-017_03.jpg,train,2,portugal-172_03,train/attack/digital_2/iphone15pro/portugal-172_03.jpg,dev
portugal-017_03,train/attack/digital_1/scan/portugal-017_03.jpg,train,4,portugal-172_03,train/attack/digital_2/scan/portugal-172_03.jpg,dev
portugal-017_03,train/attack/digital_1/scan/portugal-017_03.jpg,train,2,portugal-172_03,train/attack/digital_1/iphone15pro/portugal-172_03.jpg,dev
portugal-017_03,train/attack/digital_1/scan/portugal-017_03.jpg,train,2,portugal-172_03,train/attack/digital_1/scan/portugal-172_03.jpg,dev
portugal-017_03,train/attack/digital_1/scan/portugal-017_03.jpg,train,4,portugal-172_03,test/attack/digital_3/scan/portugal-172_03.jpg,dev
portugal-017_03,train/attack/digital_1/scan/portugal-017_03.jpg,train,2,portugal-172_03,test/attack/digital_3/iphone15pro/portugal-172_03.jpg,dev
portugal-017_03,train/attack/digital_1/scan/portugal-017_03.jpg,train,4,portugal-119_03,train/bonafide/huawei/portugal-119_03.jpg,internal_test
portugal-017_03,train/attack/digital_1/scan/portugal-017_03.jpg,train,4,portugal-070_03,train/bonafide/iphone15pro/portugal-070_03.jpg,internal_test
portugal-017_03,train/attack/digital_1/scan/portugal-017_03.jpg,train,2,portugal-070_03,train/bonafide/scan/portugal-070_03.jpg,internal_test
portugal-017_03,train/attack/digital_1/scan/portugal-017_03.jpg,train,4,portugal-119_03,train/bonafide/scan/portugal-119_03.jpg,internal_test
portugal-017_03,train/attack/digital_1/scan/portugal-017_03.jpg,train,4,portugal-070_03,train/attack/digital_2/iphone15pro/portugal-070_03.jpg,internal_test
portugal-017_03,train/attack/digital_1/scan/portugal-017_03.jpg,train,2,portugal-119_03,train/attack/digital_2/scan/portugal-119_03.jpg,internal_test
portugal-017_03,train/attack/digital_1/scan/portugal-017_03.jpg,train,2,portugal-070_03,train/attack/digital_2/scan/portugal-070_03.jpg,internal_test
portugal-017_03,train/attack/digital_1/scan/portugal-017_03.jpg,train,4,portugal-119_03,train/attack/digital_2/huawei/portugal-119_03.jpg,internal_test
portugal-017_03,train/attack/digital_1/scan/portugal-017_03.jpg,train,4,portugal-119_03,train/attack/digital_1/huawei/portugal-119_03.jpg,internal_test
portugal-017_03,train/attack/digital_1/scan/portugal-017_03.jpg,train,2,portugal-070_03,train/attack/digital_1/iphone15pro/portugal-070_03.jpg,internal_test
portugal-017_03,train/attack/digital_1/scan/portugal-017_03.jpg,train,4,portugal-119_03,train/attack/digital_1/iphone15pro/portugal-119_03.jpg,internal_test
portugal-017_03,train/attack/digital_1/scan/portugal-017_03.jpg,train,2,portugal-070_03,train/attack/digital_1/scan/portugal-070_03.jpg,internal_test
portugal-017_03,train/attack/digital_1/scan/portugal-017_03.jpg,train,2,portugal-119_03,train/attack/digital_1/scan/portugal-119_03.jpg,internal_test
portugal-017_03,train/attack/digital_1/scan/portugal-017_03.jpg,train,4,portugal-070_03,test/attack/digital_3/scan/portugal-070_03.jpg,internal_test
portugal-017_03,train/attack/digital_1/scan/portugal-017_03.jpg,train,4,portugal-070_03,test/attack/digital_3/huawei/portugal-070_03.jpg,internal_test
portugal-017_03,train/attack/digital_1/scan/portugal-017_03.jpg,train,4,portugal-070_03,test/attack/digital_3/iphone15pro/portugal-070_03.jpg,internal_test
portugal-017_03,train/attack/digital_1/scan/portugal-017_03.jpg,train,4,portugal-119_03,test/attack/digital_3/scan/portugal-119_03.jpg,internal_test
portugal-017_03,train/attack/digital_1/scan/portugal-017_03.jpg,train,4,portugal-119_03,test/attack/digital_3/huawei/portugal-119_03.jpg,internal_test
portugal-026_03,train/attack/digital_1/scan/portugal-026_03.jpg,train,4,portugal-172_03,train/bonafide/iphone15pro/portugal-172_03.jpg,dev
portugal-026_03,train/attack/digital_1/scan/portugal-026_03.jpg,train,4,portugal-172_03,train/bonafide/scan/portugal-172_03.jpg,dev
portugal-026_03,train/attack/digital_1/scan/portugal-026_03.jpg,train,4,portugal-172_03,train/attack/digital_2/iphone15pro/portugal-172_03.jpg,dev
portugal-026_03,train/attack/digital_1/scan/portugal-026_03.jpg,train,4,portugal-172_03,train/attack/digital_1/iphone15pro/portugal-172_03.jpg,dev
portugal-026_03,train/attack/digital_1/scan/portugal-026_03.jpg,train,4,portugal-172_03,train/attack/digital_1/scan/portugal-172_03.jpg,dev
portugal-026_03,train/attack/digital_1/scan/portugal-026_03.jpg,train,4,portugal-172_03,test/attack/digital_3/iphone15pro/portugal-172_03.jpg,dev
portugal-026_03,train/attack/digital_1/scan/portugal-026_03.jpg,train,4,portugal-119_03,train/bonafide/huawei/portugal-119_03.jpg,internal_test
portugal-026_03,train/attack/digital_1/scan/portugal-026_03.jpg,train,4,portugal-119_03,train/bonafide/iphone15pro/portugal-119_03.jpg,internal_test
portugal-026_03,train/attack/digital_1/scan/portugal-026_03.jpg,train,4,portugal-070_03,train/bonafide/scan/portugal-070_03.jpg,internal_test
portugal-026_03,train/attack/digital_1/scan/portugal-026_03.jpg,train,4,portugal-119_03,train/bonafide/scan/portugal-119_03.jpg,internal_test
portugal-026_03,train/attack/digital_1/scan/portugal-026_03.jpg,train,4,portugal-119_03,train/attack/digital_2/iphone15pro/portugal-119_03.jpg,internal_test
portugal-026_03,train/attack/digital_1/scan/portugal-026_03.jpg,train,4,portugal-119_03,train/attack/digital_2/scan/portugal-119_03.jpg,internal_test
portugal-026_03,train/attack/digital_1/scan/portugal-026_03.jpg,train,4,portugal-070_03,train/attack/digital_2/scan/portugal-070_03.jpg,internal_test
portugal-026_03,train/attack/digital_1/scan/portugal-026_03.jpg,train,4,portugal-119_03,train/attack/digital_2/huawei/portugal-119_03.jpg,internal_test
portugal-026_03,train/attack/digital_1/scan/portugal-026_03.jpg,train,4,portugal-119_03,train/attack/digital_1/huawei/portugal-119_03.jpg,internal_test
portugal-026_03,train/attack/digital_1/scan/portugal-026_03.jpg,train,4,portugal-070_03,train/attack/digital_1/iphone15pro/portugal-070_03.jpg,internal_test
portugal-026_03,train/attack/digital_1/scan/portugal-026_03.jpg,train,4,portugal-119_03,train/attack/digital_1/iphone15pro/portugal-119_03.jpg,internal_test
portugal-026_03,train/attack/digital_1/scan/portugal-026_03.jpg,train,4,portugal-070_03,train/attack/digital_1/scan/portugal-070_03.jpg,internal_test
portugal-026_03,train/attack/digital_1/scan/portugal-026_03.jpg,train,4,portugal-119_03,train/attack/digital_1/scan/portugal-119_03.jpg,internal_test
portugal-026_03,train/attack/digital_1/scan/portugal-026_03.jpg,train,4,portugal-119_03,test/attack/digital_3/scan/portugal-119_03.jpg,internal_test
portugal-026_03,train/attack/digital_1/scan/portugal-026_03.jpg,train,4,portugal-119_03,test/attack/digital_3/huawei/portugal-119_03.jpg,internal_test
portugal-026_03,train/attack/digital_1/scan/portugal-026_03.jpg,train,4,portugal-119_03,test/attack/digital_3/iphone15pro/portugal-119_03.jpg,internal_test
portugal-029_03,train/attack/digital_1/scan/portugal-029_03.jpg,train,4,portugal-172_03,train/attack/digital_2/iphone15pro/portugal-172_03.jpg,dev
portugal-029_03,train/attack/digital_1/scan/portugal-029_03.jpg,train,4,portugal-172_03,train/attack/digital_1/huawei/portugal-172_03.jpg,dev
portugal-029_03,train/attack/digital_1/scan/portugal-029_03.jpg,train,4,portugal-172_03,train/attack/digital_1/iphone15pro/portugal-172_03.jpg,dev
portugal-029_03,train/attack/digital_1/scan/portugal-029_03.jpg,train,4,portugal-172_03,test/attack/digital_3/iphone15pro/portugal-172_03.jpg,dev
portugal-029_03,train/attack/digital_1/scan/portugal-029_03.jpg,train,2,portugal-119_03,train/bonafide/huawei/portugal-119_03.jpg,internal_test
portugal-029_03,train/attack/digital_1/scan/portugal-029_03.jpg,train,2,portugal-070_03,train/bonafide/iphone15pro/portugal-070_03.jpg,internal_test
portugal-029_03,train/attack/digital_1/scan/portugal-029_03.jpg,train,2,portugal-070_03,train/bonafide/scan/portugal-070_03.jpg,internal_test
portugal-029_03,train/attack/digital_1/scan/portugal-029_03.jpg,train,2,portugal-119_03,train/bonafide/scan/portugal-119_03.jpg,internal_test
portugal-029_03,train/attack/digital_1/scan/portugal-029_03.jpg,train,4,portugal-070_03,train/attack/digital_2/iphone15pro/portugal-070_03.jpg,internal_test
portugal-029_03,train/attack/digital_1/scan/portugal-029_03.jpg,train,4,portugal-119_03,train/attack/digital_2/scan/portugal-119_03.jpg,internal_test
portugal-029_03,train/attack/digital_1/scan/portugal-029_03.jpg,train,2,portugal-070_03,train/attack/digital_2/scan/portugal-070_03.jpg,internal_test
portugal-029_03,train/attack/digital_1/scan/portugal-029_03.jpg,train,4,portugal-119_03,train/attack/digital_2/huawei/portugal-119_03.jpg,internal_test
portugal-029_03,train/attack/digital_1/scan/portugal-029_03.jpg,train,4,portugal-070_03,train/attack/digital_1/huawei/portugal-070_03.jpg,internal_test
portugal-029_03,train/attack/digital_1/scan/portugal-029_03.jpg,train,2,portugal-119_03,train/attack/digital_1/huawei/portugal-119_03.jpg,internal_test
portugal-029_03,train/attack/digital_1/scan/portugal-029_03.jpg,train,2,portugal-070_03,train/attack/digital_1/iphone15pro/portugal-070_03.jpg,internal_test
portugal-029_03,train/attack/digital_1/scan/portugal-029_03.jpg,train,2,portugal-070_03,train/attack/digital_1/scan/portugal-070_03.jpg,internal_test
portugal-029_03,train/attack/digital_1/scan/portugal-029_03.jpg,train,4,portugal-119_03,train/attack/digital_1/scan/portugal-119_03.jpg,internal_test
portugal-029_03,train/attack/digital_1/scan/portugal-029_03.jpg,train,4,portugal-070_03,test/attack/digital_3/scan/portugal-070_03.jpg,internal_test
portugal-029_03,train/attack/digital_1/scan/portugal-029_03.jpg,train,4,portugal-070_03,test/attack/digital_3/iphone15pro/portugal-070_03.jpg,internal_test
portugal-029_03,train/attack/digital_1/scan/portugal-029_03.jpg,train,2,portugal-119_03,test/attack/digital_3/scan/portugal-119_03.jpg,internal_test
portugal-029_03,train/attack/digital_1/scan/portugal-029_03.jpg,train,2,portugal-119_03,test/attack/digital_3/huawei/portugal-119_03.jpg,internal_test
portugal-042_03,train/attack/digital_1/scan/portugal-042_03.jpg,train,4,portugal-061_03,train/bonafide/huawei/portugal-061_03.jpg,internal_test
portugal-042_03,train/attack/digital_1/scan/portugal-042_03.jpg,train,2,portugal-061_03,train/bonafide/iphone15pro/portugal-061_03.jpg,internal_test
portugal-042_03,train/attack/digital_1/scan/portugal-042_03.jpg,train,2,portugal-061_03,train/bonafide/scan/portugal-061_03.jpg,internal_test
portugal-042_03,train/attack/digital_1/scan/portugal-042_03.jpg,train,2,portugal-061_03,train/attack/digital_2/iphone15pro/portugal-061_03.jpg,internal_test
portugal-042_03,train/attack/digital_1/scan/portugal-042_03.jpg,train,4,portugal-119_03,train/attack/digital_2/iphone15pro/portugal-119_03.jpg,internal_test
portugal-042_03,train/attack/digital_1/scan/portugal-042_03.jpg,train,2,portugal-061_03,train/attack/digital_2/scan/portugal-061_03.jpg,internal_test
portugal-042_03,train/attack/digital_1/scan/portugal-042_03.jpg,train,4,portugal-061_03,train/attack/digital_2/huawei/portugal-061_03.jpg,internal_test
portugal-042_03,train/attack/digital_1/scan/portugal-042_03.jpg,train,4,portugal-061_03,train/attack/digital_1/huawei/portugal-061_03.jpg,internal_test
portugal-042_03,train/attack/digital_1/scan/portugal-042_03.jpg,train,4,portugal-119_03,train/attack/digital_1/iphone15pro/portugal-119_03.jpg,internal_test
portugal-042_03,train/attack/digital_1/scan/portugal-042_03.jpg,train,2,portugal-061_03,train/attack/digital_1/iphone15pro/portugal-061_03.jpg,internal_test
portugal-042_03,train/attack/digital_1/scan/portugal-042_03.jpg,train,2,portugal-061_03,train/attack/digital_1/scan/portugal-061_03.jpg,internal_test
portugal-042_03,train/attack/digital_1/scan/portugal-042_03.jpg,train,2,portugal-061_03,test/attack/digital_3/scan/portugal-061_03.jpg,internal_test
portugal-042_03,train/attack/digital_1/scan/portugal-042_03.jpg,train,4,portugal-061_03,test/attack/digital_3/huawei/portugal-061_03.jpg,internal_test
portugal-042_03,train/attack/digital_1/scan/portugal-042_03.jpg,train,2,portugal-061_03,test/attack/digital_3/iphone15pro/portugal-061_03.jpg,internal_test
portugal-066_03,train/attack/digital_1/scan/portugal-066_03.jpg,train,4,portugal-172_03,train/bonafide/scan/portugal-172_03.jpg,dev
portugal-066_03,train/attack/digital_1/scan/portugal-066_03.jpg,train,4,portugal-172_03,train/attack/digital_2/scan/portugal-172_03.jpg,dev
portugal-066_03,train/attack/digital_1/scan/portugal-066_03.jpg,train,4,portugal-172_03,train/attack/digital_1/scan/portugal-172_03.jpg,dev
portugal-066_03,train/attack/digital_1/scan/portugal-066_03.jpg,train,4,portugal-070_03,train/attack/digital_2/iphone15pro/portugal-070_03.jpg,internal_test
portugal-066_03,train/attack/digital_1/scan/portugal-066_03.jpg,train,4,portugal-070_03,test/attack/digital_3/scan/portugal-070_03.jpg,internal_test
portugal-066_03,train/attack/digital_1/scan/portugal-066_03.jpg,train,4,portugal-070_03,test/attack/digital_3/huawei/portugal-070_03.jpg,internal_test
portugal-066_03,train/attack/digital_1/scan/portugal-066_03.jpg,train,4,portugal-070_03,test/attack/digital_3/iphone15pro/portugal-070_03.jpg,internal_test
portugal-105_03,train/attack/digital_1/scan/portugal-105_03.jpg,train,4,portugal-119_03,train/bonafide/huawei/portugal-119_03.jpg,internal_test
portugal-105_03,train/attack/digital_1/scan/portugal-105_03.jpg,train,4,portugal-070_03,train/bonafide/scan/portugal-070_03.jpg,internal_test
portugal-105_03,train/attack/digital_1/scan/portugal-105_03.jpg,train,4,portugal-119_03,train/bonafide/scan/portugal-119_03.jpg,internal_test
portugal-105_03,train/attack/digital_1/scan/portugal-105_03.jpg,train,4,portugal-119_03,train/attack/digital_2/scan/portugal-119_03.jpg,internal_test
portugal-105_03,train/attack/digital_1/scan/portugal-105_03.jpg,train,4,portugal-070_03,train/attack/digital_2/scan/portugal-070_03.jpg,internal_test
portugal-105_03,train/attack/digital_1/scan/portugal-105_03.jpg,train,4,portugal-119_03,train/attack/digital_2/huawei/portugal-119_03.jpg,internal_test
portugal-105_03,train/attack/digital_1/scan/portugal-105_03.jpg,train,4,portugal-070_03,train/attack/digital_1/huawei/portugal-070_03.jpg,internal_test
portugal-105_03,train/attack/digital_1/scan/portugal-105_03.jpg,train,4,portugal-119_03,train/attack/digital_1/huawei/portugal-119_03.jpg,internal_test
portugal-105_03,train/attack/digital_1/scan/portugal-105_03.jpg,train,4,portugal-070_03,train/attack/digital_1/iphone15pro/portugal-070_03.jpg,internal_test
portugal-105_03,train/attack/digital_1/scan/portugal-105_03.jpg,train,4,portugal-070_03,train/attack/digital_1/scan/portugal-070_03.jpg,internal_test
portugal-105_03,train/attack/digital_1/scan/portugal-105_03.jpg,train,4,portugal-119_03,train/attack/digital_1/scan/portugal-119_03.jpg,internal_test
portugal-105_03,train/attack/digital_1/scan/portugal-105_03.jpg,train,4,portugal-070_03,test/attack/digital_3/huawei/portugal-070_03.jpg,internal_test
portugal-105_03,train/attack/digital_1/scan/portugal-105_03.jpg,train,4,portugal-119_03,test/attack/digital_3/scan/portugal-119_03.jpg,internal_test
portugal-105_03,train/attack/digital_1/scan/portugal-105_03.jpg,train,4,portugal-119_03,test/attack/digital_3/huawei/portugal-119_03.jpg,internal_test
portugal-125_03,train/attack/digital_1/scan/portugal-125_03.jpg,train,4,portugal-172_03,train/bonafide/huawei/portugal-172_03.jpg,dev
portugal-125_03,train/attack/digital_1/scan/portugal-125_03.jpg,train,4,portugal-172_03,train/bonafide/iphone15pro/portugal-172_03.jpg,dev
portugal-125_03,train/attack/digital_1/scan/portugal-125_03.jpg,train,2,portugal-172_03,train/bonafide/scan/portugal-172_03.jpg,dev
portugal-125_03,train/attack/digital_1/scan/portugal-125_03.jpg,train,2,portugal-172_03,train/attack/digital_2/iphone15pro/portugal-172_03.jpg,dev
portugal-125_03,train/attack/digital_1/scan/portugal-125_03.jpg,train,2,portugal-172_03,train/attack/digital_2/scan/portugal-172_03.jpg,dev
portugal-125_03,train/attack/digital_1/scan/portugal-125_03.jpg,train,4,portugal-172_03,train/attack/digital_2/huawei/portugal-172_03.jpg,dev
portugal-125_03,train/attack/digital_1/scan/portugal-125_03.jpg,train,2,portugal-172_03,train/attack/digital_1/huawei/portugal-172_03.jpg,dev
portugal-125_03,train/attack/digital_1/scan/portugal-125_03.jpg,train,2,portugal-172_03,train/attack/digital_1/iphone15pro/portugal-172_03.jpg,dev
portugal-125_03,train/attack/digital_1/scan/portugal-125_03.jpg,train,2,portugal-172_03,train/attack/digital_1/scan/portugal-172_03.jpg,dev
portugal-125_03,train/attack/digital_1/scan/portugal-125_03.jpg,train,2,portugal-172_03,test/attack/digital_3/scan/portugal-172_03.jpg,dev
portugal-125_03,train/attack/digital_1/scan/portugal-125_03.jpg,train,2,portugal-172_03,test/attack/digital_3/huawei/portugal-172_03.jpg,dev
portugal-125_03,train/attack/digital_1/scan/portugal-125_03.jpg,train,2,portugal-172_03,test/attack/digital_3/iphone15pro/portugal-172_03.jpg,dev
portugal-125_03,train/attack/digital_1/scan/portugal-125_03.jpg,train,4,portugal-119_03,train/bonafide/huawei/portugal-119_03.jpg,internal_test
portugal-125_03,train/attack/digital_1/scan/portugal-125_03.jpg,train,2,portugal-070_03,train/bonafide/iphone15pro/portugal-070_03.jpg,internal_test
portugal-125_03,train/attack/digital_1/scan/portugal-125_03.jpg,train,4,portugal-070_03,train/bonafide/scan/portugal-070_03.jpg,internal_test
portugal-125_03,train/attack/digital_1/scan/portugal-125_03.jpg,train,4,portugal-119_03,train/bonafide/scan/portugal-119_03.jpg,internal_test
portugal-125_03,train/attack/digital_1/scan/portugal-125_03.jpg,train,2,portugal-070_03,train/attack/digital_2/iphone15pro/portugal-070_03.jpg,internal_test
portugal-125_03,train/attack/digital_1/scan/portugal-125_03.jpg,train,4,portugal-119_03,train/attack/digital_2/scan/portugal-119_03.jpg,internal_test
portugal-125_03,train/attack/digital_1/scan/portugal-125_03.jpg,train,4,portugal-070_03,train/attack/digital_2/scan/portugal-070_03.jpg,internal_test
portugal-125_03,train/attack/digital_1/scan/portugal-125_03.jpg,train,4,portugal-119_03,train/attack/digital_1/huawei/portugal-119_03.jpg,internal_test
portugal-125_03,train/attack/digital_1/scan/portugal-125_03.jpg,train,2,portugal-070_03,train/attack/digital_1/iphone15pro/portugal-070_03.jpg,internal_test
portugal-125_03,train/attack/digital_1/scan/portugal-125_03.jpg,train,2,portugal-070_03,train/attack/digital_1/scan/portugal-070_03.jpg,internal_test
portugal-125_03,train/attack/digital_1/scan/portugal-125_03.jpg,train,4,portugal-119_03,train/attack/digital_1/scan/portugal-119_03.jpg,internal_test
portugal-125_03,train/attack/digital_1/scan/portugal-125_03.jpg,train,0,portugal-070_03,test/attack/digital_3/scan/portugal-070_03.jpg,internal_test
portugal-125_03,train/attack/digital_1/scan/portugal-125_03.jpg,train,0,portugal-070_03,test/attack/digital_3/iphone15pro/portugal-070_03.jpg,internal_test
portugal-125_03,train/attack/digital_1/scan/portugal-125_03.jpg,train,4,portugal-119_03,test/attack/digital_3/scan/portugal-119_03.jpg,internal_test
portugal-125_03,train/attack/digital_1/scan/portugal-125_03.jpg,train,4,portugal-119_03,test/attack/digital_3/huawei/portugal-119_03.jpg,internal_test
portugal-143_03,train/attack/digital_1/scan/portugal-143_03.jpg,train,4,portugal-119_03,train/bonafide/huawei/portugal-119_03.jpg,internal_test
portugal-143_03,train/attack/digital_1/scan/portugal-143_03.jpg,train,4,portugal-119_03,train/bonafide/scan/portugal-119_03.jpg,internal_test
portugal-143_03,train/attack/digital_1/scan/portugal-143_03.jpg,train,4,portugal-119_03,train/attack/digital_1/huawei/portugal-119_03.jpg,internal_test
portugal-143_03,train/attack/digital_1/scan/portugal-143_03.jpg,train,4,portugal-070_03,train/attack/digital_1/iphone15pro/portugal-070_03.jpg,internal_test
portugal-143_03,train/attack/digital_1/scan/portugal-143_03.jpg,train,4,portugal-070_03,train/attack/digital_1/scan/portugal-070_03.jpg,internal_test
portugal-143_03,train/attack/digital_1/scan/portugal-143_03.jpg,train,4,portugal-119_03,test/attack/digital_3/scan/portugal-119_03.jpg,internal_test
portugal-143_03,train/attack/digital_1/scan/portugal-143_03.jpg,train,4,portugal-119_03,test/attack/digital_3/huawei/portugal-119_03.jpg,internal_test
portugal-NF-1016,train/attack/digital_1/scan/portugal-NF-1016.jpg,train,4,portugal-NF-1022,test/attack/digital_3/iphone15pro/portugal-NF-1022.jpg,internal_test
portugal-NF-1041,train/attack/digital_1/scan/portugal-NF-1041.jpg,train,4,portugal-NF-1022,train/attack/digital_1/scan/portugal-NF-1022.jpg,internal_test
portugal-NF-1041,train/attack/digital_1/scan/portugal-NF-1041.jpg,train,4,portugal-NF-1022,test/attack/digital_3/scan/portugal-NF-1022.jpg,internal_test
portugal-NF-1086,train/attack/digital_1/scan/portugal-NF-1086.jpg,train,4,portugal-NF-1022,train/bonafide/huawei/portugal-NF-1022.jpg,internal_test
portugal-NF-1086,train/attack/digital_1/scan/portugal-NF-1086.jpg,train,4,portugal-NF-1022,train/bonafide/scan/portugal-NF-1022.jpg,internal_test
portugal-NF-1086,train/attack/digital_1/scan/portugal-NF-1086.jpg,train,4,portugal-NF-1022,train/attack/digital_2/huawei/portugal-NF-1022.jpg,internal_test
portugal-NF-1086,train/attack/digital_1/scan/portugal-NF-1086.jpg,train,4,portugal-NF-1022,train/attack/digital_1/huawei/portugal-NF-1022.jpg,internal_test
portugal-NF-1086,train/attack/digital_1/scan/portugal-NF-1086.jpg,train,4,portugal-NF-1022,train/attack/digital_1/iphone15pro/portugal-NF-1022.jpg,internal_test
portugal-NF-1086,train/attack/digital_1/scan/portugal-NF-1086.jpg,train,4,portugal-NF-1022,train/attack/digital_1/scan/portugal-NF-1022.jpg,internal_test
portugal-NF-1086,train/attack/digital_1/scan/portugal-NF-1086.jpg,train,4,portugal-NF-1022,test/attack/digital_3/scan/portugal-NF-1022.jpg,internal_test
portugal-NF-1086,train/attack/digital_1/scan/portugal-NF-1086.jpg,train,4,portugal-NF-1022,test/attack/digital_3/huawei/portugal-NF-1022.jpg,internal_test
russian-062_03,train/attack/digital_1/scan/russian-062_03.jpg,train,4,russian-141_03,train/attack/digital_2/iphone15pro/russian-141_03.jpg,dev
russian-062_03,train/attack/digital_1/scan/russian-062_03.jpg,train,4,russian-141_03,train/attack/digital_1/iphone15pro/russian-141_03.jpg,dev
russian-062_03,train/attack/digital_1/scan/russian-062_03.jpg,train,4,russian-141_03,test/attack/digital_3/iphone15pro/russian-141_03.jpg,dev
russian-123_03,train/attack/digital_1/scan/russian-123_03.jpg,train,4,russian-141_03,train/bonafide/huawei/russian-141_03.jpg,dev
russian-123_03,train/attack/digital_1/scan/russian-123_03.jpg,train,4,russian-141_03,train/attack/digital_2/huawei/russian-141_03.jpg,dev
russian-123_03,train/attack/digital_1/scan/russian-123_03.jpg,train,4,russian-141_03,train/attack/digital_1/huawei/russian-141_03.jpg,dev
russian-NF-1099,train/attack/digital_1/scan/russian-NF-1099.jpg,train,4,russian-NF-1069,train/bonafide/huawei/russian-NF-1069.jpg,internal_test
russian-NF-1099,train/attack/digital_1/scan/russian-NF-1099.jpg,train,4,russian-NF-1069,train/attack/digital_2/huawei/russian-NF-1069.jpg,internal_test
russian-NF-1099,train/attack/digital_1/scan/russian-NF-1099.jpg,train,4,russian-NF-1069,train/attack/digital_1/huawei/russian-NF-1069.jpg,internal_test
russian-NF-1099,train/attack/digital_1/scan/russian-NF-1099.jpg,train,4,russian-NF-1069,test/attack/digital_3/huawei/russian-NF-1069.jpg,internal_test
turkiye-008_03,train/attack/digital_1/scan/turkiye-008_03.jpg,train,4,turkiye-104_03,train/bonafide/huawei/turkiye-104_03.jpg,dev
turkiye-008_03,train/attack/digital_1/scan/turkiye-008_03.jpg,train,2,turkiye-041_03,train/bonafide/iphone15pro/turkiye-041_03.jpg,dev
turkiye-008_03,train/attack/digital_1/scan/turkiye-008_03.jpg,train,0,turkiye-101_03,train/bonafide/iphone15pro/turkiye-101_03.jpg,dev
turkiye-008_03,train/attack/digital_1/scan/turkiye-008_03.jpg,train,2,turkiye-101_03,train/bonafide/scan/turkiye-101_03.jpg,dev
turkiye-008_03,train/attack/digital_1/scan/turkiye-008_03.jpg,train,2,turkiye-041_03,train/attack/digital_2/iphone15pro/turkiye-041_03.jpg,dev
turkiye-008_03,train/attack/digital_1/scan/turkiye-008_03.jpg,train,4,turkiye-104_03,train/attack/digital_2/iphone15pro/turkiye-104_03.jpg,dev
turkiye-008_03,train/attack/digital_1/scan/turkiye-008_03.jpg,train,0,turkiye-101_03,train/attack/digital_2/iphone15pro/turkiye-101_03.jpg,dev
turkiye-008_03,train/attack/digital_1/scan/turkiye-008_03.jpg,train,4,turkiye-041_03,train/attack/digital_2/scan/turkiye-041_03.jpg,dev
turkiye-008_03,train/attack/digital_1/scan/turkiye-008_03.jpg,train,4,turkiye-101_03,train/attack/digital_2/scan/turkiye-101_03.jpg,dev
turkiye-008_03,train/attack/digital_1/scan/turkiye-008_03.jpg,train,4,turkiye-101_03,train/attack/digital_1/huawei/turkiye-101_03.jpg,dev
turkiye-008_03,train/attack/digital_1/scan/turkiye-008_03.jpg,train,2,turkiye-041_03,train/attack/digital_1/iphone15pro/turkiye-041_03.jpg,dev
turkiye-008_03,train/attack/digital_1/scan/turkiye-008_03.jpg,train,0,turkiye-101_03,train/attack/digital_1/iphone15pro/turkiye-101_03.jpg,dev
turkiye-008_03,train/attack/digital_1/scan/turkiye-008_03.jpg,train,4,turkiye-041_03,train/attack/digital_1/scan/turkiye-041_03.jpg,dev
turkiye-008_03,train/attack/digital_1/scan/turkiye-008_03.jpg,train,2,turkiye-101_03,train/attack/digital_1/scan/turkiye-101_03.jpg,dev
turkiye-008_03,train/attack/digital_1/scan/turkiye-008_03.jpg,train,4,turkiye-104_03,train/attack/digital_1/scan/turkiye-104_03.jpg,dev
turkiye-008_03,train/attack/digital_1/scan/turkiye-008_03.jpg,train,2,turkiye-041_03,test/attack/digital_3/iphone15pro/turkiye-041_03.jpg,dev
turkiye-008_03,train/attack/digital_1/scan/turkiye-008_03.jpg,train,4,turkiye-101_03,test/attack/digital_3/scan/turkiye-101_03.jpg,dev
turkiye-008_03,train/attack/digital_1/scan/turkiye-008_03.jpg,train,4,turkiye-101_03,test/attack/digital_3/huawei/turkiye-101_03.jpg,dev
turkiye-008_03,train/attack/digital_1/scan/turkiye-008_03.jpg,train,0,turkiye-101_03,test/attack/digital_3/iphone15pro/turkiye-101_03.jpg,dev
turkiye-008_03,train/attack/digital_1/scan/turkiye-008_03.jpg,train,2,turkiye-121_03,train/bonafide/huawei/turkiye-121_03.jpg,internal_test
turkiye-008_03,train/attack/digital_1/scan/turkiye-008_03.jpg,train,4,turkiye-031_03,train/bonafide/iphone15pro/turkiye-031_03.jpg,internal_test
turkiye-008_03,train/attack/digital_1/scan/turkiye-008_03.jpg,train,0,turkiye-115_03,train/bonafide/iphone15pro/turkiye-115_03.jpg,internal_test
turkiye-008_03,train/attack/digital_1/scan/turkiye-008_03.jpg,train,4,turkiye-031_03,train/bonafide/scan/turkiye-031_03.jpg,internal_test
turkiye-008_03,train/attack/digital_1/scan/turkiye-008_03.jpg,train,2,turkiye-115_03,train/bonafide/scan/turkiye-115_03.jpg,internal_test
turkiye-008_03,train/attack/digital_1/scan/turkiye-008_03.jpg,train,2,turkiye-115_03,train/attack/digital_2/iphone15pro/turkiye-115_03.jpg,internal_test
turkiye-008_03,train/attack/digital_1/scan/turkiye-008_03.jpg,train,4,turkiye-121_03,train/attack/digital_2/iphone15pro/turkiye-121_03.jpg,internal_test
turkiye-008_03,train/attack/digital_1/scan/turkiye-008_03.jpg,train,4,turkiye-031_03,train/attack/digital_2/iphone15pro/turkiye-031_03.jpg,internal_test
turkiye-008_03,train/attack/digital_1/scan/turkiye-008_03.jpg,train,2,turkiye-115_03,train/attack/digital_2/scan/turkiye-115_03.jpg,internal_test
turkiye-008_03,train/attack/digital_1/scan/turkiye-008_03.jpg,train,4,turkiye-031_03,train/attack/digital_2/scan/turkiye-031_03.jpg,internal_test
turkiye-008_03,train/attack/digital_1/scan/turkiye-008_03.jpg,train,4,turkiye-121_03,train/attack/digital_2/huawei/turkiye-121_03.jpg,internal_test
turkiye-008_03,train/attack/digital_1/scan/turkiye-008_03.jpg,train,4,turkiye-031_03,train/attack/digital_2/huawei/turkiye-031_03.jpg,internal_test
turkiye-008_03,train/attack/digital_1/scan/turkiye-008_03.jpg,train,4,turkiye-031_03,train/attack/digital_1/huawei/turkiye-031_03.jpg,internal_test
turkiye-008_03,train/attack/digital_1/scan/turkiye-008_03.jpg,train,4,turkiye-115_03,train/attack/digital_1/huawei/turkiye-115_03.jpg,internal_test
turkiye-008_03,train/attack/digital_1/scan/turkiye-008_03.jpg,train,2,turkiye-121_03,train/attack/digital_1/huawei/turkiye-121_03.jpg,internal_test
turkiye-008_03,train/attack/digital_1/scan/turkiye-008_03.jpg,train,2,turkiye-115_03,train/attack/digital_1/iphone15pro/turkiye-115_03.jpg,internal_test
turkiye-008_03,train/attack/digital_1/scan/turkiye-008_03.jpg,train,4,turkiye-121_03,train/attack/digital_1/iphone15pro/turkiye-121_03.jpg,internal_test
turkiye-008_03,train/attack/digital_1/scan/turkiye-008_03.jpg,train,2,turkiye-115_03,train/attack/digital_1/scan/turkiye-115_03.jpg,internal_test
turkiye-008_03,train/attack/digital_1/scan/turkiye-008_03.jpg,train,4,turkiye-121_03,train/attack/digital_1/scan/turkiye-121_03.jpg,internal_test
turkiye-008_03,train/attack/digital_1/scan/turkiye-008_03.jpg,train,4,turkiye-031_03,test/attack/digital_3/scan/turkiye-031_03.jpg,internal_test
turkiye-008_03,train/attack/digital_1/scan/turkiye-008_03.jpg,train,4,turkiye-031_03,test/attack/digital_3/iphone15pro/turkiye-031_03.jpg,internal_test
turkiye-008_03,train/attack/digital_1/scan/turkiye-008_03.jpg,train,2,turkiye-115_03,test/attack/digital_3/scan/turkiye-115_03.jpg,internal_test
turkiye-008_03,train/attack/digital_1/scan/turkiye-008_03.jpg,train,2,turkiye-115_03,test/attack/digital_3/iphone15pro/turkiye-115_03.jpg,internal_test
turkiye-008_03,train/attack/digital_1/scan/turkiye-008_03.jpg,train,2,turkiye-121_03,test/attack/digital_3/huawei/turkiye-121_03.jpg,internal_test
turkiye-008_03,train/attack/digital_1/scan/turkiye-008_03.jpg,train,4,turkiye-121_03,test/attack/digital_3/iphone15pro/turkiye-121_03.jpg,internal_test
turkiye-036_03,train/attack/digital_1/scan/turkiye-036_03.jpg,train,4,turkiye-101_03,train/attack/digital_2/huawei/turkiye-101_03.jpg,dev
turkiye-083_03,train/attack/digital_1/scan/turkiye-083_03.jpg,train,4,turkiye-032_03,test/attack/digital_3/huawei/turkiye-032_03.jpg,internal_test
turkiye-086_03,train/attack/digital_1/scan/turkiye-086_03.jpg,train,4,turkiye-041_03,train/bonafide/huawei/turkiye-041_03.jpg,dev
turkiye-086_03,train/attack/digital_1/scan/turkiye-086_03.jpg,train,4,turkiye-041_03,train/bonafide/iphone15pro/turkiye-041_03.jpg,dev
turkiye-086_03,train/attack/digital_1/scan/turkiye-086_03.jpg,train,4,turkiye-041_03,train/bonafide/scan/turkiye-041_03.jpg,dev
turkiye-086_03,train/attack/digital_1/scan/turkiye-086_03.jpg,train,4,turkiye-041_03,train/attack/digital_2/iphone15pro/turkiye-041_03.jpg,dev
turkiye-086_03,train/attack/digital_1/scan/turkiye-086_03.jpg,train,4,turkiye-041_03,train/attack/digital_2/scan/turkiye-041_03.jpg,dev
turkiye-086_03,train/attack/digital_1/scan/turkiye-086_03.jpg,train,4,turkiye-041_03,train/attack/digital_2/huawei/turkiye-041_03.jpg,dev
turkiye-086_03,train/attack/digital_1/scan/turkiye-086_03.jpg,train,4,turkiye-041_03,train/attack/digital_1/huawei/turkiye-041_03.jpg,dev
turkiye-086_03,train/attack/digital_1/scan/turkiye-086_03.jpg,train,4,turkiye-041_03,train/attack/digital_1/iphone15pro/turkiye-041_03.jpg,dev
turkiye-086_03,train/attack/digital_1/scan/turkiye-086_03.jpg,train,4,turkiye-041_03,train/attack/digital_1/scan/turkiye-041_03.jpg,dev
turkiye-086_03,train/attack/digital_1/scan/turkiye-086_03.jpg,train,4,turkiye-041_03,test/attack/digital_3/scan/turkiye-041_03.jpg,dev
turkiye-086_03,train/attack/digital_1/scan/turkiye-086_03.jpg,train,4,turkiye-041_03,test/attack/digital_3/huawei/turkiye-041_03.jpg,dev
turkiye-086_03,train/attack/digital_1/scan/turkiye-086_03.jpg,train,4,turkiye-041_03,test/attack/digital_3/iphone15pro/turkiye-041_03.jpg,dev
turkiye-086_03,train/attack/digital_1/scan/turkiye-086_03.jpg,train,4,turkiye-031_03,train/bonafide/huawei/turkiye-031_03.jpg,internal_test
turkiye-086_03,train/attack/digital_1/scan/turkiye-086_03.jpg,train,4,turkiye-115_03,train/bonafide/huawei/turkiye-115_03.jpg,internal_test
turkiye-086_03,train/attack/digital_1/scan/turkiye-086_03.jpg,train,4,turkiye-031_03,train/bonafide/iphone15pro/turkiye-031_03.jpg,internal_test
turkiye-086_03,train/attack/digital_1/scan/turkiye-086_03.jpg,train,4,turkiye-121_03,train/bonafide/iphone15pro/turkiye-121_03.jpg,internal_test
turkiye-086_03,train/attack/digital_1/scan/turkiye-086_03.jpg,train,4,turkiye-031_03,train/bonafide/scan/turkiye-031_03.jpg,internal_test
turkiye-086_03,train/attack/digital_1/scan/turkiye-086_03.jpg,train,2,turkiye-121_03,train/bonafide/scan/turkiye-121_03.jpg,internal_test
turkiye-086_03,train/attack/digital_1/scan/turkiye-086_03.jpg,train,2,turkiye-121_03,train/attack/digital_2/iphone15pro/turkiye-121_03.jpg,internal_test
turkiye-086_03,train/attack/digital_1/scan/turkiye-086_03.jpg,train,4,turkiye-031_03,train/attack/digital_2/iphone15pro/turkiye-031_03.jpg,internal_test
turkiye-086_03,train/attack/digital_1/scan/turkiye-086_03.jpg,train,4,turkiye-032_03,train/attack/digital_2/scan/turkiye-032_03.jpg,internal_test
turkiye-086_03,train/attack/digital_1/scan/turkiye-086_03.jpg,train,2,turkiye-121_03,train/attack/digital_2/scan/turkiye-121_03.jpg,internal_test
turkiye-086_03,train/attack/digital_1/scan/turkiye-086_03.jpg,train,4,turkiye-031_03,train/attack/digital_2/scan/turkiye-031_03.jpg,internal_test
turkiye-086_03,train/attack/digital_1/scan/turkiye-086_03.jpg,train,4,turkiye-115_03,train/attack/digital_2/huawei/turkiye-115_03.jpg,internal_test
turkiye-086_03,train/attack/digital_1/scan/turkiye-086_03.jpg,train,2,turkiye-031_03,train/attack/digital_2/huawei/turkiye-031_03.jpg,internal_test
turkiye-086_03,train/attack/digital_1/scan/turkiye-086_03.jpg,train,4,turkiye-031_03,train/attack/digital_1/huawei/turkiye-031_03.jpg,internal_test
turkiye-086_03,train/attack/digital_1/scan/turkiye-086_03.jpg,train,4,turkiye-121_03,train/attack/digital_1/iphone15pro/turkiye-121_03.jpg,internal_test
turkiye-086_03,train/attack/digital_1/scan/turkiye-086_03.jpg,train,4,turkiye-032_03,train/attack/digital_1/scan/turkiye-032_03.jpg,internal_test
turkiye-086_03,train/attack/digital_1/scan/turkiye-086_03.jpg,train,4,turkiye-121_03,train/attack/digital_1/scan/turkiye-121_03.jpg,internal_test
turkiye-086_03,train/attack/digital_1/scan/turkiye-086_03.jpg,train,4,turkiye-031_03,test/attack/digital_3/scan/turkiye-031_03.jpg,internal_test
turkiye-086_03,train/attack/digital_1/scan/turkiye-086_03.jpg,train,4,turkiye-031_03,test/attack/digital_3/huawei/turkiye-031_03.jpg,internal_test
turkiye-086_03,train/attack/digital_1/scan/turkiye-086_03.jpg,train,4,turkiye-031_03,test/attack/digital_3/iphone15pro/turkiye-031_03.jpg,internal_test
turkiye-086_03,train/attack/digital_1/scan/turkiye-086_03.jpg,train,4,turkiye-115_03,test/attack/digital_3/huawei/turkiye-115_03.jpg,internal_test
turkiye-086_03,train/attack/digital_1/scan/turkiye-086_03.jpg,train,2,turkiye-121_03,test/attack/digital_3/scan/turkiye-121_03.jpg,internal_test
turkiye-086_03,train/attack/digital_1/scan/turkiye-086_03.jpg,train,2,turkiye-121_03,test/attack/digital_3/iphone15pro/turkiye-121_03.jpg,internal_test
turkiye-092_03,train/attack/digital_1/scan/turkiye-092_03.jpg,train,2,turkiye-041_03,train/bonafide/iphone15pro/turkiye-041_03.jpg,dev
turkiye-092_03,train/attack/digital_1/scan/turkiye-092_03.jpg,train,2,turkiye-101_03,train/bonafide/iphone15pro/turkiye-101_03.jpg,dev
turkiye-092_03,train/attack/digital_1/scan/turkiye-092_03.jpg,train,4,turkiye-101_03,train/bonafide/scan/turkiye-101_03.jpg,dev
turkiye-092_03,train/attack/digital_1/scan/turkiye-092_03.jpg,train,2,turkiye-041_03,train/attack/digital_2/iphone15pro/turkiye-041_03.jpg,dev
turkiye-092_03,train/attack/digital_1/scan/turkiye-092_03.jpg,train,2,turkiye-101_03,train/attack/digital_2/iphone15pro/turkiye-101_03.jpg,dev
turkiye-092_03,train/attack/digital_1/scan/turkiye-092_03.jpg,train,2,turkiye-041_03,train/attack/digital_1/iphone15pro/turkiye-041_03.jpg,dev
turkiye-092_03,train/attack/digital_1/scan/turkiye-092_03.jpg,train,2,turkiye-101_03,train/attack/digital_1/iphone15pro/turkiye-101_03.jpg,dev
turkiye-092_03,train/attack/digital_1/scan/turkiye-092_03.jpg,train,4,turkiye-101_03,train/attack/digital_1/scan/turkiye-101_03.jpg,dev
turkiye-092_03,train/attack/digital_1/scan/turkiye-092_03.jpg,train,4,turkiye-104_03,train/attack/digital_1/scan/turkiye-104_03.jpg,dev
turkiye-092_03,train/attack/digital_1/scan/turkiye-092_03.jpg,train,2,turkiye-041_03,test/attack/digital_3/iphone15pro/turkiye-041_03.jpg,dev
turkiye-092_03,train/attack/digital_1/scan/turkiye-092_03.jpg,train,2,turkiye-101_03,test/attack/digital_3/iphone15pro/turkiye-101_03.jpg,dev
turkiye-092_03,train/attack/digital_1/scan/turkiye-092_03.jpg,train,2,turkiye-121_03,train/bonafide/huawei/turkiye-121_03.jpg,internal_test
turkiye-092_03,train/attack/digital_1/scan/turkiye-092_03.jpg,train,4,turkiye-031_03,train/bonafide/iphone15pro/turkiye-031_03.jpg,internal_test
turkiye-092_03,train/attack/digital_1/scan/turkiye-092_03.jpg,train,2,turkiye-115_03,train/bonafide/iphone15pro/turkiye-115_03.jpg,internal_test
turkiye-092_03,train/attack/digital_1/scan/turkiye-092_03.jpg,train,4,turkiye-031_03,train/bonafide/scan/turkiye-031_03.jpg,internal_test
turkiye-092_03,train/attack/digital_1/scan/turkiye-092_03.jpg,train,4,turkiye-115_03,train/bonafide/scan/turkiye-115_03.jpg,internal_test
turkiye-092_03,train/attack/digital_1/scan/turkiye-092_03.jpg,train,4,turkiye-115_03,train/attack/digital_2/iphone15pro/turkiye-115_03.jpg,internal_test
turkiye-092_03,train/attack/digital_1/scan/turkiye-092_03.jpg,train,4,turkiye-121_03,train/attack/digital_2/iphone15pro/turkiye-121_03.jpg,internal_test
turkiye-092_03,train/attack/digital_1/scan/turkiye-092_03.jpg,train,4,turkiye-031_03,train/attack/digital_2/iphone15pro/turkiye-031_03.jpg,internal_test
turkiye-092_03,train/attack/digital_1/scan/turkiye-092_03.jpg,train,4,turkiye-115_03,train/attack/digital_2/scan/turkiye-115_03.jpg,internal_test
turkiye-092_03,train/attack/digital_1/scan/turkiye-092_03.jpg,train,4,turkiye-031_03,train/attack/digital_2/scan/turkiye-031_03.jpg,internal_test
turkiye-092_03,train/attack/digital_1/scan/turkiye-092_03.jpg,train,4,turkiye-121_03,train/attack/digital_2/huawei/turkiye-121_03.jpg,internal_test
turkiye-092_03,train/attack/digital_1/scan/turkiye-092_03.jpg,train,4,turkiye-031_03,train/attack/digital_2/huawei/turkiye-031_03.jpg,internal_test
turkiye-092_03,train/attack/digital_1/scan/turkiye-092_03.jpg,train,4,turkiye-031_03,train/attack/digital_1/huawei/turkiye-031_03.jpg,internal_test
turkiye-092_03,train/attack/digital_1/scan/turkiye-092_03.jpg,train,2,turkiye-121_03,train/attack/digital_1/huawei/turkiye-121_03.jpg,internal_test
turkiye-092_03,train/attack/digital_1/scan/turkiye-092_03.jpg,train,4,turkiye-115_03,train/attack/digital_1/iphone15pro/turkiye-115_03.jpg,internal_test
turkiye-092_03,train/attack/digital_1/scan/turkiye-092_03.jpg,train,4,turkiye-115_03,train/attack/digital_1/scan/turkiye-115_03.jpg,internal_test
turkiye-092_03,train/attack/digital_1/scan/turkiye-092_03.jpg,train,4,turkiye-121_03,train/attack/digital_1/scan/turkiye-121_03.jpg,internal_test
turkiye-092_03,train/attack/digital_1/scan/turkiye-092_03.jpg,train,4,turkiye-031_03,test/attack/digital_3/scan/turkiye-031_03.jpg,internal_test
turkiye-092_03,train/attack/digital_1/scan/turkiye-092_03.jpg,train,4,turkiye-031_03,test/attack/digital_3/iphone15pro/turkiye-031_03.jpg,internal_test
turkiye-092_03,train/attack/digital_1/scan/turkiye-092_03.jpg,train,4,turkiye-115_03,test/attack/digital_3/scan/turkiye-115_03.jpg,internal_test
turkiye-092_03,train/attack/digital_1/scan/turkiye-092_03.jpg,train,4,turkiye-115_03,test/attack/digital_3/iphone15pro/turkiye-115_03.jpg,internal_test
turkiye-092_03,train/attack/digital_1/scan/turkiye-092_03.jpg,train,2,turkiye-121_03,test/attack/digital_3/huawei/turkiye-121_03.jpg,internal_test
turkiye-092_03,train/attack/digital_1/scan/turkiye-092_03.jpg,train,4,turkiye-121_03,test/attack/digital_3/iphone15pro/turkiye-121_03.jpg,internal_test
turkiye-126_03,train/attack/digital_1/scan/turkiye-126_03.jpg,train,4,turkiye-101_03,train/bonafide/iphone15pro/turkiye-101_03.jpg,dev
turkiye-126_03,train/attack/digital_1/scan/turkiye-126_03.jpg,train,4,turkiye-101_03,train/attack/digital_2/iphone15pro/turkiye-101_03.jpg,dev
turkiye-126_03,train/attack/digital_1/scan/turkiye-126_03.jpg,train,4,turkiye-101_03,train/attack/digital_1/iphone15pro/turkiye-101_03.jpg,dev
turkiye-126_03,train/attack/digital_1/scan/turkiye-126_03.jpg,train,4,turkiye-101_03,test/attack/digital_3/iphone15pro/turkiye-101_03.jpg,dev
turkiye-126_03,train/attack/digital_1/scan/turkiye-126_03.jpg,train,4,turkiye-121_03,train/bonafide/huawei/turkiye-121_03.jpg,internal_test
turkiye-126_03,train/attack/digital_1/scan/turkiye-126_03.jpg,train,4,turkiye-115_03,train/bonafide/iphone15pro/turkiye-115_03.jpg,internal_test
turkiye-126_03,train/attack/digital_1/scan/turkiye-126_03.jpg,train,4,turkiye-115_03,train/bonafide/scan/turkiye-115_03.jpg,internal_test
turkiye-126_03,train/attack/digital_1/scan/turkiye-126_03.jpg,train,2,turkiye-115_03,train/attack/digital_2/iphone15pro/turkiye-115_03.jpg,internal_test
turkiye-126_03,train/attack/digital_1/scan/turkiye-126_03.jpg,train,4,turkiye-115_03,train/attack/digital_2/scan/turkiye-115_03.jpg,internal_test
turkiye-126_03,train/attack/digital_1/scan/turkiye-126_03.jpg,train,4,turkiye-121_03,train/attack/digital_1/huawei/turkiye-121_03.jpg,internal_test
turkiye-126_03,train/attack/digital_1/scan/turkiye-126_03.jpg,train,4,turkiye-115_03,train/attack/digital_1/iphone15pro/turkiye-115_03.jpg,internal_test
turkiye-126_03,train/attack/digital_1/scan/turkiye-126_03.jpg,train,4,turkiye-115_03,train/attack/digital_1/scan/turkiye-115_03.jpg,internal_test
turkiye-126_03,train/attack/digital_1/scan/turkiye-126_03.jpg,train,4,turkiye-115_03,test/attack/digital_3/iphone15pro/turkiye-115_03.jpg,internal_test
turkiye-126_03,train/attack/digital_1/scan/turkiye-126_03.jpg,train,4,turkiye-121_03,test/attack/digital_3/huawei/turkiye-121_03.jpg,internal_test
turkiye-127_03,train/attack/digital_1/scan/turkiye-127_03.jpg,train,4,turkiye-041_03,train/bonafide/huawei/turkiye-041_03.jpg,dev
turkiye-127_03,train/attack/digital_1/scan/turkiye-127_03.jpg,train,4,turkiye-104_03,train/bonafide/huawei/turkiye-104_03.jpg,dev
turkiye-127_03,train/attack/digital_1/scan/turkiye-127_03.jpg,train,2,turkiye-041_03,train/bonafide/iphone15pro/turkiye-041_03.jpg,dev
turkiye-127_03,train/attack/digital_1/scan/turkiye-127_03.jpg,train,2,turkiye-101_03,train/bonafide/iphone15pro/turkiye-101_03.jpg,dev
turkiye-127_03,train/attack/digital_1/scan/turkiye-127_03.jpg,train,4,turkiye-041_03,train/bonafide/scan/turkiye-041_03.jpg,dev
turkiye-127_03,train/attack/digital_1/scan/turkiye-127_03.jpg,train,2,turkiye-101_03,train/bonafide/scan/turkiye-101_03.jpg,dev
turkiye-127_03,train/attack/digital_1/scan/turkiye-127_03.jpg,train,2,turkiye-041_03,train/attack/digital_2/iphone15pro/turkiye-041_03.jpg,dev
turkiye-127_03,train/attack/digital_1/scan/turkiye-127_03.jpg,train,2,turkiye-101_03,train/attack/digital_2/iphone15pro/turkiye-101_03.jpg,dev
turkiye-127_03,train/attack/digital_1/scan/turkiye-127_03.jpg,train,2,turkiye-041_03,train/attack/digital_2/scan/turkiye-041_03.jpg,dev
turkiye-127_03,train/attack/digital_1/scan/turkiye-127_03.jpg,train,4,turkiye-101_03,train/attack/digital_2/scan/turkiye-101_03.jpg,dev
turkiye-127_03,train/attack/digital_1/scan/turkiye-127_03.jpg,train,4,turkiye-041_03,train/attack/digital_2/huawei/turkiye-041_03.jpg,dev
turkiye-127_03,train/attack/digital_1/scan/turkiye-127_03.jpg,train,4,turkiye-041_03,train/attack/digital_1/huawei/turkiye-041_03.jpg,dev
turkiye-127_03,train/attack/digital_1/scan/turkiye-127_03.jpg,train,4,turkiye-101_03,train/attack/digital_1/huawei/turkiye-101_03.jpg,dev
turkiye-127_03,train/attack/digital_1/scan/turkiye-127_03.jpg,train,2,turkiye-041_03,train/attack/digital_1/iphone15pro/turkiye-041_03.jpg,dev
turkiye-127_03,train/attack/digital_1/scan/turkiye-127_03.jpg,train,2,turkiye-101_03,train/attack/digital_1/iphone15pro/turkiye-101_03.jpg,dev
turkiye-127_03,train/attack/digital_1/scan/turkiye-127_03.jpg,train,2,turkiye-041_03,train/attack/digital_1/scan/turkiye-041_03.jpg,dev
turkiye-127_03,train/attack/digital_1/scan/turkiye-127_03.jpg,train,2,turkiye-101_03,train/attack/digital_1/scan/turkiye-101_03.jpg,dev
turkiye-127_03,train/attack/digital_1/scan/turkiye-127_03.jpg,train,4,turkiye-104_03,train/attack/digital_1/scan/turkiye-104_03.jpg,dev
turkiye-127_03,train/attack/digital_1/scan/turkiye-127_03.jpg,train,4,turkiye-041_03,test/attack/digital_3/scan/turkiye-041_03.jpg,dev
turkiye-127_03,train/attack/digital_1/scan/turkiye-127_03.jpg,train,4,turkiye-041_03,test/attack/digital_3/huawei/turkiye-041_03.jpg,dev
turkiye-127_03,train/attack/digital_1/scan/turkiye-127_03.jpg,train,2,turkiye-041_03,test/attack/digital_3/iphone15pro/turkiye-041_03.jpg,dev
turkiye-127_03,train/attack/digital_1/scan/turkiye-127_03.jpg,train,4,turkiye-101_03,test/attack/digital_3/scan/turkiye-101_03.jpg,dev
turkiye-127_03,train/attack/digital_1/scan/turkiye-127_03.jpg,train,4,turkiye-101_03,test/attack/digital_3/huawei/turkiye-101_03.jpg,dev
turkiye-127_03,train/attack/digital_1/scan/turkiye-127_03.jpg,train,2,turkiye-101_03,test/attack/digital_3/iphone15pro/turkiye-101_03.jpg,dev
turkiye-127_03,train/attack/digital_1/scan/turkiye-127_03.jpg,train,4,turkiye-121_03,train/bonafide/huawei/turkiye-121_03.jpg,internal_test
turkiye-127_03,train/attack/digital_1/scan/turkiye-127_03.jpg,train,4,turkiye-031_03,train/bonafide/iphone15pro/turkiye-031_03.jpg,internal_test
turkiye-127_03,train/attack/digital_1/scan/turkiye-127_03.jpg,train,2,turkiye-115_03,train/bonafide/iphone15pro/turkiye-115_03.jpg,internal_test
turkiye-127_03,train/attack/digital_1/scan/turkiye-127_03.jpg,train,4,turkiye-031_03,train/bonafide/scan/turkiye-031_03.jpg,internal_test
turkiye-127_03,train/attack/digital_1/scan/turkiye-127_03.jpg,train,2,turkiye-115_03,train/bonafide/scan/turkiye-115_03.jpg,internal_test
turkiye-127_03,train/attack/digital_1/scan/turkiye-127_03.jpg,train,4,turkiye-115_03,train/attack/digital_2/iphone15pro/turkiye-115_03.jpg,internal_test
turkiye-127_03,train/attack/digital_1/scan/turkiye-127_03.jpg,train,4,turkiye-121_03,train/attack/digital_2/iphone15pro/turkiye-121_03.jpg,internal_test
turkiye-127_03,train/attack/digital_1/scan/turkiye-127_03.jpg,train,4,turkiye-031_03,train/attack/digital_2/iphone15pro/turkiye-031_03.jpg,internal_test
turkiye-127_03,train/attack/digital_1/scan/turkiye-127_03.jpg,train,2,turkiye-115_03,train/attack/digital_2/scan/turkiye-115_03.jpg,internal_test
turkiye-127_03,train/attack/digital_1/scan/turkiye-127_03.jpg,train,4,turkiye-031_03,train/attack/digital_2/scan/turkiye-031_03.jpg,internal_test
turkiye-127_03,train/attack/digital_1/scan/turkiye-127_03.jpg,train,4,turkiye-121_03,train/attack/digital_2/huawei/turkiye-121_03.jpg,internal_test
turkiye-127_03,train/attack/digital_1/scan/turkiye-127_03.jpg,train,4,turkiye-031_03,train/attack/digital_2/huawei/turkiye-031_03.jpg,internal_test
turkiye-127_03,train/attack/digital_1/scan/turkiye-127_03.jpg,train,4,turkiye-031_03,train/attack/digital_1/huawei/turkiye-031_03.jpg,internal_test
turkiye-127_03,train/attack/digital_1/scan/turkiye-127_03.jpg,train,4,turkiye-115_03,train/attack/digital_1/huawei/turkiye-115_03.jpg,internal_test
turkiye-127_03,train/attack/digital_1/scan/turkiye-127_03.jpg,train,4,turkiye-121_03,train/attack/digital_1/huawei/turkiye-121_03.jpg,internal_test
turkiye-127_03,train/attack/digital_1/scan/turkiye-127_03.jpg,train,4,turkiye-031_03,train/attack/digital_1/iphone15pro/turkiye-031_03.jpg,internal_test
turkiye-127_03,train/attack/digital_1/scan/turkiye-127_03.jpg,train,4,turkiye-115_03,train/attack/digital_1/iphone15pro/turkiye-115_03.jpg,internal_test
turkiye-127_03,train/attack/digital_1/scan/turkiye-127_03.jpg,train,4,turkiye-121_03,train/attack/digital_1/iphone15pro/turkiye-121_03.jpg,internal_test
turkiye-127_03,train/attack/digital_1/scan/turkiye-127_03.jpg,train,4,turkiye-031_03,train/attack/digital_1/scan/turkiye-031_03.jpg,internal_test
turkiye-127_03,train/attack/digital_1/scan/turkiye-127_03.jpg,train,4,turkiye-032_03,train/attack/digital_1/scan/turkiye-032_03.jpg,internal_test
turkiye-127_03,train/attack/digital_1/scan/turkiye-127_03.jpg,train,2,turkiye-115_03,train/attack/digital_1/scan/turkiye-115_03.jpg,internal_test
turkiye-127_03,train/attack/digital_1/scan/turkiye-127_03.jpg,train,4,turkiye-121_03,train/attack/digital_1/scan/turkiye-121_03.jpg,internal_test
turkiye-127_03,train/attack/digital_1/scan/turkiye-127_03.jpg,train,4,turkiye-031_03,test/attack/digital_3/scan/turkiye-031_03.jpg,internal_test
turkiye-127_03,train/attack/digital_1/scan/turkiye-127_03.jpg,train,4,turkiye-031_03,test/attack/digital_3/iphone15pro/turkiye-031_03.jpg,internal_test
turkiye-127_03,train/attack/digital_1/scan/turkiye-127_03.jpg,train,2,turkiye-115_03,test/attack/digital_3/scan/turkiye-115_03.jpg,internal_test
turkiye-127_03,train/attack/digital_1/scan/turkiye-127_03.jpg,train,2,turkiye-115_03,test/attack/digital_3/iphone15pro/turkiye-115_03.jpg,internal_test
turkiye-127_03,train/attack/digital_1/scan/turkiye-127_03.jpg,train,4,turkiye-121_03,test/attack/digital_3/huawei/turkiye-121_03.jpg,internal_test
turkiye-127_03,train/attack/digital_1/scan/turkiye-127_03.jpg,train,4,turkiye-121_03,test/attack/digital_3/iphone15pro/turkiye-121_03.jpg,internal_test
turkiye-129_03,train/attack/digital_1/scan/turkiye-129_03.jpg,train,4,turkiye-104_03,train/bonafide/huawei/turkiye-104_03.jpg,dev
turkiye-129_03,train/attack/digital_1/scan/turkiye-129_03.jpg,train,4,turkiye-104_03,train/attack/digital_2/iphone15pro/turkiye-104_03.jpg,dev
turkiye-129_03,train/attack/digital_1/scan/turkiye-129_03.jpg,train,4,turkiye-104_03,train/attack/digital_2/huawei/turkiye-104_03.jpg,dev
turkiye-129_03,train/attack/digital_1/scan/turkiye-129_03.jpg,train,4,turkiye-104_03,train/attack/digital_1/huawei/turkiye-104_03.jpg,dev
turkiye-129_03,train/attack/digital_1/scan/turkiye-129_03.jpg,train,4,turkiye-104_03,test/attack/digital_3/huawei/turkiye-104_03.jpg,dev
turkiye-130_03,train/attack/digital_1/scan/turkiye-130_03.jpg,train,4,turkiye-101_03,train/bonafide/huawei/turkiye-101_03.jpg,dev
turkiye-130_03,train/attack/digital_1/scan/turkiye-130_03.jpg,train,4,turkiye-104_03,train/bonafide/huawei/turkiye-104_03.jpg,dev
turkiye-130_03,train/attack/digital_1/scan/turkiye-130_03.jpg,train,4,turkiye-104_03,train/bonafide/scan/turkiye-104_03.jpg,dev
turkiye-130_03,train/attack/digital_1/scan/turkiye-130_03.jpg,train,4,turkiye-101_03,train/attack/digital_2/scan/turkiye-101_03.jpg,dev
turkiye-130_03,train/attack/digital_1/scan/turkiye-130_03.jpg,train,4,turkiye-101_03,train/attack/digital_2/huawei/turkiye-101_03.jpg,dev
turkiye-130_03,train/attack/digital_1/scan/turkiye-130_03.jpg,train,4,turkiye-104_03,train/attack/digital_1/huawei/turkiye-104_03.jpg,dev
turkiye-130_03,train/attack/digital_1/scan/turkiye-130_03.jpg,train,4,turkiye-101_03,test/attack/digital_3/scan/turkiye-101_03.jpg,dev
turkiye-130_03,train/attack/digital_1/scan/turkiye-130_03.jpg,train,4,turkiye-101_03,test/attack/digital_3/huawei/turkiye-101_03.jpg,dev
turkiye-130_03,train/attack/digital_1/scan/turkiye-130_03.jpg,train,4,turkiye-104_03,test/attack/digital_3/huawei/turkiye-104_03.jpg,dev
turkiye-130_03,train/attack/digital_1/scan/turkiye-130_03.jpg,train,4,turkiye-031_03,train/bonafide/huawei/turkiye-031_03.jpg,internal_test
turkiye-130_03,train/attack/digital_1/scan/turkiye-130_03.jpg,train,2,turkiye-115_03,train/bonafide/huawei/turkiye-115_03.jpg,internal_test
turkiye-130_03,train/attack/digital_1/scan/turkiye-130_03.jpg,train,4,turkiye-121_03,train/attack/digital_2/iphone15pro/turkiye-121_03.jpg,internal_test
turkiye-130_03,train/attack/digital_1/scan/turkiye-130_03.jpg,train,4,turkiye-115_03,train/attack/digital_2/huawei/turkiye-115_03.jpg,internal_test
turkiye-130_03,train/attack/digital_1/scan/turkiye-130_03.jpg,train,4,turkiye-031_03,train/attack/digital_2/huawei/turkiye-031_03.jpg,internal_test
turkiye-130_03,train/attack/digital_1/scan/turkiye-130_03.jpg,train,4,turkiye-031_03,train/attack/digital_1/huawei/turkiye-031_03.jpg,internal_test
turkiye-130_03,train/attack/digital_1/scan/turkiye-130_03.jpg,train,2,turkiye-031_03,test/attack/digital_3/huawei/turkiye-031_03.jpg,internal_test
turkiye-130_03,train/attack/digital_1/scan/turkiye-130_03.jpg,train,2,turkiye-115_03,test/attack/digital_3/huawei/turkiye-115_03.jpg,internal_test
turkiye-130_03,train/attack/digital_1/scan/turkiye-130_03.jpg,train,4,turkiye-121_03,test/attack/digital_3/iphone15pro/turkiye-121_03.jpg,internal_test
turkiye-138_03,train/attack/digital_1/scan/turkiye-138_03.jpg,train,4,turkiye-115_03,train/bonafide/huawei/turkiye-115_03.jpg,internal_test
turkiye-138_03,train/attack/digital_1/scan/turkiye-138_03.jpg,train,4,turkiye-031_03,test/attack/digital_3/huawei/turkiye-031_03.jpg,internal_test
turkiye-138_03,train/attack/digital_1/scan/turkiye-138_03.jpg,train,4,turkiye-115_03,test/attack/digital_3/huawei/turkiye-115_03.jpg,internal_test
ukraine-NF-1005,train/attack/digital_1/scan/ukraine-NF-1005.jpg,train,2,ukraine-NF-1057,train/bonafide/huawei/ukraine-NF-1057.jpg,dev
ukraine-NF-1005,train/attack/digital_1/scan/ukraine-NF-1005.jpg,train,2,ukraine-NF-1057,train/bonafide/iphone15pro/ukraine-NF-1057.jpg,dev
ukraine-NF-1005,train/attack/digital_1/scan/ukraine-NF-1005.jpg,train,2,ukraine-NF-1057,train/bonafide/scan/ukraine-NF-1057.jpg,dev
ukraine-NF-1005,train/attack/digital_1/scan/ukraine-NF-1005.jpg,train,2,ukraine-NF-1057,train/attack/digital_2/iphone15pro/ukraine-NF-1057.jpg,dev
ukraine-NF-1005,train/attack/digital_1/scan/ukraine-NF-1005.jpg,train,0,ukraine-NF-1057,train/attack/digital_2/scan/ukraine-NF-1057.jpg,dev
ukraine-NF-1005,train/attack/digital_1/scan/ukraine-NF-1005.jpg,train,0,ukraine-NF-1057,train/attack/digital_2/huawei/ukraine-NF-1057.jpg,dev
ukraine-NF-1005,train/attack/digital_1/scan/ukraine-NF-1005.jpg,train,2,ukraine-NF-1057,train/attack/digital_1/huawei/ukraine-NF-1057.jpg,dev
ukraine-NF-1005,train/attack/digital_1/scan/ukraine-NF-1005.jpg,train,2,ukraine-NF-1057,train/attack/digital_1/iphone15pro/ukraine-NF-1057.jpg,dev
ukraine-NF-1005,train/attack/digital_1/scan/ukraine-NF-1005.jpg,train,0,ukraine-NF-1057,train/attack/digital_1/scan/ukraine-NF-1057.jpg,dev
ukraine-NF-1005,train/attack/digital_1/scan/ukraine-NF-1005.jpg,train,2,ukraine-NF-1057,test/attack/digital_3/scan/ukraine-NF-1057.jpg,dev
ukraine-NF-1005,train/attack/digital_1/scan/ukraine-NF-1005.jpg,train,2,ukraine-NF-1057,test/attack/digital_3/huawei/ukraine-NF-1057.jpg,dev
ukraine-NF-1005,train/attack/digital_1/scan/ukraine-NF-1005.jpg,train,2,ukraine-NF-1057,test/attack/digital_3/iphone15pro/ukraine-NF-1057.jpg,dev
ukraine-NF-1021,train/attack/digital_1/scan/ukraine-NF-1021.jpg,train,4,ukraine-NF-1057,train/bonafide/huawei/ukraine-NF-1057.jpg,dev
ukraine-NF-1021,train/attack/digital_1/scan/ukraine-NF-1021.jpg,train,4,ukraine-NF-1057,train/bonafide/iphone15pro/ukraine-NF-1057.jpg,dev
ukraine-NF-1021,train/attack/digital_1/scan/ukraine-NF-1021.jpg,train,2,ukraine-NF-1057,train/bonafide/scan/ukraine-NF-1057.jpg,dev
ukraine-NF-1021,train/attack/digital_1/scan/ukraine-NF-1021.jpg,train,4,ukraine-NF-1057,train/attack/digital_2/iphone15pro/ukraine-NF-1057.jpg,dev
ukraine-NF-1021,train/attack/digital_1/scan/ukraine-NF-1021.jpg,train,4,ukraine-NF-1057,train/attack/digital_2/scan/ukraine-NF-1057.jpg,dev
ukraine-NF-1021,train/attack/digital_1/scan/ukraine-NF-1021.jpg,train,4,ukraine-NF-1057,train/attack/digital_2/huawei/ukraine-NF-1057.jpg,dev
ukraine-NF-1021,train/attack/digital_1/scan/ukraine-NF-1021.jpg,train,4,ukraine-NF-1057,train/attack/digital_1/huawei/ukraine-NF-1057.jpg,dev
ukraine-NF-1021,train/attack/digital_1/scan/ukraine-NF-1021.jpg,train,4,ukraine-NF-1057,train/attack/digital_1/iphone15pro/ukraine-NF-1057.jpg,dev
ukraine-NF-1021,train/attack/digital_1/scan/ukraine-NF-1021.jpg,train,4,ukraine-NF-1057,train/attack/digital_1/scan/ukraine-NF-1057.jpg,dev
ukraine-NF-1021,train/attack/digital_1/scan/ukraine-NF-1021.jpg,train,2,ukraine-NF-1057,test/attack/digital_3/scan/ukraine-NF-1057.jpg,dev
ukraine-NF-1021,train/attack/digital_1/scan/ukraine-NF-1021.jpg,train,4,ukraine-NF-1057,test/attack/digital_3/huawei/ukraine-NF-1057.jpg,dev
ukraine-NF-1021,train/attack/digital_1/scan/ukraine-NF-1021.jpg,train,4,ukraine-NF-1057,test/attack/digital_3/iphone15pro/ukraine-NF-1057.jpg,dev
ukraine-NF-1032,train/attack/digital_1/scan/ukraine-NF-1032.jpg,train,4,ukraine-NF-1057,train/bonafide/iphone15pro/ukraine-NF-1057.jpg,dev
ukraine-NF-1032,train/attack/digital_1/scan/ukraine-NF-1032.jpg,train,4,ukraine-NF-1057,train/attack/digital_2/iphone15pro/ukraine-NF-1057.jpg,dev
ukraine-NF-1032,train/attack/digital_1/scan/ukraine-NF-1032.jpg,train,4,ukraine-NF-1057,train/attack/digital_1/huawei/ukraine-NF-1057.jpg,dev
ukraine-NF-1032,train/attack/digital_1/scan/ukraine-NF-1032.jpg,train,4,ukraine-NF-1057,train/attack/digital_1/iphone15pro/ukraine-NF-1057.jpg,dev
ukraine-NF-1032,train/attack/digital_1/scan/ukraine-NF-1032.jpg,train,4,ukraine-NF-1057,test/attack/digital_3/iphone15pro/ukraine-NF-1057.jpg,dev
usa-011_03,train/attack/digital_1/scan/usa-011_03.jpg,train,0,usa-134_03,train/bonafide/scan/usa-134_03.jpg,dev
usa-011_03,train/attack/digital_1/scan/usa-011_03.jpg,train,0,usa-134_03,train/attack/digital_2/scan/usa-134_03.jpg,dev
usa-011_03,train/attack/digital_1/scan/usa-011_03.jpg,train,0,usa-134_03,train/attack/digital_1/scan/usa-134_03.jpg,dev
usa-011_03,train/attack/digital_1/scan/usa-011_03.jpg,train,0,usa-134_03,test/attack/digital_3/scan/usa-134_03.jpg,dev
usa-016_03,train/attack/digital_1/scan/usa-016_03.jpg,train,4,usa-134_03,train/bonafide/scan/usa-134_03.jpg,dev
usa-016_03,train/attack/digital_1/scan/usa-016_03.jpg,train,4,usa-134_03,train/attack/digital_2/scan/usa-134_03.jpg,dev
usa-016_03,train/attack/digital_1/scan/usa-016_03.jpg,train,4,usa-134_03,train/attack/digital_1/scan/usa-134_03.jpg,dev
usa-016_03,train/attack/digital_1/scan/usa-016_03.jpg,train,4,usa-134_03,test/attack/digital_3/scan/usa-134_03.jpg,dev
usa-016_03,train/attack/digital_1/scan/usa-016_03.jpg,train,4,usa-NF-1094,train/attack/digital_1/huawei/usa-NF-1094.jpg,internal_test
usa-063_03,train/attack/digital_1/scan/usa-063_03.jpg,train,2,usa-134_03,train/bonafide/scan/usa-134_03.jpg,dev
usa-063_03,train/attack/digital_1/scan/usa-063_03.jpg,train,2,usa-134_03,train/attack/digital_2/scan/usa-134_03.jpg,dev
usa-063_03,train/attack/digital_1/scan/usa-063_03.jpg,train,2,usa-134_03,train/attack/digital_1/scan/usa-134_03.jpg,dev
usa-063_03,train/attack/digital_1/scan/usa-063_03.jpg,train,2,usa-134_03,test/attack/digital_3/scan/usa-134_03.jpg,dev
usa-NF-1004,train/attack/digital_1/scan/usa-NF-1004.jpg,train,4,usa-NM-1052,train/attack/digital_1/iphone15pro/usa-NM-1052.jpg,dev
usa-NF-1004,train/attack/digital_1/scan/usa-NF-1004.jpg,train,4,usa-NM-1052,train/attack/digital_1/scan/usa-NM-1052.jpg,dev
usa-NF-1093,train/attack/digital_1/scan/usa-NF-1093.jpg,train,4,usa-NF-1094,train/bonafide/scan/usa-NF-1094.jpg,internal_test
usa-NF-1093,train/attack/digital_1/scan/usa-NF-1093.jpg,train,2,usa-NF-1094,train/attack/digital_2/scan/usa-NF-1094.jpg,internal_test
usa-NF-1093,train/attack/digital_1/scan/usa-NF-1093.jpg,train,4,usa-NF-1094,test/attack/digital_3/scan/usa-NF-1094.jpg,internal_test
french-100_03,train/attack/digital_1/scan/french-100_03.jpg,train,4,french-068_03,test/attack/digital_3/scan/french-068_03.jpg,internal_test
french-135_03,train/attack/digital_1/scan/french-135_03.jpg,train,2,french-033_03,train/bonafide/iphone15pro/french-033_03.jpg,dev
french-135_03,train/attack/digital_1/scan/french-135_03.jpg,train,2,french-033_03,train/bonafide/scan/french-033_03.jpg,dev
french-135_03,train/attack/digital_1/scan/french-135_03.jpg,train,2,french-033_03,train/attack/digital_2/iphone15pro/french-033_03.jpg,dev
french-135_03,train/attack/digital_1/scan/french-135_03.jpg,train,2,french-033_03,train/attack/digital_2/scan/french-033_03.jpg,dev
french-135_03,train/attack/digital_1/scan/french-135_03.jpg,train,2,french-033_03,train/attack/digital_1/iphone15pro/french-033_03.jpg,dev
french-135_03,train/attack/digital_1/scan/french-135_03.jpg,train,4,french-033_03,train/attack/digital_1/scan/french-033_03.jpg,dev
french-135_03,train/attack/digital_1/scan/french-135_03.jpg,train,2,french-033_03,test/attack/digital_3/scan/french-033_03.jpg,dev
french-135_03,train/attack/digital_1/scan/french-135_03.jpg,train,2,french-033_03,test/attack/digital_3/iphone15pro/french-033_03.jpg,dev
french-135_03,train/attack/digital_1/scan/french-135_03.jpg,train,4,french-114_03,test/attack/digital_3/iphone15pro/french-114_03.jpg,dev
french-135_03,train/attack/digital_1/scan/french-135_03.jpg,train,4,french-019_03,train/bonafide/huawei/french-019_03.jpg,internal_test
french-135_03,train/attack/digital_1/scan/french-135_03.jpg,train,2,french-019_03,train/bonafide/iphone15pro/french-019_03.jpg,internal_test
french-135_03,train/attack/digital_1/scan/french-135_03.jpg,train,2,french-022_03,train/bonafide/iphone15pro/french-022_03.jpg,internal_test
french-135_03,train/attack/digital_1/scan/french-135_03.jpg,train,4,french-068_03,train/bonafide/iphone15pro/french-068_03.jpg,internal_test
french-135_03,train/attack/digital_1/scan/french-135_03.jpg,train,2,french-019_03,train/attack/digital_2/iphone15pro/french-019_03.jpg,internal_test
french-135_03,train/attack/digital_1/scan/french-135_03.jpg,train,4,french-068_03,train/attack/digital_2/iphone15pro/french-068_03.jpg,internal_test
french-135_03,train/attack/digital_1/scan/french-135_03.jpg,train,2,french-022_03,train/attack/digital_2/iphone15pro/french-022_03.jpg,internal_test
french-135_03,train/attack/digital_1/scan/french-135_03.jpg,train,2,french-019_03,train/attack/digital_1/huawei/french-019_03.jpg,internal_test
french-135_03,train/attack/digital_1/scan/french-135_03.jpg,train,2,french-019_03,train/attack/digital_1/iphone15pro/french-019_03.jpg,internal_test
french-135_03,train/attack/digital_1/scan/french-135_03.jpg,train,2,french-022_03,train/attack/digital_1/iphone15pro/french-022_03.jpg,internal_test
french-135_03,train/attack/digital_1/scan/french-135_03.jpg,train,4,french-068_03,train/attack/digital_1/iphone15pro/french-068_03.jpg,internal_test
french-135_03,train/attack/digital_1/scan/french-135_03.jpg,train,4,french-019_03,test/attack/digital_3/huawei/french-019_03.jpg,internal_test
french-135_03,train/attack/digital_1/scan/french-135_03.jpg,train,2,french-019_03,test/attack/digital_3/iphone15pro/french-019_03.jpg,internal_test
french-135_03,train/attack/digital_1/scan/french-135_03.jpg,train,2,french-022_03,test/attack/digital_3/iphone15pro/french-022_03.jpg,internal_test
french-135_03,train/attack/digital_1/scan/french-135_03.jpg,train,4,french-068_03,test/attack/digital_3/iphone15pro/french-068_03.jpg,internal_test
chinese-039_03,train/bonafide/huawei/chinese-039_03.jpg,dev,4,chinese-020_03,train/bonafide/huawei/chinese-020_03.jpg,internal_test
chinese-039_03,train/bonafide/huawei/chinese-039_03.jpg,dev,4,chinese-020_03,train/attack/digital_2/huawei/chinese-020_03.jpg,internal_test
chinese-039_03,train/bonafide/huawei/chinese-039_03.jpg,dev,4,chinese-020_03,train/attack/digital_1/huawei/chinese-020_03.jpg,internal_test
chinese-039_03,train/bonafide/huawei/chinese-039_03.jpg,dev,4,chinese-020_03,train/attack/digital_1/iphone15pro/chinese-020_03.jpg,internal_test
chinese-039_03,train/bonafide/huawei/chinese-039_03.jpg,dev,4,chinese-020_03,test/attack/digital_3/huawei/chinese-020_03.jpg,internal_test
chinese-142_03,train/bonafide/huawei/chinese-142_03.jpg,dev,2,chinese-020_03,train/bonafide/huawei/chinese-020_03.jpg,internal_test
chinese-142_03,train/bonafide/huawei/chinese-142_03.jpg,dev,4,chinese-020_03,train/bonafide/iphone15pro/chinese-020_03.jpg,internal_test
chinese-142_03,train/bonafide/huawei/chinese-142_03.jpg,dev,4,chinese-020_03,train/bonafide/scan/chinese-020_03.jpg,internal_test
chinese-142_03,train/bonafide/huawei/chinese-142_03.jpg,dev,4,chinese-020_03,train/attack/digital_2/iphone15pro/chinese-020_03.jpg,internal_test
chinese-142_03,train/bonafide/huawei/chinese-142_03.jpg,dev,4,chinese-020_03,train/attack/digital_2/scan/chinese-020_03.jpg,internal_test
chinese-142_03,train/bonafide/huawei/chinese-142_03.jpg,dev,2,chinese-020_03,train/attack/digital_2/huawei/chinese-020_03.jpg,internal_test
chinese-142_03,train/bonafide/huawei/chinese-142_03.jpg,dev,4,chinese-020_03,train/attack/digital_1/huawei/chinese-020_03.jpg,internal_test
chinese-142_03,train/bonafide/huawei/chinese-142_03.jpg,dev,4,chinese-020_03,train/attack/digital_1/iphone15pro/chinese-020_03.jpg,internal_test
chinese-142_03,train/bonafide/huawei/chinese-142_03.jpg,dev,4,chinese-020_03,test/attack/digital_3/scan/chinese-020_03.jpg,internal_test
chinese-142_03,train/bonafide/huawei/chinese-142_03.jpg,dev,2,chinese-020_03,test/attack/digital_3/huawei/chinese-020_03.jpg,internal_test
chinese-142_03,train/bonafide/huawei/chinese-142_03.jpg,dev,4,chinese-020_03,test/attack/digital_3/iphone15pro/chinese-020_03.jpg,internal_test
french-033_03,train/bonafide/huawei/french-033_03.jpg,dev,2,french-022_03,train/bonafide/huawei/french-022_03.jpg,internal_test
french-033_03,train/bonafide/huawei/french-033_03.jpg,dev,2,french-068_03,train/bonafide/huawei/french-068_03.jpg,internal_test
french-033_03,train/bonafide/huawei/french-033_03.jpg,dev,4,french-128_03,train/bonafide/huawei/french-128_03.jpg,internal_test
french-033_03,train/bonafide/huawei/french-033_03.jpg,dev,4,french-022_03,train/bonafide/scan/french-022_03.jpg,internal_test
french-033_03,train/bonafide/huawei/french-033_03.jpg,dev,4,french-022_03,train/attack/digital_2/scan/french-022_03.jpg,internal_test
french-033_03,train/bonafide/huawei/french-033_03.jpg,dev,2,french-068_03,train/attack/digital_2/huawei/french-068_03.jpg,internal_test
french-033_03,train/bonafide/huawei/french-033_03.jpg,dev,4,french-128_03,train/attack/digital_2/huawei/french-128_03.jpg,internal_test
french-033_03,train/bonafide/huawei/french-033_03.jpg,dev,2,french-022_03,train/attack/digital_2/huawei/french-022_03.jpg,internal_test
french-033_03,train/bonafide/huawei/french-033_03.jpg,dev,4,french-019_03,train/attack/digital_1/huawei/french-019_03.jpg,internal_test
french-033_03,train/bonafide/huawei/french-033_03.jpg,dev,2,french-022_03,train/attack/digital_1/huawei/french-022_03.jpg,internal_test
french-033_03,train/bonafide/huawei/french-033_03.jpg,dev,2,french-068_03,train/attack/digital_1/huawei/french-068_03.jpg,internal_test
french-033_03,train/bonafide/huawei/french-033_03.jpg,dev,4,french-128_03,train/attack/digital_1/huawei/french-128_03.jpg,internal_test
french-033_03,train/bonafide/huawei/french-033_03.jpg,dev,4,french-022_03,train/attack/digital_1/scan/french-022_03.jpg,internal_test
french-033_03,train/bonafide/huawei/french-033_03.jpg,dev,4,french-128_03,train/attack/digital_1/scan/french-128_03.jpg,internal_test
french-033_03,train/bonafide/huawei/french-033_03.jpg,dev,4,french-022_03,test/attack/digital_3/scan/french-022_03.jpg,internal_test
french-033_03,train/bonafide/huawei/french-033_03.jpg,dev,2,french-022_03,test/attack/digital_3/huawei/french-022_03.jpg,internal_test
french-033_03,train/bonafide/huawei/french-033_03.jpg,dev,2,french-068_03,test/attack/digital_3/huawei/french-068_03.jpg,internal_test
french-114_03,train/bonafide/huawei/french-114_03.jpg,dev,4,french-068_03,train/bonafide/huawei/french-068_03.jpg,internal_test
french-114_03,train/bonafide/huawei/french-114_03.jpg,dev,4,french-128_03,train/bonafide/scan/french-128_03.jpg,internal_test
french-114_03,train/bonafide/huawei/french-114_03.jpg,dev,4,french-068_03,train/attack/digital_2/huawei/french-068_03.jpg,internal_test
french-114_03,train/bonafide/huawei/french-114_03.jpg,dev,4,french-068_03,train/attack/digital_1/huawei/french-068_03.jpg,internal_test
french-114_03,train/bonafide/huawei/french-114_03.jpg,dev,4,french-068_03,train/attack/digital_1/iphone15pro/french-068_03.jpg,internal_test
french-114_03,train/bonafide/huawei/french-114_03.jpg,dev,4,french-068_03,test/attack/digital_3/huawei/french-068_03.jpg,internal_test
french-114_03,train/bonafide/huawei/french-114_03.jpg,dev,4,french-068_03,test/attack/digital_3/iphone15pro/french-068_03.jpg,internal_test
french-114_03,train/bonafide/huawei/french-114_03.jpg,dev,4,french-128_03,test/attack/digital_3/huawei/french-128_03.jpg,internal_test
portugal-172_03,train/bonafide/huawei/portugal-172_03.jpg,dev,4,portugal-070_03,train/bonafide/iphone15pro/portugal-070_03.jpg,internal_test
portugal-172_03,train/bonafide/huawei/portugal-172_03.jpg,dev,4,portugal-070_03,train/bonafide/scan/portugal-070_03.jpg,internal_test
portugal-172_03,train/bonafide/huawei/portugal-172_03.jpg,dev,2,portugal-070_03,train/attack/digital_2/iphone15pro/portugal-070_03.jpg,internal_test
portugal-172_03,train/bonafide/huawei/portugal-172_03.jpg,dev,4,portugal-070_03,train/attack/digital_2/scan/portugal-070_03.jpg,internal_test
portugal-172_03,train/bonafide/huawei/portugal-172_03.jpg,dev,4,portugal-070_03,test/attack/digital_3/scan/portugal-070_03.jpg,internal_test
portugal-172_03,train/bonafide/huawei/portugal-172_03.jpg,dev,4,portugal-070_03,test/attack/digital_3/iphone15pro/portugal-070_03.jpg,internal_test
turkiye-041_03,train/bonafide/huawei/turkiye-041_03.jpg,dev,4,turkiye-115_03,train/attack/digital_2/huawei/turkiye-115_03.jpg,internal_test
turkiye-041_03,train/bonafide/huawei/turkiye-041_03.jpg,dev,4,turkiye-031_03,train/attack/digital_1/huawei/turkiye-031_03.jpg,internal_test
turkiye-041_03,train/bonafide/huawei/turkiye-041_03.jpg,dev,4,turkiye-115_03,train/attack/digital_1/huawei/turkiye-115_03.jpg,internal_test
turkiye-101_03,train/bonafide/huawei/turkiye-101_03.jpg,dev,4,turkiye-115_03,train/bonafide/huawei/turkiye-115_03.jpg,internal_test
turkiye-101_03,train/bonafide/huawei/turkiye-101_03.jpg,dev,4,turkiye-115_03,train/attack/digital_2/huawei/turkiye-115_03.jpg,internal_test
turkiye-101_03,train/bonafide/huawei/turkiye-101_03.jpg,dev,4,turkiye-031_03,train/attack/digital_1/huawei/turkiye-031_03.jpg,internal_test
turkiye-101_03,train/bonafide/huawei/turkiye-101_03.jpg,dev,4,turkiye-115_03,train/attack/digital_1/huawei/turkiye-115_03.jpg,internal_test
turkiye-101_03,train/bonafide/huawei/turkiye-101_03.jpg,dev,4,turkiye-031_03,test/attack/digital_3/huawei/turkiye-031_03.jpg,internal_test
turkiye-101_03,train/bonafide/huawei/turkiye-101_03.jpg,dev,4,turkiye-115_03,test/attack/digital_3/scan/turkiye-115_03.jpg,internal_test
turkiye-101_03,train/bonafide/huawei/turkiye-101_03.jpg,dev,4,turkiye-115_03,test/attack/digital_3/huawei/turkiye-115_03.jpg,internal_test
turkiye-104_03,train/bonafide/huawei/turkiye-104_03.jpg,dev,4,turkiye-115_03,train/bonafide/huawei/turkiye-115_03.jpg,internal_test
turkiye-104_03,train/bonafide/huawei/turkiye-104_03.jpg,dev,4,turkiye-031_03,train/bonafide/iphone15pro/turkiye-031_03.jpg,internal_test
turkiye-104_03,train/bonafide/huawei/turkiye-104_03.jpg,dev,4,turkiye-115_03,train/bonafide/iphone15pro/turkiye-115_03.jpg,internal_test
turkiye-104_03,train/bonafide/huawei/turkiye-104_03.jpg,dev,4,turkiye-031_03,train/bonafide/scan/turkiye-031_03.jpg,internal_test
turkiye-104_03,train/bonafide/huawei/turkiye-104_03.jpg,dev,4,turkiye-115_03,train/bonafide/scan/turkiye-115_03.jpg,internal_test
turkiye-104_03,train/bonafide/huawei/turkiye-104_03.jpg,dev,4,turkiye-121_03,train/attack/digital_2/iphone15pro/turkiye-121_03.jpg,internal_test
turkiye-104_03,train/bonafide/huawei/turkiye-104_03.jpg,dev,4,turkiye-031_03,train/attack/digital_2/iphone15pro/turkiye-031_03.jpg,internal_test
turkiye-104_03,train/bonafide/huawei/turkiye-104_03.jpg,dev,4,turkiye-115_03,train/attack/digital_2/scan/turkiye-115_03.jpg,internal_test
turkiye-104_03,train/bonafide/huawei/turkiye-104_03.jpg,dev,4,turkiye-031_03,train/attack/digital_2/scan/turkiye-031_03.jpg,internal_test
turkiye-104_03,train/bonafide/huawei/turkiye-104_03.jpg,dev,4,turkiye-031_03,train/attack/digital_2/huawei/turkiye-031_03.jpg,internal_test
turkiye-104_03,train/bonafide/huawei/turkiye-104_03.jpg,dev,4,turkiye-031_03,train/attack/digital_1/huawei/turkiye-031_03.jpg,internal_test
turkiye-104_03,train/bonafide/huawei/turkiye-104_03.jpg,dev,4,turkiye-115_03,train/attack/digital_1/huawei/turkiye-115_03.jpg,internal_test
turkiye-104_03,train/bonafide/huawei/turkiye-104_03.jpg,dev,4,turkiye-115_03,train/attack/digital_1/iphone15pro/turkiye-115_03.jpg,internal_test
turkiye-104_03,train/bonafide/huawei/turkiye-104_03.jpg,dev,4,turkiye-121_03,train/attack/digital_1/iphone15pro/turkiye-121_03.jpg,internal_test
turkiye-104_03,train/bonafide/huawei/turkiye-104_03.jpg,dev,4,turkiye-115_03,train/attack/digital_1/scan/turkiye-115_03.jpg,internal_test
turkiye-104_03,train/bonafide/huawei/turkiye-104_03.jpg,dev,4,turkiye-031_03,test/attack/digital_3/scan/turkiye-031_03.jpg,internal_test
turkiye-104_03,train/bonafide/huawei/turkiye-104_03.jpg,dev,4,turkiye-031_03,test/attack/digital_3/huawei/turkiye-031_03.jpg,internal_test
turkiye-104_03,train/bonafide/huawei/turkiye-104_03.jpg,dev,4,turkiye-031_03,test/attack/digital_3/iphone15pro/turkiye-031_03.jpg,internal_test
turkiye-104_03,train/bonafide/huawei/turkiye-104_03.jpg,dev,2,turkiye-115_03,test/attack/digital_3/scan/turkiye-115_03.jpg,internal_test
turkiye-104_03,train/bonafide/huawei/turkiye-104_03.jpg,dev,4,turkiye-115_03,test/attack/digital_3/huawei/turkiye-115_03.jpg,internal_test
turkiye-104_03,train/bonafide/huawei/turkiye-104_03.jpg,dev,4,turkiye-121_03,test/attack/digital_3/iphone15pro/turkiye-121_03.jpg,internal_test
chinese-039_03,train/bonafide/iphone15pro/chinese-039_03.jpg,dev,4,chinese-020_03,train/bonafide/iphone15pro/chinese-020_03.jpg,internal_test
chinese-039_03,train/bonafide/iphone15pro/chinese-039_03.jpg,dev,4,chinese-020_03,train/attack/digital_2/iphone15pro/chinese-020_03.jpg,internal_test
chinese-039_03,train/bonafide/iphone15pro/chinese-039_03.jpg,dev,4,chinese-020_03,train/attack/digital_1/iphone15pro/chinese-020_03.jpg,internal_test
chinese-039_03,train/bonafide/iphone15pro/chinese-039_03.jpg,dev,4,chinese-020_03,test/attack/digital_3/iphone15pro/chinese-020_03.jpg,internal_test
chinese-142_03,train/bonafide/iphone15pro/chinese-142_03.jpg,dev,4,chinese-099_03,train/attack/digital_2/scan/chinese-099_03.jpg,internal_test
chinese-142_03,train/bonafide/iphone15pro/chinese-142_03.jpg,dev,4,chinese-099_03,test/attack/digital_3/iphone15pro/chinese-099_03.jpg,internal_test
french-033_03,train/bonafide/iphone15pro/french-033_03.jpg,dev,4,french-022_03,train/bonafide/huawei/french-022_03.jpg,internal_test
french-033_03,train/bonafide/iphone15pro/french-033_03.jpg,dev,4,french-068_03,train/bonafide/huawei/french-068_03.jpg,internal_test
french-033_03,train/bonafide/iphone15pro/french-033_03.jpg,dev,2,french-019_03,train/bonafide/iphone15pro/french-019_03.jpg,internal_test
french-033_03,train/bonafide/iphone15pro/french-033_03.jpg,dev,2,french-022_03,train/bonafide/iphone15pro/french-022_03.jpg,internal_test
french-033_03,train/bonafide/iphone15pro/french-033_03.jpg,dev,2,french-068_03,train/bonafide/iphone15pro/french-068_03.jpg,internal_test
french-033_03,train/bonafide/iphone15pro/french-033_03.jpg,dev,4,french-128_03,train/bonafide/iphone15pro/french-128_03.jpg,internal_test
french-033_03,train/bonafide/iphone15pro/french-033_03.jpg,dev,4,french-019_03,train/attack/digital_2/iphone15pro/french-019_03.jpg,internal_test
french-033_03,train/bonafide/iphone15pro/french-033_03.jpg,dev,4,french-068_03,train/attack/digital_2/iphone15pro/french-068_03.jpg,internal_test
french-033_03,train/bonafide/iphone15pro/french-033_03.jpg,dev,4,french-128_03,train/attack/digital_2/iphone15pro/french-128_03.jpg,internal_test
french-033_03,train/bonafide/iphone15pro/french-033_03.jpg,dev,2,french-022_03,train/attack/digital_2/iphone15pro/french-022_03.jpg,internal_test
french-033_03,train/bonafide/iphone15pro/french-033_03.jpg,dev,4,french-068_03,train/attack/digital_2/huawei/french-068_03.jpg,internal_test
french-033_03,train/bonafide/iphone15pro/french-033_03.jpg,dev,4,french-022_03,train/attack/digital_2/huawei/french-022_03.jpg,internal_test
french-033_03,train/bonafide/iphone15pro/french-033_03.jpg,dev,4,french-019_03,train/attack/digital_1/huawei/french-019_03.jpg,internal_test
french-033_03,train/bonafide/iphone15pro/french-033_03.jpg,dev,4,french-022_03,train/attack/digital_1/huawei/french-022_03.jpg,internal_test
french-033_03,train/bonafide/iphone15pro/french-033_03.jpg,dev,4,french-068_03,train/attack/digital_1/huawei/french-068_03.jpg,internal_test
french-033_03,train/bonafide/iphone15pro/french-033_03.jpg,dev,4,french-019_03,train/attack/digital_1/iphone15pro/french-019_03.jpg,internal_test
french-033_03,train/bonafide/iphone15pro/french-033_03.jpg,dev,2,french-022_03,train/attack/digital_1/iphone15pro/french-022_03.jpg,internal_test
french-033_03,train/bonafide/iphone15pro/french-033_03.jpg,dev,2,french-068_03,train/attack/digital_1/iphone15pro/french-068_03.jpg,internal_test
french-033_03,train/bonafide/iphone15pro/french-033_03.jpg,dev,4,french-128_03,train/attack/digital_1/iphone15pro/french-128_03.jpg,internal_test
french-033_03,train/bonafide/iphone15pro/french-033_03.jpg,dev,2,french-019_03,test/attack/digital_3/iphone15pro/french-019_03.jpg,internal_test
french-033_03,train/bonafide/iphone15pro/french-033_03.jpg,dev,4,french-022_03,test/attack/digital_3/huawei/french-022_03.jpg,internal_test
french-033_03,train/bonafide/iphone15pro/french-033_03.jpg,dev,2,french-022_03,test/attack/digital_3/iphone15pro/french-022_03.jpg,internal_test
french-033_03,train/bonafide/iphone15pro/french-033_03.jpg,dev,4,french-068_03,test/attack/digital_3/huawei/french-068_03.jpg,internal_test
french-033_03,train/bonafide/iphone15pro/french-033_03.jpg,dev,4,french-068_03,test/attack/digital_3/iphone15pro/french-068_03.jpg,internal_test
portugal-172_03,train/bonafide/iphone15pro/portugal-172_03.jpg,dev,4,portugal-070_03,train/bonafide/iphone15pro/portugal-070_03.jpg,internal_test
portugal-172_03,train/bonafide/iphone15pro/portugal-172_03.jpg,dev,4,portugal-070_03,train/bonafide/scan/portugal-070_03.jpg,internal_test
portugal-172_03,train/bonafide/iphone15pro/portugal-172_03.jpg,dev,4,portugal-070_03,train/attack/digital_2/iphone15pro/portugal-070_03.jpg,internal_test
portugal-172_03,train/bonafide/iphone15pro/portugal-172_03.jpg,dev,4,portugal-119_03,train/attack/digital_2/scan/portugal-119_03.jpg,internal_test
portugal-172_03,train/bonafide/iphone15pro/portugal-172_03.jpg,dev,4,portugal-070_03,train/attack/digital_2/scan/portugal-070_03.jpg,internal_test
portugal-172_03,train/bonafide/iphone15pro/portugal-172_03.jpg,dev,4,portugal-070_03,train/attack/digital_1/iphone15pro/portugal-070_03.jpg,internal_test
portugal-172_03,train/bonafide/iphone15pro/portugal-172_03.jpg,dev,4,portugal-070_03,train/attack/digital_1/scan/portugal-070_03.jpg,internal_test
portugal-172_03,train/bonafide/iphone15pro/portugal-172_03.jpg,dev,4,portugal-119_03,train/attack/digital_1/scan/portugal-119_03.jpg,internal_test
portugal-172_03,train/bonafide/iphone15pro/portugal-172_03.jpg,dev,4,portugal-070_03,test/attack/digital_3/scan/portugal-070_03.jpg,internal_test
portugal-172_03,train/bonafide/iphone15pro/portugal-172_03.jpg,dev,4,portugal-070_03,test/attack/digital_3/huawei/portugal-070_03.jpg,internal_test
portugal-172_03,train/bonafide/iphone15pro/portugal-172_03.jpg,dev,4,portugal-070_03,test/attack/digital_3/iphone15pro/portugal-070_03.jpg,internal_test
russian-027_03,train/bonafide/iphone15pro/russian-027_03.jpg,dev,4,russian-140_03,train/bonafide/scan/russian-140_03.jpg,internal_test
russian-027_03,train/bonafide/iphone15pro/russian-027_03.jpg,dev,4,russian-140_03,test/attack/digital_3/scan/russian-140_03.jpg,internal_test
turkiye-041_03,train/bonafide/iphone15pro/turkiye-041_03.jpg,dev,2,turkiye-121_03,train/bonafide/huawei/turkiye-121_03.jpg,internal_test
turkiye-041_03,train/bonafide/iphone15pro/turkiye-041_03.jpg,dev,4,turkiye-031_03,train/bonafide/iphone15pro/turkiye-031_03.jpg,internal_test
turkiye-041_03,train/bonafide/iphone15pro/turkiye-041_03.jpg,dev,2,turkiye-115_03,train/bonafide/iphone15pro/turkiye-115_03.jpg,internal_test
turkiye-041_03,train/bonafide/iphone15pro/turkiye-041_03.jpg,dev,4,turkiye-031_03,train/bonafide/scan/turkiye-031_03.jpg,internal_test
turkiye-041_03,train/bonafide/iphone15pro/turkiye-041_03.jpg,dev,4,turkiye-115_03,train/bonafide/scan/turkiye-115_03.jpg,internal_test
turkiye-041_03,train/bonafide/iphone15pro/turkiye-041_03.jpg,dev,4,turkiye-115_03,train/attack/digital_2/iphone15pro/turkiye-115_03.jpg,internal_test
turkiye-041_03,train/bonafide/iphone15pro/turkiye-041_03.jpg,dev,4,turkiye-121_03,train/attack/digital_2/iphone15pro/turkiye-121_03.jpg,internal_test
turkiye-041_03,train/bonafide/iphone15pro/turkiye-041_03.jpg,dev,4,turkiye-031_03,train/attack/digital_2/iphone15pro/turkiye-031_03.jpg,internal_test
turkiye-041_03,train/bonafide/iphone15pro/turkiye-041_03.jpg,dev,4,turkiye-115_03,train/attack/digital_2/scan/turkiye-115_03.jpg,internal_test
turkiye-041_03,train/bonafide/iphone15pro/turkiye-041_03.jpg,dev,4,turkiye-031_03,train/attack/digital_2/scan/turkiye-031_03.jpg,internal_test
turkiye-041_03,train/bonafide/iphone15pro/turkiye-041_03.jpg,dev,2,turkiye-121_03,train/attack/digital_2/huawei/turkiye-121_03.jpg,internal_test
turkiye-041_03,train/bonafide/iphone15pro/turkiye-041_03.jpg,dev,4,turkiye-031_03,train/attack/digital_2/huawei/turkiye-031_03.jpg,internal_test
turkiye-041_03,train/bonafide/iphone15pro/turkiye-041_03.jpg,dev,4,turkiye-031_03,train/attack/digital_1/huawei/turkiye-031_03.jpg,internal_test
turkiye-041_03,train/bonafide/iphone15pro/turkiye-041_03.jpg,dev,2,turkiye-121_03,train/attack/digital_1/huawei/turkiye-121_03.jpg,internal_test
turkiye-041_03,train/bonafide/iphone15pro/turkiye-041_03.jpg,dev,4,turkiye-031_03,train/attack/digital_1/iphone15pro/turkiye-031_03.jpg,internal_test
turkiye-041_03,train/bonafide/iphone15pro/turkiye-041_03.jpg,dev,4,turkiye-115_03,train/attack/digital_1/iphone15pro/turkiye-115_03.jpg,internal_test
turkiye-041_03,train/bonafide/iphone15pro/turkiye-041_03.jpg,dev,4,turkiye-031_03,train/attack/digital_1/scan/turkiye-031_03.jpg,internal_test
turkiye-041_03,train/bonafide/iphone15pro/turkiye-041_03.jpg,dev,4,turkiye-032_03,train/attack/digital_1/scan/turkiye-032_03.jpg,internal_test
turkiye-041_03,train/bonafide/iphone15pro/turkiye-041_03.jpg,dev,4,turkiye-115_03,train/attack/digital_1/scan/turkiye-115_03.jpg,internal_test
turkiye-041_03,train/bonafide/iphone15pro/turkiye-041_03.jpg,dev,4,turkiye-121_03,train/attack/digital_1/scan/turkiye-121_03.jpg,internal_test
turkiye-041_03,train/bonafide/iphone15pro/turkiye-041_03.jpg,dev,4,turkiye-031_03,test/attack/digital_3/scan/turkiye-031_03.jpg,internal_test
turkiye-041_03,train/bonafide/iphone15pro/turkiye-041_03.jpg,dev,4,turkiye-031_03,test/attack/digital_3/iphone15pro/turkiye-031_03.jpg,internal_test
turkiye-041_03,train/bonafide/iphone15pro/turkiye-041_03.jpg,dev,4,turkiye-115_03,test/attack/digital_3/scan/turkiye-115_03.jpg,internal_test
turkiye-041_03,train/bonafide/iphone15pro/turkiye-041_03.jpg,dev,2,turkiye-115_03,test/attack/digital_3/iphone15pro/turkiye-115_03.jpg,internal_test
turkiye-041_03,train/bonafide/iphone15pro/turkiye-041_03.jpg,dev,2,turkiye-121_03,test/attack/digital_3/huawei/turkiye-121_03.jpg,internal_test
turkiye-041_03,train/bonafide/iphone15pro/turkiye-041_03.jpg,dev,4,turkiye-121_03,test/attack/digital_3/iphone15pro/turkiye-121_03.jpg,internal_test
turkiye-101_03,train/bonafide/iphone15pro/turkiye-101_03.jpg,dev,2,turkiye-121_03,train/bonafide/huawei/turkiye-121_03.jpg,internal_test
turkiye-101_03,train/bonafide/iphone15pro/turkiye-101_03.jpg,dev,4,turkiye-031_03,train/bonafide/iphone15pro/turkiye-031_03.jpg,internal_test
turkiye-101_03,train/bonafide/iphone15pro/turkiye-101_03.jpg,dev,0,turkiye-115_03,train/bonafide/iphone15pro/turkiye-115_03.jpg,internal_test
turkiye-101_03,train/bonafide/iphone15pro/turkiye-101_03.jpg,dev,4,turkiye-031_03,train/bonafide/scan/turkiye-031_03.jpg,internal_test
turkiye-101_03,train/bonafide/iphone15pro/turkiye-101_03.jpg,dev,2,turkiye-115_03,train/bonafide/scan/turkiye-115_03.jpg,internal_test
turkiye-101_03,train/bonafide/iphone15pro/turkiye-101_03.jpg,dev,2,turkiye-115_03,train/attack/digital_2/iphone15pro/turkiye-115_03.jpg,internal_test
turkiye-101_03,train/bonafide/iphone15pro/turkiye-101_03.jpg,dev,4,turkiye-121_03,train/attack/digital_2/iphone15pro/turkiye-121_03.jpg,internal_test
turkiye-101_03,train/bonafide/iphone15pro/turkiye-101_03.jpg,dev,4,turkiye-031_03,train/attack/digital_2/iphone15pro/turkiye-031_03.jpg,internal_test
turkiye-101_03,train/bonafide/iphone15pro/turkiye-101_03.jpg,dev,2,turkiye-115_03,train/attack/digital_2/scan/turkiye-115_03.jpg,internal_test
turkiye-101_03,train/bonafide/iphone15pro/turkiye-101_03.jpg,dev,4,turkiye-031_03,train/attack/digital_2/scan/turkiye-031_03.jpg,internal_test
turkiye-101_03,train/bonafide/iphone15pro/turkiye-101_03.jpg,dev,4,turkiye-121_03,train/attack/digital_2/huawei/turkiye-121_03.jpg,internal_test
turkiye-101_03,train/bonafide/iphone15pro/turkiye-101_03.jpg,dev,4,turkiye-031_03,train/attack/digital_2/huawei/turkiye-031_03.jpg,internal_test
turkiye-101_03,train/bonafide/iphone15pro/turkiye-101_03.jpg,dev,4,turkiye-031_03,train/attack/digital_1/huawei/turkiye-031_03.jpg,internal_test
turkiye-101_03,train/bonafide/iphone15pro/turkiye-101_03.jpg,dev,4,turkiye-115_03,train/attack/digital_1/huawei/turkiye-115_03.jpg,internal_test
turkiye-101_03,train/bonafide/iphone15pro/turkiye-101_03.jpg,dev,2,turkiye-121_03,train/attack/digital_1/huawei/turkiye-121_03.jpg,internal_test
turkiye-101_03,train/bonafide/iphone15pro/turkiye-101_03.jpg,dev,2,turkiye-115_03,train/attack/digital_1/iphone15pro/turkiye-115_03.jpg,internal_test
turkiye-101_03,train/bonafide/iphone15pro/turkiye-101_03.jpg,dev,4,turkiye-121_03,train/attack/digital_1/iphone15pro/turkiye-121_03.jpg,internal_test
turkiye-101_03,train/bonafide/iphone15pro/turkiye-101_03.jpg,dev,2,turkiye-115_03,train/attack/digital_1/scan/turkiye-115_03.jpg,internal_test
turkiye-101_03,train/bonafide/iphone15pro/turkiye-101_03.jpg,dev,4,turkiye-121_03,train/attack/digital_1/scan/turkiye-121_03.jpg,internal_test
turkiye-101_03,train/bonafide/iphone15pro/turkiye-101_03.jpg,dev,4,turkiye-031_03,test/attack/digital_3/scan/turkiye-031_03.jpg,internal_test
turkiye-101_03,train/bonafide/iphone15pro/turkiye-101_03.jpg,dev,4,turkiye-031_03,test/attack/digital_3/iphone15pro/turkiye-031_03.jpg,internal_test
turkiye-101_03,train/bonafide/iphone15pro/turkiye-101_03.jpg,dev,2,turkiye-115_03,test/attack/digital_3/scan/turkiye-115_03.jpg,internal_test
turkiye-101_03,train/bonafide/iphone15pro/turkiye-101_03.jpg,dev,2,turkiye-115_03,test/attack/digital_3/iphone15pro/turkiye-115_03.jpg,internal_test
turkiye-101_03,train/bonafide/iphone15pro/turkiye-101_03.jpg,dev,2,turkiye-121_03,test/attack/digital_3/huawei/turkiye-121_03.jpg,internal_test
turkiye-101_03,train/bonafide/iphone15pro/turkiye-101_03.jpg,dev,4,turkiye-121_03,test/attack/digital_3/iphone15pro/turkiye-121_03.jpg,internal_test
turkiye-104_03,train/bonafide/iphone15pro/turkiye-104_03.jpg,dev,4,turkiye-031_03,train/bonafide/iphone15pro/turkiye-031_03.jpg,internal_test
turkiye-104_03,train/bonafide/iphone15pro/turkiye-104_03.jpg,dev,4,turkiye-031_03,train/bonafide/scan/turkiye-031_03.jpg,internal_test
turkiye-104_03,train/bonafide/iphone15pro/turkiye-104_03.jpg,dev,4,turkiye-031_03,train/attack/digital_2/iphone15pro/turkiye-031_03.jpg,internal_test
turkiye-104_03,train/bonafide/iphone15pro/turkiye-104_03.jpg,dev,4,turkiye-031_03,train/attack/digital_2/scan/turkiye-031_03.jpg,internal_test
turkiye-104_03,train/bonafide/iphone15pro/turkiye-104_03.jpg,dev,4,turkiye-115_03,train/attack/digital_1/iphone15pro/turkiye-115_03.jpg,internal_test
turkiye-104_03,train/bonafide/iphone15pro/turkiye-104_03.jpg,dev,4,turkiye-031_03,test/attack/digital_3/scan/turkiye-031_03.jpg,internal_test
turkiye-104_03,train/bonafide/iphone15pro/turkiye-104_03.jpg,dev,4,turkiye-031_03,test/attack/digital_3/iphone15pro/turkiye-031_03.jpg,internal_test
turkiye-104_03,train/bonafide/iphone15pro/turkiye-104_03.jpg,dev,4,turkiye-115_03,test/attack/digital_3/scan/turkiye-115_03.jpg,internal_test
usa-117_03,train/bonafide/iphone15pro/usa-117_03.jpg,dev,4,usa-NF-1094,train/bonafide/huawei/usa-NF-1094.jpg,internal_test
usa-117_03,train/bonafide/iphone15pro/usa-117_03.jpg,dev,2,usa-NF-1094,train/bonafide/iphone15pro/usa-NF-1094.jpg,internal_test
usa-117_03,train/bonafide/iphone15pro/usa-117_03.jpg,dev,4,usa-NF-1094,train/attack/digital_2/huawei/usa-NF-1094.jpg,internal_test
usa-117_03,train/bonafide/iphone15pro/usa-117_03.jpg,dev,4,usa-NF-1094,train/attack/digital_1/huawei/usa-NF-1094.jpg,internal_test
usa-117_03,train/bonafide/iphone15pro/usa-117_03.jpg,dev,4,usa-NF-1094,train/attack/digital_1/iphone15pro/usa-NF-1094.jpg,internal_test
usa-117_03,train/bonafide/iphone15pro/usa-117_03.jpg,dev,2,usa-NF-1094,test/attack/digital_3/huawei/usa-NF-1094.jpg,internal_test
chinese-039_03,train/bonafide/scan/chinese-039_03.jpg,dev,4,chinese-020_03,train/bonafide/iphone15pro/chinese-020_03.jpg,internal_test
chinese-039_03,train/bonafide/scan/chinese-039_03.jpg,dev,4,chinese-020_03,train/attack/digital_2/iphone15pro/chinese-020_03.jpg,internal_test
chinese-039_03,train/bonafide/scan/chinese-039_03.jpg,dev,4,chinese-020_03,train/attack/digital_1/iphone15pro/chinese-020_03.jpg,internal_test
chinese-039_03,train/bonafide/scan/chinese-039_03.jpg,dev,4,chinese-020_03,test/attack/digital_3/iphone15pro/chinese-020_03.jpg,internal_test
chinese-142_03,train/bonafide/scan/chinese-142_03.jpg,dev,4,chinese-020_03,train/bonafide/huawei/chinese-020_03.jpg,internal_test
chinese-142_03,train/bonafide/scan/chinese-142_03.jpg,dev,4,chinese-020_03,train/bonafide/iphone15pro/chinese-020_03.jpg,internal_test
chinese-142_03,train/bonafide/scan/chinese-142_03.jpg,dev,2,chinese-020_03,train/bonafide/scan/chinese-020_03.jpg,internal_test
chinese-142_03,train/bonafide/scan/chinese-142_03.jpg,dev,4,chinese-020_03,train/attack/digital_2/iphone15pro/chinese-020_03.jpg,internal_test
chinese-142_03,train/bonafide/scan/chinese-142_03.jpg,dev,2,chinese-020_03,train/attack/digital_2/scan/chinese-020_03.jpg,internal_test
chinese-142_03,train/bonafide/scan/chinese-142_03.jpg,dev,4,chinese-020_03,train/attack/digital_2/huawei/chinese-020_03.jpg,internal_test
chinese-142_03,train/bonafide/scan/chinese-142_03.jpg,dev,4,chinese-020_03,train/attack/digital_1/iphone15pro/chinese-020_03.jpg,internal_test
chinese-142_03,train/bonafide/scan/chinese-142_03.jpg,dev,4,chinese-020_03,train/attack/digital_1/scan/chinese-020_03.jpg,internal_test
chinese-142_03,train/bonafide/scan/chinese-142_03.jpg,dev,2,chinese-020_03,test/attack/digital_3/scan/chinese-020_03.jpg,internal_test
chinese-142_03,train/bonafide/scan/chinese-142_03.jpg,dev,4,chinese-020_03,test/attack/digital_3/huawei/chinese-020_03.jpg,internal_test
chinese-142_03,train/bonafide/scan/chinese-142_03.jpg,dev,4,chinese-020_03,test/attack/digital_3/iphone15pro/chinese-020_03.jpg,internal_test
french-033_03,train/bonafide/scan/french-033_03.jpg,dev,4,french-022_03,train/bonafide/huawei/french-022_03.jpg,internal_test
french-033_03,train/bonafide/scan/french-033_03.jpg,dev,4,french-068_03,train/bonafide/huawei/french-068_03.jpg,internal_test
french-033_03,train/bonafide/scan/french-033_03.jpg,dev,2,french-019_03,train/bonafide/iphone15pro/french-019_03.jpg,internal_test
french-033_03,train/bonafide/scan/french-033_03.jpg,dev,2,french-022_03,train/bonafide/iphone15pro/french-022_03.jpg,internal_test
french-033_03,train/bonafide/scan/french-033_03.jpg,dev,2,french-068_03,train/bonafide/iphone15pro/french-068_03.jpg,internal_test
french-033_03,train/bonafide/scan/french-033_03.jpg,dev,4,french-128_03,train/bonafide/iphone15pro/french-128_03.jpg,internal_test
french-033_03,train/bonafide/scan/french-033_03.jpg,dev,4,french-019_03,train/attack/digital_2/iphone15pro/french-019_03.jpg,internal_test
french-033_03,train/bonafide/scan/french-033_03.jpg,dev,4,french-068_03,train/attack/digital_2/iphone15pro/french-068_03.jpg,internal_test
french-033_03,train/bonafide/scan/french-033_03.jpg,dev,4,french-128_03,train/attack/digital_2/iphone15pro/french-128_03.jpg,internal_test
french-033_03,train/bonafide/scan/french-033_03.jpg,dev,2,french-022_03,train/attack/digital_2/iphone15pro/french-022_03.jpg,internal_test
french-033_03,train/bonafide/scan/french-033_03.jpg,dev,4,french-068_03,train/attack/digital_2/huawei/french-068_03.jpg,internal_test
french-033_03,train/bonafide/scan/french-033_03.jpg,dev,4,french-022_03,train/attack/digital_2/huawei/french-022_03.jpg,internal_test
french-033_03,train/bonafide/scan/french-033_03.jpg,dev,4,french-019_03,train/attack/digital_1/huawei/french-019_03.jpg,internal_test
french-033_03,train/bonafide/scan/french-033_03.jpg,dev,4,french-022_03,train/attack/digital_1/huawei/french-022_03.jpg,internal_test
french-033_03,train/bonafide/scan/french-033_03.jpg,dev,4,french-068_03,train/attack/digital_1/huawei/french-068_03.jpg,internal_test
french-033_03,train/bonafide/scan/french-033_03.jpg,dev,4,french-019_03,train/attack/digital_1/iphone15pro/french-019_03.jpg,internal_test
french-033_03,train/bonafide/scan/french-033_03.jpg,dev,2,french-022_03,train/attack/digital_1/iphone15pro/french-022_03.jpg,internal_test
french-033_03,train/bonafide/scan/french-033_03.jpg,dev,2,french-068_03,train/attack/digital_1/iphone15pro/french-068_03.jpg,internal_test
french-033_03,train/bonafide/scan/french-033_03.jpg,dev,4,french-128_03,train/attack/digital_1/iphone15pro/french-128_03.jpg,internal_test
french-033_03,train/bonafide/scan/french-033_03.jpg,dev,2,french-019_03,test/attack/digital_3/iphone15pro/french-019_03.jpg,internal_test
french-033_03,train/bonafide/scan/french-033_03.jpg,dev,4,french-022_03,test/attack/digital_3/huawei/french-022_03.jpg,internal_test
french-033_03,train/bonafide/scan/french-033_03.jpg,dev,2,french-022_03,test/attack/digital_3/iphone15pro/french-022_03.jpg,internal_test
french-033_03,train/bonafide/scan/french-033_03.jpg,dev,4,french-068_03,test/attack/digital_3/huawei/french-068_03.jpg,internal_test
french-033_03,train/bonafide/scan/french-033_03.jpg,dev,4,french-068_03,test/attack/digital_3/iphone15pro/french-068_03.jpg,internal_test
french-114_03,train/bonafide/scan/french-114_03.jpg,dev,4,french-068_03,train/bonafide/huawei/french-068_03.jpg,internal_test
french-114_03,train/bonafide/scan/french-114_03.jpg,dev,4,french-128_03,train/bonafide/scan/french-128_03.jpg,internal_test
french-114_03,train/bonafide/scan/french-114_03.jpg,dev,4,french-068_03,train/attack/digital_2/huawei/french-068_03.jpg,internal_test
french-114_03,train/bonafide/scan/french-114_03.jpg,dev,4,french-068_03,train/attack/digital_1/huawei/french-068_03.jpg,internal_test
french-114_03,train/bonafide/scan/french-114_03.jpg,dev,4,french-068_03,train/attack/digital_1/iphone15pro/french-068_03.jpg,internal_test
french-114_03,train/bonafide/scan/french-114_03.jpg,dev,4,french-068_03,test/attack/digital_3/huawei/french-068_03.jpg,internal_test
french-114_03,train/bonafide/scan/french-114_03.jpg,dev,4,french-068_03,test/attack/digital_3/iphone15pro/french-068_03.jpg,internal_test
french-114_03,train/bonafide/scan/french-114_03.jpg,dev,4,french-128_03,test/attack/digital_3/huawei/french-128_03.jpg,internal_test
portugal-172_03,train/bonafide/scan/portugal-172_03.jpg,dev,4,portugal-070_03,train/bonafide/iphone15pro/portugal-070_03.jpg,internal_test
portugal-172_03,train/bonafide/scan/portugal-172_03.jpg,dev,4,portugal-070_03,train/bonafide/scan/portugal-070_03.jpg,internal_test
portugal-172_03,train/bonafide/scan/portugal-172_03.jpg,dev,2,portugal-070_03,train/attack/digital_2/iphone15pro/portugal-070_03.jpg,internal_test
portugal-172_03,train/bonafide/scan/portugal-172_03.jpg,dev,4,portugal-119_03,train/attack/digital_2/scan/portugal-119_03.jpg,internal_test
portugal-172_03,train/bonafide/scan/portugal-172_03.jpg,dev,4,portugal-070_03,train/attack/digital_2/scan/portugal-070_03.jpg,internal_test
portugal-172_03,train/bonafide/scan/portugal-172_03.jpg,dev,4,portugal-070_03,train/attack/digital_1/iphone15pro/portugal-070_03.jpg,internal_test
portugal-172_03,train/bonafide/scan/portugal-172_03.jpg,dev,4,portugal-070_03,train/attack/digital_1/scan/portugal-070_03.jpg,internal_test
portugal-172_03,train/bonafide/scan/portugal-172_03.jpg,dev,4,portugal-119_03,train/attack/digital_1/scan/portugal-119_03.jpg,internal_test
portugal-172_03,train/bonafide/scan/portugal-172_03.jpg,dev,2,portugal-070_03,test/attack/digital_3/scan/portugal-070_03.jpg,internal_test
portugal-172_03,train/bonafide/scan/portugal-172_03.jpg,dev,2,portugal-070_03,test/attack/digital_3/iphone15pro/portugal-070_03.jpg,internal_test
turkiye-041_03,train/bonafide/scan/turkiye-041_03.jpg,dev,4,turkiye-115_03,train/bonafide/huawei/turkiye-115_03.jpg,internal_test
turkiye-041_03,train/bonafide/scan/turkiye-041_03.jpg,dev,4,turkiye-031_03,train/attack/digital_1/huawei/turkiye-031_03.jpg,internal_test
turkiye-041_03,train/bonafide/scan/turkiye-041_03.jpg,dev,4,turkiye-115_03,train/attack/digital_1/huawei/turkiye-115_03.jpg,internal_test
turkiye-041_03,train/bonafide/scan/turkiye-041_03.jpg,dev,4,turkiye-031_03,test/attack/digital_3/huawei/turkiye-031_03.jpg,internal_test
turkiye-041_03,train/bonafide/scan/turkiye-041_03.jpg,dev,4,turkiye-115_03,test/attack/digital_3/huawei/turkiye-115_03.jpg,internal_test
turkiye-101_03,train/bonafide/scan/turkiye-101_03.jpg,dev,4,turkiye-121_03,train/bonafide/huawei/turkiye-121_03.jpg,internal_test
turkiye-101_03,train/bonafide/scan/turkiye-101_03.jpg,dev,4,turkiye-031_03,train/bonafide/iphone15pro/turkiye-031_03.jpg,internal_test
turkiye-101_03,train/bonafide/scan/turkiye-101_03.jpg,dev,2,turkiye-115_03,train/bonafide/iphone15pro/turkiye-115_03.jpg,internal_test
turkiye-101_03,train/bonafide/scan/turkiye-101_03.jpg,dev,4,turkiye-031_03,train/bonafide/scan/turkiye-031_03.jpg,internal_test
turkiye-101_03,train/bonafide/scan/turkiye-101_03.jpg,dev,2,turkiye-115_03,train/bonafide/scan/turkiye-115_03.jpg,internal_test
turkiye-101_03,train/bonafide/scan/turkiye-101_03.jpg,dev,4,turkiye-115_03,train/attack/digital_2/iphone15pro/turkiye-115_03.jpg,internal_test
turkiye-101_03,train/bonafide/scan/turkiye-101_03.jpg,dev,4,turkiye-121_03,train/attack/digital_2/iphone15pro/turkiye-121_03.jpg,internal_test
turkiye-101_03,train/bonafide/scan/turkiye-101_03.jpg,dev,4,turkiye-031_03,train/attack/digital_2/iphone15pro/turkiye-031_03.jpg,internal_test
turkiye-101_03,train/bonafide/scan/turkiye-101_03.jpg,dev,2,turkiye-115_03,train/attack/digital_2/scan/turkiye-115_03.jpg,internal_test
turkiye-101_03,train/bonafide/scan/turkiye-101_03.jpg,dev,4,turkiye-031_03,train/attack/digital_2/scan/turkiye-031_03.jpg,internal_test
turkiye-101_03,train/bonafide/scan/turkiye-101_03.jpg,dev,4,turkiye-031_03,train/attack/digital_2/huawei/turkiye-031_03.jpg,internal_test
turkiye-101_03,train/bonafide/scan/turkiye-101_03.jpg,dev,4,turkiye-031_03,train/attack/digital_1/huawei/turkiye-031_03.jpg,internal_test
turkiye-101_03,train/bonafide/scan/turkiye-101_03.jpg,dev,2,turkiye-115_03,train/attack/digital_1/huawei/turkiye-115_03.jpg,internal_test
turkiye-101_03,train/bonafide/scan/turkiye-101_03.jpg,dev,4,turkiye-121_03,train/attack/digital_1/huawei/turkiye-121_03.jpg,internal_test
turkiye-101_03,train/bonafide/scan/turkiye-101_03.jpg,dev,2,turkiye-115_03,train/attack/digital_1/iphone15pro/turkiye-115_03.jpg,internal_test
turkiye-101_03,train/bonafide/scan/turkiye-101_03.jpg,dev,4,turkiye-121_03,train/attack/digital_1/iphone15pro/turkiye-121_03.jpg,internal_test
turkiye-101_03,train/bonafide/scan/turkiye-101_03.jpg,dev,2,turkiye-115_03,train/attack/digital_1/scan/turkiye-115_03.jpg,internal_test
turkiye-101_03,train/bonafide/scan/turkiye-101_03.jpg,dev,4,turkiye-121_03,train/attack/digital_1/scan/turkiye-121_03.jpg,internal_test
turkiye-101_03,train/bonafide/scan/turkiye-101_03.jpg,dev,4,turkiye-031_03,test/attack/digital_3/scan/turkiye-031_03.jpg,internal_test
turkiye-101_03,train/bonafide/scan/turkiye-101_03.jpg,dev,4,turkiye-031_03,test/attack/digital_3/iphone15pro/turkiye-031_03.jpg,internal_test
turkiye-101_03,train/bonafide/scan/turkiye-101_03.jpg,dev,0,turkiye-115_03,test/attack/digital_3/scan/turkiye-115_03.jpg,internal_test
turkiye-101_03,train/bonafide/scan/turkiye-101_03.jpg,dev,4,turkiye-115_03,test/attack/digital_3/iphone15pro/turkiye-115_03.jpg,internal_test
turkiye-101_03,train/bonafide/scan/turkiye-101_03.jpg,dev,4,turkiye-121_03,test/attack/digital_3/huawei/turkiye-121_03.jpg,internal_test
turkiye-101_03,train/bonafide/scan/turkiye-101_03.jpg,dev,4,turkiye-121_03,test/attack/digital_3/iphone15pro/turkiye-121_03.jpg,internal_test
turkiye-104_03,train/bonafide/scan/turkiye-104_03.jpg,dev,4,turkiye-115_03,train/bonafide/huawei/turkiye-115_03.jpg,internal_test
turkiye-104_03,train/bonafide/scan/turkiye-104_03.jpg,dev,2,turkiye-031_03,train/bonafide/iphone15pro/turkiye-031_03.jpg,internal_test
turkiye-104_03,train/bonafide/scan/turkiye-104_03.jpg,dev,4,turkiye-032_03,train/bonafide/iphone15pro/turkiye-032_03.jpg,internal_test
turkiye-104_03,train/bonafide/scan/turkiye-104_03.jpg,dev,2,turkiye-031_03,train/bonafide/scan/turkiye-031_03.jpg,internal_test
turkiye-104_03,train/bonafide/scan/turkiye-104_03.jpg,dev,4,turkiye-121_03,train/attack/digital_2/iphone15pro/turkiye-121_03.jpg,internal_test
turkiye-104_03,train/bonafide/scan/turkiye-104_03.jpg,dev,2,turkiye-031_03,train/attack/digital_2/iphone15pro/turkiye-031_03.jpg,internal_test
turkiye-104_03,train/bonafide/scan/turkiye-104_03.jpg,dev,2,turkiye-031_03,train/attack/digital_2/scan/turkiye-031_03.jpg,internal_test
turkiye-104_03,train/bonafide/scan/turkiye-104_03.jpg,dev,4,turkiye-031_03,train/attack/digital_2/huawei/turkiye-031_03.jpg,internal_test
turkiye-104_03,train/bonafide/scan/turkiye-104_03.jpg,dev,4,turkiye-031_03,train/attack/digital_1/huawei/turkiye-031_03.jpg,internal_test
turkiye-104_03,train/bonafide/scan/turkiye-104_03.jpg,dev,4,turkiye-032_03,train/attack/digital_1/huawei/turkiye-032_03.jpg,internal_test
turkiye-104_03,train/bonafide/scan/turkiye-104_03.jpg,dev,4,turkiye-032_03,train/attack/digital_1/iphone15pro/turkiye-032_03.jpg,internal_test
turkiye-104_03,train/bonafide/scan/turkiye-104_03.jpg,dev,2,turkiye-031_03,test/attack/digital_3/scan/turkiye-031_03.jpg,internal_test
turkiye-104_03,train/bonafide/scan/turkiye-104_03.jpg,dev,4,turkiye-031_03,test/attack/digital_3/huawei/turkiye-031_03.jpg,internal_test
turkiye-104_03,train/bonafide/scan/turkiye-104_03.jpg,dev,2,turkiye-031_03,test/attack/digital_3/iphone15pro/turkiye-031_03.jpg,internal_test
turkiye-104_03,train/bonafide/scan/turkiye-104_03.jpg,dev,4,turkiye-032_03,test/attack/digital_3/huawei/turkiye-032_03.jpg,internal_test
turkiye-104_03,train/bonafide/scan/turkiye-104_03.jpg,dev,4,turkiye-115_03,test/attack/digital_3/scan/turkiye-115_03.jpg,internal_test
turkiye-104_03,train/bonafide/scan/turkiye-104_03.jpg,dev,4,turkiye-115_03,test/attack/digital_3/huawei/turkiye-115_03.jpg,internal_test
turkiye-104_03,train/bonafide/scan/turkiye-104_03.jpg,dev,4,turkiye-121_03,test/attack/digital_3/iphone15pro/turkiye-121_03.jpg,internal_test
usa-NF-1071,train/bonafide/scan/usa-NF-1071.jpg,dev,4,usa-NM-1038,train/bonafide/huawei/usa-NM-1038.jpg,internal_test
usa-NF-1071,train/bonafide/scan/usa-NF-1071.jpg,dev,4,usa-NM-1038,train/attack/digital_2/huawei/usa-NM-1038.jpg,internal_test
usa-NF-1071,train/bonafide/scan/usa-NF-1071.jpg,dev,4,usa-NM-1038,train/attack/digital_1/huawei/usa-NM-1038.jpg,internal_test
usa-NF-1071,train/bonafide/scan/usa-NF-1071.jpg,dev,4,usa-NM-1038,test/attack/digital_3/huawei/usa-NM-1038.jpg,internal_test
french-033_03,train/attack/digital_2/iphone15pro/french-033_03.jpg,dev,4,french-022_03,train/bonafide/huawei/french-022_03.jpg,internal_test
french-033_03,train/attack/digital_2/iphone15pro/french-033_03.jpg,dev,4,french-068_03,train/bonafide/huawei/french-068_03.jpg,internal_test
french-033_03,train/attack/digital_2/iphone15pro/french-033_03.jpg,dev,2,french-019_03,train/bonafide/iphone15pro/french-019_03.jpg,internal_test
french-033_03,train/attack/digital_2/iphone15pro/french-033_03.jpg,dev,2,french-022_03,train/bonafide/iphone15pro/french-022_03.jpg,internal_test
french-033_03,train/attack/digital_2/iphone15pro/french-033_03.jpg,dev,2,french-068_03,train/bonafide/iphone15pro/french-068_03.jpg,internal_test
french-033_03,train/attack/digital_2/iphone15pro/french-033_03.jpg,dev,4,french-128_03,train/bonafide/iphone15pro/french-128_03.jpg,internal_test
french-033_03,train/attack/digital_2/iphone15pro/french-033_03.jpg,dev,4,french-019_03,train/attack/digital_2/iphone15pro/french-019_03.jpg,internal_test
french-033_03,train/attack/digital_2/iphone15pro/french-033_03.jpg,dev,4,french-068_03,train/attack/digital_2/iphone15pro/french-068_03.jpg,internal_test
french-033_03,train/attack/digital_2/iphone15pro/french-033_03.jpg,dev,4,french-128_03,train/attack/digital_2/iphone15pro/french-128_03.jpg,internal_test
french-033_03,train/attack/digital_2/iphone15pro/french-033_03.jpg,dev,2,french-022_03,train/attack/digital_2/iphone15pro/french-022_03.jpg,internal_test
french-033_03,train/attack/digital_2/iphone15pro/french-033_03.jpg,dev,4,french-068_03,train/attack/digital_2/huawei/french-068_03.jpg,internal_test
french-033_03,train/attack/digital_2/iphone15pro/french-033_03.jpg,dev,4,french-022_03,train/attack/digital_2/huawei/french-022_03.jpg,internal_test
french-033_03,train/attack/digital_2/iphone15pro/french-033_03.jpg,dev,4,french-019_03,train/attack/digital_1/huawei/french-019_03.jpg,internal_test
french-033_03,train/attack/digital_2/iphone15pro/french-033_03.jpg,dev,4,french-022_03,train/attack/digital_1/huawei/french-022_03.jpg,internal_test
french-033_03,train/attack/digital_2/iphone15pro/french-033_03.jpg,dev,4,french-068_03,train/attack/digital_1/huawei/french-068_03.jpg,internal_test
french-033_03,train/attack/digital_2/iphone15pro/french-033_03.jpg,dev,4,french-019_03,train/attack/digital_1/iphone15pro/french-019_03.jpg,internal_test
french-033_03,train/attack/digital_2/iphone15pro/french-033_03.jpg,dev,2,french-022_03,train/attack/digital_1/iphone15pro/french-022_03.jpg,internal_test
french-033_03,train/attack/digital_2/iphone15pro/french-033_03.jpg,dev,2,french-068_03,train/attack/digital_1/iphone15pro/french-068_03.jpg,internal_test
french-033_03,train/attack/digital_2/iphone15pro/french-033_03.jpg,dev,4,french-128_03,train/attack/digital_1/iphone15pro/french-128_03.jpg,internal_test
french-033_03,train/attack/digital_2/iphone15pro/french-033_03.jpg,dev,2,french-019_03,test/attack/digital_3/iphone15pro/french-019_03.jpg,internal_test
french-033_03,train/attack/digital_2/iphone15pro/french-033_03.jpg,dev,4,french-022_03,test/attack/digital_3/huawei/french-022_03.jpg,internal_test
french-033_03,train/attack/digital_2/iphone15pro/french-033_03.jpg,dev,2,french-022_03,test/attack/digital_3/iphone15pro/french-022_03.jpg,internal_test
french-033_03,train/attack/digital_2/iphone15pro/french-033_03.jpg,dev,4,french-068_03,test/attack/digital_3/huawei/french-068_03.jpg,internal_test
french-033_03,train/attack/digital_2/iphone15pro/french-033_03.jpg,dev,4,french-068_03,test/attack/digital_3/iphone15pro/french-068_03.jpg,internal_test
turkiye-041_03,train/attack/digital_2/iphone15pro/turkiye-041_03.jpg,dev,2,turkiye-121_03,train/bonafide/huawei/turkiye-121_03.jpg,internal_test
turkiye-041_03,train/attack/digital_2/iphone15pro/turkiye-041_03.jpg,dev,4,turkiye-031_03,train/bonafide/iphone15pro/turkiye-031_03.jpg,internal_test
turkiye-041_03,train/attack/digital_2/iphone15pro/turkiye-041_03.jpg,dev,2,turkiye-115_03,train/bonafide/iphone15pro/turkiye-115_03.jpg,internal_test
turkiye-041_03,train/attack/digital_2/iphone15pro/turkiye-041_03.jpg,dev,4,turkiye-031_03,train/bonafide/scan/turkiye-031_03.jpg,internal_test
turkiye-041_03,train/attack/digital_2/iphone15pro/turkiye-041_03.jpg,dev,4,turkiye-115_03,train/bonafide/scan/turkiye-115_03.jpg,internal_test
turkiye-041_03,train/attack/digital_2/iphone15pro/turkiye-041_03.jpg,dev,4,turkiye-115_03,train/attack/digital_2/iphone15pro/turkiye-115_03.jpg,internal_test
turkiye-041_03,train/attack/digital_2/iphone15pro/turkiye-041_03.jpg,dev,4,turkiye-121_03,train/attack/digital_2/iphone15pro/turkiye-121_03.jpg,internal_test
turkiye-041_03,train/attack/digital_2/iphone15pro/turkiye-041_03.jpg,dev,4,turkiye-031_03,train/attack/digital_2/iphone15pro/turkiye-031_03.jpg,internal_test
turkiye-041_03,train/attack/digital_2/iphone15pro/turkiye-041_03.jpg,dev,4,turkiye-115_03,train/attack/digital_2/scan/turkiye-115_03.jpg,internal_test
turkiye-041_03,train/attack/digital_2/iphone15pro/turkiye-041_03.jpg,dev,4,turkiye-031_03,train/attack/digital_2/scan/turkiye-031_03.jpg,internal_test
turkiye-041_03,train/attack/digital_2/iphone15pro/turkiye-041_03.jpg,dev,2,turkiye-121_03,train/attack/digital_2/huawei/turkiye-121_03.jpg,internal_test
turkiye-041_03,train/attack/digital_2/iphone15pro/turkiye-041_03.jpg,dev,4,turkiye-031_03,train/attack/digital_2/huawei/turkiye-031_03.jpg,internal_test
turkiye-041_03,train/attack/digital_2/iphone15pro/turkiye-041_03.jpg,dev,4,turkiye-031_03,train/attack/digital_1/huawei/turkiye-031_03.jpg,internal_test
turkiye-041_03,train/attack/digital_2/iphone15pro/turkiye-041_03.jpg,dev,2,turkiye-121_03,train/attack/digital_1/huawei/turkiye-121_03.jpg,internal_test
turkiye-041_03,train/attack/digital_2/iphone15pro/turkiye-041_03.jpg,dev,4,turkiye-031_03,train/attack/digital_1/iphone15pro/turkiye-031_03.jpg,internal_test
turkiye-041_03,train/attack/digital_2/iphone15pro/turkiye-041_03.jpg,dev,4,turkiye-115_03,train/attack/digital_1/iphone15pro/turkiye-115_03.jpg,internal_test
turkiye-041_03,train/attack/digital_2/iphone15pro/turkiye-041_03.jpg,dev,4,turkiye-031_03,train/attack/digital_1/scan/turkiye-031_03.jpg,internal_test
turkiye-041_03,train/attack/digital_2/iphone15pro/turkiye-041_03.jpg,dev,4,turkiye-032_03,train/attack/digital_1/scan/turkiye-032_03.jpg,internal_test
turkiye-041_03,train/attack/digital_2/iphone15pro/turkiye-041_03.jpg,dev,4,turkiye-115_03,train/attack/digital_1/scan/turkiye-115_03.jpg,internal_test
turkiye-041_03,train/attack/digital_2/iphone15pro/turkiye-041_03.jpg,dev,4,turkiye-121_03,train/attack/digital_1/scan/turkiye-121_03.jpg,internal_test
turkiye-041_03,train/attack/digital_2/iphone15pro/turkiye-041_03.jpg,dev,4,turkiye-031_03,test/attack/digital_3/scan/turkiye-031_03.jpg,internal_test
turkiye-041_03,train/attack/digital_2/iphone15pro/turkiye-041_03.jpg,dev,4,turkiye-031_03,test/attack/digital_3/iphone15pro/turkiye-031_03.jpg,internal_test
turkiye-041_03,train/attack/digital_2/iphone15pro/turkiye-041_03.jpg,dev,4,turkiye-115_03,test/attack/digital_3/scan/turkiye-115_03.jpg,internal_test
turkiye-041_03,train/attack/digital_2/iphone15pro/turkiye-041_03.jpg,dev,2,turkiye-115_03,test/attack/digital_3/iphone15pro/turkiye-115_03.jpg,internal_test
turkiye-041_03,train/attack/digital_2/iphone15pro/turkiye-041_03.jpg,dev,2,turkiye-121_03,test/attack/digital_3/huawei/turkiye-121_03.jpg,internal_test
turkiye-041_03,train/attack/digital_2/iphone15pro/turkiye-041_03.jpg,dev,4,turkiye-121_03,test/attack/digital_3/iphone15pro/turkiye-121_03.jpg,internal_test
russian-027_03,train/attack/digital_2/iphone15pro/russian-027_03.jpg,dev,4,russian-140_03,train/bonafide/scan/russian-140_03.jpg,internal_test
russian-027_03,train/attack/digital_2/iphone15pro/russian-027_03.jpg,dev,4,russian-140_03,test/attack/digital_3/scan/russian-140_03.jpg,internal_test
turkiye-104_03,train/attack/digital_2/iphone15pro/turkiye-104_03.jpg,dev,4,turkiye-115_03,train/bonafide/iphone15pro/turkiye-115_03.jpg,internal_test
turkiye-104_03,train/attack/digital_2/iphone15pro/turkiye-104_03.jpg,dev,4,turkiye-115_03,train/attack/digital_2/iphone15pro/turkiye-115_03.jpg,internal_test
turkiye-104_03,train/attack/digital_2/iphone15pro/turkiye-104_03.jpg,dev,2,turkiye-115_03,train/attack/digital_1/iphone15pro/turkiye-115_03.jpg,internal_test
turkiye-104_03,train/attack/digital_2/iphone15pro/turkiye-104_03.jpg,dev,4,turkiye-115_03,test/attack/digital_3/scan/turkiye-115_03.jpg,internal_test
turkiye-104_03,train/attack/digital_2/iphone15pro/turkiye-104_03.jpg,dev,4,turkiye-115_03,test/attack/digital_3/iphone15pro/turkiye-115_03.jpg,internal_test
turkiye-101_03,train/attack/digital_2/iphone15pro/turkiye-101_03.jpg,dev,2,turkiye-121_03,train/bonafide/huawei/turkiye-121_03.jpg,internal_test
turkiye-101_03,train/attack/digital_2/iphone15pro/turkiye-101_03.jpg,dev,4,turkiye-031_03,train/bonafide/iphone15pro/turkiye-031_03.jpg,internal_test
turkiye-101_03,train/attack/digital_2/iphone15pro/turkiye-101_03.jpg,dev,0,turkiye-115_03,train/bonafide/iphone15pro/turkiye-115_03.jpg,internal_test
turkiye-101_03,train/attack/digital_2/iphone15pro/turkiye-101_03.jpg,dev,4,turkiye-031_03,train/bonafide/scan/turkiye-031_03.jpg,internal_test
turkiye-101_03,train/attack/digital_2/iphone15pro/turkiye-101_03.jpg,dev,2,turkiye-115_03,train/bonafide/scan/turkiye-115_03.jpg,internal_test
turkiye-101_03,train/attack/digital_2/iphone15pro/turkiye-101_03.jpg,dev,2,turkiye-115_03,train/attack/digital_2/iphone15pro/turkiye-115_03.jpg,internal_test
turkiye-101_03,train/attack/digital_2/iphone15pro/turkiye-101_03.jpg,dev,4,turkiye-121_03,train/attack/digital_2/iphone15pro/turkiye-121_03.jpg,internal_test
turkiye-101_03,train/attack/digital_2/iphone15pro/turkiye-101_03.jpg,dev,4,turkiye-031_03,train/attack/digital_2/iphone15pro/turkiye-031_03.jpg,internal_test
turkiye-101_03,train/attack/digital_2/iphone15pro/turkiye-101_03.jpg,dev,2,turkiye-115_03,train/attack/digital_2/scan/turkiye-115_03.jpg,internal_test
turkiye-101_03,train/attack/digital_2/iphone15pro/turkiye-101_03.jpg,dev,4,turkiye-031_03,train/attack/digital_2/scan/turkiye-031_03.jpg,internal_test
turkiye-101_03,train/attack/digital_2/iphone15pro/turkiye-101_03.jpg,dev,4,turkiye-121_03,train/attack/digital_2/huawei/turkiye-121_03.jpg,internal_test
turkiye-101_03,train/attack/digital_2/iphone15pro/turkiye-101_03.jpg,dev,4,turkiye-031_03,train/attack/digital_2/huawei/turkiye-031_03.jpg,internal_test
turkiye-101_03,train/attack/digital_2/iphone15pro/turkiye-101_03.jpg,dev,4,turkiye-031_03,train/attack/digital_1/huawei/turkiye-031_03.jpg,internal_test
turkiye-101_03,train/attack/digital_2/iphone15pro/turkiye-101_03.jpg,dev,4,turkiye-115_03,train/attack/digital_1/huawei/turkiye-115_03.jpg,internal_test
turkiye-101_03,train/attack/digital_2/iphone15pro/turkiye-101_03.jpg,dev,2,turkiye-121_03,train/attack/digital_1/huawei/turkiye-121_03.jpg,internal_test
turkiye-101_03,train/attack/digital_2/iphone15pro/turkiye-101_03.jpg,dev,2,turkiye-115_03,train/attack/digital_1/iphone15pro/turkiye-115_03.jpg,internal_test
turkiye-101_03,train/attack/digital_2/iphone15pro/turkiye-101_03.jpg,dev,4,turkiye-121_03,train/attack/digital_1/iphone15pro/turkiye-121_03.jpg,internal_test
turkiye-101_03,train/attack/digital_2/iphone15pro/turkiye-101_03.jpg,dev,2,turkiye-115_03,train/attack/digital_1/scan/turkiye-115_03.jpg,internal_test
turkiye-101_03,train/attack/digital_2/iphone15pro/turkiye-101_03.jpg,dev,4,turkiye-121_03,train/attack/digital_1/scan/turkiye-121_03.jpg,internal_test
turkiye-101_03,train/attack/digital_2/iphone15pro/turkiye-101_03.jpg,dev,4,turkiye-031_03,test/attack/digital_3/scan/turkiye-031_03.jpg,internal_test
turkiye-101_03,train/attack/digital_2/iphone15pro/turkiye-101_03.jpg,dev,4,turkiye-031_03,test/attack/digital_3/iphone15pro/turkiye-031_03.jpg,internal_test
turkiye-101_03,train/attack/digital_2/iphone15pro/turkiye-101_03.jpg,dev,2,turkiye-115_03,test/attack/digital_3/scan/turkiye-115_03.jpg,internal_test
turkiye-101_03,train/attack/digital_2/iphone15pro/turkiye-101_03.jpg,dev,2,turkiye-115_03,test/attack/digital_3/iphone15pro/turkiye-115_03.jpg,internal_test
turkiye-101_03,train/attack/digital_2/iphone15pro/turkiye-101_03.jpg,dev,2,turkiye-121_03,test/attack/digital_3/huawei/turkiye-121_03.jpg,internal_test
turkiye-101_03,train/attack/digital_2/iphone15pro/turkiye-101_03.jpg,dev,4,turkiye-121_03,test/attack/digital_3/iphone15pro/turkiye-121_03.jpg,internal_test
portugal-172_03,train/attack/digital_2/iphone15pro/portugal-172_03.jpg,dev,4,portugal-119_03,train/bonafide/huawei/portugal-119_03.jpg,internal_test
portugal-172_03,train/attack/digital_2/iphone15pro/portugal-172_03.jpg,dev,2,portugal-070_03,train/bonafide/iphone15pro/portugal-070_03.jpg,internal_test
portugal-172_03,train/attack/digital_2/iphone15pro/portugal-172_03.jpg,dev,4,portugal-070_03,train/bonafide/scan/portugal-070_03.jpg,internal_test
portugal-172_03,train/attack/digital_2/iphone15pro/portugal-172_03.jpg,dev,4,portugal-119_03,train/bonafide/scan/portugal-119_03.jpg,internal_test
portugal-172_03,train/attack/digital_2/iphone15pro/portugal-172_03.jpg,dev,4,portugal-070_03,train/attack/digital_2/iphone15pro/portugal-070_03.jpg,internal_test
portugal-172_03,train/attack/digital_2/iphone15pro/portugal-172_03.jpg,dev,4,portugal-119_03,train/attack/digital_2/scan/portugal-119_03.jpg,internal_test
portugal-172_03,train/attack/digital_2/iphone15pro/portugal-172_03.jpg,dev,4,portugal-070_03,train/attack/digital_2/scan/portugal-070_03.jpg,internal_test
portugal-172_03,train/attack/digital_2/iphone15pro/portugal-172_03.jpg,dev,4,portugal-119_03,train/attack/digital_1/huawei/portugal-119_03.jpg,internal_test
portugal-172_03,train/attack/digital_2/iphone15pro/portugal-172_03.jpg,dev,2,portugal-070_03,train/attack/digital_1/iphone15pro/portugal-070_03.jpg,internal_test
portugal-172_03,train/attack/digital_2/iphone15pro/portugal-172_03.jpg,dev,2,portugal-070_03,train/attack/digital_1/scan/portugal-070_03.jpg,internal_test
portugal-172_03,train/attack/digital_2/iphone15pro/portugal-172_03.jpg,dev,4,portugal-119_03,train/attack/digital_1/scan/portugal-119_03.jpg,internal_test
portugal-172_03,train/attack/digital_2/iphone15pro/portugal-172_03.jpg,dev,2,portugal-070_03,test/attack/digital_3/scan/portugal-070_03.jpg,internal_test
portugal-172_03,train/attack/digital_2/iphone15pro/portugal-172_03.jpg,dev,2,portugal-070_03,test/attack/digital_3/iphone15pro/portugal-070_03.jpg,internal_test
portugal-172_03,train/attack/digital_2/iphone15pro/portugal-172_03.jpg,dev,4,portugal-119_03,test/attack/digital_3/scan/portugal-119_03.jpg,internal_test
portugal-172_03,train/attack/digital_2/iphone15pro/portugal-172_03.jpg,dev,4,portugal-119_03,test/attack/digital_3/huawei/portugal-119_03.jpg,internal_test
usa-117_03,train/attack/digital_2/iphone15pro/usa-117_03.jpg,dev,4,usa-NF-1094,train/bonafide/huawei/usa-NF-1094.jpg,internal_test
usa-117_03,train/attack/digital_2/iphone15pro/usa-117_03.jpg,dev,2,usa-NF-1094,train/bonafide/iphone15pro/usa-NF-1094.jpg,internal_test
usa-117_03,train/attack/digital_2/iphone15pro/usa-117_03.jpg,dev,4,usa-NF-1094,train/attack/digital_2/huawei/usa-NF-1094.jpg,internal_test
usa-117_03,train/attack/digital_2/iphone15pro/usa-117_03.jpg,dev,4,usa-NF-1094,train/attack/digital_1/huawei/usa-NF-1094.jpg,internal_test
usa-117_03,train/attack/digital_2/iphone15pro/usa-117_03.jpg,dev,4,usa-NF-1094,train/attack/digital_1/iphone15pro/usa-NF-1094.jpg,internal_test
usa-117_03,train/attack/digital_2/iphone15pro/usa-117_03.jpg,dev,2,usa-NF-1094,test/attack/digital_3/huawei/usa-NF-1094.jpg,internal_test
french-033_03,train/attack/digital_2/scan/french-033_03.jpg,dev,4,french-022_03,train/bonafide/huawei/french-022_03.jpg,internal_test
french-033_03,train/attack/digital_2/scan/french-033_03.jpg,dev,4,french-068_03,train/bonafide/huawei/french-068_03.jpg,internal_test
french-033_03,train/attack/digital_2/scan/french-033_03.jpg,dev,2,french-019_03,train/bonafide/iphone15pro/french-019_03.jpg,internal_test
french-033_03,train/attack/digital_2/scan/french-033_03.jpg,dev,2,french-022_03,train/bonafide/iphone15pro/french-022_03.jpg,internal_test
french-033_03,train/attack/digital_2/scan/french-033_03.jpg,dev,2,french-068_03,train/bonafide/iphone15pro/french-068_03.jpg,internal_test
french-033_03,train/attack/digital_2/scan/french-033_03.jpg,dev,4,french-128_03,train/bonafide/iphone15pro/french-128_03.jpg,internal_test
french-033_03,train/attack/digital_2/scan/french-033_03.jpg,dev,4,french-019_03,train/attack/digital_2/iphone15pro/french-019_03.jpg,internal_test
french-033_03,train/attack/digital_2/scan/french-033_03.jpg,dev,4,french-068_03,train/attack/digital_2/iphone15pro/french-068_03.jpg,internal_test
french-033_03,train/attack/digital_2/scan/french-033_03.jpg,dev,4,french-128_03,train/attack/digital_2/iphone15pro/french-128_03.jpg,internal_test
french-033_03,train/attack/digital_2/scan/french-033_03.jpg,dev,2,french-022_03,train/attack/digital_2/iphone15pro/french-022_03.jpg,internal_test
french-033_03,train/attack/digital_2/scan/french-033_03.jpg,dev,4,french-068_03,train/attack/digital_2/huawei/french-068_03.jpg,internal_test
french-033_03,train/attack/digital_2/scan/french-033_03.jpg,dev,4,french-022_03,train/attack/digital_2/huawei/french-022_03.jpg,internal_test
french-033_03,train/attack/digital_2/scan/french-033_03.jpg,dev,4,french-019_03,train/attack/digital_1/huawei/french-019_03.jpg,internal_test
french-033_03,train/attack/digital_2/scan/french-033_03.jpg,dev,4,french-022_03,train/attack/digital_1/huawei/french-022_03.jpg,internal_test
french-033_03,train/attack/digital_2/scan/french-033_03.jpg,dev,4,french-068_03,train/attack/digital_1/huawei/french-068_03.jpg,internal_test
french-033_03,train/attack/digital_2/scan/french-033_03.jpg,dev,4,french-019_03,train/attack/digital_1/iphone15pro/french-019_03.jpg,internal_test
french-033_03,train/attack/digital_2/scan/french-033_03.jpg,dev,2,french-022_03,train/attack/digital_1/iphone15pro/french-022_03.jpg,internal_test
french-033_03,train/attack/digital_2/scan/french-033_03.jpg,dev,2,french-068_03,train/attack/digital_1/iphone15pro/french-068_03.jpg,internal_test
french-033_03,train/attack/digital_2/scan/french-033_03.jpg,dev,4,french-128_03,train/attack/digital_1/iphone15pro/french-128_03.jpg,internal_test
french-033_03,train/attack/digital_2/scan/french-033_03.jpg,dev,2,french-019_03,test/attack/digital_3/iphone15pro/french-019_03.jpg,internal_test
french-033_03,train/attack/digital_2/scan/french-033_03.jpg,dev,4,french-022_03,test/attack/digital_3/huawei/french-022_03.jpg,internal_test
french-033_03,train/attack/digital_2/scan/french-033_03.jpg,dev,2,french-022_03,test/attack/digital_3/iphone15pro/french-022_03.jpg,internal_test
french-033_03,train/attack/digital_2/scan/french-033_03.jpg,dev,4,french-068_03,test/attack/digital_3/huawei/french-068_03.jpg,internal_test
french-033_03,train/attack/digital_2/scan/french-033_03.jpg,dev,4,french-068_03,test/attack/digital_3/iphone15pro/french-068_03.jpg,internal_test
french-114_03,train/attack/digital_2/scan/french-114_03.jpg,dev,4,french-022_03,train/bonafide/huawei/french-022_03.jpg,internal_test
french-114_03,train/attack/digital_2/scan/french-114_03.jpg,dev,4,french-068_03,train/bonafide/huawei/french-068_03.jpg,internal_test
french-114_03,train/attack/digital_2/scan/french-114_03.jpg,dev,4,french-128_03,train/bonafide/scan/french-128_03.jpg,internal_test
french-114_03,train/attack/digital_2/scan/french-114_03.jpg,dev,4,french-068_03,train/attack/digital_2/huawei/french-068_03.jpg,internal_test
french-114_03,train/attack/digital_2/scan/french-114_03.jpg,dev,4,french-022_03,train/attack/digital_2/huawei/french-022_03.jpg,internal_test
french-114_03,train/attack/digital_2/scan/french-114_03.jpg,dev,4,french-022_03,train/attack/digital_1/huawei/french-022_03.jpg,internal_test
french-114_03,train/attack/digital_2/scan/french-114_03.jpg,dev,4,french-068_03,train/attack/digital_1/huawei/french-068_03.jpg,internal_test
french-114_03,train/attack/digital_2/scan/french-114_03.jpg,dev,4,french-022_03,test/attack/digital_3/huawei/french-022_03.jpg,internal_test
french-114_03,train/attack/digital_2/scan/french-114_03.jpg,dev,4,french-068_03,test/attack/digital_3/huawei/french-068_03.jpg,internal_test
french-114_03,train/attack/digital_2/scan/french-114_03.jpg,dev,4,french-068_03,test/attack/digital_3/iphone15pro/french-068_03.jpg,internal_test
french-114_03,train/attack/digital_2/scan/french-114_03.jpg,dev,4,french-128_03,test/attack/digital_3/huawei/french-128_03.jpg,internal_test
turkiye-041_03,train/attack/digital_2/scan/turkiye-041_03.jpg,dev,4,turkiye-115_03,train/bonafide/iphone15pro/turkiye-115_03.jpg,internal_test
turkiye-041_03,train/attack/digital_2/scan/turkiye-041_03.jpg,dev,4,turkiye-115_03,train/bonafide/scan/turkiye-115_03.jpg,internal_test
turkiye-041_03,train/attack/digital_2/scan/turkiye-041_03.jpg,dev,4,turkiye-115_03,train/attack/digital_2/scan/turkiye-115_03.jpg,internal_test
turkiye-041_03,train/attack/digital_2/scan/turkiye-041_03.jpg,dev,4,turkiye-031_03,train/attack/digital_1/huawei/turkiye-031_03.jpg,internal_test
turkiye-041_03,train/attack/digital_2/scan/turkiye-041_03.jpg,dev,2,turkiye-115_03,train/attack/digital_1/huawei/turkiye-115_03.jpg,internal_test
turkiye-041_03,train/attack/digital_2/scan/turkiye-041_03.jpg,dev,4,turkiye-115_03,train/attack/digital_1/scan/turkiye-115_03.jpg,internal_test
turkiye-041_03,train/attack/digital_2/scan/turkiye-041_03.jpg,dev,4,turkiye-115_03,test/attack/digital_3/scan/turkiye-115_03.jpg,internal_test
turkiye-041_03,train/attack/digital_2/scan/turkiye-041_03.jpg,dev,4,turkiye-115_03,test/attack/digital_3/iphone15pro/turkiye-115_03.jpg,internal_test
turkiye-104_03,train/attack/digital_2/scan/turkiye-104_03.jpg,dev,4,turkiye-031_03,train/bonafide/iphone15pro/turkiye-031_03.jpg,internal_test
turkiye-104_03,train/attack/digital_2/scan/turkiye-104_03.jpg,dev,4,turkiye-031_03,train/bonafide/scan/turkiye-031_03.jpg,internal_test
turkiye-104_03,train/attack/digital_2/scan/turkiye-104_03.jpg,dev,4,turkiye-031_03,train/attack/digital_2/iphone15pro/turkiye-031_03.jpg,internal_test
turkiye-104_03,train/attack/digital_2/scan/turkiye-104_03.jpg,dev,4,turkiye-031_03,train/attack/digital_2/scan/turkiye-031_03.jpg,internal_test
turkiye-104_03,train/attack/digital_2/scan/turkiye-104_03.jpg,dev,4,turkiye-031_03,test/attack/digital_3/scan/turkiye-031_03.jpg,internal_test
turkiye-104_03,train/attack/digital_2/scan/turkiye-104_03.jpg,dev,4,turkiye-031_03,test/attack/digital_3/iphone15pro/turkiye-031_03.jpg,internal_test
turkiye-104_03,train/attack/digital_2/scan/turkiye-104_03.jpg,dev,4,turkiye-115_03,test/attack/digital_3/scan/turkiye-115_03.jpg,internal_test
turkiye-101_03,train/attack/digital_2/scan/turkiye-101_03.jpg,dev,4,turkiye-115_03,train/bonafide/huawei/turkiye-115_03.jpg,internal_test
turkiye-101_03,train/attack/digital_2/scan/turkiye-101_03.jpg,dev,4,turkiye-115_03,train/bonafide/iphone15pro/turkiye-115_03.jpg,internal_test
turkiye-101_03,train/attack/digital_2/scan/turkiye-101_03.jpg,dev,4,turkiye-115_03,train/bonafide/scan/turkiye-115_03.jpg,internal_test
turkiye-101_03,train/attack/digital_2/scan/turkiye-101_03.jpg,dev,4,turkiye-121_03,train/attack/digital_2/iphone15pro/turkiye-121_03.jpg,internal_test
turkiye-101_03,train/attack/digital_2/scan/turkiye-101_03.jpg,dev,4,turkiye-115_03,train/attack/digital_2/scan/turkiye-115_03.jpg,internal_test
turkiye-101_03,train/attack/digital_2/scan/turkiye-101_03.jpg,dev,4,turkiye-031_03,train/attack/digital_2/huawei/turkiye-031_03.jpg,internal_test
turkiye-101_03,train/attack/digital_2/scan/turkiye-101_03.jpg,dev,4,turkiye-115_03,train/attack/digital_1/huawei/turkiye-115_03.jpg,internal_test
turkiye-101_03,train/attack/digital_2/scan/turkiye-101_03.jpg,dev,4,turkiye-115_03,train/attack/digital_1/iphone15pro/turkiye-115_03.jpg,internal_test
turkiye-101_03,train/attack/digital_2/scan/turkiye-101_03.jpg,dev,4,turkiye-121_03,train/attack/digital_1/iphone15pro/turkiye-121_03.jpg,internal_test
turkiye-101_03,train/attack/digital_2/scan/turkiye-101_03.jpg,dev,4,turkiye-115_03,train/attack/digital_1/scan/turkiye-115_03.jpg,internal_test
turkiye-101_03,train/attack/digital_2/scan/turkiye-101_03.jpg,dev,4,turkiye-121_03,train/attack/digital_1/scan/turkiye-121_03.jpg,internal_test
turkiye-101_03,train/attack/digital_2/scan/turkiye-101_03.jpg,dev,4,turkiye-031_03,test/attack/digital_3/huawei/turkiye-031_03.jpg,internal_test
turkiye-101_03,train/attack/digital_2/scan/turkiye-101_03.jpg,dev,2,turkiye-115_03,test/attack/digital_3/scan/turkiye-115_03.jpg,internal_test
turkiye-101_03,train/attack/digital_2/scan/turkiye-101_03.jpg,dev,4,turkiye-115_03,test/attack/digital_3/huawei/turkiye-115_03.jpg,internal_test
turkiye-101_03,train/attack/digital_2/scan/turkiye-101_03.jpg,dev,4,turkiye-121_03,test/attack/digital_3/iphone15pro/turkiye-121_03.jpg,internal_test
russian-141_03,train/attack/digital_2/scan/russian-141_03.jpg,dev,4,russian-132_03,train/bonafide/iphone15pro/russian-132_03.jpg,internal_test
russian-141_03,train/attack/digital_2/scan/russian-141_03.jpg,dev,4,russian-132_03,train/attack/digital_2/iphone15pro/russian-132_03.jpg,internal_test
russian-141_03,train/attack/digital_2/scan/russian-141_03.jpg,dev,4,russian-132_03,train/attack/digital_1/iphone15pro/russian-132_03.jpg,internal_test
russian-141_03,train/attack/digital_2/scan/russian-141_03.jpg,dev,4,russian-132_03,test/attack/digital_3/scan/russian-132_03.jpg,internal_test
russian-141_03,train/attack/digital_2/scan/russian-141_03.jpg,dev,4,russian-132_03,test/attack/digital_3/iphone15pro/russian-132_03.jpg,internal_test
portugal-172_03,train/attack/digital_2/scan/portugal-172_03.jpg,dev,4,portugal-070_03,train/bonafide/iphone15pro/portugal-070_03.jpg,internal_test
portugal-172_03,train/attack/digital_2/scan/portugal-172_03.jpg,dev,4,portugal-070_03,train/bonafide/scan/portugal-070_03.jpg,internal_test
portugal-172_03,train/attack/digital_2/scan/portugal-172_03.jpg,dev,2,portugal-070_03,train/attack/digital_2/iphone15pro/portugal-070_03.jpg,internal_test
portugal-172_03,train/attack/digital_2/scan/portugal-172_03.jpg,dev,4,portugal-119_03,train/attack/digital_2/scan/portugal-119_03.jpg,internal_test
portugal-172_03,train/attack/digital_2/scan/portugal-172_03.jpg,dev,4,portugal-070_03,train/attack/digital_2/scan/portugal-070_03.jpg,internal_test
portugal-172_03,train/attack/digital_2/scan/portugal-172_03.jpg,dev,4,portugal-070_03,train/attack/digital_1/iphone15pro/portugal-070_03.jpg,internal_test
portugal-172_03,train/attack/digital_2/scan/portugal-172_03.jpg,dev,4,portugal-070_03,train/attack/digital_1/scan/portugal-070_03.jpg,internal_test
portugal-172_03,train/attack/digital_2/scan/portugal-172_03.jpg,dev,4,portugal-119_03,train/attack/digital_1/scan/portugal-119_03.jpg,internal_test
portugal-172_03,train/attack/digital_2/scan/portugal-172_03.jpg,dev,2,portugal-070_03,test/attack/digital_3/scan/portugal-070_03.jpg,internal_test
portugal-172_03,train/attack/digital_2/scan/portugal-172_03.jpg,dev,4,portugal-070_03,test/attack/digital_3/huawei/portugal-070_03.jpg,internal_test
portugal-172_03,train/attack/digital_2/scan/portugal-172_03.jpg,dev,2,portugal-070_03,test/attack/digital_3/iphone15pro/portugal-070_03.jpg,internal_test
usa-NF-1071,train/attack/digital_2/scan/usa-NF-1071.jpg,dev,4,usa-NM-1038,train/bonafide/huawei/usa-NM-1038.jpg,internal_test
usa-NF-1071,train/attack/digital_2/scan/usa-NF-1071.jpg,dev,4,usa-NM-1038,train/attack/digital_2/huawei/usa-NM-1038.jpg,internal_test
usa-NF-1071,train/attack/digital_2/scan/usa-NF-1071.jpg,dev,4,usa-NM-1038,train/attack/digital_1/huawei/usa-NM-1038.jpg,internal_test
usa-NF-1071,train/attack/digital_2/scan/usa-NF-1071.jpg,dev,4,usa-NM-1038,test/attack/digital_3/huawei/usa-NM-1038.jpg,internal_test
chinese-142_03,train/attack/digital_2/scan/chinese-142_03.jpg,dev,4,chinese-020_03,train/bonafide/huawei/chinese-020_03.jpg,internal_test
chinese-142_03,train/attack/digital_2/scan/chinese-142_03.jpg,dev,4,chinese-020_03,train/bonafide/iphone15pro/chinese-020_03.jpg,internal_test
chinese-142_03,train/attack/digital_2/scan/chinese-142_03.jpg,dev,2,chinese-020_03,train/bonafide/scan/chinese-020_03.jpg,internal_test
chinese-142_03,train/attack/digital_2/scan/chinese-142_03.jpg,dev,4,chinese-020_03,train/attack/digital_2/iphone15pro/chinese-020_03.jpg,internal_test
chinese-142_03,train/attack/digital_2/scan/chinese-142_03.jpg,dev,2,chinese-020_03,train/attack/digital_2/scan/chinese-020_03.jpg,internal_test
chinese-142_03,train/attack/digital_2/scan/chinese-142_03.jpg,dev,4,chinese-020_03,train/attack/digital_2/huawei/chinese-020_03.jpg,internal_test
chinese-142_03,train/attack/digital_2/scan/chinese-142_03.jpg,dev,4,chinese-020_03,train/attack/digital_1/iphone15pro/chinese-020_03.jpg,internal_test
chinese-142_03,train/attack/digital_2/scan/chinese-142_03.jpg,dev,4,chinese-020_03,train/attack/digital_1/scan/chinese-020_03.jpg,internal_test
chinese-142_03,train/attack/digital_2/scan/chinese-142_03.jpg,dev,2,chinese-020_03,test/attack/digital_3/scan/chinese-020_03.jpg,internal_test
chinese-142_03,train/attack/digital_2/scan/chinese-142_03.jpg,dev,4,chinese-020_03,test/attack/digital_3/huawei/chinese-020_03.jpg,internal_test
chinese-142_03,train/attack/digital_2/scan/chinese-142_03.jpg,dev,4,chinese-020_03,test/attack/digital_3/iphone15pro/chinese-020_03.jpg,internal_test
french-033_03,train/attack/digital_2/huawei/french-033_03.jpg,dev,2,french-022_03,train/bonafide/huawei/french-022_03.jpg,internal_test
french-033_03,train/attack/digital_2/huawei/french-033_03.jpg,dev,4,french-068_03,train/bonafide/huawei/french-068_03.jpg,internal_test
french-033_03,train/attack/digital_2/huawei/french-033_03.jpg,dev,4,french-022_03,train/bonafide/scan/french-022_03.jpg,internal_test
french-033_03,train/attack/digital_2/huawei/french-033_03.jpg,dev,4,french-022_03,train/attack/digital_2/scan/french-022_03.jpg,internal_test
french-033_03,train/attack/digital_2/huawei/french-033_03.jpg,dev,4,french-068_03,train/attack/digital_2/huawei/french-068_03.jpg,internal_test
french-033_03,train/attack/digital_2/huawei/french-033_03.jpg,dev,2,french-022_03,train/attack/digital_2/huawei/french-022_03.jpg,internal_test
french-033_03,train/attack/digital_2/huawei/french-033_03.jpg,dev,4,french-022_03,train/attack/digital_1/huawei/french-022_03.jpg,internal_test
french-033_03,train/attack/digital_2/huawei/french-033_03.jpg,dev,4,french-068_03,train/attack/digital_1/huawei/french-068_03.jpg,internal_test
french-033_03,train/attack/digital_2/huawei/french-033_03.jpg,dev,4,french-022_03,train/attack/digital_1/scan/french-022_03.jpg,internal_test
french-033_03,train/attack/digital_2/huawei/french-033_03.jpg,dev,4,french-022_03,test/attack/digital_3/scan/french-022_03.jpg,internal_test
french-033_03,train/attack/digital_2/huawei/french-033_03.jpg,dev,2,french-022_03,test/attack/digital_3/huawei/french-022_03.jpg,internal_test
french-033_03,train/attack/digital_2/huawei/french-033_03.jpg,dev,4,french-068_03,test/attack/digital_3/huawei/french-068_03.jpg,internal_test
french-033_03,train/attack/digital_2/huawei/french-033_03.jpg,dev,4,french-068_03,test/attack/digital_3/iphone15pro/french-068_03.jpg,internal_test
french-114_03,train/attack/digital_2/huawei/french-114_03.jpg,dev,4,french-068_03,train/bonafide/huawei/french-068_03.jpg,internal_test
french-114_03,train/attack/digital_2/huawei/french-114_03.jpg,dev,4,french-128_03,train/bonafide/scan/french-128_03.jpg,internal_test
french-114_03,train/attack/digital_2/huawei/french-114_03.jpg,dev,4,french-068_03,train/attack/digital_2/huawei/french-068_03.jpg,internal_test
french-114_03,train/attack/digital_2/huawei/french-114_03.jpg,dev,4,french-068_03,train/attack/digital_1/huawei/french-068_03.jpg,internal_test
french-114_03,train/attack/digital_2/huawei/french-114_03.jpg,dev,4,french-068_03,train/attack/digital_1/iphone15pro/french-068_03.jpg,internal_test
french-114_03,train/attack/digital_2/huawei/french-114_03.jpg,dev,4,french-068_03,test/attack/digital_3/huawei/french-068_03.jpg,internal_test
french-114_03,train/attack/digital_2/huawei/french-114_03.jpg,dev,4,french-068_03,test/attack/digital_3/iphone15pro/french-068_03.jpg,internal_test
french-114_03,train/attack/digital_2/huawei/french-114_03.jpg,dev,4,french-128_03,test/attack/digital_3/huawei/french-128_03.jpg,internal_test
turkiye-041_03,train/attack/digital_2/huawei/turkiye-041_03.jpg,dev,4,turkiye-115_03,train/attack/digital_2/huawei/turkiye-115_03.jpg,internal_test
turkiye-041_03,train/attack/digital_2/huawei/turkiye-041_03.jpg,dev,4,turkiye-031_03,train/attack/digital_1/huawei/turkiye-031_03.jpg,internal_test
turkiye-041_03,train/attack/digital_2/huawei/turkiye-041_03.jpg,dev,4,turkiye-115_03,train/attack/digital_1/huawei/turkiye-115_03.jpg,internal_test
chinese-039_03,train/attack/digital_2/huawei/chinese-039_03.jpg,dev,4,chinese-020_03,train/attack/digital_1/huawei/chinese-020_03.jpg,internal_test
turkiye-104_03,train/attack/digital_2/huawei/turkiye-104_03.jpg,dev,4,turkiye-115_03,train/bonafide/huawei/turkiye-115_03.jpg,internal_test
turkiye-104_03,train/attack/digital_2/huawei/turkiye-104_03.jpg,dev,4,turkiye-115_03,train/attack/digital_1/huawei/turkiye-115_03.jpg,internal_test
turkiye-104_03,train/attack/digital_2/huawei/turkiye-104_03.jpg,dev,4,turkiye-115_03,test/attack/digital_3/scan/turkiye-115_03.jpg,internal_test
turkiye-104_03,train/attack/digital_2/huawei/turkiye-104_03.jpg,dev,4,turkiye-115_03,test/attack/digital_3/huawei/turkiye-115_03.jpg,internal_test
turkiye-101_03,train/attack/digital_2/huawei/turkiye-101_03.jpg,dev,4,turkiye-115_03,train/bonafide/huawei/turkiye-115_03.jpg,internal_test
turkiye-101_03,train/attack/digital_2/huawei/turkiye-101_03.jpg,dev,4,turkiye-115_03,train/attack/digital_2/huawei/turkiye-115_03.jpg,internal_test
turkiye-101_03,train/attack/digital_2/huawei/turkiye-101_03.jpg,dev,4,turkiye-115_03,train/attack/digital_1/huawei/turkiye-115_03.jpg,internal_test
turkiye-101_03,train/attack/digital_2/huawei/turkiye-101_03.jpg,dev,4,turkiye-031_03,test/attack/digital_3/huawei/turkiye-031_03.jpg,internal_test
turkiye-101_03,train/attack/digital_2/huawei/turkiye-101_03.jpg,dev,4,turkiye-115_03,test/attack/digital_3/scan/turkiye-115_03.jpg,internal_test
turkiye-101_03,train/attack/digital_2/huawei/turkiye-101_03.jpg,dev,4,turkiye-115_03,test/attack/digital_3/huawei/turkiye-115_03.jpg,internal_test
portugal-172_03,train/attack/digital_2/huawei/portugal-172_03.jpg,dev,4,portugal-070_03,train/bonafide/iphone15pro/portugal-070_03.jpg,internal_test
portugal-172_03,train/attack/digital_2/huawei/portugal-172_03.jpg,dev,4,portugal-070_03,train/bonafide/scan/portugal-070_03.jpg,internal_test
portugal-172_03,train/attack/digital_2/huawei/portugal-172_03.jpg,dev,2,portugal-070_03,train/attack/digital_2/iphone15pro/portugal-070_03.jpg,internal_test
portugal-172_03,train/attack/digital_2/huawei/portugal-172_03.jpg,dev,4,portugal-070_03,train/attack/digital_2/scan/portugal-070_03.jpg,internal_test
portugal-172_03,train/attack/digital_2/huawei/portugal-172_03.jpg,dev,4,portugal-070_03,test/attack/digital_3/scan/portugal-070_03.jpg,internal_test
portugal-172_03,train/attack/digital_2/huawei/portugal-172_03.jpg,dev,4,portugal-070_03,test/attack/digital_3/iphone15pro/portugal-070_03.jpg,internal_test
chinese-142_03,train/attack/digital_2/huawei/chinese-142_03.jpg,dev,2,chinese-020_03,train/bonafide/huawei/chinese-020_03.jpg,internal_test
chinese-142_03,train/attack/digital_2/huawei/chinese-142_03.jpg,dev,4,chinese-020_03,train/bonafide/iphone15pro/chinese-020_03.jpg,internal_test
chinese-142_03,train/attack/digital_2/huawei/chinese-142_03.jpg,dev,4,chinese-020_03,train/bonafide/scan/chinese-020_03.jpg,internal_test
chinese-142_03,train/attack/digital_2/huawei/chinese-142_03.jpg,dev,4,chinese-020_03,train/attack/digital_2/iphone15pro/chinese-020_03.jpg,internal_test
chinese-142_03,train/attack/digital_2/huawei/chinese-142_03.jpg,dev,4,chinese-020_03,train/attack/digital_2/scan/chinese-020_03.jpg,internal_test
chinese-142_03,train/attack/digital_2/huawei/chinese-142_03.jpg,dev,2,chinese-020_03,train/attack/digital_2/huawei/chinese-020_03.jpg,internal_test
chinese-142_03,train/attack/digital_2/huawei/chinese-142_03.jpg,dev,4,chinese-020_03,train/attack/digital_1/huawei/chinese-020_03.jpg,internal_test
chinese-142_03,train/attack/digital_2/huawei/chinese-142_03.jpg,dev,4,chinese-020_03,train/attack/digital_1/iphone15pro/chinese-020_03.jpg,internal_test
chinese-142_03,train/attack/digital_2/huawei/chinese-142_03.jpg,dev,4,chinese-020_03,test/attack/digital_3/scan/chinese-020_03.jpg,internal_test
chinese-142_03,train/attack/digital_2/huawei/chinese-142_03.jpg,dev,2,chinese-020_03,test/attack/digital_3/huawei/chinese-020_03.jpg,internal_test
chinese-142_03,train/attack/digital_2/huawei/chinese-142_03.jpg,dev,4,chinese-020_03,test/attack/digital_3/iphone15pro/chinese-020_03.jpg,internal_test
chinese-039_03,train/attack/digital_1/huawei/chinese-039_03.jpg,dev,2,chinese-020_03,train/attack/digital_1/huawei/chinese-020_03.jpg,internal_test
chinese-142_03,train/attack/digital_1/huawei/chinese-142_03.jpg,dev,2,chinese-020_03,train/bonafide/huawei/chinese-020_03.jpg,internal_test
chinese-142_03,train/attack/digital_1/huawei/chinese-142_03.jpg,dev,2,chinese-020_03,train/attack/digital_2/huawei/chinese-020_03.jpg,internal_test
chinese-142_03,train/attack/digital_1/huawei/chinese-142_03.jpg,dev,4,chinese-020_03,train/attack/digital_1/huawei/chinese-020_03.jpg,internal_test
chinese-142_03,train/attack/digital_1/huawei/chinese-142_03.jpg,dev,2,chinese-020_03,test/attack/digital_3/huawei/chinese-020_03.jpg,internal_test
french-033_03,train/attack/digital_1/huawei/french-033_03.jpg,dev,4,french-022_03,train/bonafide/huawei/french-022_03.jpg,internal_test
french-033_03,train/attack/digital_1/huawei/french-033_03.jpg,dev,4,french-068_03,train/bonafide/huawei/french-068_03.jpg,internal_test
french-033_03,train/attack/digital_1/huawei/french-033_03.jpg,dev,4,french-128_03,train/bonafide/huawei/french-128_03.jpg,internal_test
french-033_03,train/attack/digital_1/huawei/french-033_03.jpg,dev,4,french-128_03,train/bonafide/scan/french-128_03.jpg,internal_test
french-033_03,train/attack/digital_1/huawei/french-033_03.jpg,dev,4,french-068_03,train/attack/digital_2/huawei/french-068_03.jpg,internal_test
french-033_03,train/attack/digital_1/huawei/french-033_03.jpg,dev,4,french-128_03,train/attack/digital_2/huawei/french-128_03.jpg,internal_test
french-033_03,train/attack/digital_1/huawei/french-033_03.jpg,dev,4,french-022_03,train/attack/digital_2/huawei/french-022_03.jpg,internal_test
french-033_03,train/attack/digital_1/huawei/french-033_03.jpg,dev,4,french-022_03,train/attack/digital_1/huawei/french-022_03.jpg,internal_test
french-033_03,train/attack/digital_1/huawei/french-033_03.jpg,dev,4,french-068_03,train/attack/digital_1/huawei/french-068_03.jpg,internal_test
french-033_03,train/attack/digital_1/huawei/french-033_03.jpg,dev,4,french-128_03,train/attack/digital_1/scan/french-128_03.jpg,internal_test
french-033_03,train/attack/digital_1/huawei/french-033_03.jpg,dev,4,french-022_03,test/attack/digital_3/huawei/french-022_03.jpg,internal_test
french-033_03,train/attack/digital_1/huawei/french-033_03.jpg,dev,4,french-068_03,test/attack/digital_3/huawei/french-068_03.jpg,internal_test
french-033_03,train/attack/digital_1/huawei/french-033_03.jpg,dev,4,french-128_03,test/attack/digital_3/huawei/french-128_03.jpg,internal_test
french-114_03,train/attack/digital_1/huawei/french-114_03.jpg,dev,4,french-068_03,train/bonafide/huawei/french-068_03.jpg,internal_test
french-114_03,train/attack/digital_1/huawei/french-114_03.jpg,dev,4,french-128_03,train/bonafide/scan/french-128_03.jpg,internal_test
french-114_03,train/attack/digital_1/huawei/french-114_03.jpg,dev,4,french-068_03,train/attack/digital_2/huawei/french-068_03.jpg,internal_test
french-114_03,train/attack/digital_1/huawei/french-114_03.jpg,dev,4,french-068_03,train/attack/digital_1/huawei/french-068_03.jpg,internal_test
french-114_03,train/attack/digital_1/huawei/french-114_03.jpg,dev,4,french-068_03,train/attack/digital_1/iphone15pro/french-068_03.jpg,internal_test
french-114_03,train/attack/digital_1/huawei/french-114_03.jpg,dev,4,french-068_03,test/attack/digital_3/huawei/french-068_03.jpg,internal_test
french-114_03,train/attack/digital_1/huawei/french-114_03.jpg,dev,4,french-068_03,test/attack/digital_3/iphone15pro/french-068_03.jpg,internal_test
french-114_03,train/attack/digital_1/huawei/french-114_03.jpg,dev,4,french-128_03,test/attack/digital_3/huawei/french-128_03.jpg,internal_test
portugal-172_03,train/attack/digital_1/huawei/portugal-172_03.jpg,dev,2,portugal-070_03,train/bonafide/iphone15pro/portugal-070_03.jpg,internal_test
portugal-172_03,train/attack/digital_1/huawei/portugal-172_03.jpg,dev,4,portugal-070_03,train/bonafide/scan/portugal-070_03.jpg,internal_test
portugal-172_03,train/attack/digital_1/huawei/portugal-172_03.jpg,dev,2,portugal-070_03,train/attack/digital_2/iphone15pro/portugal-070_03.jpg,internal_test
portugal-172_03,train/attack/digital_1/huawei/portugal-172_03.jpg,dev,4,portugal-070_03,train/attack/digital_2/scan/portugal-070_03.jpg,internal_test
portugal-172_03,train/attack/digital_1/huawei/portugal-172_03.jpg,dev,4,portugal-070_03,train/attack/digital_1/iphone15pro/portugal-070_03.jpg,internal_test
portugal-172_03,train/attack/digital_1/huawei/portugal-172_03.jpg,dev,4,portugal-070_03,train/attack/digital_1/scan/portugal-070_03.jpg,internal_test
portugal-172_03,train/attack/digital_1/huawei/portugal-172_03.jpg,dev,2,portugal-070_03,test/attack/digital_3/scan/portugal-070_03.jpg,internal_test
portugal-172_03,train/attack/digital_1/huawei/portugal-172_03.jpg,dev,2,portugal-070_03,test/attack/digital_3/iphone15pro/portugal-070_03.jpg,internal_test
turkiye-041_03,train/attack/digital_1/huawei/turkiye-041_03.jpg,dev,4,turkiye-115_03,train/attack/digital_2/huawei/turkiye-115_03.jpg,internal_test
turkiye-041_03,train/attack/digital_1/huawei/turkiye-041_03.jpg,dev,4,turkiye-031_03,train/attack/digital_1/huawei/turkiye-031_03.jpg,internal_test
turkiye-041_03,train/attack/digital_1/huawei/turkiye-041_03.jpg,dev,4,turkiye-115_03,train/attack/digital_1/huawei/turkiye-115_03.jpg,internal_test
turkiye-101_03,train/attack/digital_1/huawei/turkiye-101_03.jpg,dev,4,turkiye-031_03,train/bonafide/huawei/turkiye-031_03.jpg,internal_test
turkiye-101_03,train/attack/digital_1/huawei/turkiye-101_03.jpg,dev,4,turkiye-031_03,train/bonafide/iphone15pro/turkiye-031_03.jpg,internal_test
turkiye-101_03,train/attack/digital_1/huawei/turkiye-101_03.jpg,dev,4,turkiye-115_03,train/bonafide/iphone15pro/turkiye-115_03.jpg,internal_test
turkiye-101_03,train/attack/digital_1/huawei/turkiye-101_03.jpg,dev,4,turkiye-031_03,train/bonafide/scan/turkiye-031_03.jpg,internal_test
turkiye-101_03,train/attack/digital_1/huawei/turkiye-101_03.jpg,dev,4,turkiye-115_03,train/bonafide/scan/turkiye-115_03.jpg,internal_test
turkiye-101_03,train/attack/digital_1/huawei/turkiye-101_03.jpg,dev,4,turkiye-121_03,train/attack/digital_2/iphone15pro/turkiye-121_03.jpg,internal_test
turkiye-101_03,train/attack/digital_1/huawei/turkiye-101_03.jpg,dev,4,turkiye-031_03,train/attack/digital_2/iphone15pro/turkiye-031_03.jpg,internal_test
turkiye-101_03,train/attack/digital_1/huawei/turkiye-101_03.jpg,dev,4,turkiye-115_03,train/attack/digital_2/scan/turkiye-115_03.jpg,internal_test
turkiye-101_03,train/attack/digital_1/huawei/turkiye-101_03.jpg,dev,4,turkiye-031_03,train/attack/digital_2/scan/turkiye-031_03.jpg,internal_test
turkiye-101_03,train/attack/digital_1/huawei/turkiye-101_03.jpg,dev,4,turkiye-115_03,train/attack/digital_2/huawei/turkiye-115_03.jpg,internal_test
turkiye-101_03,train/attack/digital_1/huawei/turkiye-101_03.jpg,dev,4,turkiye-031_03,train/attack/digital_2/huawei/turkiye-031_03.jpg,internal_test
turkiye-101_03,train/attack/digital_1/huawei/turkiye-101_03.jpg,dev,2,turkiye-031_03,train/attack/digital_1/huawei/turkiye-031_03.jpg,internal_test
turkiye-101_03,train/attack/digital_1/huawei/turkiye-101_03.jpg,dev,4,turkiye-115_03,train/attack/digital_1/huawei/turkiye-115_03.jpg,internal_test
turkiye-101_03,train/attack/digital_1/huawei/turkiye-101_03.jpg,dev,4,turkiye-121_03,train/attack/digital_1/iphone15pro/turkiye-121_03.jpg,internal_test
turkiye-101_03,train/attack/digital_1/huawei/turkiye-101_03.jpg,dev,4,turkiye-115_03,train/attack/digital_1/scan/turkiye-115_03.jpg,internal_test
turkiye-101_03,train/attack/digital_1/huawei/turkiye-101_03.jpg,dev,4,turkiye-031_03,test/attack/digital_3/scan/turkiye-031_03.jpg,internal_test
turkiye-101_03,train/attack/digital_1/huawei/turkiye-101_03.jpg,dev,4,turkiye-031_03,test/attack/digital_3/huawei/turkiye-031_03.jpg,internal_test
turkiye-101_03,train/attack/digital_1/huawei/turkiye-101_03.jpg,dev,4,turkiye-031_03,test/attack/digital_3/iphone15pro/turkiye-031_03.jpg,internal_test
turkiye-101_03,train/attack/digital_1/huawei/turkiye-101_03.jpg,dev,4,turkiye-115_03,test/attack/digital_3/scan/turkiye-115_03.jpg,internal_test
turkiye-101_03,train/attack/digital_1/huawei/turkiye-101_03.jpg,dev,4,turkiye-121_03,test/attack/digital_3/iphone15pro/turkiye-121_03.jpg,internal_test
turkiye-104_03,train/attack/digital_1/huawei/turkiye-104_03.jpg,dev,4,turkiye-115_03,train/bonafide/huawei/turkiye-115_03.jpg,internal_test
turkiye-104_03,train/attack/digital_1/huawei/turkiye-104_03.jpg,dev,4,turkiye-031_03,train/bonafide/iphone15pro/turkiye-031_03.jpg,internal_test
turkiye-104_03,train/attack/digital_1/huawei/turkiye-104_03.jpg,dev,4,turkiye-031_03,train/bonafide/scan/turkiye-031_03.jpg,internal_test
turkiye-104_03,train/attack/digital_1/huawei/turkiye-104_03.jpg,dev,4,turkiye-121_03,train/attack/digital_2/iphone15pro/turkiye-121_03.jpg,internal_test
turkiye-104_03,train/attack/digital_1/huawei/turkiye-104_03.jpg,dev,4,turkiye-031_03,train/attack/digital_2/iphone15pro/turkiye-031_03.jpg,internal_test
turkiye-104_03,train/attack/digital_1/huawei/turkiye-104_03.jpg,dev,4,turkiye-031_03,train/attack/digital_2/scan/turkiye-031_03.jpg,internal_test
turkiye-104_03,train/attack/digital_1/huawei/turkiye-104_03.jpg,dev,4,turkiye-031_03,train/attack/digital_2/huawei/turkiye-031_03.jpg,internal_test
turkiye-104_03,train/attack/digital_1/huawei/turkiye-104_03.jpg,dev,4,turkiye-031_03,train/attack/digital_1/huawei/turkiye-031_03.jpg,internal_test
turkiye-104_03,train/attack/digital_1/huawei/turkiye-104_03.jpg,dev,4,turkiye-031_03,test/attack/digital_3/scan/turkiye-031_03.jpg,internal_test
turkiye-104_03,train/attack/digital_1/huawei/turkiye-104_03.jpg,dev,4,turkiye-031_03,test/attack/digital_3/huawei/turkiye-031_03.jpg,internal_test
turkiye-104_03,train/attack/digital_1/huawei/turkiye-104_03.jpg,dev,4,turkiye-031_03,test/attack/digital_3/iphone15pro/turkiye-031_03.jpg,internal_test
turkiye-104_03,train/attack/digital_1/huawei/turkiye-104_03.jpg,dev,4,turkiye-115_03,test/attack/digital_3/scan/turkiye-115_03.jpg,internal_test
turkiye-104_03,train/attack/digital_1/huawei/turkiye-104_03.jpg,dev,4,turkiye-115_03,test/attack/digital_3/huawei/turkiye-115_03.jpg,internal_test
turkiye-104_03,train/attack/digital_1/huawei/turkiye-104_03.jpg,dev,4,turkiye-121_03,test/attack/digital_3/iphone15pro/turkiye-121_03.jpg,internal_test
portugal-172_03,train/attack/digital_1/iphone15pro/portugal-172_03.jpg,dev,4,portugal-119_03,train/bonafide/huawei/portugal-119_03.jpg,internal_test
portugal-172_03,train/attack/digital_1/iphone15pro/portugal-172_03.jpg,dev,2,portugal-070_03,train/bonafide/iphone15pro/portugal-070_03.jpg,internal_test
portugal-172_03,train/attack/digital_1/iphone15pro/portugal-172_03.jpg,dev,4,portugal-070_03,train/bonafide/scan/portugal-070_03.jpg,internal_test
portugal-172_03,train/attack/digital_1/iphone15pro/portugal-172_03.jpg,dev,4,portugal-119_03,train/bonafide/scan/portugal-119_03.jpg,internal_test
portugal-172_03,train/attack/digital_1/iphone15pro/portugal-172_03.jpg,dev,4,portugal-070_03,train/attack/digital_2/iphone15pro/portugal-070_03.jpg,internal_test
portugal-172_03,train/attack/digital_1/iphone15pro/portugal-172_03.jpg,dev,4,portugal-119_03,train/attack/digital_2/scan/portugal-119_03.jpg,internal_test
portugal-172_03,train/attack/digital_1/iphone15pro/portugal-172_03.jpg,dev,4,portugal-070_03,train/attack/digital_2/scan/portugal-070_03.jpg,internal_test
portugal-172_03,train/attack/digital_1/iphone15pro/portugal-172_03.jpg,dev,4,portugal-119_03,train/attack/digital_1/huawei/portugal-119_03.jpg,internal_test
portugal-172_03,train/attack/digital_1/iphone15pro/portugal-172_03.jpg,dev,2,portugal-070_03,train/attack/digital_1/iphone15pro/portugal-070_03.jpg,internal_test
portugal-172_03,train/attack/digital_1/iphone15pro/portugal-172_03.jpg,dev,2,portugal-070_03,train/attack/digital_1/scan/portugal-070_03.jpg,internal_test
portugal-172_03,train/attack/digital_1/iphone15pro/portugal-172_03.jpg,dev,4,portugal-119_03,train/attack/digital_1/scan/portugal-119_03.jpg,internal_test
portugal-172_03,train/attack/digital_1/iphone15pro/portugal-172_03.jpg,dev,2,portugal-070_03,test/attack/digital_3/scan/portugal-070_03.jpg,internal_test
portugal-172_03,train/attack/digital_1/iphone15pro/portugal-172_03.jpg,dev,2,portugal-070_03,test/attack/digital_3/iphone15pro/portugal-070_03.jpg,internal_test
portugal-172_03,train/attack/digital_1/iphone15pro/portugal-172_03.jpg,dev,4,portugal-119_03,test/attack/digital_3/scan/portugal-119_03.jpg,internal_test
portugal-172_03,train/attack/digital_1/iphone15pro/portugal-172_03.jpg,dev,4,portugal-119_03,test/attack/digital_3/huawei/portugal-119_03.jpg,internal_test
chinese-142_03,train/attack/digital_1/iphone15pro/chinese-142_03.jpg,dev,4,chinese-020_03,train/bonafide/iphone15pro/chinese-020_03.jpg,internal_test
chinese-142_03,train/attack/digital_1/iphone15pro/chinese-142_03.jpg,dev,4,chinese-020_03,train/attack/digital_2/iphone15pro/chinese-020_03.jpg,internal_test
chinese-142_03,train/attack/digital_1/iphone15pro/chinese-142_03.jpg,dev,4,chinese-020_03,train/attack/digital_1/iphone15pro/chinese-020_03.jpg,internal_test
chinese-142_03,train/attack/digital_1/iphone15pro/chinese-142_03.jpg,dev,4,chinese-020_03,test/attack/digital_3/iphone15pro/chinese-020_03.jpg,internal_test
french-033_03,train/attack/digital_1/iphone15pro/french-033_03.jpg,dev,4,french-022_03,train/bonafide/huawei/french-022_03.jpg,internal_test
french-033_03,train/attack/digital_1/iphone15pro/french-033_03.jpg,dev,4,french-068_03,train/bonafide/huawei/french-068_03.jpg,internal_test
french-033_03,train/attack/digital_1/iphone15pro/french-033_03.jpg,dev,2,french-019_03,train/bonafide/iphone15pro/french-019_03.jpg,internal_test
french-033_03,train/attack/digital_1/iphone15pro/french-033_03.jpg,dev,2,french-022_03,train/bonafide/iphone15pro/french-022_03.jpg,internal_test
french-033_03,train/attack/digital_1/iphone15pro/french-033_03.jpg,dev,2,french-068_03,train/bonafide/iphone15pro/french-068_03.jpg,internal_test
french-033_03,train/attack/digital_1/iphone15pro/french-033_03.jpg,dev,4,french-128_03,train/bonafide/iphone15pro/french-128_03.jpg,internal_test
french-033_03,train/attack/digital_1/iphone15pro/french-033_03.jpg,dev,4,french-019_03,train/attack/digital_2/iphone15pro/french-019_03.jpg,internal_test
french-033_03,train/attack/digital_1/iphone15pro/french-033_03.jpg,dev,4,french-068_03,train/attack/digital_2/iphone15pro/french-068_03.jpg,internal_test
french-033_03,train/attack/digital_1/iphone15pro/french-033_03.jpg,dev,4,french-128_03,train/attack/digital_2/iphone15pro/french-128_03.jpg,internal_test
french-033_03,train/attack/digital_1/iphone15pro/french-033_03.jpg,dev,2,french-022_03,train/attack/digital_2/iphone15pro/french-022_03.jpg,internal_test
french-033_03,train/attack/digital_1/iphone15pro/french-033_03.jpg,dev,4,french-068_03,train/attack/digital_2/huawei/french-068_03.jpg,internal_test
french-033_03,train/attack/digital_1/iphone15pro/french-033_03.jpg,dev,4,french-022_03,train/attack/digital_2/huawei/french-022_03.jpg,internal_test
french-033_03,train/attack/digital_1/iphone15pro/french-033_03.jpg,dev,4,french-019_03,train/attack/digital_1/huawei/french-019_03.jpg,internal_test
french-033_03,train/attack/digital_1/iphone15pro/french-033_03.jpg,dev,4,french-022_03,train/attack/digital_1/huawei/french-022_03.jpg,internal_test
french-033_03,train/attack/digital_1/iphone15pro/french-033_03.jpg,dev,4,french-068_03,train/attack/digital_1/huawei/french-068_03.jpg,internal_test
french-033_03,train/attack/digital_1/iphone15pro/french-033_03.jpg,dev,4,french-019_03,train/attack/digital_1/iphone15pro/french-019_03.jpg,internal_test
french-033_03,train/attack/digital_1/iphone15pro/french-033_03.jpg,dev,2,french-022_03,train/attack/digital_1/iphone15pro/french-022_03.jpg,internal_test
french-033_03,train/attack/digital_1/iphone15pro/french-033_03.jpg,dev,2,french-068_03,train/attack/digital_1/iphone15pro/french-068_03.jpg,internal_test
french-033_03,train/attack/digital_1/iphone15pro/french-033_03.jpg,dev,4,french-128_03,train/attack/digital_1/iphone15pro/french-128_03.jpg,internal_test
french-033_03,train/attack/digital_1/iphone15pro/french-033_03.jpg,dev,2,french-019_03,test/attack/digital_3/iphone15pro/french-019_03.jpg,internal_test
french-033_03,train/attack/digital_1/iphone15pro/french-033_03.jpg,dev,4,french-022_03,test/attack/digital_3/huawei/french-022_03.jpg,internal_test
french-033_03,train/attack/digital_1/iphone15pro/french-033_03.jpg,dev,2,french-022_03,test/attack/digital_3/iphone15pro/french-022_03.jpg,internal_test
french-033_03,train/attack/digital_1/iphone15pro/french-033_03.jpg,dev,4,french-068_03,test/attack/digital_3/huawei/french-068_03.jpg,internal_test
french-033_03,train/attack/digital_1/iphone15pro/french-033_03.jpg,dev,4,french-068_03,test/attack/digital_3/iphone15pro/french-068_03.jpg,internal_test
russian-027_03,train/attack/digital_1/iphone15pro/russian-027_03.jpg,dev,4,russian-140_03,train/bonafide/scan/russian-140_03.jpg,internal_test
russian-027_03,train/attack/digital_1/iphone15pro/russian-027_03.jpg,dev,4,russian-140_03,test/attack/digital_3/scan/russian-140_03.jpg,internal_test
turkiye-041_03,train/attack/digital_1/iphone15pro/turkiye-041_03.jpg,dev,2,turkiye-121_03,train/bonafide/huawei/turkiye-121_03.jpg,internal_test
turkiye-041_03,train/attack/digital_1/iphone15pro/turkiye-041_03.jpg,dev,4,turkiye-031_03,train/bonafide/iphone15pro/turkiye-031_03.jpg,internal_test
turkiye-041_03,train/attack/digital_1/iphone15pro/turkiye-041_03.jpg,dev,2,turkiye-115_03,train/bonafide/iphone15pro/turkiye-115_03.jpg,internal_test
turkiye-041_03,train/attack/digital_1/iphone15pro/turkiye-041_03.jpg,dev,4,turkiye-031_03,train/bonafide/scan/turkiye-031_03.jpg,internal_test
turkiye-041_03,train/attack/digital_1/iphone15pro/turkiye-041_03.jpg,dev,4,turkiye-115_03,train/bonafide/scan/turkiye-115_03.jpg,internal_test
turkiye-041_03,train/attack/digital_1/iphone15pro/turkiye-041_03.jpg,dev,4,turkiye-115_03,train/attack/digital_2/iphone15pro/turkiye-115_03.jpg,internal_test
turkiye-041_03,train/attack/digital_1/iphone15pro/turkiye-041_03.jpg,dev,4,turkiye-121_03,train/attack/digital_2/iphone15pro/turkiye-121_03.jpg,internal_test
turkiye-041_03,train/attack/digital_1/iphone15pro/turkiye-041_03.jpg,dev,4,turkiye-031_03,train/attack/digital_2/iphone15pro/turkiye-031_03.jpg,internal_test
turkiye-041_03,train/attack/digital_1/iphone15pro/turkiye-041_03.jpg,dev,4,turkiye-115_03,train/attack/digital_2/scan/turkiye-115_03.jpg,internal_test
turkiye-041_03,train/attack/digital_1/iphone15pro/turkiye-041_03.jpg,dev,4,turkiye-031_03,train/attack/digital_2/scan/turkiye-031_03.jpg,internal_test
turkiye-041_03,train/attack/digital_1/iphone15pro/turkiye-041_03.jpg,dev,2,turkiye-121_03,train/attack/digital_2/huawei/turkiye-121_03.jpg,internal_test
turkiye-041_03,train/attack/digital_1/iphone15pro/turkiye-041_03.jpg,dev,4,turkiye-031_03,train/attack/digital_2/huawei/turkiye-031_03.jpg,internal_test
turkiye-041_03,train/attack/digital_1/iphone15pro/turkiye-041_03.jpg,dev,4,turkiye-031_03,train/attack/digital_1/huawei/turkiye-031_03.jpg,internal_test
turkiye-041_03,train/attack/digital_1/iphone15pro/turkiye-041_03.jpg,dev,2,turkiye-121_03,train/attack/digital_1/huawei/turkiye-121_03.jpg,internal_test
turkiye-041_03,train/attack/digital_1/iphone15pro/turkiye-041_03.jpg,dev,4,turkiye-031_03,train/attack/digital_1/iphone15pro/turkiye-031_03.jpg,internal_test
turkiye-041_03,train/attack/digital_1/iphone15pro/turkiye-041_03.jpg,dev,4,turkiye-115_03,train/attack/digital_1/iphone15pro/turkiye-115_03.jpg,internal_test
turkiye-041_03,train/attack/digital_1/iphone15pro/turkiye-041_03.jpg,dev,4,turkiye-031_03,train/attack/digital_1/scan/turkiye-031_03.jpg,internal_test
turkiye-041_03,train/attack/digital_1/iphone15pro/turkiye-041_03.jpg,dev,4,turkiye-032_03,train/attack/digital_1/scan/turkiye-032_03.jpg,internal_test
turkiye-041_03,train/attack/digital_1/iphone15pro/turkiye-041_03.jpg,dev,4,turkiye-115_03,train/attack/digital_1/scan/turkiye-115_03.jpg,internal_test
turkiye-041_03,train/attack/digital_1/iphone15pro/turkiye-041_03.jpg,dev,4,turkiye-121_03,train/attack/digital_1/scan/turkiye-121_03.jpg,internal_test
turkiye-041_03,train/attack/digital_1/iphone15pro/turkiye-041_03.jpg,dev,4,turkiye-031_03,test/attack/digital_3/scan/turkiye-031_03.jpg,internal_test
turkiye-041_03,train/attack/digital_1/iphone15pro/turkiye-041_03.jpg,dev,4,turkiye-031_03,test/attack/digital_3/iphone15pro/turkiye-031_03.jpg,internal_test
turkiye-041_03,train/attack/digital_1/iphone15pro/turkiye-041_03.jpg,dev,4,turkiye-115_03,test/attack/digital_3/scan/turkiye-115_03.jpg,internal_test
turkiye-041_03,train/attack/digital_1/iphone15pro/turkiye-041_03.jpg,dev,2,turkiye-115_03,test/attack/digital_3/iphone15pro/turkiye-115_03.jpg,internal_test
turkiye-041_03,train/attack/digital_1/iphone15pro/turkiye-041_03.jpg,dev,2,turkiye-121_03,test/attack/digital_3/huawei/turkiye-121_03.jpg,internal_test
turkiye-041_03,train/attack/digital_1/iphone15pro/turkiye-041_03.jpg,dev,4,turkiye-121_03,test/attack/digital_3/iphone15pro/turkiye-121_03.jpg,internal_test
turkiye-101_03,train/attack/digital_1/iphone15pro/turkiye-101_03.jpg,dev,2,turkiye-121_03,train/bonafide/huawei/turkiye-121_03.jpg,internal_test
turkiye-101_03,train/attack/digital_1/iphone15pro/turkiye-101_03.jpg,dev,4,turkiye-031_03,train/bonafide/iphone15pro/turkiye-031_03.jpg,internal_test
turkiye-101_03,train/attack/digital_1/iphone15pro/turkiye-101_03.jpg,dev,0,turkiye-115_03,train/bonafide/iphone15pro/turkiye-115_03.jpg,internal_test
turkiye-101_03,train/attack/digital_1/iphone15pro/turkiye-101_03.jpg,dev,4,turkiye-031_03,train/bonafide/scan/turkiye-031_03.jpg,internal_test
turkiye-101_03,train/attack/digital_1/iphone15pro/turkiye-101_03.jpg,dev,2,turkiye-115_03,train/bonafide/scan/turkiye-115_03.jpg,internal_test
turkiye-101_03,train/attack/digital_1/iphone15pro/turkiye-101_03.jpg,dev,2,turkiye-115_03,train/attack/digital_2/iphone15pro/turkiye-115_03.jpg,internal_test
turkiye-101_03,train/attack/digital_1/iphone15pro/turkiye-101_03.jpg,dev,4,turkiye-121_03,train/attack/digital_2/iphone15pro/turkiye-121_03.jpg,internal_test
turkiye-101_03,train/attack/digital_1/iphone15pro/turkiye-101_03.jpg,dev,4,turkiye-031_03,train/attack/digital_2/iphone15pro/turkiye-031_03.jpg,internal_test
turkiye-101_03,train/attack/digital_1/iphone15pro/turkiye-101_03.jpg,dev,2,turkiye-115_03,train/attack/digital_2/scan/turkiye-115_03.jpg,internal_test
turkiye-101_03,train/attack/digital_1/iphone15pro/turkiye-101_03.jpg,dev,4,turkiye-031_03,train/attack/digital_2/scan/turkiye-031_03.jpg,internal_test
turkiye-101_03,train/attack/digital_1/iphone15pro/turkiye-101_03.jpg,dev,4,turkiye-121_03,train/attack/digital_2/huawei/turkiye-121_03.jpg,internal_test
turkiye-101_03,train/attack/digital_1/iphone15pro/turkiye-101_03.jpg,dev,4,turkiye-031_03,train/attack/digital_2/huawei/turkiye-031_03.jpg,internal_test
turkiye-101_03,train/attack/digital_1/iphone15pro/turkiye-101_03.jpg,dev,4,turkiye-031_03,train/attack/digital_1/huawei/turkiye-031_03.jpg,internal_test
turkiye-101_03,train/attack/digital_1/iphone15pro/turkiye-101_03.jpg,dev,4,turkiye-115_03,train/attack/digital_1/huawei/turkiye-115_03.jpg,internal_test
turkiye-101_03,train/attack/digital_1/iphone15pro/turkiye-101_03.jpg,dev,2,turkiye-121_03,train/attack/digital_1/huawei/turkiye-121_03.jpg,internal_test
turkiye-101_03,train/attack/digital_1/iphone15pro/turkiye-101_03.jpg,dev,2,turkiye-115_03,train/attack/digital_1/iphone15pro/turkiye-115_03.jpg,internal_test
turkiye-101_03,train/attack/digital_1/iphone15pro/turkiye-101_03.jpg,dev,4,turkiye-121_03,train/attack/digital_1/iphone15pro/turkiye-121_03.jpg,internal_test
turkiye-101_03,train/attack/digital_1/iphone15pro/turkiye-101_03.jpg,dev,2,turkiye-115_03,train/attack/digital_1/scan/turkiye-115_03.jpg,internal_test
turkiye-101_03,train/attack/digital_1/iphone15pro/turkiye-101_03.jpg,dev,4,turkiye-121_03,train/attack/digital_1/scan/turkiye-121_03.jpg,internal_test
turkiye-101_03,train/attack/digital_1/iphone15pro/turkiye-101_03.jpg,dev,4,turkiye-031_03,test/attack/digital_3/scan/turkiye-031_03.jpg,internal_test
turkiye-101_03,train/attack/digital_1/iphone15pro/turkiye-101_03.jpg,dev,4,turkiye-031_03,test/attack/digital_3/iphone15pro/turkiye-031_03.jpg,internal_test
turkiye-101_03,train/attack/digital_1/iphone15pro/turkiye-101_03.jpg,dev,2,turkiye-115_03,test/attack/digital_3/scan/turkiye-115_03.jpg,internal_test
turkiye-101_03,train/attack/digital_1/iphone15pro/turkiye-101_03.jpg,dev,2,turkiye-115_03,test/attack/digital_3/iphone15pro/turkiye-115_03.jpg,internal_test
turkiye-101_03,train/attack/digital_1/iphone15pro/turkiye-101_03.jpg,dev,2,turkiye-121_03,test/attack/digital_3/huawei/turkiye-121_03.jpg,internal_test
turkiye-101_03,train/attack/digital_1/iphone15pro/turkiye-101_03.jpg,dev,4,turkiye-121_03,test/attack/digital_3/iphone15pro/turkiye-121_03.jpg,internal_test
turkiye-104_03,train/attack/digital_1/iphone15pro/turkiye-104_03.jpg,dev,4,turkiye-031_03,train/bonafide/iphone15pro/turkiye-031_03.jpg,internal_test
turkiye-104_03,train/attack/digital_1/iphone15pro/turkiye-104_03.jpg,dev,4,turkiye-031_03,train/bonafide/scan/turkiye-031_03.jpg,internal_test
turkiye-104_03,train/attack/digital_1/iphone15pro/turkiye-104_03.jpg,dev,4,turkiye-031_03,train/attack/digital_2/iphone15pro/turkiye-031_03.jpg,internal_test
turkiye-104_03,train/attack/digital_1/iphone15pro/turkiye-104_03.jpg,dev,4,turkiye-031_03,train/attack/digital_2/scan/turkiye-031_03.jpg,internal_test
turkiye-104_03,train/attack/digital_1/iphone15pro/turkiye-104_03.jpg,dev,4,turkiye-115_03,train/attack/digital_1/iphone15pro/turkiye-115_03.jpg,internal_test
turkiye-104_03,train/attack/digital_1/iphone15pro/turkiye-104_03.jpg,dev,4,turkiye-031_03,test/attack/digital_3/scan/turkiye-031_03.jpg,internal_test
turkiye-104_03,train/attack/digital_1/iphone15pro/turkiye-104_03.jpg,dev,4,turkiye-031_03,test/attack/digital_3/iphone15pro/turkiye-031_03.jpg,internal_test
turkiye-104_03,train/attack/digital_1/iphone15pro/turkiye-104_03.jpg,dev,4,turkiye-115_03,test/attack/digital_3/scan/turkiye-115_03.jpg,internal_test
usa-117_03,train/attack/digital_1/iphone15pro/usa-117_03.jpg,dev,4,usa-NF-1094,train/bonafide/huawei/usa-NF-1094.jpg,internal_test
usa-117_03,train/attack/digital_1/iphone15pro/usa-117_03.jpg,dev,2,usa-NF-1094,train/bonafide/iphone15pro/usa-NF-1094.jpg,internal_test
usa-117_03,train/attack/digital_1/iphone15pro/usa-117_03.jpg,dev,4,usa-NF-1094,train/attack/digital_2/huawei/usa-NF-1094.jpg,internal_test
usa-117_03,train/attack/digital_1/iphone15pro/usa-117_03.jpg,dev,4,usa-NF-1094,train/attack/digital_1/huawei/usa-NF-1094.jpg,internal_test
usa-117_03,train/attack/digital_1/iphone15pro/usa-117_03.jpg,dev,4,usa-NF-1094,train/attack/digital_1/iphone15pro/usa-NF-1094.jpg,internal_test
usa-117_03,train/attack/digital_1/iphone15pro/usa-117_03.jpg,dev,2,usa-NF-1094,test/attack/digital_3/huawei/usa-NF-1094.jpg,internal_test
chinese-039_03,train/attack/digital_1/scan/chinese-039_03.jpg,dev,4,chinese-020_03,train/attack/digital_1/huawei/chinese-020_03.jpg,internal_test
chinese-039_03,train/attack/digital_1/scan/chinese-039_03.jpg,dev,4,chinese-020_03,train/attack/digital_1/iphone15pro/chinese-020_03.jpg,internal_test
chinese-039_03,train/attack/digital_1/scan/chinese-039_03.jpg,dev,4,chinese-020_03,train/attack/digital_1/scan/chinese-020_03.jpg,internal_test
chinese-142_03,train/attack/digital_1/scan/chinese-142_03.jpg,dev,4,chinese-020_03,train/bonafide/huawei/chinese-020_03.jpg,internal_test
chinese-142_03,train/attack/digital_1/scan/chinese-142_03.jpg,dev,4,chinese-020_03,train/bonafide/iphone15pro/chinese-020_03.jpg,internal_test
chinese-142_03,train/attack/digital_1/scan/chinese-142_03.jpg,dev,2,chinese-020_03,train/bonafide/scan/chinese-020_03.jpg,internal_test
chinese-142_03,train/attack/digital_1/scan/chinese-142_03.jpg,dev,4,chinese-020_03,train/attack/digital_2/iphone15pro/chinese-020_03.jpg,internal_test
chinese-142_03,train/attack/digital_1/scan/chinese-142_03.jpg,dev,2,chinese-020_03,train/attack/digital_2/scan/chinese-020_03.jpg,internal_test
chinese-142_03,train/attack/digital_1/scan/chinese-142_03.jpg,dev,4,chinese-020_03,train/attack/digital_2/huawei/chinese-020_03.jpg,internal_test
chinese-142_03,train/attack/digital_1/scan/chinese-142_03.jpg,dev,4,chinese-020_03,train/attack/digital_1/iphone15pro/chinese-020_03.jpg,internal_test
chinese-142_03,train/attack/digital_1/scan/chinese-142_03.jpg,dev,4,chinese-020_03,train/attack/digital_1/scan/chinese-020_03.jpg,internal_test
chinese-142_03,train/attack/digital_1/scan/chinese-142_03.jpg,dev,2,chinese-020_03,test/attack/digital_3/scan/chinese-020_03.jpg,internal_test
chinese-142_03,train/attack/digital_1/scan/chinese-142_03.jpg,dev,4,chinese-020_03,test/attack/digital_3/huawei/chinese-020_03.jpg,internal_test
chinese-142_03,train/attack/digital_1/scan/chinese-142_03.jpg,dev,4,chinese-020_03,test/attack/digital_3/iphone15pro/chinese-020_03.jpg,internal_test
french-033_03,train/attack/digital_1/scan/french-033_03.jpg,dev,4,french-019_03,train/bonafide/iphone15pro/french-019_03.jpg,internal_test
french-033_03,train/attack/digital_1/scan/french-033_03.jpg,dev,4,french-022_03,train/bonafide/iphone15pro/french-022_03.jpg,internal_test
french-033_03,train/attack/digital_1/scan/french-033_03.jpg,dev,4,french-068_03,train/bonafide/iphone15pro/french-068_03.jpg,internal_test
french-033_03,train/attack/digital_1/scan/french-033_03.jpg,dev,4,french-022_03,train/attack/digital_2/iphone15pro/french-022_03.jpg,internal_test
french-033_03,train/attack/digital_1/scan/french-033_03.jpg,dev,4,french-022_03,train/attack/digital_1/iphone15pro/french-022_03.jpg,internal_test
french-033_03,train/attack/digital_1/scan/french-033_03.jpg,dev,4,french-068_03,train/attack/digital_1/iphone15pro/french-068_03.jpg,internal_test
french-033_03,train/attack/digital_1/scan/french-033_03.jpg,dev,4,french-019_03,test/attack/digital_3/iphone15pro/french-019_03.jpg,internal_test
french-033_03,train/attack/digital_1/scan/french-033_03.jpg,dev,4,french-022_03,test/attack/digital_3/iphone15pro/french-022_03.jpg,internal_test
french-033_03,train/attack/digital_1/scan/french-033_03.jpg,dev,4,french-068_03,test/attack/digital_3/iphone15pro/french-068_03.jpg,internal_test
french-033_03,train/attack/digital_1/scan/french-033_03.jpg,dev,4,french-128_03,test/attack/digital_3/iphone15pro/french-128_03.jpg,internal_test
portugal-172_03,train/attack/digital_1/scan/portugal-172_03.jpg,dev,4,portugal-070_03,train/bonafide/iphone15pro/portugal-070_03.jpg,internal_test
portugal-172_03,train/attack/digital_1/scan/portugal-172_03.jpg,dev,4,portugal-070_03,train/bonafide/scan/portugal-070_03.jpg,internal_test
portugal-172_03,train/attack/digital_1/scan/portugal-172_03.jpg,dev,2,portugal-070_03,train/attack/digital_2/iphone15pro/portugal-070_03.jpg,internal_test
portugal-172_03,train/attack/digital_1/scan/portugal-172_03.jpg,dev,4,portugal-119_03,train/attack/digital_2/scan/portugal-119_03.jpg,internal_test
portugal-172_03,train/attack/digital_1/scan/portugal-172_03.jpg,dev,4,portugal-070_03,train/attack/digital_2/scan/portugal-070_03.jpg,internal_test
portugal-172_03,train/attack/digital_1/scan/portugal-172_03.jpg,dev,4,portugal-070_03,train/attack/digital_1/iphone15pro/portugal-070_03.jpg,internal_test
portugal-172_03,train/attack/digital_1/scan/portugal-172_03.jpg,dev,4,portugal-070_03,train/attack/digital_1/scan/portugal-070_03.jpg,internal_test
portugal-172_03,train/attack/digital_1/scan/portugal-172_03.jpg,dev,4,portugal-119_03,train/attack/digital_1/scan/portugal-119_03.jpg,internal_test
portugal-172_03,train/attack/digital_1/scan/portugal-172_03.jpg,dev,2,portugal-070_03,test/attack/digital_3/scan/portugal-070_03.jpg,internal_test
portugal-172_03,train/attack/digital_1/scan/portugal-172_03.jpg,dev,2,portugal-070_03,test/attack/digital_3/iphone15pro/portugal-070_03.jpg,internal_test
turkiye-041_03,train/attack/digital_1/scan/turkiye-041_03.jpg,dev,4,turkiye-115_03,train/bonafide/iphone15pro/turkiye-115_03.jpg,internal_test
turkiye-041_03,train/attack/digital_1/scan/turkiye-041_03.jpg,dev,4,turkiye-115_03,train/bonafide/scan/turkiye-115_03.jpg,internal_test
turkiye-041_03,train/attack/digital_1/scan/turkiye-041_03.jpg,dev,4,turkiye-115_03,train/attack/digital_2/scan/turkiye-115_03.jpg,internal_test
turkiye-041_03,train/attack/digital_1/scan/turkiye-041_03.jpg,dev,4,turkiye-031_03,train/attack/digital_1/huawei/turkiye-031_03.jpg,internal_test
turkiye-041_03,train/attack/digital_1/scan/turkiye-041_03.jpg,dev,2,turkiye-115_03,train/attack/digital_1/huawei/turkiye-115_03.jpg,internal_test
turkiye-041_03,train/attack/digital_1/scan/turkiye-041_03.jpg,dev,4,turkiye-115_03,train/attack/digital_1/scan/turkiye-115_03.jpg,internal_test
turkiye-041_03,train/attack/digital_1/scan/turkiye-041_03.jpg,dev,4,turkiye-115_03,test/attack/digital_3/scan/turkiye-115_03.jpg,internal_test
turkiye-041_03,train/attack/digital_1/scan/turkiye-041_03.jpg,dev,4,turkiye-115_03,test/attack/digital_3/iphone15pro/turkiye-115_03.jpg,internal_test
turkiye-101_03,train/attack/digital_1/scan/turkiye-101_03.jpg,dev,4,turkiye-031_03,train/bonafide/huawei/turkiye-031_03.jpg,internal_test
turkiye-101_03,train/attack/digital_1/scan/turkiye-101_03.jpg,dev,4,turkiye-121_03,train/bonafide/huawei/turkiye-121_03.jpg,internal_test
turkiye-101_03,train/attack/digital_1/scan/turkiye-101_03.jpg,dev,4,turkiye-031_03,train/bonafide/iphone15pro/turkiye-031_03.jpg,internal_test
turkiye-101_03,train/attack/digital_1/scan/turkiye-101_03.jpg,dev,2,turkiye-115_03,train/bonafide/iphone15pro/turkiye-115_03.jpg,internal_test
turkiye-101_03,train/attack/digital_1/scan/turkiye-101_03.jpg,dev,4,turkiye-031_03,train/bonafide/scan/turkiye-031_03.jpg,internal_test
turkiye-101_03,train/attack/digital_1/scan/turkiye-101_03.jpg,dev,2,turkiye-115_03,train/bonafide/scan/turkiye-115_03.jpg,internal_test
turkiye-101_03,train/attack/digital_1/scan/turkiye-101_03.jpg,dev,4,turkiye-115_03,train/attack/digital_2/iphone15pro/turkiye-115_03.jpg,internal_test
turkiye-101_03,train/attack/digital_1/scan/turkiye-101_03.jpg,dev,4,turkiye-121_03,train/attack/digital_2/iphone15pro/turkiye-121_03.jpg,internal_test
turkiye-101_03,train/attack/digital_1/scan/turkiye-101_03.jpg,dev,4,turkiye-031_03,train/attack/digital_2/iphone15pro/turkiye-031_03.jpg,internal_test
turkiye-101_03,train/attack/digital_1/scan/turkiye-101_03.jpg,dev,2,turkiye-115_03,train/attack/digital_2/scan/turkiye-115_03.jpg,internal_test
turkiye-101_03,train/attack/digital_1/scan/turkiye-101_03.jpg,dev,4,turkiye-031_03,train/attack/digital_2/scan/turkiye-031_03.jpg,internal_test
turkiye-101_03,train/attack/digital_1/scan/turkiye-101_03.jpg,dev,4,turkiye-031_03,train/attack/digital_2/huawei/turkiye-031_03.jpg,internal_test
turkiye-101_03,train/attack/digital_1/scan/turkiye-101_03.jpg,dev,2,turkiye-031_03,train/attack/digital_1/huawei/turkiye-031_03.jpg,internal_test
turkiye-101_03,train/attack/digital_1/scan/turkiye-101_03.jpg,dev,2,turkiye-115_03,train/attack/digital_1/huawei/turkiye-115_03.jpg,internal_test
turkiye-101_03,train/attack/digital_1/scan/turkiye-101_03.jpg,dev,4,turkiye-121_03,train/attack/digital_1/huawei/turkiye-121_03.jpg,internal_test
turkiye-101_03,train/attack/digital_1/scan/turkiye-101_03.jpg,dev,4,turkiye-115_03,train/attack/digital_1/iphone15pro/turkiye-115_03.jpg,internal_test
turkiye-101_03,train/attack/digital_1/scan/turkiye-101_03.jpg,dev,4,turkiye-121_03,train/attack/digital_1/iphone15pro/turkiye-121_03.jpg,internal_test
turkiye-101_03,train/attack/digital_1/scan/turkiye-101_03.jpg,dev,2,turkiye-115_03,train/attack/digital_1/scan/turkiye-115_03.jpg,internal_test
turkiye-101_03,train/attack/digital_1/scan/turkiye-101_03.jpg,dev,4,turkiye-121_03,train/attack/digital_1/scan/turkiye-121_03.jpg,internal_test
turkiye-101_03,train/attack/digital_1/scan/turkiye-101_03.jpg,dev,4,turkiye-031_03,test/attack/digital_3/scan/turkiye-031_03.jpg,internal_test
turkiye-101_03,train/attack/digital_1/scan/turkiye-101_03.jpg,dev,4,turkiye-031_03,test/attack/digital_3/huawei/turkiye-031_03.jpg,internal_test
turkiye-101_03,train/attack/digital_1/scan/turkiye-101_03.jpg,dev,4,turkiye-031_03,test/attack/digital_3/iphone15pro/turkiye-031_03.jpg,internal_test
turkiye-101_03,train/attack/digital_1/scan/turkiye-101_03.jpg,dev,2,turkiye-115_03,test/attack/digital_3/scan/turkiye-115_03.jpg,internal_test
turkiye-101_03,train/attack/digital_1/scan/turkiye-101_03.jpg,dev,4,turkiye-115_03,test/attack/digital_3/iphone15pro/turkiye-115_03.jpg,internal_test
turkiye-101_03,train/attack/digital_1/scan/turkiye-101_03.jpg,dev,4,turkiye-121_03,test/attack/digital_3/huawei/turkiye-121_03.jpg,internal_test
turkiye-101_03,train/attack/digital_1/scan/turkiye-101_03.jpg,dev,4,turkiye-121_03,test/attack/digital_3/iphone15pro/turkiye-121_03.jpg,internal_test
turkiye-104_03,train/attack/digital_1/scan/turkiye-104_03.jpg,dev,4,turkiye-121_03,train/bonafide/huawei/turkiye-121_03.jpg,internal_test
turkiye-104_03,train/attack/digital_1/scan/turkiye-104_03.jpg,dev,2,turkiye-031_03,train/bonafide/iphone15pro/turkiye-031_03.jpg,internal_test
turkiye-104_03,train/attack/digital_1/scan/turkiye-104_03.jpg,dev,4,turkiye-032_03,train/bonafide/iphone15pro/turkiye-032_03.jpg,internal_test
turkiye-104_03,train/attack/digital_1/scan/turkiye-104_03.jpg,dev,4,turkiye-115_03,train/bonafide/iphone15pro/turkiye-115_03.jpg,internal_test
turkiye-104_03,train/attack/digital_1/scan/turkiye-104_03.jpg,dev,2,turkiye-031_03,train/bonafide/scan/turkiye-031_03.jpg,internal_test
turkiye-104_03,train/attack/digital_1/scan/turkiye-104_03.jpg,dev,4,turkiye-115_03,train/bonafide/scan/turkiye-115_03.jpg,internal_test
turkiye-104_03,train/attack/digital_1/scan/turkiye-104_03.jpg,dev,4,turkiye-121_03,train/attack/digital_2/iphone15pro/turkiye-121_03.jpg,internal_test
turkiye-104_03,train/attack/digital_1/scan/turkiye-104_03.jpg,dev,2,turkiye-031_03,train/attack/digital_2/iphone15pro/turkiye-031_03.jpg,internal_test
turkiye-104_03,train/attack/digital_1/scan/turkiye-104_03.jpg,dev,4,turkiye-115_03,train/attack/digital_2/scan/turkiye-115_03.jpg,internal_test
turkiye-104_03,train/attack/digital_1/scan/turkiye-104_03.jpg,dev,2,turkiye-031_03,train/attack/digital_2/scan/turkiye-031_03.jpg,internal_test
turkiye-104_03,train/attack/digital_1/scan/turkiye-104_03.jpg,dev,4,turkiye-031_03,train/attack/digital_2/huawei/turkiye-031_03.jpg,internal_test
turkiye-104_03,train/attack/digital_1/scan/turkiye-104_03.jpg,dev,4,turkiye-031_03,train/attack/digital_1/huawei/turkiye-031_03.jpg,internal_test
turkiye-104_03,train/attack/digital_1/scan/turkiye-104_03.jpg,dev,4,turkiye-032_03,train/attack/digital_1/huawei/turkiye-032_03.jpg,internal_test
turkiye-104_03,train/attack/digital_1/scan/turkiye-104_03.jpg,dev,4,turkiye-115_03,train/attack/digital_1/huawei/turkiye-115_03.jpg,internal_test
turkiye-104_03,train/attack/digital_1/scan/turkiye-104_03.jpg,dev,4,turkiye-121_03,train/attack/digital_1/huawei/turkiye-121_03.jpg,internal_test
turkiye-104_03,train/attack/digital_1/scan/turkiye-104_03.jpg,dev,4,turkiye-031_03,train/attack/digital_1/iphone15pro/turkiye-031_03.jpg,internal_test
turkiye-104_03,train/attack/digital_1/scan/turkiye-104_03.jpg,dev,4,turkiye-032_03,train/attack/digital_1/iphone15pro/turkiye-032_03.jpg,internal_test
turkiye-104_03,train/attack/digital_1/scan/turkiye-104_03.jpg,dev,4,turkiye-115_03,train/attack/digital_1/iphone15pro/turkiye-115_03.jpg,internal_test
turkiye-104_03,train/attack/digital_1/scan/turkiye-104_03.jpg,dev,4,turkiye-031_03,train/attack/digital_1/scan/turkiye-031_03.jpg,internal_test
turkiye-104_03,train/attack/digital_1/scan/turkiye-104_03.jpg,dev,4,turkiye-115_03,train/attack/digital_1/scan/turkiye-115_03.jpg,internal_test
turkiye-104_03,train/attack/digital_1/scan/turkiye-104_03.jpg,dev,4,turkiye-121_03,train/attack/digital_1/scan/turkiye-121_03.jpg,internal_test
turkiye-104_03,train/attack/digital_1/scan/turkiye-104_03.jpg,dev,2,turkiye-031_03,test/attack/digital_3/scan/turkiye-031_03.jpg,internal_test
turkiye-104_03,train/attack/digital_1/scan/turkiye-104_03.jpg,dev,2,turkiye-031_03,test/attack/digital_3/iphone15pro/turkiye-031_03.jpg,internal_test
turkiye-104_03,train/attack/digital_1/scan/turkiye-104_03.jpg,dev,4,turkiye-032_03,test/attack/digital_3/huawei/turkiye-032_03.jpg,internal_test
turkiye-104_03,train/attack/digital_1/scan/turkiye-104_03.jpg,dev,2,turkiye-115_03,test/attack/digital_3/scan/turkiye-115_03.jpg,internal_test
turkiye-104_03,train/attack/digital_1/scan/turkiye-104_03.jpg,dev,4,turkiye-121_03,test/attack/digital_3/huawei/turkiye-121_03.jpg,internal_test
turkiye-104_03,train/attack/digital_1/scan/turkiye-104_03.jpg,dev,4,turkiye-121_03,test/attack/digital_3/iphone15pro/turkiye-121_03.jpg,internal_test
arabic-NF-1030,test/attack/digital_3/iphone15pro/arabic-NF-1030.jpg,dev,4,arabic-NF-1098,train/bonafide/huawei/arabic-NF-1098.jpg,internal_test
arabic-NF-1030,test/attack/digital_3/iphone15pro/arabic-NF-1030.jpg,dev,4,arabic-NF-1098,test/attack/digital_3/huawei/arabic-NF-1098.jpg,internal_test
chinese-039_03,test/attack/digital_3/huawei/chinese-039_03.jpg,dev,4,chinese-020_03,train/bonafide/huawei/chinese-020_03.jpg,internal_test
chinese-039_03,test/attack/digital_3/huawei/chinese-039_03.jpg,dev,4,chinese-020_03,train/attack/digital_2/huawei/chinese-020_03.jpg,internal_test
chinese-039_03,test/attack/digital_3/huawei/chinese-039_03.jpg,dev,4,chinese-020_03,train/attack/digital_1/huawei/chinese-020_03.jpg,internal_test
chinese-039_03,test/attack/digital_3/huawei/chinese-039_03.jpg,dev,4,chinese-020_03,train/attack/digital_1/iphone15pro/chinese-020_03.jpg,internal_test
chinese-039_03,test/attack/digital_3/huawei/chinese-039_03.jpg,dev,4,chinese-020_03,test/attack/digital_3/huawei/chinese-020_03.jpg,internal_test
chinese-142_03,test/attack/digital_3/scan/chinese-142_03.jpg,dev,4,chinese-020_03,train/bonafide/huawei/chinese-020_03.jpg,internal_test
chinese-142_03,test/attack/digital_3/scan/chinese-142_03.jpg,dev,4,chinese-020_03,train/bonafide/iphone15pro/chinese-020_03.jpg,internal_test
chinese-142_03,test/attack/digital_3/scan/chinese-142_03.jpg,dev,2,chinese-020_03,train/bonafide/scan/chinese-020_03.jpg,internal_test
chinese-142_03,test/attack/digital_3/scan/chinese-142_03.jpg,dev,4,chinese-020_03,train/attack/digital_2/iphone15pro/chinese-020_03.jpg,internal_test
chinese-142_03,test/attack/digital_3/scan/chinese-142_03.jpg,dev,2,chinese-020_03,train/attack/digital_2/scan/chinese-020_03.jpg,internal_test
chinese-142_03,test/attack/digital_3/scan/chinese-142_03.jpg,dev,4,chinese-020_03,train/attack/digital_2/huawei/chinese-020_03.jpg,internal_test
chinese-142_03,test/attack/digital_3/scan/chinese-142_03.jpg,dev,4,chinese-020_03,train/attack/digital_1/iphone15pro/chinese-020_03.jpg,internal_test
chinese-142_03,test/attack/digital_3/scan/chinese-142_03.jpg,dev,4,chinese-020_03,train/attack/digital_1/scan/chinese-020_03.jpg,internal_test
chinese-142_03,test/attack/digital_3/scan/chinese-142_03.jpg,dev,2,chinese-020_03,test/attack/digital_3/scan/chinese-020_03.jpg,internal_test
chinese-142_03,test/attack/digital_3/scan/chinese-142_03.jpg,dev,4,chinese-020_03,test/attack/digital_3/huawei/chinese-020_03.jpg,internal_test
chinese-142_03,test/attack/digital_3/scan/chinese-142_03.jpg,dev,4,chinese-020_03,test/attack/digital_3/iphone15pro/chinese-020_03.jpg,internal_test
chinese-142_03,test/attack/digital_3/huawei/chinese-142_03.jpg,dev,2,chinese-020_03,train/bonafide/huawei/chinese-020_03.jpg,internal_test
chinese-142_03,test/attack/digital_3/huawei/chinese-142_03.jpg,dev,4,chinese-020_03,train/bonafide/iphone15pro/chinese-020_03.jpg,internal_test
chinese-142_03,test/attack/digital_3/huawei/chinese-142_03.jpg,dev,4,chinese-020_03,train/bonafide/scan/chinese-020_03.jpg,internal_test
chinese-142_03,test/attack/digital_3/huawei/chinese-142_03.jpg,dev,4,chinese-020_03,train/attack/digital_2/iphone15pro/chinese-020_03.jpg,internal_test
chinese-142_03,test/attack/digital_3/huawei/chinese-142_03.jpg,dev,4,chinese-020_03,train/attack/digital_2/scan/chinese-020_03.jpg,internal_test
chinese-142_03,test/attack/digital_3/huawei/chinese-142_03.jpg,dev,2,chinese-020_03,train/attack/digital_2/huawei/chinese-020_03.jpg,internal_test
chinese-142_03,test/attack/digital_3/huawei/chinese-142_03.jpg,dev,4,chinese-020_03,train/attack/digital_1/huawei/chinese-020_03.jpg,internal_test
chinese-142_03,test/attack/digital_3/huawei/chinese-142_03.jpg,dev,4,chinese-020_03,train/attack/digital_1/iphone15pro/chinese-020_03.jpg,internal_test
chinese-142_03,test/attack/digital_3/huawei/chinese-142_03.jpg,dev,4,chinese-020_03,test/attack/digital_3/scan/chinese-020_03.jpg,internal_test
chinese-142_03,test/attack/digital_3/huawei/chinese-142_03.jpg,dev,2,chinese-020_03,test/attack/digital_3/huawei/chinese-020_03.jpg,internal_test
chinese-142_03,test/attack/digital_3/huawei/chinese-142_03.jpg,dev,4,chinese-020_03,test/attack/digital_3/iphone15pro/chinese-020_03.jpg,internal_test
chinese-142_03,test/attack/digital_3/iphone15pro/chinese-142_03.jpg,dev,4,chinese-099_03,train/attack/digital_2/scan/chinese-099_03.jpg,internal_test
chinese-142_03,test/attack/digital_3/iphone15pro/chinese-142_03.jpg,dev,4,chinese-099_03,test/attack/digital_3/iphone15pro/chinese-099_03.jpg,internal_test
french-033_03,test/attack/digital_3/scan/french-033_03.jpg,dev,4,french-022_03,train/bonafide/huawei/french-022_03.jpg,internal_test
french-033_03,test/attack/digital_3/scan/french-033_03.jpg,dev,4,french-068_03,train/bonafide/huawei/french-068_03.jpg,internal_test
french-033_03,test/attack/digital_3/scan/french-033_03.jpg,dev,2,french-019_03,train/bonafide/iphone15pro/french-019_03.jpg,internal_test
french-033_03,test/attack/digital_3/scan/french-033_03.jpg,dev,2,french-022_03,train/bonafide/iphone15pro/french-022_03.jpg,internal_test
french-033_03,test/attack/digital_3/scan/french-033_03.jpg,dev,2,french-068_03,train/bonafide/iphone15pro/french-068_03.jpg,internal_test
french-033_03,test/attack/digital_3/scan/french-033_03.jpg,dev,4,french-128_03,train/bonafide/iphone15pro/french-128_03.jpg,internal_test
french-033_03,test/attack/digital_3/scan/french-033_03.jpg,dev,4,french-019_03,train/attack/digital_2/iphone15pro/french-019_03.jpg,internal_test
french-033_03,test/attack/digital_3/scan/french-033_03.jpg,dev,4,french-068_03,train/attack/digital_2/iphone15pro/french-068_03.jpg,internal_test
french-033_03,test/attack/digital_3/scan/french-033_03.jpg,dev,4,french-128_03,train/attack/digital_2/iphone15pro/french-128_03.jpg,internal_test
french-033_03,test/attack/digital_3/scan/french-033_03.jpg,dev,2,french-022_03,train/attack/digital_2/iphone15pro/french-022_03.jpg,internal_test
french-033_03,test/attack/digital_3/scan/french-033_03.jpg,dev,4,french-068_03,train/attack/digital_2/huawei/french-068_03.jpg,internal_test
french-033_03,test/attack/digital_3/scan/french-033_03.jpg,dev,4,french-022_03,train/attack/digital_2/huawei/french-022_03.jpg,internal_test
french-033_03,test/attack/digital_3/scan/french-033_03.jpg,dev,4,french-019_03,train/attack/digital_1/huawei/french-019_03.jpg,internal_test
french-033_03,test/attack/digital_3/scan/french-033_03.jpg,dev,4,french-022_03,train/attack/digital_1/huawei/french-022_03.jpg,internal_test
french-033_03,test/attack/digital_3/scan/french-033_03.jpg,dev,4,french-068_03,train/attack/digital_1/huawei/french-068_03.jpg,internal_test
french-033_03,test/attack/digital_3/scan/french-033_03.jpg,dev,4,french-019_03,train/attack/digital_1/iphone15pro/french-019_03.jpg,internal_test
french-033_03,test/attack/digital_3/scan/french-033_03.jpg,dev,2,french-022_03,train/attack/digital_1/iphone15pro/french-022_03.jpg,internal_test
french-033_03,test/attack/digital_3/scan/french-033_03.jpg,dev,2,french-068_03,train/attack/digital_1/iphone15pro/french-068_03.jpg,internal_test
french-033_03,test/attack/digital_3/scan/french-033_03.jpg,dev,4,french-128_03,train/attack/digital_1/iphone15pro/french-128_03.jpg,internal_test
french-033_03,test/attack/digital_3/scan/french-033_03.jpg,dev,2,french-019_03,test/attack/digital_3/iphone15pro/french-019_03.jpg,internal_test
french-033_03,test/attack/digital_3/scan/french-033_03.jpg,dev,4,french-022_03,test/attack/digital_3/huawei/french-022_03.jpg,internal_test
french-033_03,test/attack/digital_3/scan/french-033_03.jpg,dev,2,french-022_03,test/attack/digital_3/iphone15pro/french-022_03.jpg,internal_test
french-033_03,test/attack/digital_3/scan/french-033_03.jpg,dev,4,french-068_03,test/attack/digital_3/huawei/french-068_03.jpg,internal_test
french-033_03,test/attack/digital_3/scan/french-033_03.jpg,dev,4,french-068_03,test/attack/digital_3/iphone15pro/french-068_03.jpg,internal_test
french-033_03,test/attack/digital_3/huawei/french-033_03.jpg,dev,4,french-019_03,train/bonafide/huawei/french-019_03.jpg,internal_test
french-033_03,test/attack/digital_3/huawei/french-033_03.jpg,dev,0,french-022_03,train/bonafide/huawei/french-022_03.jpg,internal_test
french-033_03,test/attack/digital_3/huawei/french-033_03.jpg,dev,2,french-068_03,train/bonafide/huawei/french-068_03.jpg,internal_test
french-033_03,test/attack/digital_3/huawei/french-033_03.jpg,dev,4,french-128_03,train/bonafide/huawei/french-128_03.jpg,internal_test
french-033_03,test/attack/digital_3/huawei/french-033_03.jpg,dev,2,french-022_03,train/bonafide/scan/french-022_03.jpg,internal_test
french-033_03,test/attack/digital_3/huawei/french-033_03.jpg,dev,2,french-022_03,train/attack/digital_2/scan/french-022_03.jpg,internal_test
french-033_03,test/attack/digital_3/huawei/french-033_03.jpg,dev,2,french-068_03,train/attack/digital_2/huawei/french-068_03.jpg,internal_test
french-033_03,test/attack/digital_3/huawei/french-033_03.jpg,dev,4,french-128_03,train/attack/digital_2/huawei/french-128_03.jpg,internal_test
french-033_03,test/attack/digital_3/huawei/french-033_03.jpg,dev,0,french-022_03,train/attack/digital_2/huawei/french-022_03.jpg,internal_test
french-033_03,test/attack/digital_3/huawei/french-033_03.jpg,dev,2,french-022_03,train/attack/digital_1/huawei/french-022_03.jpg,internal_test
french-033_03,test/attack/digital_3/huawei/french-033_03.jpg,dev,2,french-068_03,train/attack/digital_1/huawei/french-068_03.jpg,internal_test
french-033_03,test/attack/digital_3/huawei/french-033_03.jpg,dev,4,french-128_03,train/attack/digital_1/huawei/french-128_03.jpg,internal_test
french-033_03,test/attack/digital_3/huawei/french-033_03.jpg,dev,2,french-022_03,train/attack/digital_1/scan/french-022_03.jpg,internal_test
french-033_03,test/attack/digital_3/huawei/french-033_03.jpg,dev,4,french-128_03,train/attack/digital_1/scan/french-128_03.jpg,internal_test
french-033_03,test/attack/digital_3/huawei/french-033_03.jpg,dev,2,french-022_03,test/attack/digital_3/scan/french-022_03.jpg,internal_test
french-033_03,test/attack/digital_3/huawei/french-033_03.jpg,dev,0,french-022_03,test/attack/digital_3/huawei/french-022_03.jpg,internal_test
french-033_03,test/attack/digital_3/huawei/french-033_03.jpg,dev,2,french-068_03,test/attack/digital_3/huawei/french-068_03.jpg,internal_test
french-033_03,test/attack/digital_3/iphone15pro/french-033_03.jpg,dev,4,french-022_03,train/bonafide/huawei/french-022_03.jpg,internal_test
french-033_03,test/attack/digital_3/iphone15pro/french-033_03.jpg,dev,4,french-068_03,train/bonafide/huawei/french-068_03.jpg,internal_test
french-033_03,test/attack/digital_3/iphone15pro/french-033_03.jpg,dev,2,french-019_03,train/bonafide/iphone15pro/french-019_03.jpg,internal_test
french-033_03,test/attack/digital_3/iphone15pro/french-033_03.jpg,dev,2,french-022_03,train/bonafide/iphone15pro/french-022_03.jpg,internal_test
french-033_03,test/attack/digital_3/iphone15pro/french-033_03.jpg,dev,2,french-068_03,train/bonafide/iphone15pro/french-068_03.jpg,internal_test
french-033_03,test/attack/digital_3/iphone15pro/french-033_03.jpg,dev,4,french-128_03,train/bonafide/iphone15pro/french-128_03.jpg,internal_test
french-033_03,test/attack/digital_3/iphone15pro/french-033_03.jpg,dev,4,french-019_03,train/attack/digital_2/iphone15pro/french-019_03.jpg,internal_test
french-033_03,test/attack/digital_3/iphone15pro/french-033_03.jpg,dev,4,french-068_03,train/attack/digital_2/iphone15pro/french-068_03.jpg,internal_test
french-033_03,test/attack/digital_3/iphone15pro/french-033_03.jpg,dev,4,french-128_03,train/attack/digital_2/iphone15pro/french-128_03.jpg,internal_test
french-033_03,test/attack/digital_3/iphone15pro/french-033_03.jpg,dev,2,french-022_03,train/attack/digital_2/iphone15pro/french-022_03.jpg,internal_test
french-033_03,test/attack/digital_3/iphone15pro/french-033_03.jpg,dev,4,french-068_03,train/attack/digital_2/huawei/french-068_03.jpg,internal_test
french-033_03,test/attack/digital_3/iphone15pro/french-033_03.jpg,dev,4,french-022_03,train/attack/digital_2/huawei/french-022_03.jpg,internal_test
french-033_03,test/attack/digital_3/iphone15pro/french-033_03.jpg,dev,4,french-019_03,train/attack/digital_1/huawei/french-019_03.jpg,internal_test
french-033_03,test/attack/digital_3/iphone15pro/french-033_03.jpg,dev,4,french-022_03,train/attack/digital_1/huawei/french-022_03.jpg,internal_test
french-033_03,test/attack/digital_3/iphone15pro/french-033_03.jpg,dev,4,french-068_03,train/attack/digital_1/huawei/french-068_03.jpg,internal_test
french-033_03,test/attack/digital_3/iphone15pro/french-033_03.jpg,dev,4,french-019_03,train/attack/digital_1/iphone15pro/french-019_03.jpg,internal_test
french-033_03,test/attack/digital_3/iphone15pro/french-033_03.jpg,dev,2,french-022_03,train/attack/digital_1/iphone15pro/french-022_03.jpg,internal_test
french-033_03,test/attack/digital_3/iphone15pro/french-033_03.jpg,dev,2,french-068_03,train/attack/digital_1/iphone15pro/french-068_03.jpg,internal_test
french-033_03,test/attack/digital_3/iphone15pro/french-033_03.jpg,dev,4,french-128_03,train/attack/digital_1/iphone15pro/french-128_03.jpg,internal_test
french-033_03,test/attack/digital_3/iphone15pro/french-033_03.jpg,dev,2,french-019_03,test/attack/digital_3/iphone15pro/french-019_03.jpg,internal_test
french-033_03,test/attack/digital_3/iphone15pro/french-033_03.jpg,dev,4,french-022_03,test/attack/digital_3/huawei/french-022_03.jpg,internal_test
french-033_03,test/attack/digital_3/iphone15pro/french-033_03.jpg,dev,2,french-022_03,test/attack/digital_3/iphone15pro/french-022_03.jpg,internal_test
french-033_03,test/attack/digital_3/iphone15pro/french-033_03.jpg,dev,4,french-068_03,test/attack/digital_3/huawei/french-068_03.jpg,internal_test
french-033_03,test/attack/digital_3/iphone15pro/french-033_03.jpg,dev,4,french-068_03,test/attack/digital_3/iphone15pro/french-068_03.jpg,internal_test
french-114_03,test/attack/digital_3/huawei/french-114_03.jpg,dev,4,french-068_03,train/bonafide/huawei/french-068_03.jpg,internal_test
french-114_03,test/attack/digital_3/huawei/french-114_03.jpg,dev,4,french-128_03,train/bonafide/scan/french-128_03.jpg,internal_test
french-114_03,test/attack/digital_3/huawei/french-114_03.jpg,dev,4,french-068_03,train/attack/digital_2/huawei/french-068_03.jpg,internal_test
french-114_03,test/attack/digital_3/huawei/french-114_03.jpg,dev,4,french-068_03,train/attack/digital_1/huawei/french-068_03.jpg,internal_test
french-114_03,test/attack/digital_3/huawei/french-114_03.jpg,dev,4,french-068_03,train/attack/digital_1/iphone15pro/french-068_03.jpg,internal_test
french-114_03,test/attack/digital_3/huawei/french-114_03.jpg,dev,4,french-068_03,test/attack/digital_3/huawei/french-068_03.jpg,internal_test
french-114_03,test/attack/digital_3/huawei/french-114_03.jpg,dev,4,french-068_03,test/attack/digital_3/iphone15pro/french-068_03.jpg,internal_test
french-114_03,test/attack/digital_3/huawei/french-114_03.jpg,dev,4,french-128_03,test/attack/digital_3/huawei/french-128_03.jpg,internal_test
french-114_03,test/attack/digital_3/iphone15pro/french-114_03.jpg,dev,4,french-019_03,train/bonafide/iphone15pro/french-019_03.jpg,internal_test
french-114_03,test/attack/digital_3/iphone15pro/french-114_03.jpg,dev,4,french-022_03,train/bonafide/iphone15pro/french-022_03.jpg,internal_test
french-114_03,test/attack/digital_3/iphone15pro/french-114_03.jpg,dev,4,french-068_03,train/bonafide/iphone15pro/french-068_03.jpg,internal_test
french-114_03,test/attack/digital_3/iphone15pro/french-114_03.jpg,dev,4,french-068_03,train/attack/digital_2/iphone15pro/french-068_03.jpg,internal_test
french-114_03,test/attack/digital_3/iphone15pro/french-114_03.jpg,dev,4,french-022_03,train/attack/digital_2/iphone15pro/french-022_03.jpg,internal_test
french-114_03,test/attack/digital_3/iphone15pro/french-114_03.jpg,dev,4,french-022_03,train/attack/digital_1/iphone15pro/french-022_03.jpg,internal_test
french-114_03,test/attack/digital_3/iphone15pro/french-114_03.jpg,dev,2,french-068_03,train/attack/digital_1/iphone15pro/french-068_03.jpg,internal_test
french-114_03,test/attack/digital_3/iphone15pro/french-114_03.jpg,dev,4,french-128_03,train/attack/digital_1/iphone15pro/french-128_03.jpg,internal_test
french-114_03,test/attack/digital_3/iphone15pro/french-114_03.jpg,dev,4,french-019_03,test/attack/digital_3/iphone15pro/french-019_03.jpg,internal_test
french-114_03,test/attack/digital_3/iphone15pro/french-114_03.jpg,dev,4,french-022_03,test/attack/digital_3/iphone15pro/french-022_03.jpg,internal_test
french-114_03,test/attack/digital_3/iphone15pro/french-114_03.jpg,dev,4,french-068_03,test/attack/digital_3/iphone15pro/french-068_03.jpg,internal_test
portugal-172_03,test/attack/digital_3/scan/portugal-172_03.jpg,dev,4,portugal-070_03,train/bonafide/iphone15pro/portugal-070_03.jpg,internal_test
portugal-172_03,test/attack/digital_3/scan/portugal-172_03.jpg,dev,4,portugal-070_03,train/attack/digital_2/iphone15pro/portugal-070_03.jpg,internal_test
portugal-172_03,test/attack/digital_3/scan/portugal-172_03.jpg,dev,4,portugal-070_03,train/attack/digital_1/iphone15pro/portugal-070_03.jpg,internal_test
portugal-172_03,test/attack/digital_3/scan/portugal-172_03.jpg,dev,4,portugal-070_03,train/attack/digital_1/scan/portugal-070_03.jpg,internal_test
portugal-172_03,test/attack/digital_3/scan/portugal-172_03.jpg,dev,2,portugal-070_03,test/attack/digital_3/scan/portugal-070_03.jpg,internal_test
portugal-172_03,test/attack/digital_3/scan/portugal-172_03.jpg,dev,2,portugal-070_03,test/attack/digital_3/iphone15pro/portugal-070_03.jpg,internal_test
portugal-172_03,test/attack/digital_3/huawei/portugal-172_03.jpg,dev,4,portugal-070_03,train/bonafide/iphone15pro/portugal-070_03.jpg,internal_test
portugal-172_03,test/attack/digital_3/huawei/portugal-172_03.jpg,dev,4,portugal-070_03,train/attack/digital_2/iphone15pro/portugal-070_03.jpg,internal_test
portugal-172_03,test/attack/digital_3/huawei/portugal-172_03.jpg,dev,4,portugal-070_03,train/attack/digital_1/iphone15pro/portugal-070_03.jpg,internal_test
portugal-172_03,test/attack/digital_3/huawei/portugal-172_03.jpg,dev,4,portugal-070_03,train/attack/digital_1/scan/portugal-070_03.jpg,internal_test
portugal-172_03,test/attack/digital_3/huawei/portugal-172_03.jpg,dev,2,portugal-070_03,test/attack/digital_3/scan/portugal-070_03.jpg,internal_test
portugal-172_03,test/attack/digital_3/huawei/portugal-172_03.jpg,dev,2,portugal-070_03,test/attack/digital_3/iphone15pro/portugal-070_03.jpg,internal_test
portugal-172_03,test/attack/digital_3/iphone15pro/portugal-172_03.jpg,dev,4,portugal-119_03,train/bonafide/huawei/portugal-119_03.jpg,internal_test
portugal-172_03,test/attack/digital_3/iphone15pro/portugal-172_03.jpg,dev,2,portugal-070_03,train/bonafide/iphone15pro/portugal-070_03.jpg,internal_test
portugal-172_03,test/attack/digital_3/iphone15pro/portugal-172_03.jpg,dev,4,portugal-070_03,train/bonafide/scan/portugal-070_03.jpg,internal_test
portugal-172_03,test/attack/digital_3/iphone15pro/portugal-172_03.jpg,dev,4,portugal-119_03,train/bonafide/scan/portugal-119_03.jpg,internal_test
portugal-172_03,test/attack/digital_3/iphone15pro/portugal-172_03.jpg,dev,4,portugal-070_03,train/attack/digital_2/iphone15pro/portugal-070_03.jpg,internal_test
portugal-172_03,test/attack/digital_3/iphone15pro/portugal-172_03.jpg,dev,4,portugal-119_03,train/attack/digital_2/scan/portugal-119_03.jpg,internal_test
portugal-172_03,test/attack/digital_3/iphone15pro/portugal-172_03.jpg,dev,4,portugal-070_03,train/attack/digital_2/scan/portugal-070_03.jpg,internal_test
portugal-172_03,test/attack/digital_3/iphone15pro/portugal-172_03.jpg,dev,4,portugal-119_03,train/attack/digital_1/huawei/portugal-119_03.jpg,internal_test
portugal-172_03,test/attack/digital_3/iphone15pro/portugal-172_03.jpg,dev,2,portugal-070_03,train/attack/digital_1/iphone15pro/portugal-070_03.jpg,internal_test
portugal-172_03,test/attack/digital_3/iphone15pro/portugal-172_03.jpg,dev,2,portugal-070_03,train/attack/digital_1/scan/portugal-070_03.jpg,internal_test
portugal-172_03,test/attack/digital_3/iphone15pro/portugal-172_03.jpg,dev,4,portugal-119_03,train/attack/digital_1/scan/portugal-119_03.jpg,internal_test
portugal-172_03,test/attack/digital_3/iphone15pro/portugal-172_03.jpg,dev,2,portugal-070_03,test/attack/digital_3/scan/portugal-070_03.jpg,internal_test
portugal-172_03,test/attack/digital_3/iphone15pro/portugal-172_03.jpg,dev,2,portugal-070_03,test/attack/digital_3/iphone15pro/portugal-070_03.jpg,internal_test
portugal-172_03,test/attack/digital_3/iphone15pro/portugal-172_03.jpg,dev,4,portugal-119_03,test/attack/digital_3/scan/portugal-119_03.jpg,internal_test
portugal-172_03,test/attack/digital_3/iphone15pro/portugal-172_03.jpg,dev,4,portugal-119_03,test/attack/digital_3/huawei/portugal-119_03.jpg,internal_test
russian-027_03,test/attack/digital_3/iphone15pro/russian-027_03.jpg,dev,4,russian-140_03,train/bonafide/scan/russian-140_03.jpg,internal_test
russian-027_03,test/attack/digital_3/iphone15pro/russian-027_03.jpg,dev,4,russian-140_03,test/attack/digital_3/scan/russian-140_03.jpg,internal_test
russian-141_03,test/attack/digital_3/scan/russian-141_03.jpg,dev,4,russian-132_03,train/bonafide/iphone15pro/russian-132_03.jpg,internal_test
russian-141_03,test/attack/digital_3/scan/russian-141_03.jpg,dev,4,russian-132_03,train/attack/digital_2/iphone15pro/russian-132_03.jpg,internal_test
russian-141_03,test/attack/digital_3/scan/russian-141_03.jpg,dev,4,russian-132_03,train/attack/digital_1/iphone15pro/russian-132_03.jpg,internal_test
russian-141_03,test/attack/digital_3/scan/russian-141_03.jpg,dev,4,russian-132_03,test/attack/digital_3/scan/russian-132_03.jpg,internal_test
russian-141_03,test/attack/digital_3/scan/russian-141_03.jpg,dev,4,russian-132_03,test/attack/digital_3/iphone15pro/russian-132_03.jpg,internal_test
turkiye-041_03,test/attack/digital_3/scan/turkiye-041_03.jpg,dev,4,turkiye-115_03,train/bonafide/huawei/turkiye-115_03.jpg,internal_test
turkiye-041_03,test/attack/digital_3/scan/turkiye-041_03.jpg,dev,4,turkiye-031_03,train/attack/digital_1/huawei/turkiye-031_03.jpg,internal_test
turkiye-041_03,test/attack/digital_3/scan/turkiye-041_03.jpg,dev,4,turkiye-115_03,train/attack/digital_1/huawei/turkiye-115_03.jpg,internal_test
turkiye-041_03,test/attack/digital_3/scan/turkiye-041_03.jpg,dev,4,turkiye-031_03,test/attack/digital_3/huawei/turkiye-031_03.jpg,internal_test
turkiye-041_03,test/attack/digital_3/scan/turkiye-041_03.jpg,dev,4,turkiye-115_03,test/attack/digital_3/huawei/turkiye-115_03.jpg,internal_test
turkiye-041_03,test/attack/digital_3/huawei/turkiye-041_03.jpg,dev,4,turkiye-115_03,train/bonafide/huawei/turkiye-115_03.jpg,internal_test
turkiye-041_03,test/attack/digital_3/huawei/turkiye-041_03.jpg,dev,4,turkiye-031_03,train/attack/digital_1/huawei/turkiye-031_03.jpg,internal_test
turkiye-041_03,test/attack/digital_3/huawei/turkiye-041_03.jpg,dev,4,turkiye-115_03,train/attack/digital_1/huawei/turkiye-115_03.jpg,internal_test
turkiye-041_03,test/attack/digital_3/huawei/turkiye-041_03.jpg,dev,4,turkiye-031_03,test/attack/digital_3/huawei/turkiye-031_03.jpg,internal_test
turkiye-041_03,test/attack/digital_3/huawei/turkiye-041_03.jpg,dev,4,turkiye-115_03,test/attack/digital_3/huawei/turkiye-115_03.jpg,internal_test
turkiye-041_03,test/attack/digital_3/iphone15pro/turkiye-041_03.jpg,dev,2,turkiye-121_03,train/bonafide/huawei/turkiye-121_03.jpg,internal_test
turkiye-041_03,test/attack/digital_3/iphone15pro/turkiye-041_03.jpg,dev,4,turkiye-031_03,train/bonafide/iphone15pro/turkiye-031_03.jpg,internal_test
turkiye-041_03,test/attack/digital_3/iphone15pro/turkiye-041_03.jpg,dev,2,turkiye-115_03,train/bonafide/iphone15pro/turkiye-115_03.jpg,internal_test
turkiye-041_03,test/attack/digital_3/iphone15pro/turkiye-041_03.jpg,dev,4,turkiye-031_03,train/bonafide/scan/turkiye-031_03.jpg,internal_test
turkiye-041_03,test/attack/digital_3/iphone15pro/turkiye-041_03.jpg,dev,4,turkiye-115_03,train/bonafide/scan/turkiye-115_03.jpg,internal_test
turkiye-041_03,test/attack/digital_3/iphone15pro/turkiye-041_03.jpg,dev,4,turkiye-115_03,train/attack/digital_2/iphone15pro/turkiye-115_03.jpg,internal_test
turkiye-041_03,test/attack/digital_3/iphone15pro/turkiye-041_03.jpg,dev,4,turkiye-121_03,train/attack/digital_2/iphone15pro/turkiye-121_03.jpg,internal_test
turkiye-041_03,test/attack/digital_3/iphone15pro/turkiye-041_03.jpg,dev,4,turkiye-031_03,train/attack/digital_2/iphone15pro/turkiye-031_03.jpg,internal_test
turkiye-041_03,test/attack/digital_3/iphone15pro/turkiye-041_03.jpg,dev,4,turkiye-115_03,train/attack/digital_2/scan/turkiye-115_03.jpg,internal_test
turkiye-041_03,test/attack/digital_3/iphone15pro/turkiye-041_03.jpg,dev,4,turkiye-031_03,train/attack/digital_2/scan/turkiye-031_03.jpg,internal_test
turkiye-041_03,test/attack/digital_3/iphone15pro/turkiye-041_03.jpg,dev,2,turkiye-121_03,train/attack/digital_2/huawei/turkiye-121_03.jpg,internal_test
turkiye-041_03,test/attack/digital_3/iphone15pro/turkiye-041_03.jpg,dev,4,turkiye-031_03,train/attack/digital_2/huawei/turkiye-031_03.jpg,internal_test
turkiye-041_03,test/attack/digital_3/iphone15pro/turkiye-041_03.jpg,dev,4,turkiye-031_03,train/attack/digital_1/huawei/turkiye-031_03.jpg,internal_test
turkiye-041_03,test/attack/digital_3/iphone15pro/turkiye-041_03.jpg,dev,2,turkiye-121_03,train/attack/digital_1/huawei/turkiye-121_03.jpg,internal_test
turkiye-041_03,test/attack/digital_3/iphone15pro/turkiye-041_03.jpg,dev,4,turkiye-031_03,train/attack/digital_1/iphone15pro/turkiye-031_03.jpg,internal_test
turkiye-041_03,test/attack/digital_3/iphone15pro/turkiye-041_03.jpg,dev,4,turkiye-115_03,train/attack/digital_1/iphone15pro/turkiye-115_03.jpg,internal_test
turkiye-041_03,test/attack/digital_3/iphone15pro/turkiye-041_03.jpg,dev,4,turkiye-031_03,train/attack/digital_1/scan/turkiye-031_03.jpg,internal_test
turkiye-041_03,test/attack/digital_3/iphone15pro/turkiye-041_03.jpg,dev,4,turkiye-032_03,train/attack/digital_1/scan/turkiye-032_03.jpg,internal_test
turkiye-041_03,test/attack/digital_3/iphone15pro/turkiye-041_03.jpg,dev,4,turkiye-115_03,train/attack/digital_1/scan/turkiye-115_03.jpg,internal_test
turkiye-041_03,test/attack/digital_3/iphone15pro/turkiye-041_03.jpg,dev,4,turkiye-121_03,train/attack/digital_1/scan/turkiye-121_03.jpg,internal_test
turkiye-041_03,test/attack/digital_3/iphone15pro/turkiye-041_03.jpg,dev,4,turkiye-031_03,test/attack/digital_3/scan/turkiye-031_03.jpg,internal_test
turkiye-041_03,test/attack/digital_3/iphone15pro/turkiye-041_03.jpg,dev,4,turkiye-031_03,test/attack/digital_3/iphone15pro/turkiye-031_03.jpg,internal_test
turkiye-041_03,test/attack/digital_3/iphone15pro/turkiye-041_03.jpg,dev,4,turkiye-115_03,test/attack/digital_3/scan/turkiye-115_03.jpg,internal_test
turkiye-041_03,test/attack/digital_3/iphone15pro/turkiye-041_03.jpg,dev,2,turkiye-115_03,test/attack/digital_3/iphone15pro/turkiye-115_03.jpg,internal_test
turkiye-041_03,test/attack/digital_3/iphone15pro/turkiye-041_03.jpg,dev,2,turkiye-121_03,test/attack/digital_3/huawei/turkiye-121_03.jpg,internal_test
turkiye-041_03,test/attack/digital_3/iphone15pro/turkiye-041_03.jpg,dev,4,turkiye-121_03,test/attack/digital_3/iphone15pro/turkiye-121_03.jpg,internal_test
turkiye-101_03,test/attack/digital_3/scan/turkiye-101_03.jpg,dev,4,turkiye-115_03,train/bonafide/huawei/turkiye-115_03.jpg,internal_test
turkiye-101_03,test/attack/digital_3/scan/turkiye-101_03.jpg,dev,4,turkiye-115_03,train/bonafide/iphone15pro/turkiye-115_03.jpg,internal_test
turkiye-101_03,test/attack/digital_3/scan/turkiye-101_03.jpg,dev,4,turkiye-115_03,train/bonafide/scan/turkiye-115_03.jpg,internal_test
turkiye-101_03,test/attack/digital_3/scan/turkiye-101_03.jpg,dev,4,turkiye-121_03,train/attack/digital_2/iphone15pro/turkiye-121_03.jpg,internal_test
turkiye-101_03,test/attack/digital_3/scan/turkiye-101_03.jpg,dev,4,turkiye-115_03,train/attack/digital_2/scan/turkiye-115_03.jpg,internal_test
turkiye-101_03,test/attack/digital_3/scan/turkiye-101_03.jpg,dev,4,turkiye-031_03,train/attack/digital_2/huawei/turkiye-031_03.jpg,internal_test
turkiye-101_03,test/attack/digital_3/scan/turkiye-101_03.jpg,dev,4,turkiye-115_03,train/attack/digital_1/huawei/turkiye-115_03.jpg,internal_test
turkiye-101_03,test/attack/digital_3/scan/turkiye-101_03.jpg,dev,4,turkiye-115_03,train/attack/digital_1/iphone15pro/turkiye-115_03.jpg,internal_test
turkiye-101_03,test/attack/digital_3/scan/turkiye-101_03.jpg,dev,4,turkiye-121_03,train/attack/digital_1/iphone15pro/turkiye-121_03.jpg,internal_test
turkiye-101_03,test/attack/digital_3/scan/turkiye-101_03.jpg,dev,4,turkiye-115_03,train/attack/digital_1/scan/turkiye-115_03.jpg,internal_test
turkiye-101_03,test/attack/digital_3/scan/turkiye-101_03.jpg,dev,4,turkiye-121_03,train/attack/digital_1/scan/turkiye-121_03.jpg,internal_test
turkiye-101_03,test/attack/digital_3/scan/turkiye-101_03.jpg,dev,4,turkiye-031_03,test/attack/digital_3/huawei/turkiye-031_03.jpg,internal_test
turkiye-101_03,test/attack/digital_3/scan/turkiye-101_03.jpg,dev,2,turkiye-115_03,test/attack/digital_3/scan/turkiye-115_03.jpg,internal_test
turkiye-101_03,test/attack/digital_3/scan/turkiye-101_03.jpg,dev,4,turkiye-115_03,test/attack/digital_3/huawei/turkiye-115_03.jpg,internal_test
turkiye-101_03,test/attack/digital_3/scan/turkiye-101_03.jpg,dev,4,turkiye-121_03,test/attack/digital_3/iphone15pro/turkiye-121_03.jpg,internal_test
turkiye-101_03,test/attack/digital_3/huawei/turkiye-101_03.jpg,dev,4,turkiye-115_03,train/bonafide/huawei/turkiye-115_03.jpg,internal_test
turkiye-101_03,test/attack/digital_3/huawei/turkiye-101_03.jpg,dev,4,turkiye-115_03,train/bonafide/iphone15pro/turkiye-115_03.jpg,internal_test
turkiye-101_03,test/attack/digital_3/huawei/turkiye-101_03.jpg,dev,4,turkiye-115_03,train/bonafide/scan/turkiye-115_03.jpg,internal_test
turkiye-101_03,test/attack/digital_3/huawei/turkiye-101_03.jpg,dev,4,turkiye-115_03,train/attack/digital_2/scan/turkiye-115_03.jpg,internal_test
turkiye-101_03,test/attack/digital_3/huawei/turkiye-101_03.jpg,dev,4,turkiye-031_03,train/attack/digital_1/huawei/turkiye-031_03.jpg,internal_test
turkiye-101_03,test/attack/digital_3/huawei/turkiye-101_03.jpg,dev,2,turkiye-115_03,train/attack/digital_1/huawei/turkiye-115_03.jpg,internal_test
turkiye-101_03,test/attack/digital_3/huawei/turkiye-101_03.jpg,dev,4,turkiye-115_03,train/attack/digital_1/iphone15pro/turkiye-115_03.jpg,internal_test
turkiye-101_03,test/attack/digital_3/huawei/turkiye-101_03.jpg,dev,4,turkiye-115_03,train/attack/digital_1/scan/turkiye-115_03.jpg,internal_test
turkiye-101_03,test/attack/digital_3/huawei/turkiye-101_03.jpg,dev,4,turkiye-031_03,test/attack/digital_3/huawei/turkiye-031_03.jpg,internal_test
turkiye-101_03,test/attack/digital_3/huawei/turkiye-101_03.jpg,dev,2,turkiye-115_03,test/attack/digital_3/scan/turkiye-115_03.jpg,internal_test
turkiye-101_03,test/attack/digital_3/huawei/turkiye-101_03.jpg,dev,4,turkiye-115_03,test/attack/digital_3/huawei/turkiye-115_03.jpg,internal_test
turkiye-101_03,test/attack/digital_3/iphone15pro/turkiye-101_03.jpg,dev,2,turkiye-121_03,train/bonafide/huawei/turkiye-121_03.jpg,internal_test
turkiye-101_03,test/attack/digital_3/iphone15pro/turkiye-101_03.jpg,dev,4,turkiye-031_03,train/bonafide/iphone15pro/turkiye-031_03.jpg,internal_test
turkiye-101_03,test/attack/digital_3/iphone15pro/turkiye-101_03.jpg,dev,0,turkiye-115_03,train/bonafide/iphone15pro/turkiye-115_03.jpg,internal_test
turkiye-101_03,test/attack/digital_3/iphone15pro/turkiye-101_03.jpg,dev,4,turkiye-031_03,train/bonafide/scan/turkiye-031_03.jpg,internal_test
turkiye-101_03,test/attack/digital_3/iphone15pro/turkiye-101_03.jpg,dev,2,turkiye-115_03,train/bonafide/scan/turkiye-115_03.jpg,internal_test
turkiye-101_03,test/attack/digital_3/iphone15pro/turkiye-101_03.jpg,dev,2,turkiye-115_03,train/attack/digital_2/iphone15pro/turkiye-115_03.jpg,internal_test
turkiye-101_03,test/attack/digital_3/iphone15pro/turkiye-101_03.jpg,dev,4,turkiye-121_03,train/attack/digital_2/iphone15pro/turkiye-121_03.jpg,internal_test
turkiye-101_03,test/attack/digital_3/iphone15pro/turkiye-101_03.jpg,dev,4,turkiye-031_03,train/attack/digital_2/iphone15pro/turkiye-031_03.jpg,internal_test
turkiye-101_03,test/attack/digital_3/iphone15pro/turkiye-101_03.jpg,dev,2,turkiye-115_03,train/attack/digital_2/scan/turkiye-115_03.jpg,internal_test
turkiye-101_03,test/attack/digital_3/iphone15pro/turkiye-101_03.jpg,dev,4,turkiye-031_03,train/attack/digital_2/scan/turkiye-031_03.jpg,internal_test
turkiye-101_03,test/attack/digital_3/iphone15pro/turkiye-101_03.jpg,dev,4,turkiye-121_03,train/attack/digital_2/huawei/turkiye-121_03.jpg,internal_test
turkiye-101_03,test/attack/digital_3/iphone15pro/turkiye-101_03.jpg,dev,4,turkiye-031_03,train/attack/digital_2/huawei/turkiye-031_03.jpg,internal_test
turkiye-101_03,test/attack/digital_3/iphone15pro/turkiye-101_03.jpg,dev,4,turkiye-031_03,train/attack/digital_1/huawei/turkiye-031_03.jpg,internal_test
turkiye-101_03,test/attack/digital_3/iphone15pro/turkiye-101_03.jpg,dev,4,turkiye-115_03,train/attack/digital_1/huawei/turkiye-115_03.jpg,internal_test
turkiye-101_03,test/attack/digital_3/iphone15pro/turkiye-101_03.jpg,dev,2,turkiye-121_03,train/attack/digital_1/huawei/turkiye-121_03.jpg,internal_test
turkiye-101_03,test/attack/digital_3/iphone15pro/turkiye-101_03.jpg,dev,2,turkiye-115_03,train/attack/digital_1/iphone15pro/turkiye-115_03.jpg,internal_test
turkiye-101_03,test/attack/digital_3/iphone15pro/turkiye-101_03.jpg,dev,4,turkiye-121_03,train/attack/digital_1/iphone15pro/turkiye-121_03.jpg,internal_test
turkiye-101_03,test/attack/digital_3/iphone15pro/turkiye-101_03.jpg,dev,2,turkiye-115_03,train/attack/digital_1/scan/turkiye-115_03.jpg,internal_test
turkiye-101_03,test/attack/digital_3/iphone15pro/turkiye-101_03.jpg,dev,4,turkiye-121_03,train/attack/digital_1/scan/turkiye-121_03.jpg,internal_test
turkiye-101_03,test/attack/digital_3/iphone15pro/turkiye-101_03.jpg,dev,4,turkiye-031_03,test/attack/digital_3/scan/turkiye-031_03.jpg,internal_test
turkiye-101_03,test/attack/digital_3/iphone15pro/turkiye-101_03.jpg,dev,4,turkiye-031_03,test/attack/digital_3/iphone15pro/turkiye-031_03.jpg,internal_test
turkiye-101_03,test/attack/digital_3/iphone15pro/turkiye-101_03.jpg,dev,2,turkiye-115_03,test/attack/digital_3/scan/turkiye-115_03.jpg,internal_test
turkiye-101_03,test/attack/digital_3/iphone15pro/turkiye-101_03.jpg,dev,2,turkiye-115_03,test/attack/digital_3/iphone15pro/turkiye-115_03.jpg,internal_test
turkiye-101_03,test/attack/digital_3/iphone15pro/turkiye-101_03.jpg,dev,2,turkiye-121_03,test/attack/digital_3/huawei/turkiye-121_03.jpg,internal_test
turkiye-101_03,test/attack/digital_3/iphone15pro/turkiye-101_03.jpg,dev,4,turkiye-121_03,test/attack/digital_3/iphone15pro/turkiye-121_03.jpg,internal_test
turkiye-104_03,test/attack/digital_3/scan/turkiye-104_03.jpg,dev,4,turkiye-031_03,train/bonafide/iphone15pro/turkiye-031_03.jpg,internal_test
turkiye-104_03,test/attack/digital_3/scan/turkiye-104_03.jpg,dev,4,turkiye-031_03,train/bonafide/scan/turkiye-031_03.jpg,internal_test
turkiye-104_03,test/attack/digital_3/scan/turkiye-104_03.jpg,dev,4,turkiye-031_03,train/attack/digital_2/iphone15pro/turkiye-031_03.jpg,internal_test
turkiye-104_03,test/attack/digital_3/scan/turkiye-104_03.jpg,dev,4,turkiye-031_03,train/attack/digital_2/scan/turkiye-031_03.jpg,internal_test
turkiye-104_03,test/attack/digital_3/scan/turkiye-104_03.jpg,dev,4,turkiye-031_03,test/attack/digital_3/scan/turkiye-031_03.jpg,internal_test
turkiye-104_03,test/attack/digital_3/scan/turkiye-104_03.jpg,dev,4,turkiye-031_03,test/attack/digital_3/iphone15pro/turkiye-031_03.jpg,internal_test
turkiye-104_03,test/attack/digital_3/scan/turkiye-104_03.jpg,dev,4,turkiye-115_03,test/attack/digital_3/scan/turkiye-115_03.jpg,internal_test
turkiye-104_03,test/attack/digital_3/huawei/turkiye-104_03.jpg,dev,4,turkiye-115_03,train/bonafide/huawei/turkiye-115_03.jpg,internal_test
turkiye-104_03,test/attack/digital_3/huawei/turkiye-104_03.jpg,dev,4,turkiye-031_03,train/bonafide/iphone15pro/turkiye-031_03.jpg,internal_test
turkiye-104_03,test/attack/digital_3/huawei/turkiye-104_03.jpg,dev,4,turkiye-031_03,train/bonafide/scan/turkiye-031_03.jpg,internal_test
turkiye-104_03,test/attack/digital_3/huawei/turkiye-104_03.jpg,dev,4,turkiye-121_03,train/attack/digital_2/iphone15pro/turkiye-121_03.jpg,internal_test
turkiye-104_03,test/attack/digital_3/huawei/turkiye-104_03.jpg,dev,4,turkiye-031_03,train/attack/digital_2/iphone15pro/turkiye-031_03.jpg,internal_test
turkiye-104_03,test/attack/digital_3/huawei/turkiye-104_03.jpg,dev,4,turkiye-031_03,train/attack/digital_2/scan/turkiye-031_03.jpg,internal_test
turkiye-104_03,test/attack/digital_3/huawei/turkiye-104_03.jpg,dev,4,turkiye-031_03,train/attack/digital_2/huawei/turkiye-031_03.jpg,internal_test
turkiye-104_03,test/attack/digital_3/huawei/turkiye-104_03.jpg,dev,4,turkiye-031_03,train/attack/digital_1/huawei/turkiye-031_03.jpg,internal_test
turkiye-104_03,test/attack/digital_3/huawei/turkiye-104_03.jpg,dev,4,turkiye-031_03,test/attack/digital_3/scan/turkiye-031_03.jpg,internal_test
turkiye-104_03,test/attack/digital_3/huawei/turkiye-104_03.jpg,dev,4,turkiye-031_03,test/attack/digital_3/huawei/turkiye-031_03.jpg,internal_test
turkiye-104_03,test/attack/digital_3/huawei/turkiye-104_03.jpg,dev,4,turkiye-031_03,test/attack/digital_3/iphone15pro/turkiye-031_03.jpg,internal_test
turkiye-104_03,test/attack/digital_3/huawei/turkiye-104_03.jpg,dev,4,turkiye-115_03,test/attack/digital_3/scan/turkiye-115_03.jpg,internal_test
turkiye-104_03,test/attack/digital_3/huawei/turkiye-104_03.jpg,dev,4,turkiye-115_03,test/attack/digital_3/huawei/turkiye-115_03.jpg,internal_test
turkiye-104_03,test/attack/digital_3/huawei/turkiye-104_03.jpg,dev,4,turkiye-121_03,test/attack/digital_3/iphone15pro/turkiye-121_03.jpg,internal_test
turkiye-104_03,test/attack/digital_3/iphone15pro/turkiye-104_03.jpg,dev,4,turkiye-031_03,train/bonafide/iphone15pro/turkiye-031_03.jpg,internal_test
turkiye-104_03,test/attack/digital_3/iphone15pro/turkiye-104_03.jpg,dev,4,turkiye-031_03,train/bonafide/scan/turkiye-031_03.jpg,internal_test
turkiye-104_03,test/attack/digital_3/iphone15pro/turkiye-104_03.jpg,dev,4,turkiye-031_03,train/attack/digital_2/iphone15pro/turkiye-031_03.jpg,internal_test
turkiye-104_03,test/attack/digital_3/iphone15pro/turkiye-104_03.jpg,dev,4,turkiye-031_03,train/attack/digital_2/scan/turkiye-031_03.jpg,internal_test
turkiye-104_03,test/attack/digital_3/iphone15pro/turkiye-104_03.jpg,dev,4,turkiye-115_03,train/attack/digital_1/iphone15pro/turkiye-115_03.jpg,internal_test
turkiye-104_03,test/attack/digital_3/iphone15pro/turkiye-104_03.jpg,dev,4,turkiye-031_03,test/attack/digital_3/scan/turkiye-031_03.jpg,internal_test
turkiye-104_03,test/attack/digital_3/iphone15pro/turkiye-104_03.jpg,dev,4,turkiye-031_03,test/attack/digital_3/iphone15pro/turkiye-031_03.jpg,internal_test
turkiye-104_03,test/attack/digital_3/iphone15pro/turkiye-104_03.jpg,dev,4,turkiye-115_03,test/attack/digital_3/scan/turkiye-115_03.jpg,internal_test
usa-117_03,test/attack/digital_3/iphone15pro/usa-117_03.jpg,dev,4,usa-NF-1094,train/bonafide/huawei/usa-NF-1094.jpg,internal_test
usa-117_03,test/attack/digital_3/iphone15pro/usa-117_03.jpg,dev,2,usa-NF-1094,train/bonafide/iphone15pro/usa-NF-1094.jpg,internal_test
usa-117_03,test/attack/digital_3/iphone15pro/usa-117_03.jpg,dev,4,usa-NF-1094,train/attack/digital_2/huawei/usa-NF-1094.jpg,internal_test
usa-117_03,test/attack/digital_3/iphone15pro/usa-117_03.jpg,dev,4,usa-NF-1094,train/attack/digital_1/huawei/usa-NF-1094.jpg,internal_test
usa-117_03,test/attack/digital_3/iphone15pro/usa-117_03.jpg,dev,4,usa-NF-1094,train/attack/digital_1/iphone15pro/usa-NF-1094.jpg,internal_test
usa-117_03,test/attack/digital_3/iphone15pro/usa-117_03.jpg,dev,2,usa-NF-1094,test/attack/digital_3/huawei/usa-NF-1094.jpg,internal_test
