split,source_csv,path,mask,label,attack_type,device,group_key,template_stratum,mask_provenance
train,train.csv,train/bonafide/huawei/arabic-003_03.jpg,,0,none,huawei,arabic-003_03,arabic,none
train,train.csv,train/bonafide/huawei/arabic-024_03.jpg,,0,none,huawei,arabic-024_03,arabic,none
train,train.csv,train/bonafide/huawei/arabic-112_03.jpg,,0,none,huawei,arabic-112_03,arabic,none
train,train.csv,train/bonafide/huawei/arabic-120_03.jpg,,0,none,huawei,arabic-120_03,arabic,none
train,train.csv,train/bonafide/huawei/arabic-131_03.jpg,,0,none,huawei,arabic-131_03,arabic,none
train,train.csv,train/bonafide/huawei/arabic-139_03.jpg,,0,none,huawei,arabic-139_03,arabic,none
train,train.csv,train/bonafide/huawei/arabic-173_03.jpg,,0,none,huawei,arabic-173_03,arabic,none
train,train.csv,train/bonafide/huawei/arabic-NF-1003.jpg,,0,none,huawei,arabic-NF-1003,arabic,none
train,train.csv,train/bonafide/huawei/arabic-NF-1040.jpg,,0,none,huawei,arabic-NF-1040,arabic,none
train,train.csv,train/bonafide/huawei/arabic-NF-1048.jpg,,0,none,huawei,arabic-NF-1048,arabic,none
train,train.csv,train/bonafide/huawei/arabic-NF-1049.jpg,,0,none,huawei,arabic-NF-1049,arabic,none
train,train.csv,train/bonafide/huawei/arabic-NF-1053.jpg,,0,none,huawei,arabic-NF-1053,arabic,none
train,train.csv,train/bonafide/huawei/arabic-NF-1100.jpg,,0,none,huawei,arabic-NF-1100,arabic,none
train,train.csv,train/bonafide/huawei/arabic-NM-1029.jpg,,0,none,huawei,arabic-NM-1029,arabic,none
train,train.csv,train/bonafide/huawei/arabic-NM-1090.jpg,,0,none,huawei,arabic-NM-1090,arabic,none
train,train.csv,train/bonafide/huawei/chinese-001_03.jpg,,0,none,huawei,chinese-001_03,chinese,none
train,train.csv,train/bonafide/huawei/chinese-018_03.jpg,,0,none,huawei,chinese-018_03,chinese,none
train,train.csv,train/bonafide/huawei/chinese-081_03.jpg,,0,none,huawei,chinese-081_03,chinese,none
train,train.csv,train/bonafide/huawei/chinese-096_03.jpg,,0,none,huawei,chinese-096_03,chinese,none
train,train.csv,train/bonafide/huawei/chinese-102_03.jpg,,0,none,huawei,chinese-102_03,chinese,none
train,train.csv,train/bonafide/huawei/chinese-107_03.jpg,,0,none,huawei,chinese-107_03,chinese,none
train,train.csv,train/bonafide/huawei/chinese-113_03.jpg,,0,none,huawei,chinese-113_03,chinese,none
train,train.csv,train/bonafide/huawei/chinese-NF-1014.jpg,,0,none,huawei,chinese-NF-1014,chinese,none
train,train.csv,train/bonafide/huawei/chinese-NF-1023.jpg,,0,none,huawei,chinese-NF-1023,chinese,none
train,train.csv,train/bonafide/huawei/chinese-NF-1042.jpg,,0,none,huawei,chinese-NF-1042,chinese,none
train,train.csv,train/bonafide/huawei/chinese-NF-1050.jpg,,0,none,huawei,chinese-NF-1050,chinese,none
train,train.csv,train/bonafide/huawei/chinese-NF-1067.jpg,,0,none,huawei,chinese-NF-1067,chinese,none
train,train.csv,train/bonafide/huawei/chinese-NF-1072.jpg,,0,none,huawei,chinese-NF-1072,chinese,none
train,train.csv,train/bonafide/huawei/chinese-NF-1085.jpg,,0,none,huawei,chinese-NF-1085,chinese,none
train,train.csv,train/bonafide/huawei/chinese-NF-1088.jpg,,0,none,huawei,chinese-NF-1088,chinese,none
train,train.csv,train/bonafide/huawei/chinese-NF-1101.jpg,,0,none,huawei,chinese-NF-1101,chinese,none
train,train.csv,train/bonafide/huawei/french-044_03.jpg,,0,none,huawei,french-044_03,french,none
train,train.csv,train/bonafide/huawei/french-090_03.jpg,,0,none,huawei,french-090_03,french,none
train,train.csv,train/bonafide/huawei/french-091_03.jpg,,0,none,huawei,french-091_03,french,none
train,train.csv,train/bonafide/huawei/french-097_03.jpg,,0,none,huawei,french-097_03,french,none
train,train.csv,train/bonafide/huawei/french-100_03.jpg,,0,none,huawei,french-100_03,french,none
train,train.csv,train/bonafide/huawei/french-118_03.jpg,,0,none,huawei,french-118_03,french,none
train,train.csv,train/bonafide/huawei/french-124_03.jpg,,0,none,huawei,french-124_03,french,none
train,train.csv,train/bonafide/huawei/french-135_03.jpg,,0,none,huawei,french-135_03,french,none
train,train.csv,train/bonafide/huawei/french-NF-1020.jpg,,0,none,huawei,french-NF-1020,french,none
train,train.csv,train/bonafide/huawei/french-NF-1047.jpg,,0,none,huawei,french-NF-1047,french,none
train,train.csv,train/bonafide/huawei/french-NF-1056.jpg,,0,none,huawei,french-NF-1056,french,none
train,train.csv,train/bonafide/huawei/french-NF-1082.jpg,,0,none,huawei,french-NF-1082,french,none
train,train.csv,train/bonafide/huawei/french-NF-1095.jpg,,0,none,huawei,french-NF-1095,french,none
train,train.csv,train/bonafide/huawei/french-NF-1110.jpg,,0,none,huawei,french-NF-1110,french,none
train,train.csv,train/bonafide/huawei/french-NM-1070.jpg,,0,none,huawei,french-NM-1070,french,none
train,train.csv,train/bonafide/huawei/french-NM-1104.jpg,,0,none,huawei,french-NM-1104,french,none
train,train.csv,train/bonafide/huawei/indian-012_03.jpg,,0,none,huawei,indian-012_03,indian,none
train,train.csv,train/bonafide/huawei/indian-014_03.jpg,,0,none,huawei,indian-014_03,indian,none
train,train.csv,train/bonafide/huawei/indian-021_03.jpg,,0,none,huawei,indian-021_03,indian,none
train,train.csv,train/bonafide/huawei/indian-037_03.jpg,,0,none,huawei,indian-037_03,indian,none
train,train.csv,train/bonafide/huawei/indian-108_03.jpg,,0,none,huawei,indian-108_03,indian,none
train,train.csv,train/bonafide/huawei/indian-NF-1006.jpg,,0,none,huawei,indian-NF-1006,indian,none
train,train.csv,train/bonafide/huawei/indian-NF-1025.jpg,,0,none,huawei,indian-NF-1025,indian,none
train,train.csv,train/bonafide/huawei/indian-NF-1039.jpg,,0,none,huawei,indian-NF-1039,indian,none
train,train.csv,train/bonafide/huawei/indian-NF-1075.jpg,,0,none,huawei,indian-NF-1075,indian,none
train,train.csv,train/bonafide/huawei/indian-NF-1096.jpg,,0,none,huawei,indian-NF-1096,indian,none
train,train.csv,train/bonafide/huawei/persian-010_03.jpg,,0,none,huawei,persian-010_03,persian,none
train,train.csv,train/bonafide/huawei/persian-069_03.jpg,,0,none,huawei,persian-069_03,persian,none
train,train.csv,train/bonafide/huawei/persian-087_03.jpg,,0,none,huawei,persian-087_03,persian,none
train,train.csv,train/bonafide/huawei/persian-144_03.jpg,,0,none,huawei,persian-144_03,persian,none
train,train.csv,train/bonafide/huawei/persian-NF-1001.jpg,,0,none,huawei,persian-NF-1001,persian,none
train,train.csv,train/bonafide/huawei/persian-NF-1018.jpg,,0,none,huawei,persian-NF-1018,persian,none
train,train.csv,train/bonafide/huawei/persian-NF-1031.jpg,,0,none,huawei,persian-NF-1031,persian,none
train,train.csv,train/bonafide/huawei/persian-NF-1034.jpg,,0,none,huawei,persian-NF-1034,persian,none
train,train.csv,train/bonafide/huawei/persian-NF-1043.jpg,,0,none,huawei,persian-NF-1043,persian,none
train,train.csv,train/bonafide/huawei/persian-NF-1079.jpg,,0,none,huawei,persian-NF-1079,persian,none
train,train.csv,train/bonafide/huawei/persian-NF-1108.jpg,,0,none,huawei,persian-NF-1108,persian,none
train,train.csv,train/bonafide/huawei/persian-NM-1035.jpg,,0,none,huawei,persian-NM-1035,persian,none
train,train.csv,train/bonafide/huawei/portugal-004_03.jpg,,0,none,huawei,portugal-004_03,portugal,none
train,train.csv,train/bonafide/huawei/portugal-013_03.jpg,,0,none,huawei,portugal-013_03,portugal,none
train,train.csv,train/bonafide/huawei/portugal-017_03.jpg,,0,none,huawei,portugal-017_03,portugal,none
train,train.csv,train/bonafide/huawei/portugal-026_03.jpg,,0,none,huawei,portugal-026_03,portugal,none
train,train.csv,train/bonafide/huawei/portugal-029_03.jpg,,0,none,huawei,portugal-029_03,portugal,none
train,train.csv,train/bonafide/huawei/portugal-042_03.jpg,,0,none,huawei,portugal-042_03,portugal,none
train,train.csv,train/bonafide/huawei/portugal-066_03.jpg,,0,none,huawei,portugal-066_03,portugal,none
train,train.csv,train/bonafide/huawei/portugal-105_03.jpg,,0,none,huawei,portugal-105_03,portugal,none
train,train.csv,train/bonafide/huawei/portugal-125_03.jpg,,0,none,huawei,portugal-125_03,portugal,none
train,train.csv,train/bonafide/huawei/portugal-143_03.jpg,,0,none,huawei,portugal-143_03,portugal,none
train,train.csv,train/bonafide/huawei/portugal-NF-1016.jpg,,0,none,huawei,portugal-NF-1016,portugal,none
train,train.csv,train/bonafide/huawei/portugal-NF-1026.jpg,,0,none,huawei,portugal-NF-1026,portugal,none
train,train.csv,train/bonafide/huawei/portugal-NF-1041.jpg,,0,none,huawei,portugal-NF-1041,portugal,none
train,train.csv,train/bonafide/huawei/portugal-NF-1066.jpg,,0,none,huawei,portugal-NF-1066,portugal,none
train,train.csv,train/bonafide/huawei/portugal-NF-1086.jpg,,0,none,huawei,portugal-NF-1086,portugal,none
train,train.csv,train/bonafide/huawei/portugal-NF-1105.jpg,,0,none,huawei,portugal-NF-1105,portugal,none
train,train.csv,train/bonafide/huawei/portugal-NF-1107.jpg,,0,none,huawei,portugal-NF-1107,portugal,none
train,train.csv,train/bonafide/huawei/portugal-NF-1109.jpg,,0,none,huawei,portugal-NF-1109,portugal,none
train,train.csv,train/bonafide/huawei/portugal-NM-1091.jpg,,0,none,huawei,portugal-NM-1091,portugal,none
train,train.csv,train/bonafide/huawei/portugal-NM-1102.jpg,,0,none,huawei,portugal-NM-1102,portugal,none
train,train.csv,train/bonafide/huawei/russian-002_03.jpg,,0,none,huawei,russian-002_03,russian,none
train,train.csv,train/bonafide/huawei/russian-062_03.jpg,,0,none,huawei,russian-062_03,russian,none
train,train.csv,train/bonafide/huawei/russian-082_03.jpg,,0,none,huawei,russian-082_03,russian,none
train,train.csv,train/bonafide/huawei/russian-123_03.jpg,,0,none,huawei,russian-123_03,russian,none
train,train.csv,train/bonafide/huawei/russian-NF-1013.jpg,,0,none,huawei,russian-NF-1013,russian,none
train,train.csv,train/bonafide/huawei/russian-NF-1028.jpg,,0,none,huawei,russian-NF-1028,russian,none
train,train.csv,train/bonafide/huawei/russian-NF-1080.jpg,,0,none,huawei,russian-NF-1080,russian,none
train,train.csv,train/bonafide/huawei/russian-NF-1081.jpg,,0,none,huawei,russian-NF-1081,russian,none
train,train.csv,train/bonafide/huawei/russian-NF-1089.jpg,,0,none,huawei,russian-NF-1089,russian,none
train,train.csv,train/bonafide/huawei/russian-NF-1099.jpg,,0,none,huawei,russian-NF-1099,russian,none
train,train.csv,train/bonafide/huawei/russian-NM-1027.jpg,,0,none,huawei,russian-NM-1027,russian,none
train,train.csv,train/bonafide/huawei/turkiye-008_03.jpg,,0,none,huawei,turkiye-008_03,turkiye,none
train,train.csv,train/bonafide/huawei/turkiye-036_03.jpg,,0,none,huawei,turkiye-036_03,turkiye,none
train,train.csv,train/bonafide/huawei/turkiye-083_03.jpg,,0,none,huawei,turkiye-083_03,turkiye,none
train,train.csv,train/bonafide/huawei/turkiye-086_03.jpg,,0,none,huawei,turkiye-086_03,turkiye,none
train,train.csv,train/bonafide/huawei/turkiye-092_03.jpg,,0,none,huawei,turkiye-092_03,turkiye,none
train,train.csv,train/bonafide/huawei/turkiye-126_03.jpg,,0,none,huawei,turkiye-126_03,turkiye,none
train,train.csv,train/bonafide/huawei/turkiye-127_03.jpg,,0,none,huawei,turkiye-127_03,turkiye,none
train,train.csv,train/bonafide/huawei/turkiye-129_03.jpg,,0,none,huawei,turkiye-129_03,turkiye,none
train,train.csv,train/bonafide/huawei/turkiye-130_03.jpg,,0,none,huawei,turkiye-130_03,turkiye,none
train,train.csv,train/bonafide/huawei/turkiye-138_03.jpg,,0,none,huawei,turkiye-138_03,turkiye,none
train,train.csv,train/bonafide/huawei/turkiye-NF-1002.jpg,,0,none,huawei,turkiye-NF-1002,turkiye,none
train,train.csv,train/bonafide/huawei/turkiye-NF-1054.jpg,,0,none,huawei,turkiye-NF-1054,turkiye,none
train,train.csv,train/bonafide/huawei/turkiye-NF-1103.jpg,,0,none,huawei,turkiye-NF-1103,turkiye,none
train,train.csv,train/bonafide/huawei/turkiye-NM-1011.jpg,,0,none,huawei,turkiye-NM-1011,turkiye,none
train,train.csv,train/bonafide/huawei/turkiye-NM-1019.jpg,,0,none,huawei,turkiye-NM-1019,turkiye,none
train,train.csv,train/bonafide/huawei/turkiye-NM-1033.jpg,,0,none,huawei,turkiye-NM-1033,turkiye,none
train,train.csv,train/bonafide/huawei/turkiye-NM-1055.jpg,,0,none,huawei,turkiye-NM-1055,turkiye,none
train,train.csv,train/bonafide/huawei/ukraine-006_03.jpg,,0,none,huawei,ukraine-006_03,ukraine,none
train,train.csv,train/bonafide/huawei/ukraine-030_03.jpg,,0,none,huawei,ukraine-030_03,ukraine,none
train,train.csv,train/bonafide/huawei/ukraine-103_03.jpg,,0,none,huawei,ukraine-103_03,ukraine,none
train,train.csv,train/bonafide/huawei/ukraine-NF-1005.jpg,,0,none,huawei,ukraine-NF-1005,ukraine,none
train,train.csv,train/bonafide/huawei/ukraine-NF-1015.jpg,,0,none,huawei,ukraine-NF-1015,ukraine,none
train,train.csv,train/bonafide/huawei/ukraine-NF-1021.jpg,,0,none,huawei,ukraine-NF-1021,ukraine,none
train,train.csv,train/bonafide/huawei/ukraine-NF-1032.jpg,,0,none,huawei,ukraine-NF-1032,ukraine,none
train,train.csv,train/bonafide/huawei/ukraine-NF-1068.jpg,,0,none,huawei,ukraine-NF-1068,ukraine,none
train,train.csv,train/bonafide/huawei/ukraine-NF-1073.jpg,,0,none,huawei,ukraine-NF-1073,ukraine,none
train,train.csv,train/bonafide/huawei/ukraine-NF-1087.jpg,,0,none,huawei,ukraine-NF-1087,ukraine,none
train,train.csv,train/bonafide/huawei/ukraine-NF-1106.jpg,,0,none,huawei,ukraine-NF-1106,ukraine,none
train,train.csv,train/bonafide/huawei/ukraine-NM-1007.jpg,,0,none,huawei,ukraine-NM-1007,ukraine,none
train,train.csv,train/bonafide/huawei/usa-009_03.jpg,,0,none,huawei,usa-009_03,usa,none
train,train.csv,train/bonafide/huawei/usa-011_03.jpg,,0,none,huawei,usa-011_03,usa,none
train,train.csv,train/bonafide/huawei/usa-016_03.jpg,,0,none,huawei,usa-016_03,usa,none
train,train.csv,train/bonafide/huawei/usa-034_03.jpg,,0,none,huawei,usa-034_03,usa,none
train,train.csv,train/bonafide/huawei/usa-043_03.jpg,,0,none,huawei,usa-043_03,usa,none
train,train.csv,train/bonafide/huawei/usa-063_03.jpg,,0,none,huawei,usa-063_03,usa,none
train,train.csv,train/bonafide/huawei/usa-067_03.jpg,,0,none,huawei,usa-067_03,usa,none
train,train.csv,train/bonafide/huawei/usa-136_03.jpg,,0,none,huawei,usa-136_03,usa,none
train,train.csv,train/bonafide/huawei/usa-137_03.jpg,,0,none,huawei,usa-137_03,usa,none
train,train.csv,train/bonafide/huawei/usa-NF-1004.jpg,,0,none,huawei,usa-NF-1004,usa,none
train,train.csv,train/bonafide/huawei/usa-NF-1017.jpg,,0,none,huawei,usa-NF-1017,usa,none
train,train.csv,train/bonafide/huawei/usa-NF-1036.jpg,,0,none,huawei,usa-NF-1036,usa,none
train,train.csv,train/bonafide/huawei/usa-NF-1044.jpg,,0,none,huawei,usa-NF-1044,usa,none
train,train.csv,train/bonafide/huawei/usa-NF-1046.jpg,,0,none,huawei,usa-NF-1046,usa,none
train,train.csv,train/bonafide/huawei/usa-NF-1051.jpg,,0,none,huawei,usa-NF-1051,usa,none
train,train.csv,train/bonafide/huawei/usa-NF-1062.jpg,,0,none,huawei,usa-NF-1062,usa,none
train,train.csv,train/bonafide/huawei/usa-NF-1076.jpg,,0,none,huawei,usa-NF-1076,usa,none
train,train.csv,train/bonafide/huawei/usa-NF-1093.jpg,,0,none,huawei,usa-NF-1093,usa,none
train,train.csv,train/bonafide/iphone15pro/arabic-003_03.jpg,,0,none,iphone15pro,arabic-003_03,arabic,none
train,train.csv,train/bonafide/iphone15pro/arabic-024_03.jpg,,0,none,iphone15pro,arabic-024_03,arabic,none
train,train.csv,train/bonafide/iphone15pro/arabic-112_03.jpg,,0,none,iphone15pro,arabic-112_03,arabic,none
train,train.csv,train/bonafide/iphone15pro/arabic-120_03.jpg,,0,none,iphone15pro,arabic-120_03,arabic,none
train,train.csv,train/bonafide/iphone15pro/arabic-131_03.jpg,,0,none,iphone15pro,arabic-131_03,arabic,none
train,train.csv,train/bonafide/iphone15pro/arabic-139_03.jpg,,0,none,iphone15pro,arabic-139_03,arabic,none
train,train.csv,train/bonafide/iphone15pro/arabic-173_03.jpg,,0,none,iphone15pro,arabic-173_03,arabic,none
train,train.csv,train/bonafide/iphone15pro/arabic-NF-1003.jpg,,0,none,iphone15pro,arabic-NF-1003,arabic,none
train,train.csv,train/bonafide/iphone15pro/arabic-NF-1040.jpg,,0,none,iphone15pro,arabic-NF-1040,arabic,none
train,train.csv,train/bonafide/iphone15pro/arabic-NF-1048.jpg,,0,none,iphone15pro,arabic-NF-1048,arabic,none
train,train.csv,train/bonafide/iphone15pro/arabic-NF-1049.jpg,,0,none,iphone15pro,arabic-NF-1049,arabic,none
train,train.csv,train/bonafide/iphone15pro/arabic-NF-1053.jpg,,0,none,iphone15pro,arabic-NF-1053,arabic,none
train,train.csv,train/bonafide/iphone15pro/arabic-NF-1100.jpg,,0,none,iphone15pro,arabic-NF-1100,arabic,none
train,train.csv,train/bonafide/iphone15pro/arabic-NM-1029.jpg,,0,none,iphone15pro,arabic-NM-1029,arabic,none
train,train.csv,train/bonafide/iphone15pro/arabic-NM-1090.jpg,,0,none,iphone15pro,arabic-NM-1090,arabic,none
train,train.csv,train/bonafide/iphone15pro/chinese-001_03.jpg,,0,none,iphone15pro,chinese-001_03,chinese,none
train,train.csv,train/bonafide/iphone15pro/chinese-018_03.jpg,,0,none,iphone15pro,chinese-018_03,chinese,none
train,train.csv,train/bonafide/iphone15pro/chinese-081_03.jpg,,0,none,iphone15pro,chinese-081_03,chinese,none
train,train.csv,train/bonafide/iphone15pro/chinese-096_03.jpg,,0,none,iphone15pro,chinese-096_03,chinese,none
train,train.csv,train/bonafide/iphone15pro/chinese-102_03.jpg,,0,none,iphone15pro,chinese-102_03,chinese,none
train,train.csv,train/bonafide/iphone15pro/chinese-107_03.jpg,,0,none,iphone15pro,chinese-107_03,chinese,none
train,train.csv,train/bonafide/iphone15pro/chinese-113_03.jpg,,0,none,iphone15pro,chinese-113_03,chinese,none
train,train.csv,train/bonafide/iphone15pro/chinese-NF-1014.jpg,,0,none,iphone15pro,chinese-NF-1014,chinese,none
train,train.csv,train/bonafide/iphone15pro/chinese-NF-1023.jpg,,0,none,iphone15pro,chinese-NF-1023,chinese,none
train,train.csv,train/bonafide/iphone15pro/chinese-NF-1042.jpg,,0,none,iphone15pro,chinese-NF-1042,chinese,none
train,train.csv,train/bonafide/iphone15pro/chinese-NF-1050.jpg,,0,none,iphone15pro,chinese-NF-1050,chinese,none
train,train.csv,train/bonafide/iphone15pro/chinese-NF-1067.jpg,,0,none,iphone15pro,chinese-NF-1067,chinese,none
train,train.csv,train/bonafide/iphone15pro/chinese-NF-1072.jpg,,0,none,iphone15pro,chinese-NF-1072,chinese,none
train,train.csv,train/bonafide/iphone15pro/chinese-NF-1085.jpg,,0,none,iphone15pro,chinese-NF-1085,chinese,none
train,train.csv,train/bonafide/iphone15pro/chinese-NF-1088.jpg,,0,none,iphone15pro,chinese-NF-1088,chinese,none
train,train.csv,train/bonafide/iphone15pro/chinese-NF-1101.jpg,,0,none,iphone15pro,chinese-NF-1101,chinese,none
train,train.csv,train/bonafide/iphone15pro/french-044_03.jpg,,0,none,iphone15pro,french-044_03,french,none
train,train.csv,train/bonafide/iphone15pro/french-090_03.jpg,,0,none,iphone15pro,french-090_03,french,none
train,train.csv,train/bonafide/iphone15pro/french-091_03.jpg,,0,none,iphone15pro,french-091_03,french,none
train,train.csv,train/bonafide/iphone15pro/french-097_03.jpg,,0,none,iphone15pro,french-097_03,french,none
train,train.csv,train/bonafide/iphone15pro/french-100_03.jpg,,0,none,iphone15pro,french-100_03,french,none
train,train.csv,train/bonafide/iphone15pro/french-118_03.jpg,,0,none,iphone15pro,french-118_03,french,none
train,train.csv,train/bonafide/iphone15pro/french-124_03.jpg,,0,none,iphone15pro,french-124_03,french,none
train,train.csv,train/bonafide/iphone15pro/french-135_03.jpg,,0,none,iphone15pro,french-135_03,french,none
train,train.csv,train/bonafide/iphone15pro/french-NF-1020.jpg,,0,none,iphone15pro,french-NF-1020,french,none
train,train.csv,train/bonafide/iphone15pro/french-NF-1047.jpg,,0,none,iphone15pro,french-NF-1047,french,none
train,train.csv,train/bonafide/iphone15pro/french-NF-1056.jpg,,0,none,iphone15pro,french-NF-1056,french,none
train,train.csv,train/bonafide/iphone15pro/french-NF-1082.jpg,,0,none,iphone15pro,french-NF-1082,french,none
train,train.csv,train/bonafide/iphone15pro/french-NF-1095.jpg,,0,none,iphone15pro,french-NF-1095,french,none
train,train.csv,train/bonafide/iphone15pro/french-NF-1110.jpg,,0,none,iphone15pro,french-NF-1110,french,none
train,train.csv,train/bonafide/iphone15pro/french-NM-1070.jpg,,0,none,iphone15pro,french-NM-1070,french,none
train,train.csv,train/bonafide/iphone15pro/french-NM-1104.jpg,,0,none,iphone15pro,french-NM-1104,french,none
train,train.csv,train/bonafide/iphone15pro/indian-012_03.jpg,,0,none,iphone15pro,indian-012_03,indian,none
train,train.csv,train/bonafide/iphone15pro/indian-014_03.jpg,,0,none,iphone15pro,indian-014_03,indian,none
train,train.csv,train/bonafide/iphone15pro/indian-021_03.jpg,,0,none,iphone15pro,indian-021_03,indian,none
train,train.csv,train/bonafide/iphone15pro/indian-037_03.jpg,,0,none,iphone15pro,indian-037_03,indian,none
train,train.csv,train/bonafide/iphone15pro/indian-108_03.jpg,,0,none,iphone15pro,indian-108_03,indian,none
train,train.csv,train/bonafide/iphone15pro/indian-NF-1006.jpg,,0,none,iphone15pro,indian-NF-1006,indian,none
train,train.csv,train/bonafide/iphone15pro/indian-NF-1025.jpg,,0,none,iphone15pro,indian-NF-1025,indian,none
train,train.csv,train/bonafide/iphone15pro/indian-NF-1039.jpg,,0,none,iphone15pro,indian-NF-1039,indian,none
train,train.csv,train/bonafide/iphone15pro/indian-NF-1075.jpg,,0,none,iphone15pro,indian-NF-1075,indian,none
train,train.csv,train/bonafide/iphone15pro/indian-NF-1096.jpg,,0,none,iphone15pro,indian-NF-1096,indian,none
train,train.csv,train/bonafide/iphone15pro/persian-010_03.jpg,,0,none,iphone15pro,persian-010_03,persian,none
train,train.csv,train/bonafide/iphone15pro/persian-069_03.jpg,,0,none,iphone15pro,persian-069_03,persian,none
train,train.csv,train/bonafide/iphone15pro/persian-087_03.jpg,,0,none,iphone15pro,persian-087_03,persian,none
train,train.csv,train/bonafide/iphone15pro/persian-144_03.jpg,,0,none,iphone15pro,persian-144_03,persian,none
train,train.csv,train/bonafide/iphone15pro/persian-NF-1001.jpg,,0,none,iphone15pro,persian-NF-1001,persian,none
train,train.csv,train/bonafide/iphone15pro/persian-NF-1018.jpg,,0,none,iphone15pro,persian-NF-1018,persian,none
train,train.csv,train/bonafide/iphone15pro/persian-NF-1031.jpg,,0,none,iphone15pro,persian-NF-1031,persian,none
train,train.csv,train/bonafide/iphone15pro/persian-NF-1034.jpg,,0,none,iphone15pro,persian-NF-1034,persian,none
train,train.csv,train/bonafide/iphone15pro/persian-NF-1043.jpg,,0,none,iphone15pro,persian-NF-1043,persian,none
train,train.csv,train/bonafide/iphone15pro/persian-NF-1079.jpg,,0,none,iphone15pro,persian-NF-1079,persian,none
train,train.csv,train/bonafide/iphone15pro/persian-NF-1108.jpg,,0,none,iphone15pro,persian-NF-1108,persian,none
train,train.csv,train/bonafide/iphone15pro/persian-NM-1035.jpg,,0,none,iphone15pro,persian-NM-1035,persian,none
train,train.csv,train/bonafide/iphone15pro/portugal-004_03.jpg,,0,none,iphone15pro,portugal-004_03,portugal,none
train,train.csv,train/bonafide/iphone15pro/portugal-013_03.jpg,,0,none,iphone15pro,portugal-013_03,portugal,none
train,train.csv,train/bonafide/iphone15pro/portugal-017_03.jpg,,0,none,iphone15pro,portugal-017_03,portugal,none
train,train.csv,train/bonafide/iphone15pro/portugal-026_03.jpg,,0,none,iphone15pro,portugal-026_03,portugal,none
train,train.csv,train/bonafide/iphone15pro/portugal-029_03.jpg,,0,none,iphone15pro,portugal-029_03,portugal,none
train,train.csv,train/bonafide/iphone15pro/portugal-042_03.jpg,,0,none,iphone15pro,portugal-042_03,portugal,none
train,train.csv,train/bonafide/iphone15pro/portugal-066_03.jpg,,0,none,iphone15pro,portugal-066_03,portugal,none
train,train.csv,train/bonafide/iphone15pro/portugal-105_03.jpg,,0,none,iphone15pro,portugal-105_03,portugal,none
train,train.csv,train/bonafide/iphone15pro/portugal-125_03.jpg,,0,none,iphone15pro,portugal-125_03,portugal,none
train,train.csv,train/bonafide/iphone15pro/portugal-143_03.jpg,,0,none,iphone15pro,portugal-143_03,portugal,none
train,train.csv,train/bonafide/iphone15pro/portugal-NF-1016.jpg,,0,none,iphone15pro,portugal-NF-1016,portugal,none
train,train.csv,train/bonafide/iphone15pro/portugal-NF-1026.jpg,,0,none,iphone15pro,portugal-NF-1026,portugal,none
train,train.csv,train/bonafide/iphone15pro/portugal-NF-1041.jpg,,0,none,iphone15pro,portugal-NF-1041,portugal,none
train,train.csv,train/bonafide/iphone15pro/portugal-NF-1066.jpg,,0,none,iphone15pro,portugal-NF-1066,portugal,none
train,train.csv,train/bonafide/iphone15pro/portugal-NF-1086.jpg,,0,none,iphone15pro,portugal-NF-1086,portugal,none
train,train.csv,train/bonafide/iphone15pro/portugal-NF-1105.jpg,,0,none,iphone15pro,portugal-NF-1105,portugal,none
train,train.csv,train/bonafide/iphone15pro/portugal-NF-1107.jpg,,0,none,iphone15pro,portugal-NF-1107,portugal,none
train,train.csv,train/bonafide/iphone15pro/portugal-NF-1109.jpg,,0,none,iphone15pro,portugal-NF-1109,portugal,none
train,train.csv,train/bonafide/iphone15pro/portugal-NM-1091.jpg,,0,none,iphone15pro,portugal-NM-1091,portugal,none
train,train.csv,train/bonafide/iphone15pro/portugal-NM-1102.jpg,,0,none,iphone15pro,portugal-NM-1102,portugal,none
train,train.csv,train/bonafide/iphone15pro/russian-002_03.jpg,,0,none,iphone15pro,russian-002_03,russian,none
train,train.csv,train/bonafide/iphone15pro/russian-062_03.jpg,,0,none,iphone15pro,russian-062_03,russian,none
train,train.csv,train/bonafide/iphone15pro/russian-082_03.jpg,,0,none,iphone15pro,russian-082_03,russian,none
train,train.csv,train/bonafide/iphone15pro/russian-123_03.jpg,,0,none,iphone15pro,russian-123_03,russian,none
train,train.csv,train/bonafide/iphone15pro/russian-NF-1013.jpg,,0,none,iphone15pro,russian-NF-1013,russian,none
train,train.csv,train/bonafide/iphone15pro/russian-NF-1028.jpg,,0,none,iphone15pro,russian-NF-1028,russian,none
train,train.csv,train/bonafide/iphone15pro/russian-NF-1080.jpg,,0,none,iphone15pro,russian-NF-1080,russian,none
train,train.csv,train/bonafide/iphone15pro/russian-NF-1081.jpg,,0,none,iphone15pro,russian-NF-1081,russian,none
train,train.csv,train/bonafide/iphone15pro/russian-NF-1089.jpg,,0,none,iphone15pro,russian-NF-1089,russian,none
train,train.csv,train/bonafide/iphone15pro/russian-NF-1099.jpg,,0,none,iphone15pro,russian-NF-1099,russian,none
train,train.csv,train/bonafide/iphone15pro/russian-NM-1027.jpg,,0,none,iphone15pro,russian-NM-1027,russian,none
train,train.csv,train/bonafide/iphone15pro/turkiye-008_03.jpg,,0,none,iphone15pro,turkiye-008_03,turkiye,none
train,train.csv,train/bonafide/iphone15pro/turkiye-036_03.jpg,,0,none,iphone15pro,turkiye-036_03,turkiye,none
train,train.csv,train/bonafide/iphone15pro/turkiye-083_03.jpg,,0,none,iphone15pro,turkiye-083_03,turkiye,none
train,train.csv,train/bonafide/iphone15pro/turkiye-086_03.jpg,,0,none,iphone15pro,turkiye-086_03,turkiye,none
train,train.csv,train/bonafide/iphone15pro/turkiye-092_03.jpg,,0,none,iphone15pro,turkiye-092_03,turkiye,none
train,train.csv,train/bonafide/iphone15pro/turkiye-126_03.jpg,,0,none,iphone15pro,turkiye-126_03,turkiye,none
train,train.csv,train/bonafide/iphone15pro/turkiye-127_03.jpg,,0,none,iphone15pro,turkiye-127_03,turkiye,none
train,train.csv,train/bonafide/iphone15pro/turkiye-129_03.jpg,,0,none,iphone15pro,turkiye-129_03,turkiye,none
train,train.csv,train/bonafide/iphone15pro/turkiye-130_03.jpg,,0,none,iphone15pro,turkiye-130_03,turkiye,none
train,train.csv,train/bonafide/iphone15pro/turkiye-138_03.jpg,,0,none,iphone15pro,turkiye-138_03,turkiye,none
train,train.csv,train/bonafide/iphone15pro/turkiye-NF-1002.jpg,,0,none,iphone15pro,turkiye-NF-1002,turkiye,none
train,train.csv,train/bonafide/iphone15pro/turkiye-NF-1054.jpg,,0,none,iphone15pro,turkiye-NF-1054,turkiye,none
train,train.csv,train/bonafide/iphone15pro/turkiye-NF-1103.jpg,,0,none,iphone15pro,turkiye-NF-1103,turkiye,none
train,train.csv,train/bonafide/iphone15pro/turkiye-NM-1011.jpg,,0,none,iphone15pro,turkiye-NM-1011,turkiye,none
train,train.csv,train/bonafide/iphone15pro/turkiye-NM-1019.jpg,,0,none,iphone15pro,turkiye-NM-1019,turkiye,none
train,train.csv,train/bonafide/iphone15pro/turkiye-NM-1033.jpg,,0,none,iphone15pro,turkiye-NM-1033,turkiye,none
train,train.csv,train/bonafide/iphone15pro/turkiye-NM-1055.jpg,,0,none,iphone15pro,turkiye-NM-1055,turkiye,none
train,train.csv,train/bonafide/iphone15pro/ukraine-006_03.jpg,,0,none,iphone15pro,ukraine-006_03,ukraine,none
train,train.csv,train/bonafide/iphone15pro/ukraine-030_03.jpg,,0,none,iphone15pro,ukraine-030_03,ukraine,none
train,train.csv,train/bonafide/iphone15pro/ukraine-103_03.jpg,,0,none,iphone15pro,ukraine-103_03,ukraine,none
train,train.csv,train/bonafide/iphone15pro/ukraine-NF-1005.jpg,,0,none,iphone15pro,ukraine-NF-1005,ukraine,none
train,train.csv,train/bonafide/iphone15pro/ukraine-NF-1015.jpg,,0,none,iphone15pro,ukraine-NF-1015,ukraine,none
train,train.csv,train/bonafide/iphone15pro/ukraine-NF-1021.jpg,,0,none,iphone15pro,ukraine-NF-1021,ukraine,none
train,train.csv,train/bonafide/iphone15pro/ukraine-NF-1032.jpg,,0,none,iphone15pro,ukraine-NF-1032,ukraine,none
train,train.csv,train/bonafide/iphone15pro/ukraine-NF-1068.jpg,,0,none,iphone15pro,ukraine-NF-1068,ukraine,none
train,train.csv,train/bonafide/iphone15pro/ukraine-NF-1073.jpg,,0,none,iphone15pro,ukraine-NF-1073,ukraine,none
train,train.csv,train/bonafide/iphone15pro/ukraine-NF-1087.jpg,,0,none,iphone15pro,ukraine-NF-1087,ukraine,none
train,train.csv,train/bonafide/iphone15pro/ukraine-NF-1106.jpg,,0,none,iphone15pro,ukraine-NF-1106,ukraine,none
train,train.csv,train/bonafide/iphone15pro/ukraine-NM-1007.jpg,,0,none,iphone15pro,ukraine-NM-1007,ukraine,none
train,train.csv,train/bonafide/iphone15pro/usa-009_03.jpg,,0,none,iphone15pro,usa-009_03,usa,none
train,train.csv,train/bonafide/iphone15pro/usa-011_03.jpg,,0,none,iphone15pro,usa-011_03,usa,none
train,train.csv,train/bonafide/iphone15pro/usa-016_03.jpg,,0,none,iphone15pro,usa-016_03,usa,none
train,train.csv,train/bonafide/iphone15pro/usa-034_03.jpg,,0,none,iphone15pro,usa-034_03,usa,none
train,train.csv,train/bonafide/iphone15pro/usa-043_03.jpg,,0,none,iphone15pro,usa-043_03,usa,none
train,train.csv,train/bonafide/iphone15pro/usa-063_03.jpg,,0,none,iphone15pro,usa-063_03,usa,none
train,train.csv,train/bonafide/iphone15pro/usa-067_03.jpg,,0,none,iphone15pro,usa-067_03,usa,none
train,train.csv,train/bonafide/iphone15pro/usa-136_03.jpg,,0,none,iphone15pro,usa-136_03,usa,none
train,train.csv,train/bonafide/iphone15pro/usa-137_03.jpg,,0,none,iphone15pro,usa-137_03,usa,none
train,train.csv,train/bonafide/iphone15pro/usa-NF-1004.jpg,,0,none,iphone15pro,usa-NF-1004,usa,none
train,train.csv,train/bonafide/iphone15pro/usa-NF-1017.jpg,,0,none,iphone15pro,usa-NF-1017,usa,none
train,train.csv,train/bonafide/iphone15pro/usa-NF-1036.jpg,,0,none,iphone15pro,usa-NF-1036,usa,none
train,train.csv,train/bonafide/iphone15pro/usa-NF-1044.jpg,,0,none,iphone15pro,usa-NF-1044,usa,none
train,train.csv,train/bonafide/iphone15pro/usa-NF-1046.jpg,,0,none,iphone15pro,usa-NF-1046,usa,none
train,train.csv,train/bonafide/iphone15pro/usa-NF-1051.jpg,,0,none,iphone15pro,usa-NF-1051,usa,none
train,train.csv,train/bonafide/iphone15pro/usa-NF-1062.jpg,,0,none,iphone15pro,usa-NF-1062,usa,none
train,train.csv,train/bonafide/iphone15pro/usa-NF-1076.jpg,,0,none,iphone15pro,usa-NF-1076,usa,none
train,train.csv,train/bonafide/iphone15pro/usa-NF-1093.jpg,,0,none,iphone15pro,usa-NF-1093,usa,none
train,train.csv,train/bonafide/scan/arabic-003_03.jpg,,0,none,scan,arabic-003_03,arabic,none
train,train.csv,train/bonafide/scan/arabic-024_03.jpg,,0,none,scan,arabic-024_03,arabic,none
train,train.csv,train/bonafide/scan/arabic-112_03.jpg,,0,none,scan,arabic-112_03,arabic,none
train,train.csv,train/bonafide/scan/arabic-120_03.jpg,,0,none,scan,arabic-120_03,arabic,none
train,train.csv,train/bonafide/scan/arabic-131_03.jpg,,0,none,scan,arabic-131_03,arabic,none
train,train.csv,train/bonafide/scan/arabic-139_03.jpg,,0,none,scan,arabic-139_03,arabic,none
train,train.csv,train/bonafide/scan/arabic-173_03.jpg,,0,none,scan,arabic-173_03,arabic,none
train,train.csv,train/bonafide/scan/arabic-NF-1003.jpg,,0,none,scan,arabic-NF-1003,arabic,none
train,train.csv,train/bonafide/scan/arabic-NF-1040.jpg,,0,none,scan,arabic-NF-1040,arabic,none
train,train.csv,train/bonafide/scan/arabic-NF-1048.jpg,,0,none,scan,arabic-NF-1048,arabic,none
train,train.csv,train/bonafide/scan/arabic-NF-1049.jpg,,0,none,scan,arabic-NF-1049,arabic,none
train,train.csv,train/bonafide/scan/arabic-NF-1053.jpg,,0,none,scan,arabic-NF-1053,arabic,none
train,train.csv,train/bonafide/scan/arabic-NF-1100.jpg,,0,none,scan,arabic-NF-1100,arabic,none
train,train.csv,train/bonafide/scan/arabic-NM-1029.jpg,,0,none,scan,arabic-NM-1029,arabic,none
train,train.csv,train/bonafide/scan/arabic-NM-1090.jpg,,0,none,scan,arabic-NM-1090,arabic,none
train,train.csv,train/bonafide/scan/chinese-001_03.jpg,,0,none,scan,chinese-001_03,chinese,none
train,train.csv,train/bonafide/scan/chinese-018_03.jpg,,0,none,scan,chinese-018_03,chinese,none
train,train.csv,train/bonafide/scan/chinese-081_03.jpg,,0,none,scan,chinese-081_03,chinese,none
train,train.csv,train/bonafide/scan/chinese-096_03.jpg,,0,none,scan,chinese-096_03,chinese,none
train,train.csv,train/bonafide/scan/chinese-102_03.jpg,,0,none,scan,chinese-102_03,chinese,none
train,train.csv,train/bonafide/scan/chinese-107_03.jpg,,0,none,scan,chinese-107_03,chinese,none
train,train.csv,train/bonafide/scan/chinese-113_03.jpg,,0,none,scan,chinese-113_03,chinese,none
train,train.csv,train/bonafide/scan/chinese-NF-1014.jpg,,0,none,scan,chinese-NF-1014,chinese,none
train,train.csv,train/bonafide/scan/chinese-NF-1023.jpg,,0,none,scan,chinese-NF-1023,chinese,none
train,train.csv,train/bonafide/scan/chinese-NF-1042.jpg,,0,none,scan,chinese-NF-1042,chinese,none
train,train.csv,train/bonafide/scan/chinese-NF-1050.jpg,,0,none,scan,chinese-NF-1050,chinese,none
train,train.csv,train/bonafide/scan/chinese-NF-1067.jpg,,0,none,scan,chinese-NF-1067,chinese,none
train,train.csv,train/bonafide/scan/chinese-NF-1072.jpg,,0,none,scan,chinese-NF-1072,chinese,none
train,train.csv,train/bonafide/scan/chinese-NF-1085.jpg,,0,none,scan,chinese-NF-1085,chinese,none
train,train.csv,train/bonafide/scan/chinese-NF-1088.jpg,,0,none,scan,chinese-NF-1088,chinese,none
train,train.csv,train/bonafide/scan/chinese-NF-1101.jpg,,0,none,scan,chinese-NF-1101,chinese,none
train,train.csv,train/bonafide/scan/french-044_03.jpg,,0,none,scan,french-044_03,french,none
train,train.csv,train/bonafide/scan/french-090_03.jpg,,0,none,scan,french-090_03,french,none
train,train.csv,train/bonafide/scan/french-091_03.jpg,,0,none,scan,french-091_03,french,none
train,train.csv,train/bonafide/scan/french-097_03.jpg,,0,none,scan,french-097_03,french,none
train,train.csv,train/bonafide/scan/french-100_03.jpg,,0,none,scan,french-100_03,french,none
train,train.csv,train/bonafide/scan/french-118_03.jpg,,0,none,scan,french-118_03,french,none
train,train.csv,train/bonafide/scan/french-124_03.jpg,,0,none,scan,french-124_03,french,none
train,train.csv,train/bonafide/scan/french-135_03.jpg,,0,none,scan,french-135_03,french,none
train,train.csv,train/bonafide/scan/french-NF-1020.jpg,,0,none,scan,french-NF-1020,french,none
train,train.csv,train/bonafide/scan/french-NF-1047.jpg,,0,none,scan,french-NF-1047,french,none
train,train.csv,train/bonafide/scan/french-NF-1056.jpg,,0,none,scan,french-NF-1056,french,none
train,train.csv,train/bonafide/scan/french-NF-1082.jpg,,0,none,scan,french-NF-1082,french,none
train,train.csv,train/bonafide/scan/french-NF-1095.jpg,,0,none,scan,french-NF-1095,french,none
train,train.csv,train/bonafide/scan/french-NF-1110.jpg,,0,none,scan,french-NF-1110,french,none
train,train.csv,train/bonafide/scan/french-NM-1070.jpg,,0,none,scan,french-NM-1070,french,none
train,train.csv,train/bonafide/scan/french-NM-1104.jpg,,0,none,scan,french-NM-1104,french,none
train,train.csv,train/bonafide/scan/indian-012_03.jpg,,0,none,scan,indian-012_03,indian,none
train,train.csv,train/bonafide/scan/indian-014_03.jpg,,0,none,scan,indian-014_03,indian,none
train,train.csv,train/bonafide/scan/indian-021_03.jpg,,0,none,scan,indian-021_03,indian,none
train,train.csv,train/bonafide/scan/indian-037_03.jpg,,0,none,scan,indian-037_03,indian,none
train,train.csv,train/bonafide/scan/indian-108_03.jpg,,0,none,scan,indian-108_03,indian,none
train,train.csv,train/bonafide/scan/indian-NF-1006.jpg,,0,none,scan,indian-NF-1006,indian,none
train,train.csv,train/bonafide/scan/indian-NF-1025.jpg,,0,none,scan,indian-NF-1025,indian,none
train,train.csv,train/bonafide/scan/indian-NF-1039.jpg,,0,none,scan,indian-NF-1039,indian,none
train,train.csv,train/bonafide/scan/indian-NF-1075.jpg,,0,none,scan,indian-NF-1075,indian,none
train,train.csv,train/bonafide/scan/indian-NF-1096.jpg,,0,none,scan,indian-NF-1096,indian,none
train,train.csv,train/bonafide/scan/persian-010_03.jpg,,0,none,scan,persian-010_03,persian,none
train,train.csv,train/bonafide/scan/persian-069_03.jpg,,0,none,scan,persian-069_03,persian,none
train,train.csv,train/bonafide/scan/persian-087_03.jpg,,0,none,scan,persian-087_03,persian,none
train,train.csv,train/bonafide/scan/persian-144_03.jpg,,0,none,scan,persian-144_03,persian,none
train,train.csv,train/bonafide/scan/persian-NF-1001.jpg,,0,none,scan,persian-NF-1001,persian,none
train,train.csv,train/bonafide/scan/persian-NF-1018.jpg,,0,none,scan,persian-NF-1018,persian,none
train,train.csv,train/bonafide/scan/persian-NF-1031.jpg,,0,none,scan,persian-NF-1031,persian,none
train,train.csv,train/bonafide/scan/persian-NF-1034.jpg,,0,none,scan,persian-NF-1034,persian,none
train,train.csv,train/bonafide/scan/persian-NF-1043.jpg,,0,none,scan,persian-NF-1043,persian,none
train,train.csv,train/bonafide/scan/persian-NF-1079.jpg,,0,none,scan,persian-NF-1079,persian,none
train,train.csv,train/bonafide/scan/persian-NF-1108.jpg,,0,none,scan,persian-NF-1108,persian,none
train,train.csv,train/bonafide/scan/persian-NM-1035.jpg,,0,none,scan,persian-NM-1035,persian,none
train,train.csv,train/bonafide/scan/portugal-004_03.jpg,,0,none,scan,portugal-004_03,portugal,none
train,train.csv,train/bonafide/scan/portugal-013_03.jpg,,0,none,scan,portugal-013_03,portugal,none
train,train.csv,train/bonafide/scan/portugal-017_03.jpg,,0,none,scan,portugal-017_03,portugal,none
train,train.csv,train/bonafide/scan/portugal-026_03.jpg,,0,none,scan,portugal-026_03,portugal,none
train,train.csv,train/bonafide/scan/portugal-029_03.jpg,,0,none,scan,portugal-029_03,portugal,none
train,train.csv,train/bonafide/scan/portugal-042_03.jpg,,0,none,scan,portugal-042_03,portugal,none
train,train.csv,train/bonafide/scan/portugal-066_03.jpg,,0,none,scan,portugal-066_03,portugal,none
train,train.csv,train/bonafide/scan/portugal-105_03.jpg,,0,none,scan,portugal-105_03,portugal,none
train,train.csv,train/bonafide/scan/portugal-125_03.jpg,,0,none,scan,portugal-125_03,portugal,none
train,train.csv,train/bonafide/scan/portugal-143_03.jpg,,0,none,scan,portugal-143_03,portugal,none
train,train.csv,train/bonafide/scan/portugal-NF-1016.jpg,,0,none,scan,portugal-NF-1016,portugal,none
train,train.csv,train/bonafide/scan/portugal-NF-1026.jpg,,0,none,scan,portugal-NF-1026,portugal,none
train,train.csv,train/bonafide/scan/portugal-NF-1041.jpg,,0,none,scan,portugal-NF-1041,portugal,none
train,train.csv,train/bonafide/scan/portugal-NF-1066.jpg,,0,none,scan,portugal-NF-1066,portugal,none
train,train.csv,train/bonafide/scan/portugal-NF-1086.jpg,,0,none,scan,portugal-NF-1086,portugal,none
train,train.csv,train/bonafide/scan/portugal-NF-1105.jpg,,0,none,scan,portugal-NF-1105,portugal,none
train,train.csv,train/bonafide/scan/portugal-NF-1107.jpg,,0,none,scan,portugal-NF-1107,portugal,none
train,train.csv,train/bonafide/scan/portugal-NF-1109.jpg,,0,none,scan,portugal-NF-1109,portugal,none
train,train.csv,train/bonafide/scan/portugal-NM-1091.jpg,,0,none,scan,portugal-NM-1091,portugal,none
train,train.csv,train/bonafide/scan/portugal-NM-1102.jpg,,0,none,scan,portugal-NM-1102,portugal,none
train,train.csv,train/bonafide/scan/russian-002_03.jpg,,0,none,scan,russian-002_03,russian,none
train,train.csv,train/bonafide/scan/russian-062_03.jpg,,0,none,scan,russian-062_03,russian,none
train,train.csv,train/bonafide/scan/russian-082_03.jpg,,0,none,scan,russian-082_03,russian,none
train,train.csv,train/bonafide/scan/russian-123_03.jpg,,0,none,scan,russian-123_03,russian,none
train,train.csv,train/bonafide/scan/russian-NF-1013.jpg,,0,none,scan,russian-NF-1013,russian,none
train,train.csv,train/bonafide/scan/russian-NF-1028.jpg,,0,none,scan,russian-NF-1028,russian,none
train,train.csv,train/bonafide/scan/russian-NF-1080.jpg,,0,none,scan,russian-NF-1080,russian,none
train,train.csv,train/bonafide/scan/russian-NF-1081.jpg,,0,none,scan,russian-NF-1081,russian,none
train,train.csv,train/bonafide/scan/russian-NF-1089.jpg,,0,none,scan,russian-NF-1089,russian,none
train,train.csv,train/bonafide/scan/russian-NF-1099.jpg,,0,none,scan,russian-NF-1099,russian,none
train,train.csv,train/bonafide/scan/russian-NM-1027.jpg,,0,none,scan,russian-NM-1027,russian,none
train,train.csv,train/bonafide/scan/turkiye-008_03.jpg,,0,none,scan,turkiye-008_03,turkiye,none
train,train.csv,train/bonafide/scan/turkiye-036_03.jpg,,0,none,scan,turkiye-036_03,turkiye,none
train,train.csv,train/bonafide/scan/turkiye-083_03.jpg,,0,none,scan,turkiye-083_03,turkiye,none
train,train.csv,train/bonafide/scan/turkiye-086_03.jpg,,0,none,scan,turkiye-086_03,turkiye,none
train,train.csv,train/bonafide/scan/turkiye-092_03.jpg,,0,none,scan,turkiye-092_03,turkiye,none
train,train.csv,train/bonafide/scan/turkiye-126_03.jpg,,0,none,scan,turkiye-126_03,turkiye,none
train,train.csv,train/bonafide/scan/turkiye-127_03.jpg,,0,none,scan,turkiye-127_03,turkiye,none
train,train.csv,train/bonafide/scan/turkiye-129_03.jpg,,0,none,scan,turkiye-129_03,turkiye,none
train,train.csv,train/bonafide/scan/turkiye-130_03.jpg,,0,none,scan,turkiye-130_03,turkiye,none
train,train.csv,train/bonafide/scan/turkiye-138_03.jpg,,0,none,scan,turkiye-138_03,turkiye,none
train,train.csv,train/bonafide/scan/turkiye-NF-1002.jpg,,0,none,scan,turkiye-NF-1002,turkiye,none
train,train.csv,train/bonafide/scan/turkiye-NF-1054.jpg,,0,none,scan,turkiye-NF-1054,turkiye,none
train,train.csv,train/bonafide/scan/turkiye-NF-1103.jpg,,0,none,scan,turkiye-NF-1103,turkiye,none
train,train.csv,train/bonafide/scan/turkiye-NM-1011.jpg,,0,none,scan,turkiye-NM-1011,turkiye,none
train,train.csv,train/bonafide/scan/turkiye-NM-1019.jpg,,0,none,scan,turkiye-NM-1019,turkiye,none
train,train.csv,train/bonafide/scan/turkiye-NM-1033.jpg,,0,none,scan,turkiye-NM-1033,turkiye,none
train,train.csv,train/bonafide/scan/turkiye-NM-1055.jpg,,0,none,scan,turkiye-NM-1055,turkiye,none
train,train.csv,train/bonafide/scan/ukraine-006_03.jpg,,0,none,scan,ukraine-006_03,ukraine,none
train,train.csv,train/bonafide/scan/ukraine-030_03.jpg,,0,none,scan,ukraine-030_03,ukraine,none
train,train.csv,train/bonafide/scan/ukraine-103_03.jpg,,0,none,scan,ukraine-103_03,ukraine,none
train,train.csv,train/bonafide/scan/ukraine-NF-1005.jpg,,0,none,scan,ukraine-NF-1005,ukraine,none
train,train.csv,train/bonafide/scan/ukraine-NF-1015.jpg,,0,none,scan,ukraine-NF-1015,ukraine,none
train,train.csv,train/bonafide/scan/ukraine-NF-1021.jpg,,0,none,scan,ukraine-NF-1021,ukraine,none
train,train.csv,train/bonafide/scan/ukraine-NF-1032.jpg,,0,none,scan,ukraine-NF-1032,ukraine,none
train,train.csv,train/bonafide/scan/ukraine-NF-1068.jpg,,0,none,scan,ukraine-NF-1068,ukraine,none
train,train.csv,train/bonafide/scan/ukraine-NF-1073.jpg,,0,none,scan,ukraine-NF-1073,ukraine,none
train,train.csv,train/bonafide/scan/ukraine-NF-1087.jpg,,0,none,scan,ukraine-NF-1087,ukraine,none
train,train.csv,train/bonafide/scan/ukraine-NF-1106.jpg,,0,none,scan,ukraine-NF-1106,ukraine,none
train,train.csv,train/bonafide/scan/ukraine-NM-1007.jpg,,0,none,scan,ukraine-NM-1007,ukraine,none
train,train.csv,train/bonafide/scan/usa-009_03.jpg,,0,none,scan,usa-009_03,usa,none
train,train.csv,train/bonafide/scan/usa-011_03.jpg,,0,none,scan,usa-011_03,usa,none
train,train.csv,train/bonafide/scan/usa-016_03.jpg,,0,none,scan,usa-016_03,usa,none
train,train.csv,train/bonafide/scan/usa-034_03.jpg,,0,none,scan,usa-034_03,usa,none
train,train.csv,train/bonafide/scan/usa-043_03.jpg,,0,none,scan,usa-043_03,usa,none
train,train.csv,train/bonafide/scan/usa-063_03.jpg,,0,none,scan,usa-063_03,usa,none
train,train.csv,train/bonafide/scan/usa-067_03.jpg,,0,none,scan,usa-067_03,usa,none
train,train.csv,train/bonafide/scan/usa-136_03.jpg,,0,none,scan,usa-136_03,usa,none
train,train.csv,train/bonafide/scan/usa-137_03.jpg,,0,none,scan,usa-137_03,usa,none
train,train.csv,train/bonafide/scan/usa-NF-1004.jpg,,0,none,scan,usa-NF-1004,usa,none
train,train.csv,train/bonafide/scan/usa-NF-1017.jpg,,0,none,scan,usa-NF-1017,usa,none
train,train.csv,train/bonafide/scan/usa-NF-1036.jpg,,0,none,scan,usa-NF-1036,usa,none
train,train.csv,train/bonafide/scan/usa-NF-1044.jpg,,0,none,scan,usa-NF-1044,usa,none
train,train.csv,train/bonafide/scan/usa-NF-1046.jpg,,0,none,scan,usa-NF-1046,usa,none
train,train.csv,train/bonafide/scan/usa-NF-1051.jpg,,0,none,scan,usa-NF-1051,usa,none
train,train.csv,train/bonafide/scan/usa-NF-1062.jpg,,0,none,scan,usa-NF-1062,usa,none
train,train.csv,train/bonafide/scan/usa-NF-1076.jpg,,0,none,scan,usa-NF-1076,usa,none
train,train.csv,train/bonafide/scan/usa-NF-1093.jpg,,0,none,scan,usa-NF-1093,usa,none
train,train.csv,train/attack/digital_2/iphone15pro/french-NF-1020.jpg,generated_masks/train/attack/digital_2/iphone15pro/french-NF-1020.png,1,face_text,iphone15pro,french-NF-1020,french,box-derived
train,train.csv,train/attack/digital_2/iphone15pro/french-135_03.jpg,generated_masks/train/attack/digital_2/iphone15pro/french-135_03.png,1,face_text,iphone15pro,french-135_03,french,box-derived
train,train.csv,train/attack/digital_2/iphone15pro/french-044_03.jpg,generated_masks/train/attack/digital_2/iphone15pro/french-044_03.png,1,face_text,iphone15pro,french-044_03,french,box-derived
train,train.csv,train/attack/digital_2/iphone15pro/french-091_03.jpg,generated_masks/train/attack/digital_2/iphone15pro/french-091_03.png,1,face_text,iphone15pro,french-091_03,french,box-derived
train,train.csv,train/attack/digital_2/iphone15pro/indian-NF-1006.jpg,generated_masks/train/attack/digital_2/iphone15pro/indian-NF-1006.png,1,face_text,iphone15pro,indian-NF-1006,indian,box-derived
train,train.csv,train/attack/digital_2/iphone15pro/indian-037_03.jpg,generated_masks/train/attack/digital_2/iphone15pro/indian-037_03.png,1,face_text,iphone15pro,indian-037_03,indian,box-derived
train,train.csv,train/attack/digital_2/iphone15pro/indian-NF-1039.jpg,generated_masks/train/attack/digital_2/iphone15pro/indian-NF-1039.png,1,face_text,iphone15pro,indian-NF-1039,indian,box-derived
train,train.csv,train/attack/digital_2/iphone15pro/indian-021_03.jpg,generated_masks/train/attack/digital_2/iphone15pro/indian-021_03.png,1,face_text,iphone15pro,indian-021_03,indian,box-derived
train,train.csv,train/attack/digital_2/iphone15pro/persian-144_03.jpg,generated_masks/train/attack/digital_2/iphone15pro/persian-144_03.png,1,face_text,iphone15pro,persian-144_03,persian,box-derived
train,train.csv,train/attack/digital_2/iphone15pro/french-NF-1056.jpg,generated_masks/train/attack/digital_2/iphone15pro/french-NF-1056.png,1,face_text,iphone15pro,french-NF-1056,french,box-derived
train,train.csv,train/attack/digital_2/iphone15pro/french-NF-1095.jpg,generated_masks/train/attack/digital_2/iphone15pro/french-NF-1095.png,1,face_text,iphone15pro,french-NF-1095,french,box-derived
train,train.csv,train/attack/digital_2/iphone15pro/indian-NF-1075.jpg,generated_masks/train/attack/digital_2/iphone15pro/indian-NF-1075.png,1,face_text,iphone15pro,indian-NF-1075,indian,box-derived
train,train.csv,train/attack/digital_2/iphone15pro/french-NF-1082.jpg,generated_masks/train/attack/digital_2/iphone15pro/french-NF-1082.png,1,face_text,iphone15pro,french-NF-1082,french,box-derived
train,train.csv,train/attack/digital_2/iphone15pro/persian-NF-1001.jpg,generated_masks/train/attack/digital_2/iphone15pro/persian-NF-1001.png,1,face_text,iphone15pro,persian-NF-1001,persian,box-derived
train,train.csv,train/attack/digital_2/iphone15pro/french-NF-1047.jpg,generated_masks/train/attack/digital_2/iphone15pro/french-NF-1047.png,1,face_text,iphone15pro,french-NF-1047,french,box-derived
train,train.csv,train/attack/digital_2/iphone15pro/french-097_03.jpg,generated_masks/train/attack/digital_2/iphone15pro/french-097_03.png,1,face_text,iphone15pro,french-097_03,french,box-derived
train,train.csv,train/attack/digital_2/iphone15pro/indian-NF-1096.jpg,generated_masks/train/attack/digital_2/iphone15pro/indian-NF-1096.png,1,face_text,iphone15pro,indian-NF-1096,indian,box-derived
train,train.csv,train/attack/digital_2/iphone15pro/persian-NF-1031.jpg,generated_masks/train/attack/digital_2/iphone15pro/persian-NF-1031.png,1,face_text,iphone15pro,persian-NF-1031,persian,box-derived
train,train.csv,train/attack/digital_2/iphone15pro/persian-NF-1018.jpg,generated_masks/train/attack/digital_2/iphone15pro/persian-NF-1018.png,1,face_text,iphone15pro,persian-NF-1018,persian,box-derived
train,train.csv,train/attack/digital_2/iphone15pro/french-124_03.jpg,generated_masks/train/attack/digital_2/iphone15pro/french-124_03.png,1,face_text,iphone15pro,french-124_03,french,box-derived
train,train.csv,train/attack/digital_2/iphone15pro/french-NF-1110.jpg,generated_masks/train/attack/digital_2/iphone15pro/french-NF-1110.png,1,face_text,iphone15pro,french-NF-1110,french,box-derived
train,train.csv,train/attack/digital_2/iphone15pro/persian-NF-1034.jpg,generated_masks/train/attack/digital_2/iphone15pro/persian-NF-1034.png,1,face_text,iphone15pro,persian-NF-1034,persian,box-derived
train,train.csv,train/attack/digital_2/iphone15pro/french-100_03.jpg,generated_masks/train/attack/digital_2/iphone15pro/french-100_03.png,1,face_text,iphone15pro,french-100_03,french,box-derived
train,train.csv,train/attack/digital_2/iphone15pro/french-NM-1070.jpg,generated_masks/train/attack/digital_2/iphone15pro/french-NM-1070.png,1,face_text,iphone15pro,french-NM-1070,french,box-derived
train,train.csv,train/attack/digital_2/iphone15pro/french-NM-1104.jpg,generated_masks/train/attack/digital_2/iphone15pro/french-NM-1104.png,1,face_text,iphone15pro,french-NM-1104,french,box-derived
train,train.csv,train/attack/digital_2/iphone15pro/persian-069_03.jpg,generated_masks/train/attack/digital_2/iphone15pro/persian-069_03.png,1,face_text,iphone15pro,persian-069_03,persian,box-derived
train,train.csv,train/attack/digital_2/iphone15pro/indian-012_03.jpg,generated_masks/train/attack/digital_2/iphone15pro/indian-012_03.png,1,face_text,iphone15pro,indian-012_03,indian,box-derived
train,train.csv,train/attack/digital_2/iphone15pro/french-090_03.jpg,generated_masks/train/attack/digital_2/iphone15pro/french-090_03.png,1,face_text,iphone15pro,french-090_03,french,box-derived
train,train.csv,train/attack/digital_2/iphone15pro/persian-NM-1035.jpg,generated_masks/train/attack/digital_2/iphone15pro/persian-NM-1035.png,1,face_text,iphone15pro,persian-NM-1035,persian,box-derived
train,train.csv,train/attack/digital_2/iphone15pro/persian-NF-1079.jpg,generated_masks/train/attack/digital_2/iphone15pro/persian-NF-1079.png,1,face_text,iphone15pro,persian-NF-1079,persian,box-derived
train,train.csv,train/attack/digital_2/iphone15pro/indian-108_03.jpg,generated_masks/train/attack/digital_2/iphone15pro/indian-108_03.png,1,face_text,iphone15pro,indian-108_03,indian,box-derived
train,train.csv,train/attack/digital_2/iphone15pro/persian-010_03.jpg,generated_masks/train/attack/digital_2/iphone15pro/persian-010_03.png,1,face_text,iphone15pro,persian-010_03,persian,box-derived
train,train.csv,train/attack/digital_2/iphone15pro/indian-014_03.jpg,generated_masks/train/attack/digital_2/iphone15pro/indian-014_03.png,1,face_text,iphone15pro,indian-014_03,indian,box-derived
train,train.csv,train/attack/digital_2/iphone15pro/persian-NF-1043.jpg,generated_masks/train/attack/digital_2/iphone15pro/persian-NF-1043.png,1,face_text,iphone15pro,persian-NF-1043,persian,box-derived
train,train.csv,train/attack/digital_2/iphone15pro/french-118_03.jpg,generated_masks/train/attack/digital_2/iphone15pro/french-118_03.png,1,face_text,iphone15pro,french-118_03,french,box-derived
train,train.csv,train/attack/digital_2/iphone15pro/persian-NF-1108.jpg,generated_masks/train/attack/digital_2/iphone15pro/persian-NF-1108.png,1,face_text,iphone15pro,persian-NF-1108,persian,box-derived
train,train.csv,train/attack/digital_2/iphone15pro/indian-NF-1025.jpg,generated_masks/train/attack/digital_2/iphone15pro/indian-NF-1025.png,1,face_text,iphone15pro,indian-NF-1025,indian,box-derived
train,train.csv,train/attack/digital_2/iphone15pro/russian-NF-1099.jpg,generated_masks/train/attack/digital_2/iphone15pro/russian-NF-1099.png,1,face_text,iphone15pro,russian-NF-1099,russian,box-derived
train,train.csv,train/attack/digital_2/iphone15pro/ukraine-006_03.jpg,generated_masks/train/attack/digital_2/iphone15pro/ukraine-006_03.png,1,face_text,iphone15pro,ukraine-006_03,ukraine,box-derived
train,train.csv,train/attack/digital_2/iphone15pro/arabic-120_03.jpg,generated_masks/train/attack/digital_2/iphone15pro/arabic-120_03.png,1,face_text,iphone15pro,arabic-120_03,arabic,box-derived
train,train.csv,train/attack/digital_2/iphone15pro/chinese-NF-1085.jpg,generated_masks/train/attack/digital_2/iphone15pro/chinese-NF-1085.png,1,face_text,iphone15pro,chinese-NF-1085,chinese,box-derived
train,train.csv,train/attack/digital_2/iphone15pro/ukraine-030_03.jpg,generated_masks/train/attack/digital_2/iphone15pro/ukraine-030_03.png,1,face_text,iphone15pro,ukraine-030_03,ukraine,box-derived
train,train.csv,train/attack/digital_2/iphone15pro/usa-NF-1017.jpg,generated_masks/train/attack/digital_2/iphone15pro/usa-NF-1017.png,1,face_text,iphone15pro,usa-NF-1017,usa,box-derived
train,train.csv,train/attack/digital_2/iphone15pro/usa-043_03.jpg,generated_masks/train/attack/digital_2/iphone15pro/usa-043_03.png,1,face_text,iphone15pro,usa-043_03,usa,box-derived
train,train.csv,train/attack/digital_2/iphone15pro/chinese-NF-1050.jpg,generated_masks/train/attack/digital_2/iphone15pro/chinese-NF-1050.png,1,face_text,iphone15pro,chinese-NF-1050,chinese,box-derived
train,train.csv,train/attack/digital_2/iphone15pro/ukraine-NF-1068.jpg,generated_masks/train/attack/digital_2/iphone15pro/ukraine-NF-1068.png,1,face_text,iphone15pro,ukraine-NF-1068,ukraine,box-derived
train,train.csv,train/attack/digital_2/iphone15pro/chinese-001_03.jpg,generated_masks/train/attack/digital_2/iphone15pro/chinese-001_03.png,1,face_text,iphone15pro,chinese-001_03,chinese,box-derived
train,train.csv,train/attack/digital_2/iphone15pro/usa-067_03.jpg,generated_masks/train/attack/digital_2/iphone15pro/usa-067_03.png,1,face_text,iphone15pro,usa-067_03,usa,box-derived
train,train.csv,train/attack/digital_2/iphone15pro/turkiye-NF-1002.jpg,generated_masks/train/attack/digital_2/iphone15pro/turkiye-NF-1002.png,1,face_text,iphone15pro,turkiye-NF-1002,turkiye,box-derived
train,train.csv,train/attack/digital_2/iphone15pro/usa-016_03.jpg,generated_masks/train/attack/digital_2/iphone15pro/usa-016_03.png,1,face_text,iphone15pro,usa-016_03,usa,box-derived
train,train.csv,train/attack/digital_2/iphone15pro/chinese-113_03.jpg,generated_masks/train/attack/digital_2/iphone15pro/chinese-113_03.png,1,face_text,iphone15pro,chinese-113_03,chinese,box-derived
train,train.csv,train/attack/digital_2/iphone15pro/turkiye-130_03.jpg,generated_masks/train/attack/digital_2/iphone15pro/turkiye-130_03.png,1,face_text,iphone15pro,turkiye-130_03,turkiye,box-derived
train,train.csv,train/attack/digital_2/iphone15pro/usa-NF-1004.jpg,generated_masks/train/attack/digital_2/iphone15pro/usa-NF-1004.png,1,face_text,iphone15pro,usa-NF-1004,usa,box-derived
train,train.csv,train/attack/digital_2/iphone15pro/turkiye-008_03.jpg,generated_masks/train/attack/digital_2/iphone15pro/turkiye-008_03.png,1,face_text,iphone15pro,turkiye-008_03,turkiye,box-derived
train,train.csv,train/attack/digital_2/iphone15pro/russian-062_03.jpg,generated_masks/train/attack/digital_2/iphone15pro/russian-062_03.png,1,face_text,iphone15pro,russian-062_03,russian,box-derived
train,train.csv,train/attack/digital_2/iphone15pro/turkiye-NM-1011.jpg,generated_masks/train/attack/digital_2/iphone15pro/turkiye-NM-1011.png,1,face_text,iphone15pro,turkiye-NM-1011,turkiye,box-derived
train,train.csv,train/attack/digital_2/iphone15pro/arabic-NF-1049.jpg,generated_masks/train/attack/digital_2/iphone15pro/arabic-NF-1049.png,1,face_text,iphone15pro,arabic-NF-1049,arabic,box-derived
train,train.csv,train/attack/digital_2/iphone15pro/ukraine-NF-1087.jpg,generated_masks/train/attack/digital_2/iphone15pro/ukraine-NF-1087.png,1,face_text,iphone15pro,ukraine-NF-1087,ukraine,box-derived
train,train.csv,train/attack/digital_2/iphone15pro/arabic-NF-1100.jpg,generated_masks/train/attack/digital_2/iphone15pro/arabic-NF-1100.png,1,face_text,iphone15pro,arabic-NF-1100,arabic,box-derived
train,train.csv,train/attack/digital_2/iphone15pro/arabic-NF-1048.jpg,generated_masks/train/attack/digital_2/iphone15pro/arabic-NF-1048.png,1,face_text,iphone15pro,arabic-NF-1048,arabic,box-derived
train,train.csv,train/attack/digital_2/iphone15pro/chinese-NF-1042.jpg,generated_masks/train/attack/digital_2/iphone15pro/chinese-NF-1042.png,1,face_text,iphone15pro,chinese-NF-1042,chinese,box-derived
train,train.csv,train/attack/digital_2/iphone15pro/turkiye-086_03.jpg,generated_masks/train/attack/digital_2/iphone15pro/turkiye-086_03.png,1,face_text,iphone15pro,turkiye-086_03,turkiye,box-derived
train,train.csv,train/attack/digital_2/iphone15pro/portugal-NM-1102.jpg,generated_masks/train/attack/digital_2/iphone15pro/portugal-NM-1102.png,1,face_text,iphone15pro,portugal-NM-1102,portugal,box-derived
train,train.csv,train/attack/digital_2/iphone15pro/portugal-NF-1105.jpg,generated_masks/train/attack/digital_2/iphone15pro/portugal-NF-1105.png,1,face_text,iphone15pro,portugal-NF-1105,portugal,box-derived
train,train.csv,train/attack/digital_2/iphone15pro/portugal-NF-1107.jpg,generated_masks/train/attack/digital_2/iphone15pro/portugal-NF-1107.png,1,face_text,iphone15pro,portugal-NF-1107,portugal,box-derived
train,train.csv,train/attack/digital_2/iphone15pro/portugal-143_03.jpg,generated_masks/train/attack/digital_2/iphone15pro/portugal-143_03.png,1,face_text,iphone15pro,portugal-143_03,portugal,box-derived
train,train.csv,train/attack/digital_2/iphone15pro/portugal-NF-1066.jpg,generated_masks/train/attack/digital_2/iphone15pro/portugal-NF-1066.png,1,face_text,iphone15pro,portugal-NF-1066,portugal,box-derived
train,train.csv,train/attack/digital_2/iphone15pro/portugal-004_03.jpg,generated_masks/train/attack/digital_2/iphone15pro/portugal-004_03.png,1,face_text,iphone15pro,portugal-004_03,portugal,box-derived
train,train.csv,train/attack/digital_2/iphone15pro/russian-NF-1089.jpg,generated_masks/train/attack/digital_2/iphone15pro/russian-NF-1089.png,1,face_text,iphone15pro,russian-NF-1089,russian,box-derived
train,train.csv,train/attack/digital_2/iphone15pro/chinese-081_03.jpg,generated_masks/train/attack/digital_2/iphone15pro/chinese-081_03.png,1,face_text,iphone15pro,chinese-081_03,chinese,box-derived
train,train.csv,train/attack/digital_2/iphone15pro/turkiye-NF-1103.jpg,generated_masks/train/attack/digital_2/iphone15pro/turkiye-NF-1103.png,1,face_text,iphone15pro,turkiye-NF-1103,turkiye,box-derived
train,train.csv,train/attack/digital_2/iphone15pro/chinese-107_03.jpg,generated_masks/train/attack/digital_2/iphone15pro/chinese-107_03.png,1,face_text,iphone15pro,chinese-107_03,chinese,box-derived
train,train.csv,train/attack/digital_2/iphone15pro/turkiye-036_03.jpg,generated_masks/train/attack/digital_2/iphone15pro/turkiye-036_03.png,1,face_text,iphone15pro,turkiye-036_03,turkiye,box-derived
train,train.csv,train/attack/digital_2/iphone15pro/ukraine-NF-1021.jpg,generated_masks/train/attack/digital_2/iphone15pro/ukraine-NF-1021.png,1,face_text,iphone15pro,ukraine-NF-1021,ukraine,box-derived
train,train.csv,train/attack/digital_2/iphone15pro/usa-034_03.jpg,generated_masks/train/attack/digital_2/iphone15pro/usa-034_03.png,1,face_text,iphone15pro,usa-034_03,usa,box-derived
train,train.csv,train/attack/digital_2/iphone15pro/usa-NF-1062.jpg,generated_masks/train/attack/digital_2/iphone15pro/usa-NF-1062.png,1,face_text,iphone15pro,usa-NF-1062,usa,box-derived
train,train.csv,train/attack/digital_2/iphone15pro/usa-NF-1076.jpg,generated_masks/train/attack/digital_2/iphone15pro/usa-NF-1076.png,1,face_text,iphone15pro,usa-NF-1076,usa,box-derived
train,train.csv,train/attack/digital_2/iphone15pro/portugal-NF-1016.jpg,generated_masks/train/attack/digital_2/iphone15pro/portugal-NF-1016.png,1,face_text,iphone15pro,portugal-NF-1016,portugal,box-derived
train,train.csv,train/attack/digital_2/iphone15pro/russian-NF-1013.jpg,generated_masks/train/attack/digital_2/iphone15pro/russian-NF-1013.png,1,face_text,iphone15pro,russian-NF-1013,russian,box-derived
train,train.csv,train/attack/digital_2/iphone15pro/arabic-173_03.jpg,generated_masks/train/attack/digital_2/iphone15pro/arabic-173_03.png,1,face_text,iphone15pro,arabic-173_03,arabic,box-derived
train,train.csv,train/attack/digital_2/iphone15pro/arabic-NM-1029.jpg,generated_masks/train/attack/digital_2/iphone15pro/arabic-NM-1029.png,1,face_text,iphone15pro,arabic-NM-1029,arabic,box-derived
train,train.csv,train/attack/digital_2/iphone15pro/ukraine-NF-1032.jpg,generated_masks/train/attack/digital_2/iphone15pro/ukraine-NF-1032.png,1,face_text,iphone15pro,ukraine-NF-1032,ukraine,box-derived
train,train.csv,train/attack/digital_2/iphone15pro/turkiye-NF-1054.jpg,generated_masks/train/attack/digital_2/iphone15pro/turkiye-NF-1054.png,1,face_text,iphone15pro,turkiye-NF-1054,turkiye,box-derived
train,train.csv,train/attack/digital_2/iphone15pro/usa-NF-1046.jpg,generated_masks/train/attack/digital_2/iphone15pro/usa-NF-1046.png,1,face_text,iphone15pro,usa-NF-1046,usa,box-derived
train,train.csv,train/attack/digital_2/iphone15pro/portugal-017_03.jpg,generated_masks/train/attack/digital_2/iphone15pro/portugal-017_03.png,1,face_text,iphone15pro,portugal-017_03,portugal,box-derived
train,train.csv,train/attack/digital_2/iphone15pro/arabic-131_03.jpg,generated_masks/train/attack/digital_2/iphone15pro/arabic-131_03.png,1,face_text,iphone15pro,arabic-131_03,arabic,box-derived
train,train.csv,train/attack/digital_2/iphone15pro/portugal-066_03.jpg,generated_masks/train/attack/digital_2/iphone15pro/portugal-066_03.png,1,face_text,iphone15pro,portugal-066_03,portugal,box-derived
train,train.csv,train/attack/digital_2/iphone15pro/portugal-NF-1026.jpg,generated_masks/train/attack/digital_2/iphone15pro/portugal-NF-1026.png,1,face_text,iphone15pro,portugal-NF-1026,portugal,box-derived
train,train.csv,train/attack/digital_2/iphone15pro/portugal-105_03.jpg,generated_masks/train/attack/digital_2/iphone15pro/portugal-105_03.png,1,face_text,iphone15pro,portugal-105_03,portugal,box-derived
train,train.csv,train/attack/digital_2/iphone15pro/russian-082_03.jpg,generated_masks/train/attack/digital_2/iphone15pro/russian-082_03.png,1,face_text,iphone15pro,russian-082_03,russian,box-derived
train,train.csv,train/attack/digital_2/iphone15pro/portugal-042_03.jpg,generated_masks/train/attack/digital_2/iphone15pro/portugal-042_03.png,1,face_text,iphone15pro,portugal-042_03,portugal,box-derived
train,train.csv,train/attack/digital_2/iphone15pro/usa-NF-1051.jpg,generated_masks/train/attack/digital_2/iphone15pro/usa-NF-1051.png,1,face_text,iphone15pro,usa-NF-1051,usa,box-derived
train,train.csv,train/attack/digital_2/iphone15pro/ukraine-NM-1007.jpg,generated_masks/train/attack/digital_2/iphone15pro/ukraine-NM-1007.png,1,face_text,iphone15pro,ukraine-NM-1007,ukraine,box-derived
train,train.csv,train/attack/digital_2/iphone15pro/chinese-NF-1014.jpg,generated_masks/train/attack/digital_2/iphone15pro/chinese-NF-1014.png,1,face_text,iphone15pro,chinese-NF-1014,chinese,box-derived
train,train.csv,train/attack/digital_2/iphone15pro/chinese-102_03.jpg,generated_masks/train/attack/digital_2/iphone15pro/chinese-102_03.png,1,face_text,iphone15pro,chinese-102_03,chinese,box-derived
train,train.csv,train/attack/digital_2/iphone15pro/ukraine-NF-1005.jpg,generated_masks/train/attack/digital_2/iphone15pro/ukraine-NF-1005.png,1,face_text,iphone15pro,ukraine-NF-1005,ukraine,box-derived
train,train.csv,train/attack/digital_2/iphone15pro/usa-NF-1044.jpg,generated_masks/train/attack/digital_2/iphone15pro/usa-NF-1044.png,1,face_text,iphone15pro,usa-NF-1044,usa,box-derived
train,train.csv,train/attack/digital_2/iphone15pro/usa-NF-1093.jpg,generated_masks/train/attack/digital_2/iphone15pro/usa-NF-1093.png,1,face_text,iphone15pro,usa-NF-1093,usa,box-derived
train,train.csv,train/attack/digital_2/iphone15pro/turkiye-083_03.jpg,generated_masks/train/attack/digital_2/iphone15pro/turkiye-083_03.png,1,face_text,iphone15pro,turkiye-083_03,turkiye,box-derived
train,train.csv,train/attack/digital_2/iphone15pro/arabic-003_03.jpg,generated_masks/train/attack/digital_2/iphone15pro/arabic-003_03.png,1,face_text,iphone15pro,arabic-003_03,arabic,box-derived
train,train.csv,train/attack/digital_2/iphone15pro/portugal-125_03.jpg,generated_masks/train/attack/digital_2/iphone15pro/portugal-125_03.png,1,face_text,iphone15pro,portugal-125_03,portugal,box-derived
train,train.csv,train/attack/digital_2/iphone15pro/chinese-NF-1072.jpg,generated_masks/train/attack/digital_2/iphone15pro/chinese-NF-1072.png,1,face_text,iphone15pro,chinese-NF-1072,chinese,box-derived
train,train.csv,train/attack/digital_2/iphone15pro/portugal-029_03.jpg,generated_masks/train/attack/digital_2/iphone15pro/portugal-029_03.png,1,face_text,iphone15pro,portugal-029_03,portugal,box-derived
train,train.csv,train/attack/digital_2/iphone15pro/arabic-139_03.jpg,generated_masks/train/attack/digital_2/iphone15pro/arabic-139_03.png,1,face_text,iphone15pro,arabic-139_03,arabic,box-derived
train,train.csv,train/attack/digital_2/iphone15pro/portugal-013_03.jpg,generated_masks/train/attack/digital_2/iphone15pro/portugal-013_03.png,1,face_text,iphone15pro,portugal-013_03,portugal,box-derived
train,train.csv,train/attack/digital_2/iphone15pro/chinese-NF-1067.jpg,generated_masks/train/attack/digital_2/iphone15pro/chinese-NF-1067.png,1,face_text,iphone15pro,chinese-NF-1067,chinese,box-derived
train,train.csv,train/attack/digital_2/iphone15pro/arabic-NF-1053.jpg,generated_masks/train/attack/digital_2/iphone15pro/arabic-NF-1053.png,1,face_text,iphone15pro,arabic-NF-1053,arabic,box-derived
train,train.csv,train/attack/digital_2/iphone15pro/chinese-096_03.jpg,generated_masks/train/attack/digital_2/iphone15pro/chinese-096_03.png,1,face_text,iphone15pro,chinese-096_03,chinese,box-derived
train,train.csv,train/attack/digital_2/iphone15pro/usa-NF-1036.jpg,generated_masks/train/attack/digital_2/iphone15pro/usa-NF-1036.png,1,face_text,iphone15pro,usa-NF-1036,usa,box-derived
train,train.csv,train/attack/digital_2/iphone15pro/arabic-NM-1090.jpg,generated_masks/train/attack/digital_2/iphone15pro/arabic-NM-1090.png,1,face_text,iphone15pro,arabic-NM-1090,arabic,box-derived
train,train.csv,train/attack/digital_2/iphone15pro/portugal-NF-1041.jpg,generated_masks/train/attack/digital_2/iphone15pro/portugal-NF-1041.png,1,face_text,iphone15pro,portugal-NF-1041,portugal,box-derived
train,train.csv,train/attack/digital_2/iphone15pro/chinese-018_03.jpg,generated_masks/train/attack/digital_2/iphone15pro/chinese-018_03.png,1,face_text,iphone15pro,chinese-018_03,chinese,box-derived
train,train.csv,train/attack/digital_2/iphone15pro/usa-011_03.jpg,generated_masks/train/attack/digital_2/iphone15pro/usa-011_03.png,1,face_text,iphone15pro,usa-011_03,usa,box-derived
train,train.csv,train/attack/digital_2/iphone15pro/portugal-NF-1109.jpg,generated_masks/train/attack/digital_2/iphone15pro/portugal-NF-1109.png,1,face_text,iphone15pro,portugal-NF-1109,portugal,box-derived
train,train.csv,train/attack/digital_2/iphone15pro/turkiye-129_03.jpg,generated_masks/train/attack/digital_2/iphone15pro/turkiye-129_03.png,1,face_text,iphone15pro,turkiye-129_03,turkiye,box-derived
train,train.csv,train/attack/digital_2/iphone15pro/portugal-NM-1091.jpg,generated_masks/train/attack/digital_2/iphone15pro/portugal-NM-1091.png,1,face_text,iphone15pro,portugal-NM-1091,portugal,box-derived
train,train.csv,train/attack/digital_2/iphone15pro/usa-137_03.jpg,generated_masks/train/attack/digital_2/iphone15pro/usa-137_03.png,1,face_text,iphone15pro,usa-137_03,usa,box-derived
train,train.csv,train/attack/digital_2/iphone15pro/arabic-NF-1040.jpg,generated_masks/train/attack/digital_2/iphone15pro/arabic-NF-1040.png,1,face_text,iphone15pro,arabic-NF-1040,arabic,box-derived
train,train.csv,train/attack/digital_2/iphone15pro/portugal-NF-1086.jpg,generated_masks/train/attack/digital_2/iphone15pro/portugal-NF-1086.png,1,face_text,iphone15pro,portugal-NF-1086,portugal,box-derived
train,train.csv,train/attack/digital_2/iphone15pro/chinese-NF-1101.jpg,generated_masks/train/attack/digital_2/iphone15pro/chinese-NF-1101.png,1,face_text,iphone15pro,chinese-NF-1101,chinese,box-derived
train,train.csv,train/attack/digital_2/iphone15pro/turkiye-NM-1019.jpg,generated_masks/train/attack/digital_2/iphone15pro/turkiye-NM-1019.png,1,face_text,iphone15pro,turkiye-NM-1019,turkiye,box-derived
train,train.csv,train/attack/digital_2/iphone15pro/turkiye-127_03.jpg,generated_masks/train/attack/digital_2/iphone15pro/turkiye-127_03.png,1,face_text,iphone15pro,turkiye-127_03,turkiye,box-derived
train,train.csv,train/attack/digital_2/iphone15pro/russian-NF-1081.jpg,generated_masks/train/attack/digital_2/iphone15pro/russian-NF-1081.png,1,face_text,iphone15pro,russian-NF-1081,russian,box-derived
train,train.csv,train/attack/digital_2/iphone15pro/chinese-NF-1088.jpg,generated_masks/train/attack/digital_2/iphone15pro/chinese-NF-1088.png,1,face_text,iphone15pro,chinese-NF-1088,chinese,box-derived
train,train.csv,train/attack/digital_2/iphone15pro/turkiye-NM-1033.jpg,generated_masks/train/attack/digital_2/iphone15pro/turkiye-NM-1033.png,1,face_text,iphone15pro,turkiye-NM-1033,turkiye,box-derived
train,train.csv,train/attack/digital_2/iphone15pro/ukraine-103_03.jpg,generated_masks/train/attack/digital_2/iphone15pro/ukraine-103_03.png,1,face_text,iphone15pro,ukraine-103_03,ukraine,box-derived
train,train.csv,train/attack/digital_2/iphone15pro/ukraine-NF-1073.jpg,generated_masks/train/attack/digital_2/iphone15pro/ukraine-NF-1073.png,1,face_text,iphone15pro,ukraine-NF-1073,ukraine,box-derived
train,train.csv,train/attack/digital_2/iphone15pro/russian-NF-1080.jpg,generated_masks/train/attack/digital_2/iphone15pro/russian-NF-1080.png,1,face_text,iphone15pro,russian-NF-1080,russian,box-derived
train,train.csv,train/attack/digital_2/iphone15pro/ukraine-NF-1106.jpg,generated_masks/train/attack/digital_2/iphone15pro/ukraine-NF-1106.png,1,face_text,iphone15pro,ukraine-NF-1106,ukraine,box-derived
train,train.csv,train/attack/digital_2/iphone15pro/turkiye-092_03.jpg,generated_masks/train/attack/digital_2/iphone15pro/turkiye-092_03.png,1,face_text,iphone15pro,turkiye-092_03,turkiye,box-derived
train,train.csv,train/attack/digital_2/iphone15pro/arabic-112_03.jpg,generated_masks/train/attack/digital_2/iphone15pro/arabic-112_03.png,1,face_text,iphone15pro,arabic-112_03,arabic,box-derived
train,train.csv,train/attack/digital_2/iphone15pro/chinese-NF-1023.jpg,generated_masks/train/attack/digital_2/iphone15pro/chinese-NF-1023.png,1,face_text,iphone15pro,chinese-NF-1023,chinese,box-derived
train,train.csv,train/attack/digital_2/iphone15pro/arabic-NF-1003.jpg,generated_masks/train/attack/digital_2/iphone15pro/arabic-NF-1003.png,1,face_text,iphone15pro,arabic-NF-1003,arabic,box-derived
train,train.csv,train/attack/digital_2/iphone15pro/portugal-026_03.jpg,generated_masks/train/attack/digital_2/iphone15pro/portugal-026_03.png,1,face_text,iphone15pro,portugal-026_03,portugal,box-derived
train,train.csv,train/attack/digital_2/iphone15pro/russian-123_03.jpg,generated_masks/train/attack/digital_2/iphone15pro/russian-123_03.png,1,face_text,iphone15pro,russian-123_03,russian,box-derived
train,train.csv,train/attack/digital_2/iphone15pro/russian-NF-1028.jpg,generated_masks/train/attack/digital_2/iphone15pro/russian-NF-1028.png,1,face_text,iphone15pro,russian-NF-1028,russian,box-derived
train,train.csv,train/attack/digital_2/iphone15pro/turkiye-126_03.jpg,generated_masks/train/attack/digital_2/iphone15pro/turkiye-126_03.png,1,face_text,iphone15pro,turkiye-126_03,turkiye,box-derived
train,train.csv,train/attack/digital_2/iphone15pro/arabic-024_03.jpg,generated_masks/train/attack/digital_2/iphone15pro/arabic-024_03.png,1,face_text,iphone15pro,arabic-024_03,arabic,box-derived
train,train.csv,train/attack/digital_2/iphone15pro/turkiye-138_03.jpg,generated_masks/train/attack/digital_2/iphone15pro/turkiye-138_03.png,1,face_text,iphone15pro,turkiye-138_03,turkiye,box-derived
train,train.csv,train/attack/digital_2/iphone15pro/usa-063_03.jpg,generated_masks/train/attack/digital_2/iphone15pro/usa-063_03.png,1,face_text,iphone15pro,usa-063_03,usa,box-derived
train,train.csv,train/attack/digital_2/iphone15pro/usa-136_03.jpg,generated_masks/train/attack/digital_2/iphone15pro/usa-136_03.png,1,face_text,iphone15pro,usa-136_03,usa,box-derived
train,train.csv,train/attack/digital_2/iphone15pro/turkiye-NM-1055.jpg,generated_masks/train/attack/digital_2/iphone15pro/turkiye-NM-1055.png,1,face_text,iphone15pro,turkiye-NM-1055,turkiye,box-derived
train,train.csv,train/attack/digital_2/iphone15pro/russian-NM-1027.jpg,generated_masks/train/attack/digital_2/iphone15pro/russian-NM-1027.png,1,face_text,iphone15pro,russian-NM-1027,russian,box-derived
train,train.csv,train/attack/digital_2/iphone15pro/usa-009_03.jpg,generated_masks/train/attack/digital_2/iphone15pro/usa-009_03.png,1,face_text,iphone15pro,usa-009_03,usa,box-derived
train,train.csv,train/attack/digital_2/iphone15pro/ukraine-NF-1015.jpg,generated_masks/train/attack/digital_2/iphone15pro/ukraine-NF-1015.png,1,face_text,iphone15pro,ukraine-NF-1015,ukraine,box-derived
train,train.csv,train/attack/digital_2/iphone15pro/russian-002_03.jpg,generated_masks/train/attack/digital_2/iphone15pro/russian-002_03.png,1,face_text,iphone15pro,russian-002_03,russian,box-derived
train,train.csv,train/attack/digital_2/iphone15pro/persian-087_03.jpg,generated_masks/train/attack/digital_2/iphone15pro/persian-087_03.png,1,face_text,iphone15pro,persian-087_03,persian,box-derived
train,train.csv,train/attack/digital_2/scan/french-NF-1020.jpg,generated_masks/train/attack/digital_2/scan/french-NF-1020.png,1,face_text,scan,french-NF-1020,french,box-derived
train,train.csv,train/attack/digital_2/scan/french-135_03.jpg,generated_masks/train/attack/digital_2/scan/french-135_03.png,1,face_text,scan,french-135_03,french,box-derived
train,train.csv,train/attack/digital_2/scan/french-044_03.jpg,generated_masks/train/attack/digital_2/scan/french-044_03.png,1,face_text,scan,french-044_03,french,box-derived
train,train.csv,train/attack/digital_2/scan/french-091_03.jpg,generated_masks/train/attack/digital_2/scan/french-091_03.png,1,face_text,scan,french-091_03,french,box-derived
train,train.csv,train/attack/digital_2/scan/indian-NF-1006.jpg,generated_masks/train/attack/digital_2/scan/indian-NF-1006.png,1,face_text,scan,indian-NF-1006,indian,box-derived
train,train.csv,train/attack/digital_2/scan/indian-037_03.jpg,generated_masks/train/attack/digital_2/scan/indian-037_03.png,1,face_text,scan,indian-037_03,indian,box-derived
train,train.csv,train/attack/digital_2/scan/indian-NF-1039.jpg,generated_masks/train/attack/digital_2/scan/indian-NF-1039.png,1,face_text,scan,indian-NF-1039,indian,box-derived
train,train.csv,train/attack/digital_2/scan/indian-021_03.jpg,generated_masks/train/attack/digital_2/scan/indian-021_03.png,1,face_text,scan,indian-021_03,indian,box-derived
train,train.csv,train/attack/digital_2/scan/persian-144_03.jpg,generated_masks/train/attack/digital_2/scan/persian-144_03.png,1,face_text,scan,persian-144_03,persian,box-derived
train,train.csv,train/attack/digital_2/scan/french-NF-1056.jpg,generated_masks/train/attack/digital_2/scan/french-NF-1056.png,1,face_text,scan,french-NF-1056,french,box-derived
train,train.csv,train/attack/digital_2/scan/french-NF-1095.jpg,generated_masks/train/attack/digital_2/scan/french-NF-1095.png,1,face_text,scan,french-NF-1095,french,box-derived
train,train.csv,train/attack/digital_2/scan/indian-NF-1075.jpg,generated_masks/train/attack/digital_2/scan/indian-NF-1075.png,1,face_text,scan,indian-NF-1075,indian,box-derived
train,train.csv,train/attack/digital_2/scan/french-NF-1082.jpg,generated_masks/train/attack/digital_2/scan/french-NF-1082.png,1,face_text,scan,french-NF-1082,french,box-derived
train,train.csv,train/attack/digital_2/scan/french-NF-1047.jpg,generated_masks/train/attack/digital_2/scan/french-NF-1047.png,1,face_text,scan,french-NF-1047,french,box-derived
train,train.csv,train/attack/digital_2/scan/french-097_03.jpg,generated_masks/train/attack/digital_2/scan/french-097_03.png,1,face_text,scan,french-097_03,french,box-derived
train,train.csv,train/attack/digital_2/scan/indian-NF-1096.jpg,generated_masks/train/attack/digital_2/scan/indian-NF-1096.png,1,face_text,scan,indian-NF-1096,indian,box-derived
train,train.csv,train/attack/digital_2/scan/persian-NF-1031.jpg,generated_masks/train/attack/digital_2/scan/persian-NF-1031.png,1,face_text,scan,persian-NF-1031,persian,box-derived
train,train.csv,train/attack/digital_2/scan/persian-NF-1018.jpg,generated_masks/train/attack/digital_2/scan/persian-NF-1018.png,1,face_text,scan,persian-NF-1018,persian,box-derived
train,train.csv,train/attack/digital_2/scan/french-124_03.jpg,generated_masks/train/attack/digital_2/scan/french-124_03.png,1,face_text,scan,french-124_03,french,box-derived
train,train.csv,train/attack/digital_2/scan/french-NF-1110.jpg,generated_masks/train/attack/digital_2/scan/french-NF-1110.png,1,face_text,scan,french-NF-1110,french,box-derived
train,train.csv,train/attack/digital_2/scan/persian-NF-1034.jpg,generated_masks/train/attack/digital_2/scan/persian-NF-1034.png,1,face_text,scan,persian-NF-1034,persian,box-derived
train,train.csv,train/attack/digital_2/scan/french-100_03.jpg,generated_masks/train/attack/digital_2/scan/french-100_03.png,1,face_text,scan,french-100_03,french,box-derived
train,train.csv,train/attack/digital_2/scan/french-NM-1070.jpg,generated_masks/train/attack/digital_2/scan/french-NM-1070.png,1,face_text,scan,french-NM-1070,french,box-derived
train,train.csv,train/attack/digital_2/scan/french-NM-1104.jpg,generated_masks/train/attack/digital_2/scan/french-NM-1104.png,1,face_text,scan,french-NM-1104,french,box-derived
train,train.csv,train/attack/digital_2/scan/persian-069_03.jpg,generated_masks/train/attack/digital_2/scan/persian-069_03.png,1,face_text,scan,persian-069_03,persian,box-derived
train,train.csv,train/attack/digital_2/scan/indian-012_03.jpg,generated_masks/train/attack/digital_2/scan/indian-012_03.png,1,face_text,scan,indian-012_03,indian,box-derived
train,train.csv,train/attack/digital_2/scan/french-090_03.jpg,generated_masks/train/attack/digital_2/scan/french-090_03.png,1,face_text,scan,french-090_03,french,box-derived
train,train.csv,train/attack/digital_2/scan/persian-NM-1035.jpg,generated_masks/train/attack/digital_2/scan/persian-NM-1035.png,1,face_text,scan,persian-NM-1035,persian,box-derived
train,train.csv,train/attack/digital_2/scan/persian-NF-1079.jpg,generated_masks/train/attack/digital_2/scan/persian-NF-1079.png,1,face_text,scan,persian-NF-1079,persian,box-derived
train,train.csv,train/attack/digital_2/scan/indian-108_03.jpg,generated_masks/train/attack/digital_2/scan/indian-108_03.png,1,face_text,scan,indian-108_03,indian,box-derived
train,train.csv,train/attack/digital_2/scan/persian-010_03.jpg,generated_masks/train/attack/digital_2/scan/persian-010_03.png,1,face_text,scan,persian-010_03,persian,box-derived
train,train.csv,train/attack/digital_2/scan/indian-014_03.jpg,generated_masks/train/attack/digital_2/scan/indian-014_03.png,1,face_text,scan,indian-014_03,indian,box-derived
train,train.csv,train/attack/digital_2/scan/persian-NF-1043.jpg,generated_masks/train/attack/digital_2/scan/persian-NF-1043.png,1,face_text,scan,persian-NF-1043,persian,box-derived
train,train.csv,train/attack/digital_2/scan/french-118_03.jpg,generated_masks/train/attack/digital_2/scan/french-118_03.png,1,face_text,scan,french-118_03,french,box-derived
train,train.csv,train/attack/digital_2/scan/persian-NF-1108.jpg,generated_masks/train/attack/digital_2/scan/persian-NF-1108.png,1,face_text,scan,persian-NF-1108,persian,box-derived
train,train.csv,train/attack/digital_2/scan/indian-NF-1025.jpg,generated_masks/train/attack/digital_2/scan/indian-NF-1025.png,1,face_text,scan,indian-NF-1025,indian,box-derived
train,train.csv,train/attack/digital_2/scan/russian-NF-1099.jpg,generated_masks/train/attack/digital_2/scan/russian-NF-1099.png,1,face_text,scan,russian-NF-1099,russian,box-derived
train,train.csv,train/attack/digital_2/scan/ukraine-006_03.jpg,generated_masks/train/attack/digital_2/scan/ukraine-006_03.png,1,face_text,scan,ukraine-006_03,ukraine,box-derived
train,train.csv,train/attack/digital_2/scan/arabic-120_03.jpg,generated_masks/train/attack/digital_2/scan/arabic-120_03.png,1,face_text,scan,arabic-120_03,arabic,box-derived
train,train.csv,train/attack/digital_2/scan/chinese-NF-1085.jpg,generated_masks/train/attack/digital_2/scan/chinese-NF-1085.png,1,face_text,scan,chinese-NF-1085,chinese,box-derived
train,train.csv,train/attack/digital_2/scan/ukraine-030_03.jpg,generated_masks/train/attack/digital_2/scan/ukraine-030_03.png,1,face_text,scan,ukraine-030_03,ukraine,box-derived
train,train.csv,train/attack/digital_2/scan/usa-NF-1017.jpg,generated_masks/train/attack/digital_2/scan/usa-NF-1017.png,1,face_text,scan,usa-NF-1017,usa,box-derived
train,train.csv,train/attack/digital_2/scan/usa-043_03.jpg,generated_masks/train/attack/digital_2/scan/usa-043_03.png,1,face_text,scan,usa-043_03,usa,box-derived
train,train.csv,train/attack/digital_2/scan/chinese-NF-1050.jpg,generated_masks/train/attack/digital_2/scan/chinese-NF-1050.png,1,face_text,scan,chinese-NF-1050,chinese,box-derived
train,train.csv,train/attack/digital_2/scan/ukraine-NF-1068.jpg,generated_masks/train/attack/digital_2/scan/ukraine-NF-1068.png,1,face_text,scan,ukraine-NF-1068,ukraine,box-derived
train,train.csv,train/attack/digital_2/scan/chinese-001_03.jpg,generated_masks/train/attack/digital_2/scan/chinese-001_03.png,1,face_text,scan,chinese-001_03,chinese,box-derived
train,train.csv,train/attack/digital_2/scan/usa-067_03.jpg,generated_masks/train/attack/digital_2/scan/usa-067_03.png,1,face_text,scan,usa-067_03,usa,box-derived
train,train.csv,train/attack/digital_2/scan/turkiye-NF-1002.jpg,generated_masks/train/attack/digital_2/scan/turkiye-NF-1002.png,1,face_text,scan,turkiye-NF-1002,turkiye,box-derived
train,train.csv,train/attack/digital_2/scan/usa-016_03.jpg,generated_masks/train/attack/digital_2/scan/usa-016_03.png,1,face_text,scan,usa-016_03,usa,box-derived
train,train.csv,train/attack/digital_2/scan/chinese-113_03.jpg,generated_masks/train/attack/digital_2/scan/chinese-113_03.png,1,face_text,scan,chinese-113_03,chinese,box-derived
train,train.csv,train/attack/digital_2/scan/turkiye-130_03.jpg,generated_masks/train/attack/digital_2/scan/turkiye-130_03.png,1,face_text,scan,turkiye-130_03,turkiye,box-derived
train,train.csv,train/attack/digital_2/scan/usa-NF-1004.jpg,generated_masks/train/attack/digital_2/scan/usa-NF-1004.png,1,face_text,scan,usa-NF-1004,usa,box-derived
train,train.csv,train/attack/digital_2/scan/turkiye-008_03.jpg,generated_masks/train/attack/digital_2/scan/turkiye-008_03.png,1,face_text,scan,turkiye-008_03,turkiye,box-derived
train,train.csv,train/attack/digital_2/scan/russian-062_03.jpg,generated_masks/train/attack/digital_2/scan/russian-062_03.png,1,face_text,scan,russian-062_03,russian,box-derived
train,train.csv,train/attack/digital_2/scan/turkiye-NM-1011.jpg,generated_masks/train/attack/digital_2/scan/turkiye-NM-1011.png,1,face_text,scan,turkiye-NM-1011,turkiye,box-derived
train,train.csv,train/attack/digital_2/scan/arabic-NF-1049.jpg,generated_masks/train/attack/digital_2/scan/arabic-NF-1049.png,1,face_text,scan,arabic-NF-1049,arabic,box-derived
train,train.csv,train/attack/digital_2/scan/ukraine-NF-1087.jpg,generated_masks/train/attack/digital_2/scan/ukraine-NF-1087.png,1,face_text,scan,ukraine-NF-1087,ukraine,box-derived
train,train.csv,train/attack/digital_2/scan/arabic-NF-1100.jpg,generated_masks/train/attack/digital_2/scan/arabic-NF-1100.png,1,face_text,scan,arabic-NF-1100,arabic,box-derived
train,train.csv,train/attack/digital_2/scan/arabic-NF-1048.jpg,generated_masks/train/attack/digital_2/scan/arabic-NF-1048.png,1,face_text,scan,arabic-NF-1048,arabic,box-derived
train,train.csv,train/attack/digital_2/scan/chinese-NF-1042.jpg,generated_masks/train/attack/digital_2/scan/chinese-NF-1042.png,1,face_text,scan,chinese-NF-1042,chinese,box-derived
train,train.csv,train/attack/digital_2/scan/turkiye-086_03.jpg,generated_masks/train/attack/digital_2/scan/turkiye-086_03.png,1,face_text,scan,turkiye-086_03,turkiye,box-derived
train,train.csv,train/attack/digital_2/scan/portugal-NF-1105.jpg,generated_masks/train/attack/digital_2/scan/portugal-NF-1105.png,1,face_text,scan,portugal-NF-1105,portugal,box-derived
train,train.csv,train/attack/digital_2/scan/portugal-NF-1107.jpg,generated_masks/train/attack/digital_2/scan/portugal-NF-1107.png,1,face_text,scan,portugal-NF-1107,portugal,box-derived
train,train.csv,train/attack/digital_2/scan/portugal-143_03.jpg,generated_masks/train/attack/digital_2/scan/portugal-143_03.png,1,face_text,scan,portugal-143_03,portugal,box-derived
train,train.csv,train/attack/digital_2/scan/portugal-NF-1066.jpg,generated_masks/train/attack/digital_2/scan/portugal-NF-1066.png,1,face_text,scan,portugal-NF-1066,portugal,box-derived
train,train.csv,train/attack/digital_2/scan/portugal-004_03.jpg,generated_masks/train/attack/digital_2/scan/portugal-004_03.png,1,face_text,scan,portugal-004_03,portugal,box-derived
train,train.csv,train/attack/digital_2/scan/russian-NF-1089.jpg,generated_masks/train/attack/digital_2/scan/russian-NF-1089.png,1,face_text,scan,russian-NF-1089,russian,box-derived
train,train.csv,train/attack/digital_2/scan/chinese-081_03.jpg,generated_masks/train/attack/digital_2/scan/chinese-081_03.png,1,face_text,scan,chinese-081_03,chinese,box-derived
train,train.csv,train/attack/digital_2/scan/turkiye-NF-1103.jpg,generated_masks/train/attack/digital_2/scan/turkiye-NF-1103.png,1,face_text,scan,turkiye-NF-1103,turkiye,box-derived
train,train.csv,train/attack/digital_2/scan/chinese-107_03.jpg,generated_masks/train/attack/digital_2/scan/chinese-107_03.png,1,face_text,scan,chinese-107_03,chinese,box-derived
train,train.csv,train/attack/digital_2/scan/turkiye-036_03.jpg,generated_masks/train/attack/digital_2/scan/turkiye-036_03.png,1,face_text,scan,turkiye-036_03,turkiye,box-derived
train,train.csv,train/attack/digital_2/scan/ukraine-NF-1021.jpg,generated_masks/train/attack/digital_2/scan/ukraine-NF-1021.png,1,face_text,scan,ukraine-NF-1021,ukraine,box-derived
train,train.csv,train/attack/digital_2/scan/usa-034_03.jpg,generated_masks/train/attack/digital_2/scan/usa-034_03.png,1,face_text,scan,usa-034_03,usa,box-derived
train,train.csv,train/attack/digital_2/scan/usa-NF-1062.jpg,generated_masks/train/attack/digital_2/scan/usa-NF-1062.png,1,face_text,scan,usa-NF-1062,usa,box-derived
train,train.csv,train/attack/digital_2/scan/usa-NF-1076.jpg,generated_masks/train/attack/digital_2/scan/usa-NF-1076.png,1,face_text,scan,usa-NF-1076,usa,box-derived
train,train.csv,train/attack/digital_2/scan/portugal-NF-1016.jpg,generated_masks/train/attack/digital_2/scan/portugal-NF-1016.png,1,face_text,scan,portugal-NF-1016,portugal,box-derived
train,train.csv,train/attack/digital_2/scan/russian-NF-1013.jpg,generated_masks/train/attack/digital_2/scan/russian-NF-1013.png,1,face_text,scan,russian-NF-1013,russian,box-derived
train,train.csv,train/attack/digital_2/scan/arabic-173_03.jpg,generated_masks/train/attack/digital_2/scan/arabic-173_03.png,1,face_text,scan,arabic-173_03,arabic,box-derived
train,train.csv,train/attack/digital_2/scan/arabic-NM-1029.jpg,generated_masks/train/attack/digital_2/scan/arabic-NM-1029.png,1,face_text,scan,arabic-NM-1029,arabic,box-derived
train,train.csv,train/attack/digital_2/scan/ukraine-NF-1032.jpg,generated_masks/train/attack/digital_2/scan/ukraine-NF-1032.png,1,face_text,scan,ukraine-NF-1032,ukraine,box-derived
train,train.csv,train/attack/digital_2/scan/portugal-NM-1102.jpg,generated_masks/train/attack/digital_2/scan/portugal-NM-1102.png,1,face_text,scan,portugal-NM-1102,portugal,box-derived
train,train.csv,train/attack/digital_2/scan/persian-NF-1001.jpg,generated_masks/train/attack/digital_2/scan/persian-NF-1001.png,1,face_text,scan,persian-NF-1001,persian,box-derived
train,train.csv,train/attack/digital_2/scan/turkiye-NF-1054.jpg,generated_masks/train/attack/digital_2/scan/turkiye-NF-1054.png,1,face_text,scan,turkiye-NF-1054,turkiye,box-derived
train,train.csv,train/attack/digital_2/scan/usa-NF-1046.jpg,generated_masks/train/attack/digital_2/scan/usa-NF-1046.png,1,face_text,scan,usa-NF-1046,usa,box-derived
train,train.csv,train/attack/digital_2/scan/portugal-017_03.jpg,generated_masks/train/attack/digital_2/scan/portugal-017_03.png,1,face_text,scan,portugal-017_03,portugal,box-derived
train,train.csv,train/attack/digital_2/scan/arabic-131_03.jpg,generated_masks/train/attack/digital_2/scan/arabic-131_03.png,1,face_text,scan,arabic-131_03,arabic,box-derived
train,train.csv,train/attack/digital_2/scan/portugal-066_03.jpg,generated_masks/train/attack/digital_2/scan/portugal-066_03.png,1,face_text,scan,portugal-066_03,portugal,box-derived
train,train.csv,train/attack/digital_2/scan/portugal-NF-1026.jpg,generated_masks/train/attack/digital_2/scan/portugal-NF-1026.png,1,face_text,scan,portugal-NF-1026,portugal,box-derived
train,train.csv,train/attack/digital_2/scan/portugal-105_03.jpg,generated_masks/train/attack/digital_2/scan/portugal-105_03.png,1,face_text,scan,portugal-105_03,portugal,box-derived
train,train.csv,train/attack/digital_2/scan/russian-082_03.jpg,generated_masks/train/attack/digital_2/scan/russian-082_03.png,1,face_text,scan,russian-082_03,russian,box-derived
train,train.csv,train/attack/digital_2/scan/portugal-042_03.jpg,generated_masks/train/attack/digital_2/scan/portugal-042_03.png,1,face_text,scan,portugal-042_03,portugal,box-derived
train,train.csv,train/attack/digital_2/scan/usa-NF-1051.jpg,generated_masks/train/attack/digital_2/scan/usa-NF-1051.png,1,face_text,scan,usa-NF-1051,usa,box-derived
train,train.csv,train/attack/digital_2/scan/ukraine-NM-1007.jpg,generated_masks/train/attack/digital_2/scan/ukraine-NM-1007.png,1,face_text,scan,ukraine-NM-1007,ukraine,box-derived
train,train.csv,train/attack/digital_2/scan/chinese-NF-1014.jpg,generated_masks/train/attack/digital_2/scan/chinese-NF-1014.png,1,face_text,scan,chinese-NF-1014,chinese,box-derived
train,train.csv,train/attack/digital_2/scan/chinese-102_03.jpg,generated_masks/train/attack/digital_2/scan/chinese-102_03.png,1,face_text,scan,chinese-102_03,chinese,box-derived
train,train.csv,train/attack/digital_2/scan/ukraine-NF-1005.jpg,generated_masks/train/attack/digital_2/scan/ukraine-NF-1005.png,1,face_text,scan,ukraine-NF-1005,ukraine,box-derived
train,train.csv,train/attack/digital_2/scan/usa-NF-1044.jpg,generated_masks/train/attack/digital_2/scan/usa-NF-1044.png,1,face_text,scan,usa-NF-1044,usa,box-derived
train,train.csv,train/attack/digital_2/scan/usa-NF-1093.jpg,generated_masks/train/attack/digital_2/scan/usa-NF-1093.png,1,face_text,scan,usa-NF-1093,usa,box-derived
train,train.csv,train/attack/digital_2/scan/turkiye-083_03.jpg,generated_masks/train/attack/digital_2/scan/turkiye-083_03.png,1,face_text,scan,turkiye-083_03,turkiye,box-derived
train,train.csv,train/attack/digital_2/scan/arabic-003_03.jpg,generated_masks/train/attack/digital_2/scan/arabic-003_03.png,1,face_text,scan,arabic-003_03,arabic,box-derived
train,train.csv,train/attack/digital_2/scan/portugal-125_03.jpg,generated_masks/train/attack/digital_2/scan/portugal-125_03.png,1,face_text,scan,portugal-125_03,portugal,box-derived
train,train.csv,train/attack/digital_2/scan/chinese-NF-1072.jpg,generated_masks/train/attack/digital_2/scan/chinese-NF-1072.png,1,face_text,scan,chinese-NF-1072,chinese,box-derived
train,train.csv,train/attack/digital_2/scan/portugal-029_03.jpg,generated_masks/train/attack/digital_2/scan/portugal-029_03.png,1,face_text,scan,portugal-029_03,portugal,box-derived
train,train.csv,train/attack/digital_2/scan/arabic-139_03.jpg,generated_masks/train/attack/digital_2/scan/arabic-139_03.png,1,face_text,scan,arabic-139_03,arabic,box-derived
train,train.csv,train/attack/digital_2/scan/chinese-NF-1067.jpg,generated_masks/train/attack/digital_2/scan/chinese-NF-1067.png,1,face_text,scan,chinese-NF-1067,chinese,box-derived
train,train.csv,train/attack/digital_2/scan/arabic-NF-1053.jpg,generated_masks/train/attack/digital_2/scan/arabic-NF-1053.png,1,face_text,scan,arabic-NF-1053,arabic,box-derived
train,train.csv,train/attack/digital_2/scan/chinese-096_03.jpg,generated_masks/train/attack/digital_2/scan/chinese-096_03.png,1,face_text,scan,chinese-096_03,chinese,box-derived
train,train.csv,train/attack/digital_2/scan/usa-NF-1036.jpg,generated_masks/train/attack/digital_2/scan/usa-NF-1036.png,1,face_text,scan,usa-NF-1036,usa,box-derived
train,train.csv,train/attack/digital_2/scan/portugal-013_03.jpg,generated_masks/train/attack/digital_2/scan/portugal-013_03.png,1,face_text,scan,portugal-013_03,portugal,box-derived
train,train.csv,train/attack/digital_2/scan/arabic-NM-1090.jpg,generated_masks/train/attack/digital_2/scan/arabic-NM-1090.png,1,face_text,scan,arabic-NM-1090,arabic,box-derived
train,train.csv,train/attack/digital_2/scan/portugal-NF-1041.jpg,generated_masks/train/attack/digital_2/scan/portugal-NF-1041.png,1,face_text,scan,portugal-NF-1041,portugal,box-derived
train,train.csv,train/attack/digital_2/scan/chinese-018_03.jpg,generated_masks/train/attack/digital_2/scan/chinese-018_03.png,1,face_text,scan,chinese-018_03,chinese,box-derived
train,train.csv,train/attack/digital_2/scan/usa-011_03.jpg,generated_masks/train/attack/digital_2/scan/usa-011_03.png,1,face_text,scan,usa-011_03,usa,box-derived
train,train.csv,train/attack/digital_2/scan/portugal-NF-1109.jpg,generated_masks/train/attack/digital_2/scan/portugal-NF-1109.png,1,face_text,scan,portugal-NF-1109,portugal,box-derived
train,train.csv,train/attack/digital_2/scan/turkiye-129_03.jpg,generated_masks/train/attack/digital_2/scan/turkiye-129_03.png,1,face_text,scan,turkiye-129_03,turkiye,box-derived
train,train.csv,train/attack/digital_2/scan/portugal-NM-1091.jpg,generated_masks/train/attack/digital_2/scan/portugal-NM-1091.png,1,face_text,scan,portugal-NM-1091,portugal,box-derived
train,train.csv,train/attack/digital_2/scan/usa-137_03.jpg,generated_masks/train/attack/digital_2/scan/usa-137_03.png,1,face_text,scan,usa-137_03,usa,box-derived
train,train.csv,train/attack/digital_2/scan/arabic-NF-1040.jpg,generated_masks/train/attack/digital_2/scan/arabic-NF-1040.png,1,face_text,scan,arabic-NF-1040,arabic,box-derived
train,train.csv,train/attack/digital_2/scan/portugal-NF-1086.jpg,generated_masks/train/attack/digital_2/scan/portugal-NF-1086.png,1,face_text,scan,portugal-NF-1086,portugal,box-derived
train,train.csv,train/attack/digital_2/scan/chinese-NF-1101.jpg,generated_masks/train/attack/digital_2/scan/chinese-NF-1101.png,1,face_text,scan,chinese-NF-1101,chinese,box-derived
train,train.csv,train/attack/digital_2/scan/turkiye-NM-1019.jpg,generated_masks/train/attack/digital_2/scan/turkiye-NM-1019.png,1,face_text,scan,turkiye-NM-1019,turkiye,box-derived
train,train.csv,train/attack/digital_2/scan/turkiye-127_03.jpg,generated_masks/train/attack/digital_2/scan/turkiye-127_03.png,1,face_text,scan,turkiye-127_03,turkiye,box-derived
train,train.csv,train/attack/digital_2/scan/russian-NF-1081.jpg,generated_masks/train/attack/digital_2/scan/russian-NF-1081.png,1,face_text,scan,russian-NF-1081,russian,box-derived
train,train.csv,train/attack/digital_2/scan/chinese-NF-1088.jpg,generated_masks/train/attack/digital_2/scan/chinese-NF-1088.png,1,face_text,scan,chinese-NF-1088,chinese,box-derived
train,train.csv,train/attack/digital_2/scan/turkiye-NM-1033.jpg,generated_masks/train/attack/digital_2/scan/turkiye-NM-1033.png,1,face_text,scan,turkiye-NM-1033,turkiye,box-derived
train,train.csv,train/attack/digital_2/scan/ukraine-103_03.jpg,generated_masks/train/attack/digital_2/scan/ukraine-103_03.png,1,face_text,scan,ukraine-103_03,ukraine,box-derived
train,train.csv,train/attack/digital_2/scan/ukraine-NF-1073.jpg,generated_masks/train/attack/digital_2/scan/ukraine-NF-1073.png,1,face_text,scan,ukraine-NF-1073,ukraine,box-derived
train,train.csv,train/attack/digital_2/scan/russian-NF-1080.jpg,generated_masks/train/attack/digital_2/scan/russian-NF-1080.png,1,face_text,scan,russian-NF-1080,russian,box-derived
train,train.csv,train/attack/digital_2/scan/ukraine-NF-1106.jpg,generated_masks/train/attack/digital_2/scan/ukraine-NF-1106.png,1,face_text,scan,ukraine-NF-1106,ukraine,box-derived
train,train.csv,train/attack/digital_2/scan/turkiye-092_03.jpg,generated_masks/train/attack/digital_2/scan/turkiye-092_03.png,1,face_text,scan,turkiye-092_03,turkiye,box-derived
train,train.csv,train/attack/digital_2/scan/arabic-112_03.jpg,generated_masks/train/attack/digital_2/scan/arabic-112_03.png,1,face_text,scan,arabic-112_03,arabic,box-derived
train,train.csv,train/attack/digital_2/scan/chinese-NF-1023.jpg,generated_masks/train/attack/digital_2/scan/chinese-NF-1023.png,1,face_text,scan,chinese-NF-1023,chinese,box-derived
train,train.csv,train/attack/digital_2/scan/arabic-NF-1003.jpg,generated_masks/train/attack/digital_2/scan/arabic-NF-1003.png,1,face_text,scan,arabic-NF-1003,arabic,box-derived
train,train.csv,train/attack/digital_2/scan/portugal-026_03.jpg,generated_masks/train/attack/digital_2/scan/portugal-026_03.png,1,face_text,scan,portugal-026_03,portugal,box-derived
train,train.csv,train/attack/digital_2/scan/russian-123_03.jpg,generated_masks/train/attack/digital_2/scan/russian-123_03.png,1,face_text,scan,russian-123_03,russian,box-derived
train,train.csv,train/attack/digital_2/scan/russian-NF-1028.jpg,generated_masks/train/attack/digital_2/scan/russian-NF-1028.png,1,face_text,scan,russian-NF-1028,russian,box-derived
train,train.csv,train/attack/digital_2/scan/turkiye-126_03.jpg,generated_masks/train/attack/digital_2/scan/turkiye-126_03.png,1,face_text,scan,turkiye-126_03,turkiye,box-derived
train,train.csv,train/attack/digital_2/scan/turkiye-138_03.jpg,generated_masks/train/attack/digital_2/scan/turkiye-138_03.png,1,face_text,scan,turkiye-138_03,turkiye,box-derived
train,train.csv,train/attack/digital_2/scan/arabic-024_03.jpg,generated_masks/train/attack/digital_2/scan/arabic-024_03.png,1,face_text,scan,arabic-024_03,arabic,box-derived
train,train.csv,train/attack/digital_2/scan/usa-063_03.jpg,generated_masks/train/attack/digital_2/scan/usa-063_03.png,1,face_text,scan,usa-063_03,usa,box-derived
train,train.csv,train/attack/digital_2/scan/usa-136_03.jpg,generated_masks/train/attack/digital_2/scan/usa-136_03.png,1,face_text,scan,usa-136_03,usa,box-derived
train,train.csv,train/attack/digital_2/scan/turkiye-NM-1055.jpg,generated_masks/train/attack/digital_2/scan/turkiye-NM-1055.png,1,face_text,scan,turkiye-NM-1055,turkiye,box-derived
train,train.csv,train/attack/digital_2/scan/russian-NM-1027.jpg,generated_masks/train/attack/digital_2/scan/russian-NM-1027.png,1,face_text,scan,russian-NM-1027,russian,box-derived
train,train.csv,train/attack/digital_2/scan/usa-009_03.jpg,generated_masks/train/attack/digital_2/scan/usa-009_03.png,1,face_text,scan,usa-009_03,usa,box-derived
train,train.csv,train/attack/digital_2/scan/ukraine-NF-1015.jpg,generated_masks/train/attack/digital_2/scan/ukraine-NF-1015.png,1,face_text,scan,ukraine-NF-1015,ukraine,box-derived
train,train.csv,train/attack/digital_2/scan/russian-002_03.jpg,generated_masks/train/attack/digital_2/scan/russian-002_03.png,1,face_text,scan,russian-002_03,russian,box-derived
train,train.csv,train/attack/digital_2/scan/persian-087_03.jpg,generated_masks/train/attack/digital_2/scan/persian-087_03.png,1,face_text,scan,persian-087_03,persian,box-derived
train,train.csv,train/attack/digital_2/huawei/french-NF-1020.jpg,generated_masks/train/attack/digital_2/huawei/french-NF-1020.png,1,face_text,huawei,french-NF-1020,french,box-derived
train,train.csv,train/attack/digital_2/huawei/french-135_03.jpg,generated_masks/train/attack/digital_2/huawei/french-135_03.png,1,face_text,huawei,french-135_03,french,box-derived
train,train.csv,train/attack/digital_2/huawei/french-044_03.jpg,generated_masks/train/attack/digital_2/huawei/french-044_03.png,1,face_text,huawei,french-044_03,french,box-derived
train,train.csv,train/attack/digital_2/huawei/french-091_03.jpg,generated_masks/train/attack/digital_2/huawei/french-091_03.png,1,face_text,huawei,french-091_03,french,box-derived
train,train.csv,train/attack/digital_2/huawei/indian-NF-1006.jpg,generated_masks/train/attack/digital_2/huawei/indian-NF-1006.png,1,face_text,huawei,indian-NF-1006,indian,box-derived
train,train.csv,train/attack/digital_2/huawei/indian-037_03.jpg,generated_masks/train/attack/digital_2/huawei/indian-037_03.png,1,face_text,huawei,indian-037_03,indian,box-derived
train,train.csv,train/attack/digital_2/huawei/indian-NF-1039.jpg,generated_masks/train/attack/digital_2/huawei/indian-NF-1039.png,1,face_text,huawei,indian-NF-1039,indian,box-derived
train,train.csv,train/attack/digital_2/huawei/indian-021_03.jpg,generated_masks/train/attack/digital_2/huawei/indian-021_03.png,1,face_text,huawei,indian-021_03,indian,box-derived
train,train.csv,train/attack/digital_2/huawei/persian-144_03.jpg,generated_masks/train/attack/digital_2/huawei/persian-144_03.png,1,face_text,huawei,persian-144_03,persian,box-derived
train,train.csv,train/attack/digital_2/huawei/french-NF-1056.jpg,generated_masks/train/attack/digital_2/huawei/french-NF-1056.png,1,face_text,huawei,french-NF-1056,french,box-derived
train,train.csv,train/attack/digital_2/huawei/french-NF-1095.jpg,generated_masks/train/attack/digital_2/huawei/french-NF-1095.png,1,face_text,huawei,french-NF-1095,french,box-derived
train,train.csv,train/attack/digital_2/huawei/indian-NF-1075.jpg,generated_masks/train/attack/digital_2/huawei/indian-NF-1075.png,1,face_text,huawei,indian-NF-1075,indian,box-derived
train,train.csv,train/attack/digital_2/huawei/french-NF-1082.jpg,generated_masks/train/attack/digital_2/huawei/french-NF-1082.png,1,face_text,huawei,french-NF-1082,french,box-derived
train,train.csv,train/attack/digital_2/huawei/persian-NF-1001.jpg,generated_masks/train/attack/digital_2/huawei/persian-NF-1001.png,1,face_text,huawei,persian-NF-1001,persian,box-derived
train,train.csv,train/attack/digital_2/huawei/french-NF-1047.jpg,generated_masks/train/attack/digital_2/huawei/french-NF-1047.png,1,face_text,huawei,french-NF-1047,french,box-derived
train,train.csv,train/attack/digital_2/huawei/french-097_03.jpg,generated_masks/train/attack/digital_2/huawei/french-097_03.png,1,face_text,huawei,french-097_03,french,box-derived
train,train.csv,train/attack/digital_2/huawei/indian-NF-1096.jpg,generated_masks/train/attack/digital_2/huawei/indian-NF-1096.png,1,face_text,huawei,indian-NF-1096,indian,box-derived
train,train.csv,train/attack/digital_2/huawei/persian-NF-1031.jpg,generated_masks/train/attack/digital_2/huawei/persian-NF-1031.png,1,face_text,huawei,persian-NF-1031,persian,box-derived
train,train.csv,train/attack/digital_2/huawei/persian-NF-1018.jpg,generated_masks/train/attack/digital_2/huawei/persian-NF-1018.png,1,face_text,huawei,persian-NF-1018,persian,box-derived
train,train.csv,train/attack/digital_2/huawei/french-124_03.jpg,generated_masks/train/attack/digital_2/huawei/french-124_03.png,1,face_text,huawei,french-124_03,french,box-derived
train,train.csv,train/attack/digital_2/huawei/french-NF-1110.jpg,generated_masks/train/attack/digital_2/huawei/french-NF-1110.png,1,face_text,huawei,french-NF-1110,french,box-derived
train,train.csv,train/attack/digital_2/huawei/persian-NF-1034.jpg,generated_masks/train/attack/digital_2/huawei/persian-NF-1034.png,1,face_text,huawei,persian-NF-1034,persian,box-derived
train,train.csv,train/attack/digital_2/huawei/french-100_03.jpg,generated_masks/train/attack/digital_2/huawei/french-100_03.png,1,face_text,huawei,french-100_03,french,box-derived
train,train.csv,train/attack/digital_2/huawei/french-NM-1070.jpg,generated_masks/train/attack/digital_2/huawei/french-NM-1070.png,1,face_text,huawei,french-NM-1070,french,box-derived
train,train.csv,train/attack/digital_2/huawei/french-NM-1104.jpg,generated_masks/train/attack/digital_2/huawei/french-NM-1104.png,1,face_text,huawei,french-NM-1104,french,box-derived
train,train.csv,train/attack/digital_2/huawei/persian-069_03.jpg,generated_masks/train/attack/digital_2/huawei/persian-069_03.png,1,face_text,huawei,persian-069_03,persian,box-derived
train,train.csv,train/attack/digital_2/huawei/indian-012_03.jpg,generated_masks/train/attack/digital_2/huawei/indian-012_03.png,1,face_text,huawei,indian-012_03,indian,box-derived
train,train.csv,train/attack/digital_2/huawei/french-090_03.jpg,generated_masks/train/attack/digital_2/huawei/french-090_03.png,1,face_text,huawei,french-090_03,french,box-derived
train,train.csv,train/attack/digital_2/huawei/persian-NM-1035.jpg,generated_masks/train/attack/digital_2/huawei/persian-NM-1035.png,1,face_text,huawei,persian-NM-1035,persian,box-derived
train,train.csv,train/attack/digital_2/huawei/persian-NF-1079.jpg,generated_masks/train/attack/digital_2/huawei/persian-NF-1079.png,1,face_text,huawei,persian-NF-1079,persian,box-derived
train,train.csv,train/attack/digital_2/huawei/indian-108_03.jpg,generated_masks/train/attack/digital_2/huawei/indian-108_03.png,1,face_text,huawei,indian-108_03,indian,box-derived
train,train.csv,train/attack/digital_2/huawei/persian-010_03.jpg,generated_masks/train/attack/digital_2/huawei/persian-010_03.png,1,face_text,huawei,persian-010_03,persian,box-derived
train,train.csv,train/attack/digital_2/huawei/indian-014_03.jpg,generated_masks/train/attack/digital_2/huawei/indian-014_03.png,1,face_text,huawei,indian-014_03,indian,box-derived
train,train.csv,train/attack/digital_2/huawei/persian-NF-1043.jpg,generated_masks/train/attack/digital_2/huawei/persian-NF-1043.png,1,face_text,huawei,persian-NF-1043,persian,box-derived
train,train.csv,train/attack/digital_2/huawei/french-118_03.jpg,generated_masks/train/attack/digital_2/huawei/french-118_03.png,1,face_text,huawei,french-118_03,french,box-derived
train,train.csv,train/attack/digital_2/huawei/persian-NF-1108.jpg,generated_masks/train/attack/digital_2/huawei/persian-NF-1108.png,1,face_text,huawei,persian-NF-1108,persian,box-derived
train,train.csv,train/attack/digital_2/huawei/indian-NF-1025.jpg,generated_masks/train/attack/digital_2/huawei/indian-NF-1025.png,1,face_text,huawei,indian-NF-1025,indian,box-derived
train,train.csv,train/attack/digital_2/huawei/russian-NF-1099.jpg,generated_masks/train/attack/digital_2/huawei/russian-NF-1099.png,1,face_text,huawei,russian-NF-1099,russian,box-derived
train,train.csv,train/attack/digital_2/huawei/ukraine-006_03.jpg,generated_masks/train/attack/digital_2/huawei/ukraine-006_03.png,1,face_text,huawei,ukraine-006_03,ukraine,box-derived
train,train.csv,train/attack/digital_2/huawei/arabic-120_03.jpg,generated_masks/train/attack/digital_2/huawei/arabic-120_03.png,1,face_text,huawei,arabic-120_03,arabic,box-derived
train,train.csv,train/attack/digital_2/huawei/chinese-NF-1085.jpg,generated_masks/train/attack/digital_2/huawei/chinese-NF-1085.png,1,face_text,huawei,chinese-NF-1085,chinese,box-derived
train,train.csv,train/attack/digital_2/huawei/ukraine-030_03.jpg,generated_masks/train/attack/digital_2/huawei/ukraine-030_03.png,1,face_text,huawei,ukraine-030_03,ukraine,box-derived
train,train.csv,train/attack/digital_2/huawei/usa-NF-1017.jpg,generated_masks/train/attack/digital_2/huawei/usa-NF-1017.png,1,face_text,huawei,usa-NF-1017,usa,box-derived
train,train.csv,train/attack/digital_2/huawei/usa-043_03.jpg,generated_masks/train/attack/digital_2/huawei/usa-043_03.png,1,face_text,huawei,usa-043_03,usa,box-derived
train,train.csv,train/attack/digital_2/huawei/chinese-NF-1050.jpg,generated_masks/train/attack/digital_2/huawei/chinese-NF-1050.png,1,face_text,huawei,chinese-NF-1050,chinese,box-derived
train,train.csv,train/attack/digital_2/huawei/ukraine-NF-1068.jpg,generated_masks/train/attack/digital_2/huawei/ukraine-NF-1068.png,1,face_text,huawei,ukraine-NF-1068,ukraine,box-derived
train,train.csv,train/attack/digital_2/huawei/chinese-001_03.jpg,generated_masks/train/attack/digital_2/huawei/chinese-001_03.png,1,face_text,huawei,chinese-001_03,chinese,box-derived
train,train.csv,train/attack/digital_2/huawei/usa-067_03.jpg,generated_masks/train/attack/digital_2/huawei/usa-067_03.png,1,face_text,huawei,usa-067_03,usa,box-derived
train,train.csv,train/attack/digital_2/huawei/turkiye-NF-1002.jpg,generated_masks/train/attack/digital_2/huawei/turkiye-NF-1002.png,1,face_text,huawei,turkiye-NF-1002,turkiye,box-derived
train,train.csv,train/attack/digital_2/huawei/usa-016_03.jpg,generated_masks/train/attack/digital_2/huawei/usa-016_03.png,1,face_text,huawei,usa-016_03,usa,box-derived
train,train.csv,train/attack/digital_2/huawei/chinese-113_03.jpg,generated_masks/train/attack/digital_2/huawei/chinese-113_03.png,1,face_text,huawei,chinese-113_03,chinese,box-derived
train,train.csv,train/attack/digital_2/huawei/turkiye-130_03.jpg,generated_masks/train/attack/digital_2/huawei/turkiye-130_03.png,1,face_text,huawei,turkiye-130_03,turkiye,box-derived
train,train.csv,train/attack/digital_2/huawei/usa-NF-1004.jpg,generated_masks/train/attack/digital_2/huawei/usa-NF-1004.png,1,face_text,huawei,usa-NF-1004,usa,box-derived
train,train.csv,train/attack/digital_2/huawei/turkiye-008_03.jpg,generated_masks/train/attack/digital_2/huawei/turkiye-008_03.png,1,face_text,huawei,turkiye-008_03,turkiye,box-derived
train,train.csv,train/attack/digital_2/huawei/russian-062_03.jpg,generated_masks/train/attack/digital_2/huawei/russian-062_03.png,1,face_text,huawei,russian-062_03,russian,box-derived
train,train.csv,train/attack/digital_2/huawei/turkiye-NM-1011.jpg,generated_masks/train/attack/digital_2/huawei/turkiye-NM-1011.png,1,face_text,huawei,turkiye-NM-1011,turkiye,box-derived
train,train.csv,train/attack/digital_2/huawei/arabic-NF-1049.jpg,generated_masks/train/attack/digital_2/huawei/arabic-NF-1049.png,1,face_text,huawei,arabic-NF-1049,arabic,box-derived
train,train.csv,train/attack/digital_2/huawei/ukraine-NF-1087.jpg,generated_masks/train/attack/digital_2/huawei/ukraine-NF-1087.png,1,face_text,huawei,ukraine-NF-1087,ukraine,box-derived
train,train.csv,train/attack/digital_2/huawei/arabic-NF-1100.jpg,generated_masks/train/attack/digital_2/huawei/arabic-NF-1100.png,1,face_text,huawei,arabic-NF-1100,arabic,box-derived
train,train.csv,train/attack/digital_2/huawei/arabic-NF-1048.jpg,generated_masks/train/attack/digital_2/huawei/arabic-NF-1048.png,1,face_text,huawei,arabic-NF-1048,arabic,box-derived
train,train.csv,train/attack/digital_2/huawei/chinese-NF-1042.jpg,generated_masks/train/attack/digital_2/huawei/chinese-NF-1042.png,1,face_text,huawei,chinese-NF-1042,chinese,box-derived
train,train.csv,train/attack/digital_2/huawei/turkiye-086_03.jpg,generated_masks/train/attack/digital_2/huawei/turkiye-086_03.png,1,face_text,huawei,turkiye-086_03,turkiye,box-derived
train,train.csv,train/attack/digital_2/huawei/portugal-NF-1105.jpg,generated_masks/train/attack/digital_2/huawei/portugal-NF-1105.png,1,face_text,huawei,portugal-NF-1105,portugal,box-derived
train,train.csv,train/attack/digital_2/huawei/portugal-NF-1107.jpg,generated_masks/train/attack/digital_2/huawei/portugal-NF-1107.png,1,face_text,huawei,portugal-NF-1107,portugal,box-derived
train,train.csv,train/attack/digital_2/huawei/portugal-143_03.jpg,generated_masks/train/attack/digital_2/huawei/portugal-143_03.png,1,face_text,huawei,portugal-143_03,portugal,box-derived
train,train.csv,train/attack/digital_2/huawei/portugal-NF-1066.jpg,generated_masks/train/attack/digital_2/huawei/portugal-NF-1066.png,1,face_text,huawei,portugal-NF-1066,portugal,box-derived
train,train.csv,train/attack/digital_2/huawei/russian-NF-1089.jpg,generated_masks/train/attack/digital_2/huawei/russian-NF-1089.png,1,face_text,huawei,russian-NF-1089,russian,box-derived
train,train.csv,train/attack/digital_2/huawei/chinese-081_03.jpg,generated_masks/train/attack/digital_2/huawei/chinese-081_03.png,1,face_text,huawei,chinese-081_03,chinese,box-derived
train,train.csv,train/attack/digital_2/huawei/turkiye-NF-1103.jpg,generated_masks/train/attack/digital_2/huawei/turkiye-NF-1103.png,1,face_text,huawei,turkiye-NF-1103,turkiye,box-derived
train,train.csv,train/attack/digital_2/huawei/chinese-107_03.jpg,generated_masks/train/attack/digital_2/huawei/chinese-107_03.png,1,face_text,huawei,chinese-107_03,chinese,box-derived
train,train.csv,train/attack/digital_2/huawei/turkiye-036_03.jpg,generated_masks/train/attack/digital_2/huawei/turkiye-036_03.png,1,face_text,huawei,turkiye-036_03,turkiye,box-derived
train,train.csv,train/attack/digital_2/huawei/ukraine-NF-1021.jpg,generated_masks/train/attack/digital_2/huawei/ukraine-NF-1021.png,1,face_text,huawei,ukraine-NF-1021,ukraine,box-derived
train,train.csv,train/attack/digital_2/huawei/usa-034_03.jpg,generated_masks/train/attack/digital_2/huawei/usa-034_03.png,1,face_text,huawei,usa-034_03,usa,box-derived
train,train.csv,train/attack/digital_2/huawei/usa-NF-1062.jpg,generated_masks/train/attack/digital_2/huawei/usa-NF-1062.png,1,face_text,huawei,usa-NF-1062,usa,box-derived
train,train.csv,train/attack/digital_2/huawei/usa-NF-1076.jpg,generated_masks/train/attack/digital_2/huawei/usa-NF-1076.png,1,face_text,huawei,usa-NF-1076,usa,box-derived
train,train.csv,train/attack/digital_2/huawei/portugal-NF-1016.jpg,generated_masks/train/attack/digital_2/huawei/portugal-NF-1016.png,1,face_text,huawei,portugal-NF-1016,portugal,box-derived
train,train.csv,train/attack/digital_2/huawei/russian-NF-1013.jpg,generated_masks/train/attack/digital_2/huawei/russian-NF-1013.png,1,face_text,huawei,russian-NF-1013,russian,box-derived
train,train.csv,train/attack/digital_2/huawei/arabic-173_03.jpg,generated_masks/train/attack/digital_2/huawei/arabic-173_03.png,1,face_text,huawei,arabic-173_03,arabic,box-derived
train,train.csv,train/attack/digital_2/huawei/arabic-NM-1029.jpg,generated_masks/train/attack/digital_2/huawei/arabic-NM-1029.png,1,face_text,huawei,arabic-NM-1029,arabic,box-derived
train,train.csv,train/attack/digital_2/huawei/ukraine-NF-1032.jpg,generated_masks/train/attack/digital_2/huawei/ukraine-NF-1032.png,1,face_text,huawei,ukraine-NF-1032,ukraine,box-derived
train,train.csv,train/attack/digital_2/huawei/portugal-004_03.jpg,generated_masks/train/attack/digital_2/huawei/portugal-004_03.png,1,face_text,huawei,portugal-004_03,portugal,box-derived
train,train.csv,train/attack/digital_2/huawei/portugal-NM-1102.jpg,generated_masks/train/attack/digital_2/huawei/portugal-NM-1102.png,1,face_text,huawei,portugal-NM-1102,portugal,box-derived
train,train.csv,train/attack/digital_2/huawei/turkiye-NF-1054.jpg,generated_masks/train/attack/digital_2/huawei/turkiye-NF-1054.png,1,face_text,huawei,turkiye-NF-1054,turkiye,box-derived
train,train.csv,train/attack/digital_2/huawei/usa-NF-1046.jpg,generated_masks/train/attack/digital_2/huawei/usa-NF-1046.png,1,face_text,huawei,usa-NF-1046,usa,box-derived
train,train.csv,train/attack/digital_2/huawei/portugal-017_03.jpg,generated_masks/train/attack/digital_2/huawei/portugal-017_03.png,1,face_text,huawei,portugal-017_03,portugal,box-derived
train,train.csv,train/attack/digital_2/huawei/arabic-131_03.jpg,generated_masks/train/attack/digital_2/huawei/arabic-131_03.png,1,face_text,huawei,arabic-131_03,arabic,box-derived
train,train.csv,train/attack/digital_2/huawei/portugal-066_03.jpg,generated_masks/train/attack/digital_2/huawei/portugal-066_03.png,1,face_text,huawei,portugal-066_03,portugal,box-derived
train,train.csv,train/attack/digital_2/huawei/portugal-NF-1026.jpg,generated_masks/train/attack/digital_2/huawei/portugal-NF-1026.png,1,face_text,huawei,portugal-NF-1026,portugal,box-derived
train,train.csv,train/attack/digital_2/huawei/portugal-105_03.jpg,generated_masks/train/attack/digital_2/huawei/portugal-105_03.png,1,face_text,huawei,portugal-105_03,portugal,box-derived
train,train.csv,train/attack/digital_2/huawei/russian-082_03.jpg,generated_masks/train/attack/digital_2/huawei/russian-082_03.png,1,face_text,huawei,russian-082_03,russian,box-derived
train,train.csv,train/attack/digital_2/huawei/portugal-042_03.jpg,generated_masks/train/attack/digital_2/huawei/portugal-042_03.png,1,face_text,huawei,portugal-042_03,portugal,box-derived
train,train.csv,train/attack/digital_2/huawei/usa-NF-1051.jpg,generated_masks/train/attack/digital_2/huawei/usa-NF-1051.png,1,face_text,huawei,usa-NF-1051,usa,box-derived
train,train.csv,train/attack/digital_2/huawei/ukraine-NM-1007.jpg,generated_masks/train/attack/digital_2/huawei/ukraine-NM-1007.png,1,face_text,huawei,ukraine-NM-1007,ukraine,box-derived
train,train.csv,train/attack/digital_2/huawei/chinese-NF-1014.jpg,generated_masks/train/attack/digital_2/huawei/chinese-NF-1014.png,1,face_text,huawei,chinese-NF-1014,chinese,box-derived
train,train.csv,train/attack/digital_2/huawei/chinese-102_03.jpg,generated_masks/train/attack/digital_2/huawei/chinese-102_03.png,1,face_text,huawei,chinese-102_03,chinese,box-derived
train,train.csv,train/attack/digital_2/huawei/ukraine-NF-1005.jpg,generated_masks/train/attack/digital_2/huawei/ukraine-NF-1005.png,1,face_text,huawei,ukraine-NF-1005,ukraine,box-derived
train,train.csv,train/attack/digital_2/huawei/usa-NF-1044.jpg,generated_masks/train/attack/digital_2/huawei/usa-NF-1044.png,1,face_text,huawei,usa-NF-1044,usa,box-derived
train,train.csv,train/attack/digital_2/huawei/usa-NF-1093.jpg,generated_masks/train/attack/digital_2/huawei/usa-NF-1093.png,1,face_text,huawei,usa-NF-1093,usa,box-derived
train,train.csv,train/attack/digital_2/huawei/turkiye-083_03.jpg,generated_masks/train/attack/digital_2/huawei/turkiye-083_03.png,1,face_text,huawei,turkiye-083_03,turkiye,box-derived
train,train.csv,train/attack/digital_2/huawei/arabic-003_03.jpg,generated_masks/train/attack/digital_2/huawei/arabic-003_03.png,1,face_text,huawei,arabic-003_03,arabic,box-derived
train,train.csv,train/attack/digital_2/huawei/portugal-125_03.jpg,generated_masks/train/attack/digital_2/huawei/portugal-125_03.png,1,face_text,huawei,portugal-125_03,portugal,box-derived
train,train.csv,train/attack/digital_2/huawei/chinese-NF-1072.jpg,generated_masks/train/attack/digital_2/huawei/chinese-NF-1072.png,1,face_text,huawei,chinese-NF-1072,chinese,box-derived
train,train.csv,train/attack/digital_2/huawei/portugal-029_03.jpg,generated_masks/train/attack/digital_2/huawei/portugal-029_03.png,1,face_text,huawei,portugal-029_03,portugal,box-derived
train,train.csv,train/attack/digital_2/huawei/arabic-139_03.jpg,generated_masks/train/attack/digital_2/huawei/arabic-139_03.png,1,face_text,huawei,arabic-139_03,arabic,box-derived
train,train.csv,train/attack/digital_2/huawei/chinese-NF-1067.jpg,generated_masks/train/attack/digital_2/huawei/chinese-NF-1067.png,1,face_text,huawei,chinese-NF-1067,chinese,box-derived
train,train.csv,train/attack/digital_2/huawei/arabic-NF-1053.jpg,generated_masks/train/attack/digital_2/huawei/arabic-NF-1053.png,1,face_text,huawei,arabic-NF-1053,arabic,box-derived
train,train.csv,train/attack/digital_2/huawei/chinese-096_03.jpg,generated_masks/train/attack/digital_2/huawei/chinese-096_03.png,1,face_text,huawei,chinese-096_03,chinese,box-derived
train,train.csv,train/attack/digital_2/huawei/usa-NF-1036.jpg,generated_masks/train/attack/digital_2/huawei/usa-NF-1036.png,1,face_text,huawei,usa-NF-1036,usa,box-derived
train,train.csv,train/attack/digital_2/huawei/portugal-013_03.jpg,generated_masks/train/attack/digital_2/huawei/portugal-013_03.png,1,face_text,huawei,portugal-013_03,portugal,box-derived
train,train.csv,train/attack/digital_2/huawei/arabic-NM-1090.jpg,generated_masks/train/attack/digital_2/huawei/arabic-NM-1090.png,1,face_text,huawei,arabic-NM-1090,arabic,box-derived
train,train.csv,train/attack/digital_2/huawei/portugal-NF-1041.jpg,generated_masks/train/attack/digital_2/huawei/portugal-NF-1041.png,1,face_text,huawei,portugal-NF-1041,portugal,box-derived
train,train.csv,train/attack/digital_2/huawei/chinese-018_03.jpg,generated_masks/train/attack/digital_2/huawei/chinese-018_03.png,1,face_text,huawei,chinese-018_03,chinese,box-derived
train,train.csv,train/attack/digital_2/huawei/usa-011_03.jpg,generated_masks/train/attack/digital_2/huawei/usa-011_03.png,1,face_text,huawei,usa-011_03,usa,box-derived
train,train.csv,train/attack/digital_2/huawei/portugal-NF-1109.jpg,generated_masks/train/attack/digital_2/huawei/portugal-NF-1109.png,1,face_text,huawei,portugal-NF-1109,portugal,box-derived
train,train.csv,train/attack/digital_2/huawei/turkiye-129_03.jpg,generated_masks/train/attack/digital_2/huawei/turkiye-129_03.png,1,face_text,huawei,turkiye-129_03,turkiye,box-derived
train,train.csv,train/attack/digital_2/huawei/portugal-NM-1091.jpg,generated_masks/train/attack/digital_2/huawei/portugal-NM-1091.png,1,face_text,huawei,portugal-NM-1091,portugal,box-derived
train,train.csv,train/attack/digital_2/huawei/usa-137_03.jpg,generated_masks/train/attack/digital_2/huawei/usa-137_03.png,1,face_text,huawei,usa-137_03,usa,box-derived
train,train.csv,train/attack/digital_2/huawei/arabic-NF-1040.jpg,generated_masks/train/attack/digital_2/huawei/arabic-NF-1040.png,1,face_text,huawei,arabic-NF-1040,arabic,box-derived
train,train.csv,train/attack/digital_2/huawei/portugal-NF-1086.jpg,generated_masks/train/attack/digital_2/huawei/portugal-NF-1086.png,1,face_text,huawei,portugal-NF-1086,portugal,box-derived
train,train.csv,train/attack/digital_2/huawei/chinese-NF-1101.jpg,generated_masks/train/attack/digital_2/huawei/chinese-NF-1101.png,1,face_text,huawei,chinese-NF-1101,chinese,box-derived
train,train.csv,train/attack/digital_2/huawei/turkiye-NM-1019.jpg,generated_masks/train/attack/digital_2/huawei/turkiye-NM-1019.png,1,face_text,huawei,turkiye-NM-1019,turkiye,box-derived
train,train.csv,train/attack/digital_2/huawei/turkiye-127_03.jpg,generated_masks/train/attack/digital_2/huawei/turkiye-127_03.png,1,face_text,huawei,turkiye-127_03,turkiye,box-derived
train,train.csv,train/attack/digital_2/huawei/russian-NF-1081.jpg,generated_masks/train/attack/digital_2/huawei/russian-NF-1081.png,1,face_text,huawei,russian-NF-1081,russian,box-derived
train,train.csv,train/attack/digital_2/huawei/chinese-NF-1088.jpg,generated_masks/train/attack/digital_2/huawei/chinese-NF-1088.png,1,face_text,huawei,chinese-NF-1088,chinese,box-derived
train,train.csv,train/attack/digital_2/huawei/turkiye-NM-1033.jpg,generated_masks/train/attack/digital_2/huawei/turkiye-NM-1033.png,1,face_text,huawei,turkiye-NM-1033,turkiye,box-derived
train,train.csv,train/attack/digital_2/huawei/ukraine-103_03.jpg,generated_masks/train/attack/digital_2/huawei/ukraine-103_03.png,1,face_text,huawei,ukraine-103_03,ukraine,box-derived
train,train.csv,train/attack/digital_2/huawei/ukraine-NF-1073.jpg,generated_masks/train/attack/digital_2/huawei/ukraine-NF-1073.png,1,face_text,huawei,ukraine-NF-1073,ukraine,box-derived
train,train.csv,train/attack/digital_2/huawei/russian-NF-1080.jpg,generated_masks/train/attack/digital_2/huawei/russian-NF-1080.png,1,face_text,huawei,russian-NF-1080,russian,box-derived
train,train.csv,train/attack/digital_2/huawei/ukraine-NF-1106.jpg,generated_masks/train/attack/digital_2/huawei/ukraine-NF-1106.png,1,face_text,huawei,ukraine-NF-1106,ukraine,box-derived
train,train.csv,train/attack/digital_2/huawei/turkiye-092_03.jpg,generated_masks/train/attack/digital_2/huawei/turkiye-092_03.png,1,face_text,huawei,turkiye-092_03,turkiye,box-derived
train,train.csv,train/attack/digital_2/huawei/arabic-112_03.jpg,generated_masks/train/attack/digital_2/huawei/arabic-112_03.png,1,face_text,huawei,arabic-112_03,arabic,box-derived
train,train.csv,train/attack/digital_2/huawei/chinese-NF-1023.jpg,generated_masks/train/attack/digital_2/huawei/chinese-NF-1023.png,1,face_text,huawei,chinese-NF-1023,chinese,box-derived
train,train.csv,train/attack/digital_2/huawei/arabic-NF-1003.jpg,generated_masks/train/attack/digital_2/huawei/arabic-NF-1003.png,1,face_text,huawei,arabic-NF-1003,arabic,box-derived
train,train.csv,train/attack/digital_2/huawei/portugal-026_03.jpg,generated_masks/train/attack/digital_2/huawei/portugal-026_03.png,1,face_text,huawei,portugal-026_03,portugal,box-derived
train,train.csv,train/attack/digital_2/huawei/russian-123_03.jpg,generated_masks/train/attack/digital_2/huawei/russian-123_03.png,1,face_text,huawei,russian-123_03,russian,box-derived
train,train.csv,train/attack/digital_2/huawei/russian-NF-1028.jpg,generated_masks/train/attack/digital_2/huawei/russian-NF-1028.png,1,face_text,huawei,russian-NF-1028,russian,box-derived
train,train.csv,train/attack/digital_2/huawei/turkiye-126_03.jpg,generated_masks/train/attack/digital_2/huawei/turkiye-126_03.png,1,face_text,huawei,turkiye-126_03,turkiye,box-derived
train,train.csv,train/attack/digital_2/huawei/turkiye-138_03.jpg,generated_masks/train/attack/digital_2/huawei/turkiye-138_03.png,1,face_text,huawei,turkiye-138_03,turkiye,box-derived
train,train.csv,train/attack/digital_2/huawei/arabic-024_03.jpg,generated_masks/train/attack/digital_2/huawei/arabic-024_03.png,1,face_text,huawei,arabic-024_03,arabic,box-derived
train,train.csv,train/attack/digital_2/huawei/usa-063_03.jpg,generated_masks/train/attack/digital_2/huawei/usa-063_03.png,1,face_text,huawei,usa-063_03,usa,box-derived
train,train.csv,train/attack/digital_2/huawei/usa-136_03.jpg,generated_masks/train/attack/digital_2/huawei/usa-136_03.png,1,face_text,huawei,usa-136_03,usa,box-derived
train,train.csv,train/attack/digital_2/huawei/turkiye-NM-1055.jpg,generated_masks/train/attack/digital_2/huawei/turkiye-NM-1055.png,1,face_text,huawei,turkiye-NM-1055,turkiye,box-derived
train,train.csv,train/attack/digital_2/huawei/russian-NM-1027.jpg,generated_masks/train/attack/digital_2/huawei/russian-NM-1027.png,1,face_text,huawei,russian-NM-1027,russian,box-derived
train,train.csv,train/attack/digital_2/huawei/usa-009_03.jpg,generated_masks/train/attack/digital_2/huawei/usa-009_03.png,1,face_text,huawei,usa-009_03,usa,box-derived
train,train.csv,train/attack/digital_2/huawei/ukraine-NF-1015.jpg,generated_masks/train/attack/digital_2/huawei/ukraine-NF-1015.png,1,face_text,huawei,ukraine-NF-1015,ukraine,box-derived
train,train.csv,train/attack/digital_2/huawei/russian-002_03.jpg,generated_masks/train/attack/digital_2/huawei/russian-002_03.png,1,face_text,huawei,russian-002_03,russian,box-derived
train,train.csv,train/attack/digital_2/huawei/persian-087_03.jpg,generated_masks/train/attack/digital_2/huawei/persian-087_03.png,1,face_text,huawei,persian-087_03,persian,box-derived
train,train.csv,train/attack/digital_1/huawei/arabic-024_03.jpg,generated_masks/train/attack/digital_1/huawei/arabic-024_03.png,1,face_text,huawei,arabic-024_03,arabic,box-derived
train,train.csv,train/attack/digital_1/huawei/arabic-112_03.jpg,generated_masks/train/attack/digital_1/huawei/arabic-112_03.png,1,face_text,huawei,arabic-112_03,arabic,box-derived
train,train.csv,train/attack/digital_1/huawei/arabic-120_03.jpg,generated_masks/train/attack/digital_1/huawei/arabic-120_03.png,1,face_text,huawei,arabic-120_03,arabic,box-derived
train,train.csv,train/attack/digital_1/huawei/arabic-131_03.jpg,generated_masks/train/attack/digital_1/huawei/arabic-131_03.png,1,face_text,huawei,arabic-131_03,arabic,box-derived
train,train.csv,train/attack/digital_1/huawei/arabic-139_03.jpg,generated_masks/train/attack/digital_1/huawei/arabic-139_03.png,1,face_text,huawei,arabic-139_03,arabic,box-derived
train,train.csv,train/attack/digital_1/huawei/arabic-173_03.jpg,generated_masks/train/attack/digital_1/huawei/arabic-173_03.png,1,face_text,huawei,arabic-173_03,arabic,box-derived
train,train.csv,train/attack/digital_1/huawei/arabic-NF-1003.jpg,generated_masks/train/attack/digital_1/huawei/arabic-NF-1003.png,1,face_text,huawei,arabic-NF-1003,arabic,box-derived
train,train.csv,train/attack/digital_1/huawei/arabic-NF-1040.jpg,generated_masks/train/attack/digital_1/huawei/arabic-NF-1040.png,1,face_text,huawei,arabic-NF-1040,arabic,box-derived
train,train.csv,train/attack/digital_1/huawei/arabic-NF-1048.jpg,generated_masks/train/attack/digital_1/huawei/arabic-NF-1048.png,1,face_text,huawei,arabic-NF-1048,arabic,box-derived
train,train.csv,train/attack/digital_1/huawei/arabic-NF-1049.jpg,generated_masks/train/attack/digital_1/huawei/arabic-NF-1049.png,1,face_text,huawei,arabic-NF-1049,arabic,box-derived
train,train.csv,train/attack/digital_1/huawei/arabic-NF-1053.jpg,generated_masks/train/attack/digital_1/huawei/arabic-NF-1053.png,1,face_text,huawei,arabic-NF-1053,arabic,box-derived
train,train.csv,train/attack/digital_1/huawei/arabic-NF-1100.jpg,generated_masks/train/attack/digital_1/huawei/arabic-NF-1100.png,1,face_text,huawei,arabic-NF-1100,arabic,box-derived
train,train.csv,train/attack/digital_1/huawei/arabic-NM-1029.jpg,generated_masks/train/attack/digital_1/huawei/arabic-NM-1029.png,1,face_text,huawei,arabic-NM-1029,arabic,box-derived
train,train.csv,train/attack/digital_1/huawei/arabic-NM-1090.jpg,generated_masks/train/attack/digital_1/huawei/arabic-NM-1090.png,1,face_text,huawei,arabic-NM-1090,arabic,box-derived
train,train.csv,train/attack/digital_1/huawei/chinese-001_03.jpg,generated_masks/train/attack/digital_1/huawei/chinese-001_03.png,1,face_text,huawei,chinese-001_03,chinese,box-derived
train,train.csv,train/attack/digital_1/huawei/chinese-018_03.jpg,generated_masks/train/attack/digital_1/huawei/chinese-018_03.png,1,face_text,huawei,chinese-018_03,chinese,box-derived
train,train.csv,train/attack/digital_1/huawei/chinese-081_03.jpg,generated_masks/train/attack/digital_1/huawei/chinese-081_03.png,1,face_text,huawei,chinese-081_03,chinese,box-derived
train,train.csv,train/attack/digital_1/huawei/chinese-096_03.jpg,generated_masks/train/attack/digital_1/huawei/chinese-096_03.png,1,face_text,huawei,chinese-096_03,chinese,box-derived
train,train.csv,train/attack/digital_1/huawei/chinese-102_03.jpg,generated_masks/train/attack/digital_1/huawei/chinese-102_03.png,1,face_text,huawei,chinese-102_03,chinese,box-derived
train,train.csv,train/attack/digital_1/huawei/chinese-107_03.jpg,generated_masks/train/attack/digital_1/huawei/chinese-107_03.png,1,face_text,huawei,chinese-107_03,chinese,box-derived
train,train.csv,train/attack/digital_1/huawei/chinese-113_03.jpg,generated_masks/train/attack/digital_1/huawei/chinese-113_03.png,1,face_text,huawei,chinese-113_03,chinese,box-derived
train,train.csv,train/attack/digital_1/huawei/chinese-NF-1014.jpg,generated_masks/train/attack/digital_1/huawei/chinese-NF-1014.png,1,face_text,huawei,chinese-NF-1014,chinese,box-derived
train,train.csv,train/attack/digital_1/huawei/chinese-NF-1023.jpg,generated_masks/train/attack/digital_1/huawei/chinese-NF-1023.png,1,face_text,huawei,chinese-NF-1023,chinese,box-derived
train,train.csv,train/attack/digital_1/huawei/chinese-NF-1042.jpg,generated_masks/train/attack/digital_1/huawei/chinese-NF-1042.png,1,face_text,huawei,chinese-NF-1042,chinese,box-derived
train,train.csv,train/attack/digital_1/huawei/chinese-NF-1050.jpg,generated_masks/train/attack/digital_1/huawei/chinese-NF-1050.png,1,face_text,huawei,chinese-NF-1050,chinese,box-derived
train,train.csv,train/attack/digital_1/huawei/chinese-NF-1067.jpg,generated_masks/train/attack/digital_1/huawei/chinese-NF-1067.png,1,face_text,huawei,chinese-NF-1067,chinese,box-derived
train,train.csv,train/attack/digital_1/huawei/chinese-NF-1072.jpg,generated_masks/train/attack/digital_1/huawei/chinese-NF-1072.png,1,face_text,huawei,chinese-NF-1072,chinese,box-derived
train,train.csv,train/attack/digital_1/huawei/chinese-NF-1085.jpg,generated_masks/train/attack/digital_1/huawei/chinese-NF-1085.png,1,face_text,huawei,chinese-NF-1085,chinese,box-derived
train,train.csv,train/attack/digital_1/huawei/chinese-NF-1088.jpg,generated_masks/train/attack/digital_1/huawei/chinese-NF-1088.png,1,face_text,huawei,chinese-NF-1088,chinese,box-derived
train,train.csv,train/attack/digital_1/huawei/chinese-NF-1101.jpg,generated_masks/train/attack/digital_1/huawei/chinese-NF-1101.png,1,face_text,huawei,chinese-NF-1101,chinese,box-derived
train,train.csv,train/attack/digital_1/huawei/french-044_03.jpg,generated_masks/train/attack/digital_1/huawei/french-044_03.png,1,face_text,huawei,french-044_03,french,box-derived
train,train.csv,train/attack/digital_1/huawei/french-090_03.jpg,generated_masks/train/attack/digital_1/huawei/french-090_03.png,1,face_text,huawei,french-090_03,french,box-derived
train,train.csv,train/attack/digital_1/huawei/french-091_03.jpg,generated_masks/train/attack/digital_1/huawei/french-091_03.png,1,face_text,huawei,french-091_03,french,box-derived
train,train.csv,train/attack/digital_1/huawei/french-097_03.jpg,generated_masks/train/attack/digital_1/huawei/french-097_03.png,1,face_text,huawei,french-097_03,french,box-derived
train,train.csv,train/attack/digital_1/huawei/french-100_03.jpg,generated_masks/train/attack/digital_1/huawei/french-100_03.png,1,face_text,huawei,french-100_03,french,box-derived
train,train.csv,train/attack/digital_1/huawei/french-118_03.jpg,generated_masks/train/attack/digital_1/huawei/french-118_03.png,1,face_text,huawei,french-118_03,french,box-derived
train,train.csv,train/attack/digital_1/huawei/french-124_03.jpg,generated_masks/train/attack/digital_1/huawei/french-124_03.png,1,face_text,huawei,french-124_03,french,box-derived
train,train.csv,train/attack/digital_1/huawei/french-135_03.jpg,generated_masks/train/attack/digital_1/huawei/french-135_03.png,1,face_text,huawei,french-135_03,french,box-derived
train,train.csv,train/attack/digital_1/huawei/french-NF-1020.jpg,generated_masks/train/attack/digital_1/huawei/french-NF-1020.png,1,face_text,huawei,french-NF-1020,french,box-derived
train,train.csv,train/attack/digital_1/huawei/french-NF-1047.jpg,generated_masks/train/attack/digital_1/huawei/french-NF-1047.png,1,face_text,huawei,french-NF-1047,french,box-derived
train,train.csv,train/attack/digital_1/huawei/french-NF-1056.jpg,generated_masks/train/attack/digital_1/huawei/french-NF-1056.png,1,face_text,huawei,french-NF-1056,french,box-derived
train,train.csv,train/attack/digital_1/huawei/french-NF-1082.jpg,generated_masks/train/attack/digital_1/huawei/french-NF-1082.png,1,face_text,huawei,french-NF-1082,french,box-derived
train,train.csv,train/attack/digital_1/huawei/french-NF-1095.jpg,generated_masks/train/attack/digital_1/huawei/french-NF-1095.png,1,face_text,huawei,french-NF-1095,french,box-derived
train,train.csv,train/attack/digital_1/huawei/french-NF-1110.jpg,generated_masks/train/attack/digital_1/huawei/french-NF-1110.png,1,face_text,huawei,french-NF-1110,french,box-derived
train,train.csv,train/attack/digital_1/huawei/french-NM-1070.jpg,generated_masks/train/attack/digital_1/huawei/french-NM-1070.png,1,face_text,huawei,french-NM-1070,french,box-derived
train,train.csv,train/attack/digital_1/huawei/french-NM-1104.jpg,generated_masks/train/attack/digital_1/huawei/french-NM-1104.png,1,face_text,huawei,french-NM-1104,french,box-derived
train,train.csv,train/attack/digital_1/huawei/indian-012_03.jpg,generated_masks/train/attack/digital_1/huawei/indian-012_03.png,1,face_text,huawei,indian-012_03,indian,box-derived
train,train.csv,train/attack/digital_1/huawei/indian-014_03.jpg,generated_masks/train/attack/digital_1/huawei/indian-014_03.png,1,face_text,huawei,indian-014_03,indian,box-derived
train,train.csv,train/attack/digital_1/huawei/indian-021_03.jpg,generated_masks/train/attack/digital_1/huawei/indian-021_03.png,1,face_text,huawei,indian-021_03,indian,box-derived
train,train.csv,train/attack/digital_1/huawei/indian-037_03.jpg,generated_masks/train/attack/digital_1/huawei/indian-037_03.png,1,face_text,huawei,indian-037_03,indian,box-derived
train,train.csv,train/attack/digital_1/huawei/indian-108_03.jpg,generated_masks/train/attack/digital_1/huawei/indian-108_03.png,1,face_text,huawei,indian-108_03,indian,box-derived
train,train.csv,train/attack/digital_1/huawei/indian-NF-1006.jpg,generated_masks/train/attack/digital_1/huawei/indian-NF-1006.png,1,face_text,huawei,indian-NF-1006,indian,box-derived
train,train.csv,train/attack/digital_1/huawei/indian-NF-1025.jpg,generated_masks/train/attack/digital_1/huawei/indian-NF-1025.png,1,face_text,huawei,indian-NF-1025,indian,box-derived
train,train.csv,train/attack/digital_1/huawei/indian-NF-1039.jpg,generated_masks/train/attack/digital_1/huawei/indian-NF-1039.png,1,face_text,huawei,indian-NF-1039,indian,box-derived
train,train.csv,train/attack/digital_1/huawei/indian-NF-1075.jpg,generated_masks/train/attack/digital_1/huawei/indian-NF-1075.png,1,face_text,huawei,indian-NF-1075,indian,box-derived
train,train.csv,train/attack/digital_1/huawei/indian-NF-1096.jpg,generated_masks/train/attack/digital_1/huawei/indian-NF-1096.png,1,face_text,huawei,indian-NF-1096,indian,box-derived
train,train.csv,train/attack/digital_1/huawei/persian-010_03.jpg,generated_masks/train/attack/digital_1/huawei/persian-010_03.png,1,face_text,huawei,persian-010_03,persian,box-derived
train,train.csv,train/attack/digital_1/huawei/persian-069_03.jpg,generated_masks/train/attack/digital_1/huawei/persian-069_03.png,1,face_text,huawei,persian-069_03,persian,box-derived
train,train.csv,train/attack/digital_1/huawei/persian-087_03.jpg,generated_masks/train/attack/digital_1/huawei/persian-087_03.png,1,face_text,huawei,persian-087_03,persian,box-derived
train,train.csv,train/attack/digital_1/huawei/persian-144_03.jpg,generated_masks/train/attack/digital_1/huawei/persian-144_03.png,1,face_text,huawei,persian-144_03,persian,box-derived
train,train.csv,train/attack/digital_1/huawei/persian-NF-1001.jpg,generated_masks/train/attack/digital_1/huawei/persian-NF-1001.png,1,face_text,huawei,persian-NF-1001,persian,box-derived
train,train.csv,train/attack/digital_1/huawei/persian-NF-1018.jpg,generated_masks/train/attack/digital_1/huawei/persian-NF-1018.png,1,face_text,huawei,persian-NF-1018,persian,box-derived
train,train.csv,train/attack/digital_1/huawei/persian-NF-1031.jpg,generated_masks/train/attack/digital_1/huawei/persian-NF-1031.png,1,face_text,huawei,persian-NF-1031,persian,box-derived
train,train.csv,train/attack/digital_1/huawei/persian-NF-1034.jpg,generated_masks/train/attack/digital_1/huawei/persian-NF-1034.png,1,face_text,huawei,persian-NF-1034,persian,box-derived
train,train.csv,train/attack/digital_1/huawei/persian-NF-1043.jpg,generated_masks/train/attack/digital_1/huawei/persian-NF-1043.png,1,face_text,huawei,persian-NF-1043,persian,box-derived
train,train.csv,train/attack/digital_1/huawei/persian-NF-1079.jpg,generated_masks/train/attack/digital_1/huawei/persian-NF-1079.png,1,face_text,huawei,persian-NF-1079,persian,box-derived
train,train.csv,train/attack/digital_1/huawei/persian-NF-1108.jpg,generated_masks/train/attack/digital_1/huawei/persian-NF-1108.png,1,face_text,huawei,persian-NF-1108,persian,box-derived
train,train.csv,train/attack/digital_1/huawei/persian-NM-1035.jpg,generated_masks/train/attack/digital_1/huawei/persian-NM-1035.png,1,face_text,huawei,persian-NM-1035,persian,box-derived
train,train.csv,train/attack/digital_1/huawei/portugal-004_03.jpg,generated_masks/train/attack/digital_1/huawei/portugal-004_03.png,1,face_text,huawei,portugal-004_03,portugal,box-derived
train,train.csv,train/attack/digital_1/huawei/portugal-013_03.jpg,generated_masks/train/attack/digital_1/huawei/portugal-013_03.png,1,face_text,huawei,portugal-013_03,portugal,box-derived
train,train.csv,train/attack/digital_1/huawei/portugal-017_03.jpg,generated_masks/train/attack/digital_1/huawei/portugal-017_03.png,1,face_text,huawei,portugal-017_03,portugal,box-derived
train,train.csv,train/attack/digital_1/huawei/portugal-026_03.jpg,generated_masks/train/attack/digital_1/huawei/portugal-026_03.png,1,face_text,huawei,portugal-026_03,portugal,box-derived
train,train.csv,train/attack/digital_1/huawei/portugal-029_03.jpg,generated_masks/train/attack/digital_1/huawei/portugal-029_03.png,1,face_text,huawei,portugal-029_03,portugal,box-derived
train,train.csv,train/attack/digital_1/huawei/portugal-042_03.jpg,generated_masks/train/attack/digital_1/huawei/portugal-042_03.png,1,face_text,huawei,portugal-042_03,portugal,box-derived
train,train.csv,train/attack/digital_1/huawei/portugal-066_03.jpg,generated_masks/train/attack/digital_1/huawei/portugal-066_03.png,1,face_text,huawei,portugal-066_03,portugal,box-derived
train,train.csv,train/attack/digital_1/huawei/portugal-105_03.jpg,generated_masks/train/attack/digital_1/huawei/portugal-105_03.png,1,face_text,huawei,portugal-105_03,portugal,box-derived
train,train.csv,train/attack/digital_1/huawei/portugal-125_03.jpg,generated_masks/train/attack/digital_1/huawei/portugal-125_03.png,1,face_text,huawei,portugal-125_03,portugal,box-derived
train,train.csv,train/attack/digital_1/huawei/portugal-143_03.jpg,generated_masks/train/attack/digital_1/huawei/portugal-143_03.png,1,face_text,huawei,portugal-143_03,portugal,box-derived
train,train.csv,train/attack/digital_1/huawei/portugal-NF-1016.jpg,generated_masks/train/attack/digital_1/huawei/portugal-NF-1016.png,1,face_text,huawei,portugal-NF-1016,portugal,box-derived
train,train.csv,train/attack/digital_1/huawei/portugal-NF-1026.jpg,generated_masks/train/attack/digital_1/huawei/portugal-NF-1026.png,1,face_text,huawei,portugal-NF-1026,portugal,box-derived
train,train.csv,train/attack/digital_1/huawei/portugal-NF-1041.jpg,generated_masks/train/attack/digital_1/huawei/portugal-NF-1041.png,1,face_text,huawei,portugal-NF-1041,portugal,box-derived
train,train.csv,train/attack/digital_1/huawei/portugal-NF-1066.jpg,generated_masks/train/attack/digital_1/huawei/portugal-NF-1066.png,1,face_text,huawei,portugal-NF-1066,portugal,box-derived
train,train.csv,train/attack/digital_1/huawei/portugal-NF-1086.jpg,generated_masks/train/attack/digital_1/huawei/portugal-NF-1086.png,1,face_text,huawei,portugal-NF-1086,portugal,box-derived
train,train.csv,train/attack/digital_1/huawei/portugal-NF-1105.jpg,generated_masks/train/attack/digital_1/huawei/portugal-NF-1105.png,1,face_text,huawei,portugal-NF-1105,portugal,box-derived
train,train.csv,train/attack/digital_1/huawei/portugal-NF-1107.jpg,generated_masks/train/attack/digital_1/huawei/portugal-NF-1107.png,1,face_text,huawei,portugal-NF-1107,portugal,box-derived
train,train.csv,train/attack/digital_1/huawei/portugal-NF-1109.jpg,generated_masks/train/attack/digital_1/huawei/portugal-NF-1109.png,1,face_text,huawei,portugal-NF-1109,portugal,box-derived
train,train.csv,train/attack/digital_1/huawei/portugal-NM-1091.jpg,generated_masks/train/attack/digital_1/huawei/portugal-NM-1091.png,1,face_text,huawei,portugal-NM-1091,portugal,box-derived
train,train.csv,train/attack/digital_1/huawei/portugal-NM-1102.jpg,generated_masks/train/attack/digital_1/huawei/portugal-NM-1102.png,1,face_text,huawei,portugal-NM-1102,portugal,box-derived
train,train.csv,train/attack/digital_1/huawei/russian-002_03.jpg,generated_masks/train/attack/digital_1/huawei/russian-002_03.png,1,face_text,huawei,russian-002_03,russian,box-derived
train,train.csv,train/attack/digital_1/huawei/russian-062_03.jpg,generated_masks/train/attack/digital_1/huawei/russian-062_03.png,1,face_text,huawei,russian-062_03,russian,box-derived
train,train.csv,train/attack/digital_1/huawei/russian-082_03.jpg,generated_masks/train/attack/digital_1/huawei/russian-082_03.png,1,face_text,huawei,russian-082_03,russian,box-derived
train,train.csv,train/attack/digital_1/huawei/russian-123_03.jpg,generated_masks/train/attack/digital_1/huawei/russian-123_03.png,1,face_text,huawei,russian-123_03,russian,box-derived
train,train.csv,train/attack/digital_1/huawei/russian-NF-1013.jpg,generated_masks/train/attack/digital_1/huawei/russian-NF-1013.png,1,face_text,huawei,russian-NF-1013,russian,box-derived
train,train.csv,train/attack/digital_1/huawei/russian-NF-1028.jpg,generated_masks/train/attack/digital_1/huawei/russian-NF-1028.png,1,face_text,huawei,russian-NF-1028,russian,box-derived
train,train.csv,train/attack/digital_1/huawei/russian-NF-1080.jpg,generated_masks/train/attack/digital_1/huawei/russian-NF-1080.png,1,face_text,huawei,russian-NF-1080,russian,box-derived
train,train.csv,train/attack/digital_1/huawei/russian-NF-1081.jpg,generated_masks/train/attack/digital_1/huawei/russian-NF-1081.png,1,face_text,huawei,russian-NF-1081,russian,box-derived
train,train.csv,train/attack/digital_1/huawei/russian-NF-1089.jpg,generated_masks/train/attack/digital_1/huawei/russian-NF-1089.png,1,face_text,huawei,russian-NF-1089,russian,box-derived
train,train.csv,train/attack/digital_1/huawei/russian-NF-1099.jpg,generated_masks/train/attack/digital_1/huawei/russian-NF-1099.png,1,face_text,huawei,russian-NF-1099,russian,box-derived
train,train.csv,train/attack/digital_1/huawei/russian-NM-1027.jpg,generated_masks/train/attack/digital_1/huawei/russian-NM-1027.png,1,face_text,huawei,russian-NM-1027,russian,box-derived
train,train.csv,train/attack/digital_1/huawei/turkiye-008_03.jpg,generated_masks/train/attack/digital_1/huawei/turkiye-008_03.png,1,face_text,huawei,turkiye-008_03,turkiye,box-derived
train,train.csv,train/attack/digital_1/huawei/turkiye-036_03.jpg,generated_masks/train/attack/digital_1/huawei/turkiye-036_03.png,1,face_text,huawei,turkiye-036_03,turkiye,box-derived
train,train.csv,train/attack/digital_1/huawei/turkiye-083_03.jpg,generated_masks/train/attack/digital_1/huawei/turkiye-083_03.png,1,face_text,huawei,turkiye-083_03,turkiye,box-derived
train,train.csv,train/attack/digital_1/huawei/turkiye-086_03.jpg,generated_masks/train/attack/digital_1/huawei/turkiye-086_03.png,1,face_text,huawei,turkiye-086_03,turkiye,box-derived
train,train.csv,train/attack/digital_1/huawei/turkiye-092_03.jpg,generated_masks/train/attack/digital_1/huawei/turkiye-092_03.png,1,face_text,huawei,turkiye-092_03,turkiye,box-derived
train,train.csv,train/attack/digital_1/huawei/turkiye-126_03.jpg,generated_masks/train/attack/digital_1/huawei/turkiye-126_03.png,1,face_text,huawei,turkiye-126_03,turkiye,box-derived
train,train.csv,train/attack/digital_1/huawei/turkiye-127_03.jpg,generated_masks/train/attack/digital_1/huawei/turkiye-127_03.png,1,face_text,huawei,turkiye-127_03,turkiye,box-derived
train,train.csv,train/attack/digital_1/huawei/turkiye-129_03.jpg,generated_masks/train/attack/digital_1/huawei/turkiye-129_03.png,1,face_text,huawei,turkiye-129_03,turkiye,box-derived
train,train.csv,train/attack/digital_1/huawei/turkiye-130_03.jpg,generated_masks/train/attack/digital_1/huawei/turkiye-130_03.png,1,face_text,huawei,turkiye-130_03,turkiye,box-derived
train,train.csv,train/attack/digital_1/huawei/turkiye-138_03.jpg,generated_masks/train/attack/digital_1/huawei/turkiye-138_03.png,1,face_text,huawei,turkiye-138_03,turkiye,box-derived
train,train.csv,train/attack/digital_1/huawei/turkiye-NF-1002.jpg,generated_masks/train/attack/digital_1/huawei/turkiye-NF-1002.png,1,face_text,huawei,turkiye-NF-1002,turkiye,box-derived
train,train.csv,train/attack/digital_1/huawei/turkiye-NF-1054.jpg,generated_masks/train/attack/digital_1/huawei/turkiye-NF-1054.png,1,face_text,huawei,turkiye-NF-1054,turkiye,box-derived
train,train.csv,train/attack/digital_1/huawei/turkiye-NF-1103.jpg,generated_masks/train/attack/digital_1/huawei/turkiye-NF-1103.png,1,face_text,huawei,turkiye-NF-1103,turkiye,box-derived
train,train.csv,train/attack/digital_1/huawei/turkiye-NM-1011.jpg,generated_masks/train/attack/digital_1/huawei/turkiye-NM-1011.png,1,face_text,huawei,turkiye-NM-1011,turkiye,box-derived
train,train.csv,train/attack/digital_1/huawei/turkiye-NM-1019.jpg,generated_masks/train/attack/digital_1/huawei/turkiye-NM-1019.png,1,face_text,huawei,turkiye-NM-1019,turkiye,box-derived
train,train.csv,train/attack/digital_1/huawei/turkiye-NM-1033.jpg,generated_masks/train/attack/digital_1/huawei/turkiye-NM-1033.png,1,face_text,huawei,turkiye-NM-1033,turkiye,box-derived
train,train.csv,train/attack/digital_1/huawei/turkiye-NM-1055.jpg,generated_masks/train/attack/digital_1/huawei/turkiye-NM-1055.png,1,face_text,huawei,turkiye-NM-1055,turkiye,box-derived
train,train.csv,train/attack/digital_1/huawei/ukraine-006_03.jpg,generated_masks/train/attack/digital_1/huawei/ukraine-006_03.png,1,face_text,huawei,ukraine-006_03,ukraine,box-derived
train,train.csv,train/attack/digital_1/huawei/ukraine-030_03.jpg,generated_masks/train/attack/digital_1/huawei/ukraine-030_03.png,1,face_text,huawei,ukraine-030_03,ukraine,box-derived
train,train.csv,train/attack/digital_1/huawei/ukraine-103_03.jpg,generated_masks/train/attack/digital_1/huawei/ukraine-103_03.png,1,face_text,huawei,ukraine-103_03,ukraine,box-derived
train,train.csv,train/attack/digital_1/huawei/ukraine-NF-1005.jpg,generated_masks/train/attack/digital_1/huawei/ukraine-NF-1005.png,1,face_text,huawei,ukraine-NF-1005,ukraine,box-derived
train,train.csv,train/attack/digital_1/huawei/ukraine-NF-1015.jpg,generated_masks/train/attack/digital_1/huawei/ukraine-NF-1015.png,1,face_text,huawei,ukraine-NF-1015,ukraine,box-derived
train,train.csv,train/attack/digital_1/huawei/ukraine-NF-1021.jpg,generated_masks/train/attack/digital_1/huawei/ukraine-NF-1021.png,1,face_text,huawei,ukraine-NF-1021,ukraine,box-derived
train,train.csv,train/attack/digital_1/huawei/ukraine-NF-1032.jpg,generated_masks/train/attack/digital_1/huawei/ukraine-NF-1032.png,1,face_text,huawei,ukraine-NF-1032,ukraine,box-derived
train,train.csv,train/attack/digital_1/huawei/ukraine-NF-1068.jpg,generated_masks/train/attack/digital_1/huawei/ukraine-NF-1068.png,1,face_text,huawei,ukraine-NF-1068,ukraine,box-derived
train,train.csv,train/attack/digital_1/huawei/ukraine-NF-1073.jpg,generated_masks/train/attack/digital_1/huawei/ukraine-NF-1073.png,1,face_text,huawei,ukraine-NF-1073,ukraine,box-derived
train,train.csv,train/attack/digital_1/huawei/ukraine-NF-1087.jpg,generated_masks/train/attack/digital_1/huawei/ukraine-NF-1087.png,1,face_text,huawei,ukraine-NF-1087,ukraine,box-derived
train,train.csv,train/attack/digital_1/huawei/ukraine-NF-1106.jpg,generated_masks/train/attack/digital_1/huawei/ukraine-NF-1106.png,1,face_text,huawei,ukraine-NF-1106,ukraine,box-derived
train,train.csv,train/attack/digital_1/huawei/ukraine-NM-1007.jpg,generated_masks/train/attack/digital_1/huawei/ukraine-NM-1007.png,1,face_text,huawei,ukraine-NM-1007,ukraine,box-derived
train,train.csv,train/attack/digital_1/huawei/usa-009_03.jpg,generated_masks/train/attack/digital_1/huawei/usa-009_03.png,1,face_text,huawei,usa-009_03,usa,box-derived
train,train.csv,train/attack/digital_1/huawei/usa-011_03.jpg,generated_masks/train/attack/digital_1/huawei/usa-011_03.png,1,face_text,huawei,usa-011_03,usa,box-derived
train,train.csv,train/attack/digital_1/huawei/usa-016_03.jpg,generated_masks/train/attack/digital_1/huawei/usa-016_03.png,1,face_text,huawei,usa-016_03,usa,box-derived
train,train.csv,train/attack/digital_1/huawei/usa-034_03.jpg,generated_masks/train/attack/digital_1/huawei/usa-034_03.png,1,face_text,huawei,usa-034_03,usa,box-derived
train,train.csv,train/attack/digital_1/huawei/usa-043_03.jpg,generated_masks/train/attack/digital_1/huawei/usa-043_03.png,1,face_text,huawei,usa-043_03,usa,box-derived
train,train.csv,train/attack/digital_1/huawei/usa-063_03.jpg,generated_masks/train/attack/digital_1/huawei/usa-063_03.png,1,face_text,huawei,usa-063_03,usa,box-derived
train,train.csv,train/attack/digital_1/huawei/usa-067_03.jpg,generated_masks/train/attack/digital_1/huawei/usa-067_03.png,1,face_text,huawei,usa-067_03,usa,box-derived
train,train.csv,train/attack/digital_1/huawei/usa-136_03.jpg,generated_masks/train/attack/digital_1/huawei/usa-136_03.png,1,face_text,huawei,usa-136_03,usa,box-derived
train,train.csv,train/attack/digital_1/huawei/usa-137_03.jpg,generated_masks/train/attack/digital_1/huawei/usa-137_03.png,1,face_text,huawei,usa-137_03,usa,box-derived
train,train.csv,train/attack/digital_1/huawei/usa-NF-1004.jpg,generated_masks/train/attack/digital_1/huawei/usa-NF-1004.png,1,face_text,huawei,usa-NF-1004,usa,box-derived
train,train.csv,train/attack/digital_1/huawei/usa-NF-1017.jpg,generated_masks/train/attack/digital_1/huawei/usa-NF-1017.png,1,face_text,huawei,usa-NF-1017,usa,box-derived
train,train.csv,train/attack/digital_1/huawei/usa-NF-1036.jpg,generated_masks/train/attack/digital_1/huawei/usa-NF-1036.png,1,face_text,huawei,usa-NF-1036,usa,box-derived
train,train.csv,train/attack/digital_1/huawei/usa-NF-1044.jpg,generated_masks/train/attack/digital_1/huawei/usa-NF-1044.png,1,face_text,huawei,usa-NF-1044,usa,box-derived
train,train.csv,train/attack/digital_1/huawei/usa-NF-1046.jpg,generated_masks/train/attack/digital_1/huawei/usa-NF-1046.png,1,face_text,huawei,usa-NF-1046,usa,box-derived
train,train.csv,train/attack/digital_1/huawei/usa-NF-1051.jpg,generated_masks/train/attack/digital_1/huawei/usa-NF-1051.png,1,face_text,huawei,usa-NF-1051,usa,box-derived
train,train.csv,train/attack/digital_1/huawei/usa-NF-1062.jpg,generated_masks/train/attack/digital_1/huawei/usa-NF-1062.png,1,face_text,huawei,usa-NF-1062,usa,box-derived
train,train.csv,train/attack/digital_1/huawei/usa-NF-1076.jpg,generated_masks/train/attack/digital_1/huawei/usa-NF-1076.png,1,face_text,huawei,usa-NF-1076,usa,box-derived
train,train.csv,train/attack/digital_1/huawei/usa-NF-1093.jpg,generated_masks/train/attack/digital_1/huawei/usa-NF-1093.png,1,face_text,huawei,usa-NF-1093,usa,box-derived
train,train.csv,train/attack/digital_1/huawei/arabic-003_03.jpg,generated_masks/train/attack/digital_1/huawei/arabic-003_03.png,1,face_text,huawei,arabic-003_03,arabic,box-derived
train,train.csv,train/attack/digital_1/iphone15pro/portugal-066_03.jpg,generated_masks/train/attack/digital_1/iphone15pro/portugal-066_03.png,1,face_text,iphone15pro,portugal-066_03,portugal,box-derived
train,train.csv,train/attack/digital_1/iphone15pro/portugal-105_03.jpg,generated_masks/train/attack/digital_1/iphone15pro/portugal-105_03.png,1,face_text,iphone15pro,portugal-105_03,portugal,box-derived
train,train.csv,train/attack/digital_1/iphone15pro/portugal-125_03.jpg,generated_masks/train/attack/digital_1/iphone15pro/portugal-125_03.png,1,face_text,iphone15pro,portugal-125_03,portugal,box-derived
train,train.csv,train/attack/digital_1/iphone15pro/portugal-143_03.jpg,generated_masks/train/attack/digital_1/iphone15pro/portugal-143_03.png,1,face_text,iphone15pro,portugal-143_03,portugal,box-derived
train,train.csv,train/attack/digital_1/iphone15pro/portugal-NF-1016.jpg,generated_masks/train/attack/digital_1/iphone15pro/portugal-NF-1016.png,1,face_text,iphone15pro,portugal-NF-1016,portugal,box-derived
train,train.csv,train/attack/digital_1/iphone15pro/portugal-029_03.jpg,generated_masks/train/attack/digital_1/iphone15pro/portugal-029_03.png,1,face_text,iphone15pro,portugal-029_03,portugal,box-derived
train,train.csv,train/attack/digital_1/iphone15pro/turkiye-036_03.jpg,generated_masks/train/attack/digital_1/iphone15pro/turkiye-036_03.png,1,face_text,iphone15pro,turkiye-036_03,turkiye,box-derived
train,train.csv,train/attack/digital_1/iphone15pro/arabic-003_03.jpg,generated_masks/train/attack/digital_1/iphone15pro/arabic-003_03.png,1,face_text,iphone15pro,arabic-003_03,arabic,box-derived
train,train.csv,train/attack/digital_1/iphone15pro/arabic-024_03.jpg,generated_masks/train/attack/digital_1/iphone15pro/arabic-024_03.png,1,face_text,iphone15pro,arabic-024_03,arabic,box-derived
train,train.csv,train/attack/digital_1/iphone15pro/arabic-112_03.jpg,generated_masks/train/attack/digital_1/iphone15pro/arabic-112_03.png,1,face_text,iphone15pro,arabic-112_03,arabic,box-derived
train,train.csv,train/attack/digital_1/iphone15pro/arabic-120_03.jpg,generated_masks/train/attack/digital_1/iphone15pro/arabic-120_03.png,1,face_text,iphone15pro,arabic-120_03,arabic,box-derived
train,train.csv,train/attack/digital_1/iphone15pro/arabic-131_03.jpg,generated_masks/train/attack/digital_1/iphone15pro/arabic-131_03.png,1,face_text,iphone15pro,arabic-131_03,arabic,box-derived
train,train.csv,train/attack/digital_1/iphone15pro/arabic-139_03.jpg,generated_masks/train/attack/digital_1/iphone15pro/arabic-139_03.png,1,face_text,iphone15pro,arabic-139_03,arabic,box-derived
train,train.csv,train/attack/digital_1/iphone15pro/arabic-173_03.jpg,generated_masks/train/attack/digital_1/iphone15pro/arabic-173_03.png,1,face_text,iphone15pro,arabic-173_03,arabic,box-derived
train,train.csv,train/attack/digital_1/iphone15pro/arabic-NF-1003.jpg,generated_masks/train/attack/digital_1/iphone15pro/arabic-NF-1003.png,1,face_text,iphone15pro,arabic-NF-1003,arabic,box-derived
train,train.csv,train/attack/digital_1/iphone15pro/arabic-NF-1040.jpg,generated_masks/train/attack/digital_1/iphone15pro/arabic-NF-1040.png,1,face_text,iphone15pro,arabic-NF-1040,arabic,box-derived
train,train.csv,train/attack/digital_1/iphone15pro/arabic-NF-1048.jpg,generated_masks/train/attack/digital_1/iphone15pro/arabic-NF-1048.png,1,face_text,iphone15pro,arabic-NF-1048,arabic,box-derived
train,train.csv,train/attack/digital_1/iphone15pro/arabic-NF-1049.jpg,generated_masks/train/attack/digital_1/iphone15pro/arabic-NF-1049.png,1,face_text,iphone15pro,arabic-NF-1049,arabic,box-derived
train,train.csv,train/attack/digital_1/iphone15pro/arabic-NF-1053.jpg,generated_masks/train/attack/digital_1/iphone15pro/arabic-NF-1053.png,1,face_text,iphone15pro,arabic-NF-1053,arabic,box-derived
train,train.csv,train/attack/digital_1/iphone15pro/arabic-NF-1100.jpg,generated_masks/train/attack/digital_1/iphone15pro/arabic-NF-1100.png,1,face_text,iphone15pro,arabic-NF-1100,arabic,box-derived
train,train.csv,train/attack/digital_1/iphone15pro/arabic-NM-1029.jpg,generated_masks/train/attack/digital_1/iphone15pro/arabic-NM-1029.png,1,face_text,iphone15pro,arabic-NM-1029,arabic,box-derived
train,train.csv,train/attack/digital_1/iphone15pro/arabic-NM-1090.jpg,generated_masks/train/attack/digital_1/iphone15pro/arabic-NM-1090.png,1,face_text,iphone15pro,arabic-NM-1090,arabic,box-derived
train,train.csv,train/attack/digital_1/iphone15pro/chinese-001_03.jpg,generated_masks/train/attack/digital_1/iphone15pro/chinese-001_03.png,1,face_text,iphone15pro,chinese-001_03,chinese,box-derived
train,train.csv,train/attack/digital_1/iphone15pro/chinese-018_03.jpg,generated_masks/train/attack/digital_1/iphone15pro/chinese-018_03.png,1,face_text,iphone15pro,chinese-018_03,chinese,box-derived
train,train.csv,train/attack/digital_1/iphone15pro/chinese-081_03.jpg,generated_masks/train/attack/digital_1/iphone15pro/chinese-081_03.png,1,face_text,iphone15pro,chinese-081_03,chinese,box-derived
train,train.csv,train/attack/digital_1/iphone15pro/chinese-096_03.jpg,generated_masks/train/attack/digital_1/iphone15pro/chinese-096_03.png,1,face_text,iphone15pro,chinese-096_03,chinese,box-derived
train,train.csv,train/attack/digital_1/iphone15pro/chinese-102_03.jpg,generated_masks/train/attack/digital_1/iphone15pro/chinese-102_03.png,1,face_text,iphone15pro,chinese-102_03,chinese,box-derived
train,train.csv,train/attack/digital_1/iphone15pro/chinese-107_03.jpg,generated_masks/train/attack/digital_1/iphone15pro/chinese-107_03.png,1,face_text,iphone15pro,chinese-107_03,chinese,box-derived
train,train.csv,train/attack/digital_1/iphone15pro/chinese-113_03.jpg,generated_masks/train/attack/digital_1/iphone15pro/chinese-113_03.png,1,face_text,iphone15pro,chinese-113_03,chinese,box-derived
train,train.csv,train/attack/digital_1/iphone15pro/chinese-NF-1014.jpg,generated_masks/train/attack/digital_1/iphone15pro/chinese-NF-1014.png,1,face_text,iphone15pro,chinese-NF-1014,chinese,box-derived
train,train.csv,train/attack/digital_1/iphone15pro/chinese-NF-1023.jpg,generated_masks/train/attack/digital_1/iphone15pro/chinese-NF-1023.png,1,face_text,iphone15pro,chinese-NF-1023,chinese,box-derived
train,train.csv,train/attack/digital_1/iphone15pro/chinese-NF-1042.jpg,generated_masks/train/attack/digital_1/iphone15pro/chinese-NF-1042.png,1,face_text,iphone15pro,chinese-NF-1042,chinese,box-derived
train,train.csv,train/attack/digital_1/iphone15pro/chinese-NF-1050.jpg,generated_masks/train/attack/digital_1/iphone15pro/chinese-NF-1050.png,1,face_text,iphone15pro,chinese-NF-1050,chinese,box-derived
train,train.csv,train/attack/digital_1/iphone15pro/chinese-NF-1067.jpg,generated_masks/train/attack/digital_1/iphone15pro/chinese-NF-1067.png,1,face_text,iphone15pro,chinese-NF-1067,chinese,box-derived
train,train.csv,train/attack/digital_1/iphone15pro/chinese-NF-1072.jpg,generated_masks/train/attack/digital_1/iphone15pro/chinese-NF-1072.png,1,face_text,iphone15pro,chinese-NF-1072,chinese,box-derived
train,train.csv,train/attack/digital_1/iphone15pro/chinese-NF-1085.jpg,generated_masks/train/attack/digital_1/iphone15pro/chinese-NF-1085.png,1,face_text,iphone15pro,chinese-NF-1085,chinese,box-derived
train,train.csv,train/attack/digital_1/iphone15pro/chinese-NF-1088.jpg,generated_masks/train/attack/digital_1/iphone15pro/chinese-NF-1088.png,1,face_text,iphone15pro,chinese-NF-1088,chinese,box-derived
train,train.csv,train/attack/digital_1/iphone15pro/chinese-NF-1101.jpg,generated_masks/train/attack/digital_1/iphone15pro/chinese-NF-1101.png,1,face_text,iphone15pro,chinese-NF-1101,chinese,box-derived
train,train.csv,train/attack/digital_1/iphone15pro/french-044_03.jpg,generated_masks/train/attack/digital_1/iphone15pro/french-044_03.png,1,face_text,iphone15pro,french-044_03,french,box-derived
train,train.csv,train/attack/digital_1/iphone15pro/french-090_03.jpg,generated_masks/train/attack/digital_1/iphone15pro/french-090_03.png,1,face_text,iphone15pro,french-090_03,french,box-derived
train,train.csv,train/attack/digital_1/iphone15pro/french-091_03.jpg,generated_masks/train/attack/digital_1/iphone15pro/french-091_03.png,1,face_text,iphone15pro,french-091_03,french,box-derived
train,train.csv,train/attack/digital_1/iphone15pro/french-097_03.jpg,generated_masks/train/attack/digital_1/iphone15pro/french-097_03.png,1,face_text,iphone15pro,french-097_03,french,box-derived
train,train.csv,train/attack/digital_1/iphone15pro/french-100_03.jpg,generated_masks/train/attack/digital_1/iphone15pro/french-100_03.png,1,face_text,iphone15pro,french-100_03,french,box-derived
train,train.csv,train/attack/digital_1/iphone15pro/french-118_03.jpg,generated_masks/train/attack/digital_1/iphone15pro/french-118_03.png,1,face_text,iphone15pro,french-118_03,french,box-derived
train,train.csv,train/attack/digital_1/iphone15pro/french-124_03.jpg,generated_masks/train/attack/digital_1/iphone15pro/french-124_03.png,1,face_text,iphone15pro,french-124_03,french,box-derived
train,train.csv,train/attack/digital_1/iphone15pro/french-135_03.jpg,generated_masks/train/attack/digital_1/iphone15pro/french-135_03.png,1,face_text,iphone15pro,french-135_03,french,box-derived
train,train.csv,train/attack/digital_1/iphone15pro/french-NF-1020.jpg,generated_masks/train/attack/digital_1/iphone15pro/french-NF-1020.png,1,face_text,iphone15pro,french-NF-1020,french,box-derived
train,train.csv,train/attack/digital_1/iphone15pro/french-NF-1047.jpg,generated_masks/train/attack/digital_1/iphone15pro/french-NF-1047.png,1,face_text,iphone15pro,french-NF-1047,french,box-derived
train,train.csv,train/attack/digital_1/iphone15pro/french-NF-1056.jpg,generated_masks/train/attack/digital_1/iphone15pro/french-NF-1056.png,1,face_text,iphone15pro,french-NF-1056,french,box-derived
train,train.csv,train/attack/digital_1/iphone15pro/french-NF-1082.jpg,generated_masks/train/attack/digital_1/iphone15pro/french-NF-1082.png,1,face_text,iphone15pro,french-NF-1082,french,box-derived
train,train.csv,train/attack/digital_1/iphone15pro/french-NF-1095.jpg,generated_masks/train/attack/digital_1/iphone15pro/french-NF-1095.png,1,face_text,iphone15pro,french-NF-1095,french,box-derived
train,train.csv,train/attack/digital_1/iphone15pro/french-NF-1110.jpg,generated_masks/train/attack/digital_1/iphone15pro/french-NF-1110.png,1,face_text,iphone15pro,french-NF-1110,french,box-derived
train,train.csv,train/attack/digital_1/iphone15pro/french-NM-1070.jpg,generated_masks/train/attack/digital_1/iphone15pro/french-NM-1070.png,1,face_text,iphone15pro,french-NM-1070,french,box-derived
train,train.csv,train/attack/digital_1/iphone15pro/french-NM-1104.jpg,generated_masks/train/attack/digital_1/iphone15pro/french-NM-1104.png,1,face_text,iphone15pro,french-NM-1104,french,box-derived
train,train.csv,train/attack/digital_1/iphone15pro/indian-012_03.jpg,generated_masks/train/attack/digital_1/iphone15pro/indian-012_03.png,1,face_text,iphone15pro,indian-012_03,indian,box-derived
train,train.csv,train/attack/digital_1/iphone15pro/indian-014_03.jpg,generated_masks/train/attack/digital_1/iphone15pro/indian-014_03.png,1,face_text,iphone15pro,indian-014_03,indian,box-derived
train,train.csv,train/attack/digital_1/iphone15pro/indian-021_03.jpg,generated_masks/train/attack/digital_1/iphone15pro/indian-021_03.png,1,face_text,iphone15pro,indian-021_03,indian,box-derived
train,train.csv,train/attack/digital_1/iphone15pro/indian-037_03.jpg,generated_masks/train/attack/digital_1/iphone15pro/indian-037_03.png,1,face_text,iphone15pro,indian-037_03,indian,box-derived
train,train.csv,train/attack/digital_1/iphone15pro/indian-108_03.jpg,generated_masks/train/attack/digital_1/iphone15pro/indian-108_03.png,1,face_text,iphone15pro,indian-108_03,indian,box-derived
train,train.csv,train/attack/digital_1/iphone15pro/indian-NF-1006.jpg,generated_masks/train/attack/digital_1/iphone15pro/indian-NF-1006.png,1,face_text,iphone15pro,indian-NF-1006,indian,box-derived
train,train.csv,train/attack/digital_1/iphone15pro/indian-NF-1025.jpg,generated_masks/train/attack/digital_1/iphone15pro/indian-NF-1025.png,1,face_text,iphone15pro,indian-NF-1025,indian,box-derived
train,train.csv,train/attack/digital_1/iphone15pro/indian-NF-1039.jpg,generated_masks/train/attack/digital_1/iphone15pro/indian-NF-1039.png,1,face_text,iphone15pro,indian-NF-1039,indian,box-derived
train,train.csv,train/attack/digital_1/iphone15pro/indian-NF-1075.jpg,generated_masks/train/attack/digital_1/iphone15pro/indian-NF-1075.png,1,face_text,iphone15pro,indian-NF-1075,indian,box-derived
train,train.csv,train/attack/digital_1/iphone15pro/indian-NF-1096.jpg,generated_masks/train/attack/digital_1/iphone15pro/indian-NF-1096.png,1,face_text,iphone15pro,indian-NF-1096,indian,box-derived
train,train.csv,train/attack/digital_1/iphone15pro/persian-010_03.jpg,generated_masks/train/attack/digital_1/iphone15pro/persian-010_03.png,1,face_text,iphone15pro,persian-010_03,persian,box-derived
train,train.csv,train/attack/digital_1/iphone15pro/persian-069_03.jpg,generated_masks/train/attack/digital_1/iphone15pro/persian-069_03.png,1,face_text,iphone15pro,persian-069_03,persian,box-derived
train,train.csv,train/attack/digital_1/iphone15pro/persian-087_03.jpg,generated_masks/train/attack/digital_1/iphone15pro/persian-087_03.png,1,face_text,iphone15pro,persian-087_03,persian,box-derived
train,train.csv,train/attack/digital_1/iphone15pro/persian-144_03.jpg,generated_masks/train/attack/digital_1/iphone15pro/persian-144_03.png,1,face_text,iphone15pro,persian-144_03,persian,box-derived
train,train.csv,train/attack/digital_1/iphone15pro/persian-NF-1001.jpg,generated_masks/train/attack/digital_1/iphone15pro/persian-NF-1001.png,1,face_text,iphone15pro,persian-NF-1001,persian,box-derived
train,train.csv,train/attack/digital_1/iphone15pro/persian-NF-1018.jpg,generated_masks/train/attack/digital_1/iphone15pro/persian-NF-1018.png,1,face_text,iphone15pro,persian-NF-1018,persian,box-derived
train,train.csv,train/attack/digital_1/iphone15pro/persian-NF-1031.jpg,generated_masks/train/attack/digital_1/iphone15pro/persian-NF-1031.png,1,face_text,iphone15pro,persian-NF-1031,persian,box-derived
train,train.csv,train/attack/digital_1/iphone15pro/persian-NF-1034.jpg,generated_masks/train/attack/digital_1/iphone15pro/persian-NF-1034.png,1,face_text,iphone15pro,persian-NF-1034,persian,box-derived
train,train.csv,train/attack/digital_1/iphone15pro/persian-NF-1043.jpg,generated_masks/train/attack/digital_1/iphone15pro/persian-NF-1043.png,1,face_text,iphone15pro,persian-NF-1043,persian,box-derived
train,train.csv,train/attack/digital_1/iphone15pro/persian-NF-1079.jpg,generated_masks/train/attack/digital_1/iphone15pro/persian-NF-1079.png,1,face_text,iphone15pro,persian-NF-1079,persian,box-derived
train,train.csv,train/attack/digital_1/iphone15pro/persian-NF-1108.jpg,generated_masks/train/attack/digital_1/iphone15pro/persian-NF-1108.png,1,face_text,iphone15pro,persian-NF-1108,persian,box-derived
train,train.csv,train/attack/digital_1/iphone15pro/persian-NM-1035.jpg,generated_masks/train/attack/digital_1/iphone15pro/persian-NM-1035.png,1,face_text,iphone15pro,persian-NM-1035,persian,box-derived
train,train.csv,train/attack/digital_1/iphone15pro/portugal-004_03.jpg,generated_masks/train/attack/digital_1/iphone15pro/portugal-004_03.png,1,face_text,iphone15pro,portugal-004_03,portugal,box-derived
train,train.csv,train/attack/digital_1/iphone15pro/portugal-013_03.jpg,generated_masks/train/attack/digital_1/iphone15pro/portugal-013_03.png,1,face_text,iphone15pro,portugal-013_03,portugal,box-derived
train,train.csv,train/attack/digital_1/iphone15pro/portugal-017_03.jpg,generated_masks/train/attack/digital_1/iphone15pro/portugal-017_03.png,1,face_text,iphone15pro,portugal-017_03,portugal,box-derived
train,train.csv,train/attack/digital_1/iphone15pro/portugal-026_03.jpg,generated_masks/train/attack/digital_1/iphone15pro/portugal-026_03.png,1,face_text,iphone15pro,portugal-026_03,portugal,box-derived
train,train.csv,train/attack/digital_1/iphone15pro/portugal-042_03.jpg,generated_masks/train/attack/digital_1/iphone15pro/portugal-042_03.png,1,face_text,iphone15pro,portugal-042_03,portugal,box-derived
train,train.csv,train/attack/digital_1/iphone15pro/portugal-NF-1026.jpg,generated_masks/train/attack/digital_1/iphone15pro/portugal-NF-1026.png,1,face_text,iphone15pro,portugal-NF-1026,portugal,box-derived
train,train.csv,train/attack/digital_1/iphone15pro/portugal-NF-1041.jpg,generated_masks/train/attack/digital_1/iphone15pro/portugal-NF-1041.png,1,face_text,iphone15pro,portugal-NF-1041,portugal,box-derived
train,train.csv,train/attack/digital_1/iphone15pro/portugal-NF-1066.jpg,generated_masks/train/attack/digital_1/iphone15pro/portugal-NF-1066.png,1,face_text,iphone15pro,portugal-NF-1066,portugal,box-derived
train,train.csv,train/attack/digital_1/iphone15pro/portugal-NF-1086.jpg,generated_masks/train/attack/digital_1/iphone15pro/portugal-NF-1086.png,1,face_text,iphone15pro,portugal-NF-1086,portugal,box-derived
train,train.csv,train/attack/digital_1/iphone15pro/portugal-NF-1105.jpg,generated_masks/train/attack/digital_1/iphone15pro/portugal-NF-1105.png,1,face_text,iphone15pro,portugal-NF-1105,portugal,box-derived
train,train.csv,train/attack/digital_1/iphone15pro/portugal-NF-1107.jpg,generated_masks/train/attack/digital_1/iphone15pro/portugal-NF-1107.png,1,face_text,iphone15pro,portugal-NF-1107,portugal,box-derived
train,train.csv,train/attack/digital_1/iphone15pro/portugal-NF-1109.jpg,generated_masks/train/attack/digital_1/iphone15pro/portugal-NF-1109.png,1,face_text,iphone15pro,portugal-NF-1109,portugal,box-derived
train,train.csv,train/attack/digital_1/iphone15pro/portugal-NM-1091.jpg,generated_masks/train/attack/digital_1/iphone15pro/portugal-NM-1091.png,1,face_text,iphone15pro,portugal-NM-1091,portugal,box-derived
train,train.csv,train/attack/digital_1/iphone15pro/portugal-NM-1102.jpg,generated_masks/train/attack/digital_1/iphone15pro/portugal-NM-1102.png,1,face_text,iphone15pro,portugal-NM-1102,portugal,box-derived
train,train.csv,train/attack/digital_1/iphone15pro/russian-002_03.jpg,generated_masks/train/attack/digital_1/iphone15pro/russian-002_03.png,1,face_text,iphone15pro,russian-002_03,russian,box-derived
train,train.csv,train/attack/digital_1/iphone15pro/russian-062_03.jpg,generated_masks/train/attack/digital_1/iphone15pro/russian-062_03.png,1,face_text,iphone15pro,russian-062_03,russian,box-derived
train,train.csv,train/attack/digital_1/iphone15pro/russian-082_03.jpg,generated_masks/train/attack/digital_1/iphone15pro/russian-082_03.png,1,face_text,iphone15pro,russian-082_03,russian,box-derived
train,train.csv,train/attack/digital_1/iphone15pro/russian-123_03.jpg,generated_masks/train/attack/digital_1/iphone15pro/russian-123_03.png,1,face_text,iphone15pro,russian-123_03,russian,box-derived
train,train.csv,train/attack/digital_1/iphone15pro/russian-NF-1013.jpg,generated_masks/train/attack/digital_1/iphone15pro/russian-NF-1013.png,1,face_text,iphone15pro,russian-NF-1013,russian,box-derived
train,train.csv,train/attack/digital_1/iphone15pro/russian-NF-1028.jpg,generated_masks/train/attack/digital_1/iphone15pro/russian-NF-1028.png,1,face_text,iphone15pro,russian-NF-1028,russian,box-derived
train,train.csv,train/attack/digital_1/iphone15pro/russian-NF-1080.jpg,generated_masks/train/attack/digital_1/iphone15pro/russian-NF-1080.png,1,face_text,iphone15pro,russian-NF-1080,russian,box-derived
train,train.csv,train/attack/digital_1/iphone15pro/russian-NF-1081.jpg,generated_masks/train/attack/digital_1/iphone15pro/russian-NF-1081.png,1,face_text,iphone15pro,russian-NF-1081,russian,box-derived
train,train.csv,train/attack/digital_1/iphone15pro/russian-NF-1089.jpg,generated_masks/train/attack/digital_1/iphone15pro/russian-NF-1089.png,1,face_text,iphone15pro,russian-NF-1089,russian,box-derived
train,train.csv,train/attack/digital_1/iphone15pro/russian-NF-1099.jpg,generated_masks/train/attack/digital_1/iphone15pro/russian-NF-1099.png,1,face_text,iphone15pro,russian-NF-1099,russian,box-derived
train,train.csv,train/attack/digital_1/iphone15pro/russian-NM-1027.jpg,generated_masks/train/attack/digital_1/iphone15pro/russian-NM-1027.png,1,face_text,iphone15pro,russian-NM-1027,russian,box-derived
train,train.csv,train/attack/digital_1/iphone15pro/turkiye-008_03.jpg,generated_masks/train/attack/digital_1/iphone15pro/turkiye-008_03.png,1,face_text,iphone15pro,turkiye-008_03,turkiye,box-derived
train,train.csv,train/attack/digital_1/iphone15pro/turkiye-083_03.jpg,generated_masks/train/attack/digital_1/iphone15pro/turkiye-083_03.png,1,face_text,iphone15pro,turkiye-083_03,turkiye,box-derived
train,train.csv,train/attack/digital_1/iphone15pro/turkiye-086_03.jpg,generated_masks/train/attack/digital_1/iphone15pro/turkiye-086_03.png,1,face_text,iphone15pro,turkiye-086_03,turkiye,box-derived
train,train.csv,train/attack/digital_1/iphone15pro/turkiye-092_03.jpg,generated_masks/train/attack/digital_1/iphone15pro/turkiye-092_03.png,1,face_text,iphone15pro,turkiye-092_03,turkiye,box-derived
train,train.csv,train/attack/digital_1/iphone15pro/turkiye-126_03.jpg,generated_masks/train/attack/digital_1/iphone15pro/turkiye-126_03.png,1,face_text,iphone15pro,turkiye-126_03,turkiye,box-derived
train,train.csv,train/attack/digital_1/iphone15pro/turkiye-127_03.jpg,generated_masks/train/attack/digital_1/iphone15pro/turkiye-127_03.png,1,face_text,iphone15pro,turkiye-127_03,turkiye,box-derived
train,train.csv,train/attack/digital_1/iphone15pro/turkiye-129_03.jpg,generated_masks/train/attack/digital_1/iphone15pro/turkiye-129_03.png,1,face_text,iphone15pro,turkiye-129_03,turkiye,box-derived
train,train.csv,train/attack/digital_1/iphone15pro/turkiye-130_03.jpg,generated_masks/train/attack/digital_1/iphone15pro/turkiye-130_03.png,1,face_text,iphone15pro,turkiye-130_03,turkiye,box-derived
train,train.csv,train/attack/digital_1/iphone15pro/turkiye-138_03.jpg,generated_masks/train/attack/digital_1/iphone15pro/turkiye-138_03.png,1,face_text,iphone15pro,turkiye-138_03,turkiye,box-derived
train,train.csv,train/attack/digital_1/iphone15pro/turkiye-NF-1002.jpg,generated_masks/train/attack/digital_1/iphone15pro/turkiye-NF-1002.png,1,face_text,iphone15pro,turkiye-NF-1002,turkiye,box-derived
train,train.csv,train/attack/digital_1/iphone15pro/turkiye-NF-1054.jpg,generated_masks/train/attack/digital_1/iphone15pro/turkiye-NF-1054.png,1,face_text,iphone15pro,turkiye-NF-1054,turkiye,box-derived
train,train.csv,train/attack/digital_1/iphone15pro/turkiye-NF-1103.jpg,generated_masks/train/attack/digital_1/iphone15pro/turkiye-NF-1103.png,1,face_text,iphone15pro,turkiye-NF-1103,turkiye,box-derived
train,train.csv,train/attack/digital_1/iphone15pro/turkiye-NM-1011.jpg,generated_masks/train/attack/digital_1/iphone15pro/turkiye-NM-1011.png,1,face_text,iphone15pro,turkiye-NM-1011,turkiye,box-derived
train,train.csv,train/attack/digital_1/iphone15pro/turkiye-NM-1019.jpg,generated_masks/train/attack/digital_1/iphone15pro/turkiye-NM-1019.png,1,face_text,iphone15pro,turkiye-NM-1019,turkiye,box-derived
train,train.csv,train/attack/digital_1/iphone15pro/turkiye-NM-1033.jpg,generated_masks/train/attack/digital_1/iphone15pro/turkiye-NM-1033.png,1,face_text,iphone15pro,turkiye-NM-1033,turkiye,box-derived
train,train.csv,train/attack/digital_1/iphone15pro/turkiye-NM-1055.jpg,generated_masks/train/attack/digital_1/iphone15pro/turkiye-NM-1055.png,1,face_text,iphone15pro,turkiye-NM-1055,turkiye,box-derived
train,train.csv,train/attack/digital_1/iphone15pro/ukraine-006_03.jpg,generated_masks/train/attack/digital_1/iphone15pro/ukraine-006_03.png,1,face_text,iphone15pro,ukraine-006_03,ukraine,box-derived
train,train.csv,train/attack/digital_1/iphone15pro/ukraine-030_03.jpg,generated_masks/train/attack/digital_1/iphone15pro/ukraine-030_03.png,1,face_text,iphone15pro,ukraine-030_03,ukraine,box-derived
train,train.csv,train/attack/digital_1/iphone15pro/ukraine-103_03.jpg,generated_masks/train/attack/digital_1/iphone15pro/ukraine-103_03.png,1,face_text,iphone15pro,ukraine-103_03,ukraine,box-derived
train,train.csv,train/attack/digital_1/iphone15pro/ukraine-NF-1005.jpg,generated_masks/train/attack/digital_1/iphone15pro/ukraine-NF-1005.png,1,face_text,iphone15pro,ukraine-NF-1005,ukraine,box-derived
train,train.csv,train/attack/digital_1/iphone15pro/ukraine-NF-1015.jpg,generated_masks/train/attack/digital_1/iphone15pro/ukraine-NF-1015.png,1,face_text,iphone15pro,ukraine-NF-1015,ukraine,box-derived
train,train.csv,train/attack/digital_1/iphone15pro/ukraine-NF-1021.jpg,generated_masks/train/attack/digital_1/iphone15pro/ukraine-NF-1021.png,1,face_text,iphone15pro,ukraine-NF-1021,ukraine,box-derived
train,train.csv,train/attack/digital_1/iphone15pro/ukraine-NF-1032.jpg,generated_masks/train/attack/digital_1/iphone15pro/ukraine-NF-1032.png,1,face_text,iphone15pro,ukraine-NF-1032,ukraine,box-derived
train,train.csv,train/attack/digital_1/iphone15pro/ukraine-NF-1068.jpg,generated_masks/train/attack/digital_1/iphone15pro/ukraine-NF-1068.png,1,face_text,iphone15pro,ukraine-NF-1068,ukraine,box-derived
train,train.csv,train/attack/digital_1/iphone15pro/ukraine-NF-1073.jpg,generated_masks/train/attack/digital_1/iphone15pro/ukraine-NF-1073.png,1,face_text,iphone15pro,ukraine-NF-1073,ukraine,box-derived
train,train.csv,train/attack/digital_1/iphone15pro/ukraine-NF-1087.jpg,generated_masks/train/attack/digital_1/iphone15pro/ukraine-NF-1087.png,1,face_text,iphone15pro,ukraine-NF-1087,ukraine,box-derived
train,train.csv,train/attack/digital_1/iphone15pro/ukraine-NF-1106.jpg,generated_masks/train/attack/digital_1/iphone15pro/ukraine-NF-1106.png,1,face_text,iphone15pro,ukraine-NF-1106,ukraine,box-derived
train,train.csv,train/attack/digital_1/iphone15pro/ukraine-NM-1007.jpg,generated_masks/train/attack/digital_1/iphone15pro/ukraine-NM-1007.png,1,face_text,iphone15pro,ukraine-NM-1007,ukraine,box-derived
train,train.csv,train/attack/digital_1/iphone15pro/usa-009_03.jpg,generated_masks/train/attack/digital_1/iphone15pro/usa-009_03.png,1,face_text,iphone15pro,usa-009_03,usa,box-derived
train,train.csv,train/attack/digital_1/iphone15pro/usa-011_03.jpg,generated_masks/train/attack/digital_1/iphone15pro/usa-011_03.png,1,face_text,iphone15pro,usa-011_03,usa,box-derived
train,train.csv,train/attack/digital_1/iphone15pro/usa-016_03.jpg,generated_masks/train/attack/digital_1/iphone15pro/usa-016_03.png,1,face_text,iphone15pro,usa-016_03,usa,box-derived
train,train.csv,train/attack/digital_1/iphone15pro/usa-034_03.jpg,generated_masks/train/attack/digital_1/iphone15pro/usa-034_03.png,1,face_text,iphone15pro,usa-034_03,usa,box-derived
train,train.csv,train/attack/digital_1/iphone15pro/usa-043_03.jpg,generated_masks/train/attack/digital_1/iphone15pro/usa-043_03.png,1,face_text,iphone15pro,usa-043_03,usa,box-derived
train,train.csv,train/attack/digital_1/iphone15pro/usa-063_03.jpg,generated_masks/train/attack/digital_1/iphone15pro/usa-063_03.png,1,face_text,iphone15pro,usa-063_03,usa,box-derived
train,train.csv,train/attack/digital_1/iphone15pro/usa-067_03.jpg,generated_masks/train/attack/digital_1/iphone15pro/usa-067_03.png,1,face_text,iphone15pro,usa-067_03,usa,box-derived
train,train.csv,train/attack/digital_1/iphone15pro/usa-136_03.jpg,generated_masks/train/attack/digital_1/iphone15pro/usa-136_03.png,1,face_text,iphone15pro,usa-136_03,usa,box-derived
train,train.csv,train/attack/digital_1/iphone15pro/usa-137_03.jpg,generated_masks/train/attack/digital_1/iphone15pro/usa-137_03.png,1,face_text,iphone15pro,usa-137_03,usa,box-derived
train,train.csv,train/attack/digital_1/iphone15pro/usa-NF-1004.jpg,generated_masks/train/attack/digital_1/iphone15pro/usa-NF-1004.png,1,face_text,iphone15pro,usa-NF-1004,usa,box-derived
train,train.csv,train/attack/digital_1/iphone15pro/usa-NF-1017.jpg,generated_masks/train/attack/digital_1/iphone15pro/usa-NF-1017.png,1,face_text,iphone15pro,usa-NF-1017,usa,box-derived
train,train.csv,train/attack/digital_1/iphone15pro/usa-NF-1036.jpg,generated_masks/train/attack/digital_1/iphone15pro/usa-NF-1036.png,1,face_text,iphone15pro,usa-NF-1036,usa,box-derived
train,train.csv,train/attack/digital_1/iphone15pro/usa-NF-1044.jpg,generated_masks/train/attack/digital_1/iphone15pro/usa-NF-1044.png,1,face_text,iphone15pro,usa-NF-1044,usa,box-derived
train,train.csv,train/attack/digital_1/iphone15pro/usa-NF-1046.jpg,generated_masks/train/attack/digital_1/iphone15pro/usa-NF-1046.png,1,face_text,iphone15pro,usa-NF-1046,usa,box-derived
train,train.csv,train/attack/digital_1/iphone15pro/usa-NF-1051.jpg,generated_masks/train/attack/digital_1/iphone15pro/usa-NF-1051.png,1,face_text,iphone15pro,usa-NF-1051,usa,box-derived
train,train.csv,train/attack/digital_1/iphone15pro/usa-NF-1062.jpg,generated_masks/train/attack/digital_1/iphone15pro/usa-NF-1062.png,1,face_text,iphone15pro,usa-NF-1062,usa,box-derived
train,train.csv,train/attack/digital_1/iphone15pro/usa-NF-1076.jpg,generated_masks/train/attack/digital_1/iphone15pro/usa-NF-1076.png,1,face_text,iphone15pro,usa-NF-1076,usa,box-derived
train,train.csv,train/attack/digital_1/iphone15pro/usa-NF-1093.jpg,generated_masks/train/attack/digital_1/iphone15pro/usa-NF-1093.png,1,face_text,iphone15pro,usa-NF-1093,usa,box-derived
train,train.csv,train/attack/digital_1/scan/arabic-024_03.jpg,generated_masks/train/attack/digital_1/scan/arabic-024_03.png,1,face_text,scan,arabic-024_03,arabic,box-derived
train,train.csv,train/attack/digital_1/scan/arabic-112_03.jpg,generated_masks/train/attack/digital_1/scan/arabic-112_03.png,1,face_text,scan,arabic-112_03,arabic,box-derived
train,train.csv,train/attack/digital_1/scan/arabic-120_03.jpg,generated_masks/train/attack/digital_1/scan/arabic-120_03.png,1,face_text,scan,arabic-120_03,arabic,box-derived
train,train.csv,train/attack/digital_1/scan/arabic-131_03.jpg,generated_masks/train/attack/digital_1/scan/arabic-131_03.png,1,face_text,scan,arabic-131_03,arabic,box-derived
train,train.csv,train/attack/digital_1/scan/arabic-139_03.jpg,generated_masks/train/attack/digital_1/scan/arabic-139_03.png,1,face_text,scan,arabic-139_03,arabic,box-derived
train,train.csv,train/attack/digital_1/scan/arabic-173_03.jpg,generated_masks/train/attack/digital_1/scan/arabic-173_03.png,1,face_text,scan,arabic-173_03,arabic,box-derived
train,train.csv,train/attack/digital_1/scan/arabic-NF-1003.jpg,generated_masks/train/attack/digital_1/scan/arabic-NF-1003.png,1,face_text,scan,arabic-NF-1003,arabic,box-derived
train,train.csv,train/attack/digital_1/scan/arabic-NF-1040.jpg,generated_masks/train/attack/digital_1/scan/arabic-NF-1040.png,1,face_text,scan,arabic-NF-1040,arabic,box-derived
train,train.csv,train/attack/digital_1/scan/arabic-NF-1048.jpg,generated_masks/train/attack/digital_1/scan/arabic-NF-1048.png,1,face_text,scan,arabic-NF-1048,arabic,box-derived
train,train.csv,train/attack/digital_1/scan/arabic-NF-1049.jpg,generated_masks/train/attack/digital_1/scan/arabic-NF-1049.png,1,face_text,scan,arabic-NF-1049,arabic,box-derived
train,train.csv,train/attack/digital_1/scan/arabic-NF-1053.jpg,generated_masks/train/attack/digital_1/scan/arabic-NF-1053.png,1,face_text,scan,arabic-NF-1053,arabic,box-derived
train,train.csv,train/attack/digital_1/scan/arabic-NF-1100.jpg,generated_masks/train/attack/digital_1/scan/arabic-NF-1100.png,1,face_text,scan,arabic-NF-1100,arabic,box-derived
train,train.csv,train/attack/digital_1/scan/arabic-NM-1029.jpg,generated_masks/train/attack/digital_1/scan/arabic-NM-1029.png,1,face_text,scan,arabic-NM-1029,arabic,box-derived
train,train.csv,train/attack/digital_1/scan/arabic-NM-1090.jpg,generated_masks/train/attack/digital_1/scan/arabic-NM-1090.png,1,face_text,scan,arabic-NM-1090,arabic,box-derived
train,train.csv,train/attack/digital_1/scan/chinese-001_03.jpg,generated_masks/train/attack/digital_1/scan/chinese-001_03.png,1,face_text,scan,chinese-001_03,chinese,box-derived
train,train.csv,train/attack/digital_1/scan/chinese-018_03.jpg,generated_masks/train/attack/digital_1/scan/chinese-018_03.png,1,face_text,scan,chinese-018_03,chinese,box-derived
train,train.csv,train/attack/digital_1/scan/chinese-081_03.jpg,generated_masks/train/attack/digital_1/scan/chinese-081_03.png,1,face_text,scan,chinese-081_03,chinese,box-derived
train,train.csv,train/attack/digital_1/scan/chinese-096_03.jpg,generated_masks/train/attack/digital_1/scan/chinese-096_03.png,1,face_text,scan,chinese-096_03,chinese,box-derived
train,train.csv,train/attack/digital_1/scan/chinese-102_03.jpg,generated_masks/train/attack/digital_1/scan/chinese-102_03.png,1,face_text,scan,chinese-102_03,chinese,box-derived
train,train.csv,train/attack/digital_1/scan/chinese-107_03.jpg,generated_masks/train/attack/digital_1/scan/chinese-107_03.png,1,face_text,scan,chinese-107_03,chinese,box-derived
train,train.csv,train/attack/digital_1/scan/chinese-113_03.jpg,generated_masks/train/attack/digital_1/scan/chinese-113_03.png,1,face_text,scan,chinese-113_03,chinese,box-derived
train,train.csv,train/attack/digital_1/scan/chinese-NF-1014.jpg,generated_masks/train/attack/digital_1/scan/chinese-NF-1014.png,1,face_text,scan,chinese-NF-1014,chinese,box-derived
train,train.csv,train/attack/digital_1/scan/chinese-NF-1023.jpg,generated_masks/train/attack/digital_1/scan/chinese-NF-1023.png,1,face_text,scan,chinese-NF-1023,chinese,box-derived
train,train.csv,train/attack/digital_1/scan/chinese-NF-1042.jpg,generated_masks/train/attack/digital_1/scan/chinese-NF-1042.png,1,face_text,scan,chinese-NF-1042,chinese,box-derived
train,train.csv,train/attack/digital_1/scan/chinese-NF-1050.jpg,generated_masks/train/attack/digital_1/scan/chinese-NF-1050.png,1,face_text,scan,chinese-NF-1050,chinese,box-derived
train,train.csv,train/attack/digital_1/scan/chinese-NF-1067.jpg,generated_masks/train/attack/digital_1/scan/chinese-NF-1067.png,1,face_text,scan,chinese-NF-1067,chinese,box-derived
train,train.csv,train/attack/digital_1/scan/chinese-NF-1072.jpg,generated_masks/train/attack/digital_1/scan/chinese-NF-1072.png,1,face_text,scan,chinese-NF-1072,chinese,box-derived
train,train.csv,train/attack/digital_1/scan/chinese-NF-1085.jpg,generated_masks/train/attack/digital_1/scan/chinese-NF-1085.png,1,face_text,scan,chinese-NF-1085,chinese,box-derived
train,train.csv,train/attack/digital_1/scan/chinese-NF-1088.jpg,generated_masks/train/attack/digital_1/scan/chinese-NF-1088.png,1,face_text,scan,chinese-NF-1088,chinese,box-derived
train,train.csv,train/attack/digital_1/scan/chinese-NF-1101.jpg,generated_masks/train/attack/digital_1/scan/chinese-NF-1101.png,1,face_text,scan,chinese-NF-1101,chinese,box-derived
train,train.csv,train/attack/digital_1/scan/french-044_03.jpg,generated_masks/train/attack/digital_1/scan/french-044_03.png,1,face_text,scan,french-044_03,french,box-derived
train,train.csv,train/attack/digital_1/scan/french-NF-1095.jpg,generated_masks/train/attack/digital_1/scan/french-NF-1095.png,1,face_text,scan,french-NF-1095,french,box-derived
train,train.csv,train/attack/digital_1/scan/french-NF-1110.jpg,generated_masks/train/attack/digital_1/scan/french-NF-1110.png,1,face_text,scan,french-NF-1110,french,box-derived
train,train.csv,train/attack/digital_1/scan/french-NM-1070.jpg,generated_masks/train/attack/digital_1/scan/french-NM-1070.png,1,face_text,scan,french-NM-1070,french,box-derived
train,train.csv,train/attack/digital_1/scan/french-NM-1104.jpg,generated_masks/train/attack/digital_1/scan/french-NM-1104.png,1,face_text,scan,french-NM-1104,french,box-derived
train,train.csv,train/attack/digital_1/scan/indian-012_03.jpg,generated_masks/train/attack/digital_1/scan/indian-012_03.png,1,face_text,scan,indian-012_03,indian,box-derived
train,train.csv,train/attack/digital_1/scan/indian-014_03.jpg,generated_masks/train/attack/digital_1/scan/indian-014_03.png,1,face_text,scan,indian-014_03,indian,box-derived
train,train.csv,train/attack/digital_1/scan/indian-021_03.jpg,generated_masks/train/attack/digital_1/scan/indian-021_03.png,1,face_text,scan,indian-021_03,indian,box-derived
train,train.csv,train/attack/digital_1/scan/indian-037_03.jpg,generated_masks/train/attack/digital_1/scan/indian-037_03.png,1,face_text,scan,indian-037_03,indian,box-derived
train,train.csv,train/attack/digital_1/scan/indian-108_03.jpg,generated_masks/train/attack/digital_1/scan/indian-108_03.png,1,face_text,scan,indian-108_03,indian,box-derived
train,train.csv,train/attack/digital_1/scan/indian-NF-1006.jpg,generated_masks/train/attack/digital_1/scan/indian-NF-1006.png,1,face_text,scan,indian-NF-1006,indian,box-derived
train,train.csv,train/attack/digital_1/scan/indian-NF-1025.jpg,generated_masks/train/attack/digital_1/scan/indian-NF-1025.png,1,face_text,scan,indian-NF-1025,indian,box-derived
train,train.csv,train/attack/digital_1/scan/indian-NF-1039.jpg,generated_masks/train/attack/digital_1/scan/indian-NF-1039.png,1,face_text,scan,indian-NF-1039,indian,box-derived
train,train.csv,train/attack/digital_1/scan/indian-NF-1075.jpg,generated_masks/train/attack/digital_1/scan/indian-NF-1075.png,1,face_text,scan,indian-NF-1075,indian,box-derived
train,train.csv,train/attack/digital_1/scan/indian-NF-1096.jpg,generated_masks/train/attack/digital_1/scan/indian-NF-1096.png,1,face_text,scan,indian-NF-1096,indian,box-derived
train,train.csv,train/attack/digital_1/scan/persian-010_03.jpg,generated_masks/train/attack/digital_1/scan/persian-010_03.png,1,face_text,scan,persian-010_03,persian,box-derived
train,train.csv,train/attack/digital_1/scan/persian-069_03.jpg,generated_masks/train/attack/digital_1/scan/persian-069_03.png,1,face_text,scan,persian-069_03,persian,box-derived
train,train.csv,train/attack/digital_1/scan/persian-087_03.jpg,generated_masks/train/attack/digital_1/scan/persian-087_03.png,1,face_text,scan,persian-087_03,persian,box-derived
train,train.csv,train/attack/digital_1/scan/persian-144_03.jpg,generated_masks/train/attack/digital_1/scan/persian-144_03.png,1,face_text,scan,persian-144_03,persian,box-derived
train,train.csv,train/attack/digital_1/scan/persian-NF-1001.jpg,generated_masks/train/attack/digital_1/scan/persian-NF-1001.png,1,face_text,scan,persian-NF-1001,persian,box-derived
train,train.csv,train/attack/digital_1/scan/persian-NF-1018.jpg,generated_masks/train/attack/digital_1/scan/persian-NF-1018.png,1,face_text,scan,persian-NF-1018,persian,box-derived
train,train.csv,train/attack/digital_1/scan/persian-NF-1031.jpg,generated_masks/train/attack/digital_1/scan/persian-NF-1031.png,1,face_text,scan,persian-NF-1031,persian,box-derived
train,train.csv,train/attack/digital_1/scan/persian-NF-1034.jpg,generated_masks/train/attack/digital_1/scan/persian-NF-1034.png,1,face_text,scan,persian-NF-1034,persian,box-derived
train,train.csv,train/attack/digital_1/scan/persian-NF-1043.jpg,generated_masks/train/attack/digital_1/scan/persian-NF-1043.png,1,face_text,scan,persian-NF-1043,persian,box-derived
train,train.csv,train/attack/digital_1/scan/persian-NF-1079.jpg,generated_masks/train/attack/digital_1/scan/persian-NF-1079.png,1,face_text,scan,persian-NF-1079,persian,box-derived
train,train.csv,train/attack/digital_1/scan/persian-NF-1108.jpg,generated_masks/train/attack/digital_1/scan/persian-NF-1108.png,1,face_text,scan,persian-NF-1108,persian,box-derived
train,train.csv,train/attack/digital_1/scan/persian-NM-1035.jpg,generated_masks/train/attack/digital_1/scan/persian-NM-1035.png,1,face_text,scan,persian-NM-1035,persian,box-derived
train,train.csv,train/attack/digital_1/scan/portugal-004_03.jpg,generated_masks/train/attack/digital_1/scan/portugal-004_03.png,1,face_text,scan,portugal-004_03,portugal,box-derived
train,train.csv,train/attack/digital_1/scan/portugal-013_03.jpg,generated_masks/train/attack/digital_1/scan/portugal-013_03.png,1,face_text,scan,portugal-013_03,portugal,box-derived
train,train.csv,train/attack/digital_1/scan/portugal-017_03.jpg,generated_masks/train/attack/digital_1/scan/portugal-017_03.png,1,face_text,scan,portugal-017_03,portugal,box-derived
train,train.csv,train/attack/digital_1/scan/portugal-026_03.jpg,generated_masks/train/attack/digital_1/scan/portugal-026_03.png,1,face_text,scan,portugal-026_03,portugal,box-derived
train,train.csv,train/attack/digital_1/scan/portugal-029_03.jpg,generated_masks/train/attack/digital_1/scan/portugal-029_03.png,1,face_text,scan,portugal-029_03,portugal,box-derived
train,train.csv,train/attack/digital_1/scan/portugal-042_03.jpg,generated_masks/train/attack/digital_1/scan/portugal-042_03.png,1,face_text,scan,portugal-042_03,portugal,box-derived
train,train.csv,train/attack/digital_1/scan/portugal-066_03.jpg,generated_masks/train/attack/digital_1/scan/portugal-066_03.png,1,face_text,scan,portugal-066_03,portugal,box-derived
train,train.csv,train/attack/digital_1/scan/portugal-105_03.jpg,generated_masks/train/attack/digital_1/scan/portugal-105_03.png,1,face_text,scan,portugal-105_03,portugal,box-derived
train,train.csv,train/attack/digital_1/scan/portugal-125_03.jpg,generated_masks/train/attack/digital_1/scan/portugal-125_03.png,1,face_text,scan,portugal-125_03,portugal,box-derived
train,train.csv,train/attack/digital_1/scan/portugal-143_03.jpg,generated_masks/train/attack/digital_1/scan/portugal-143_03.png,1,face_text,scan,portugal-143_03,portugal,box-derived
train,train.csv,train/attack/digital_1/scan/portugal-NF-1016.jpg,generated_masks/train/attack/digital_1/scan/portugal-NF-1016.png,1,face_text,scan,portugal-NF-1016,portugal,box-derived
train,train.csv,train/attack/digital_1/scan/portugal-NF-1026.jpg,generated_masks/train/attack/digital_1/scan/portugal-NF-1026.png,1,face_text,scan,portugal-NF-1026,portugal,box-derived
train,train.csv,train/attack/digital_1/scan/portugal-NF-1041.jpg,generated_masks/train/attack/digital_1/scan/portugal-NF-1041.png,1,face_text,scan,portugal-NF-1041,portugal,box-derived
train,train.csv,train/attack/digital_1/scan/portugal-NF-1066.jpg,generated_masks/train/attack/digital_1/scan/portugal-NF-1066.png,1,face_text,scan,portugal-NF-1066,portugal,box-derived
train,train.csv,train/attack/digital_1/scan/portugal-NF-1086.jpg,generated_masks/train/attack/digital_1/scan/portugal-NF-1086.png,1,face_text,scan,portugal-NF-1086,portugal,box-derived
train,train.csv,train/attack/digital_1/scan/portugal-NF-1105.jpg,generated_masks/train/attack/digital_1/scan/portugal-NF-1105.png,1,face_text,scan,portugal-NF-1105,portugal,box-derived
train,train.csv,train/attack/digital_1/scan/portugal-NF-1107.jpg,generated_masks/train/attack/digital_1/scan/portugal-NF-1107.png,1,face_text,scan,portugal-NF-1107,portugal,box-derived
train,train.csv,train/attack/digital_1/scan/portugal-NF-1109.jpg,generated_masks/train/attack/digital_1/scan/portugal-NF-1109.png,1,face_text,scan,portugal-NF-1109,portugal,box-derived
train,train.csv,train/attack/digital_1/scan/portugal-NM-1091.jpg,generated_masks/train/attack/digital_1/scan/portugal-NM-1091.png,1,face_text,scan,portugal-NM-1091,portugal,box-derived
train,train.csv,train/attack/digital_1/scan/portugal-NM-1102.jpg,generated_masks/train/attack/digital_1/scan/portugal-NM-1102.png,1,face_text,scan,portugal-NM-1102,portugal,box-derived
train,train.csv,train/attack/digital_1/scan/russian-002_03.jpg,generated_masks/train/attack/digital_1/scan/russian-002_03.png,1,face_text,scan,russian-002_03,russian,box-derived
train,train.csv,train/attack/digital_1/scan/russian-062_03.jpg,generated_masks/train/attack/digital_1/scan/russian-062_03.png,1,face_text,scan,russian-062_03,russian,box-derived
train,train.csv,train/attack/digital_1/scan/russian-082_03.jpg,generated_masks/train/attack/digital_1/scan/russian-082_03.png,1,face_text,scan,russian-082_03,russian,box-derived
train,train.csv,train/attack/digital_1/scan/russian-123_03.jpg,generated_masks/train/attack/digital_1/scan/russian-123_03.png,1,face_text,scan,russian-123_03,russian,box-derived
train,train.csv,train/attack/digital_1/scan/russian-NF-1013.jpg,generated_masks/train/attack/digital_1/scan/russian-NF-1013.png,1,face_text,scan,russian-NF-1013,russian,box-derived
train,train.csv,train/attack/digital_1/scan/russian-NF-1028.jpg,generated_masks/train/attack/digital_1/scan/russian-NF-1028.png,1,face_text,scan,russian-NF-1028,russian,box-derived
train,train.csv,train/attack/digital_1/scan/russian-NF-1080.jpg,generated_masks/train/attack/digital_1/scan/russian-NF-1080.png,1,face_text,scan,russian-NF-1080,russian,box-derived
train,train.csv,train/attack/digital_1/scan/russian-NF-1081.jpg,generated_masks/train/attack/digital_1/scan/russian-NF-1081.png,1,face_text,scan,russian-NF-1081,russian,box-derived
train,train.csv,train/attack/digital_1/scan/russian-NF-1089.jpg,generated_masks/train/attack/digital_1/scan/russian-NF-1089.png,1,face_text,scan,russian-NF-1089,russian,box-derived
train,train.csv,train/attack/digital_1/scan/russian-NF-1099.jpg,generated_masks/train/attack/digital_1/scan/russian-NF-1099.png,1,face_text,scan,russian-NF-1099,russian,box-derived
train,train.csv,train/attack/digital_1/scan/russian-NM-1027.jpg,generated_masks/train/attack/digital_1/scan/russian-NM-1027.png,1,face_text,scan,russian-NM-1027,russian,box-derived
train,train.csv,train/attack/digital_1/scan/turkiye-008_03.jpg,generated_masks/train/attack/digital_1/scan/turkiye-008_03.png,1,face_text,scan,turkiye-008_03,turkiye,box-derived
train,train.csv,train/attack/digital_1/scan/turkiye-036_03.jpg,generated_masks/train/attack/digital_1/scan/turkiye-036_03.png,1,face_text,scan,turkiye-036_03,turkiye,box-derived
train,train.csv,train/attack/digital_1/scan/turkiye-083_03.jpg,generated_masks/train/attack/digital_1/scan/turkiye-083_03.png,1,face_text,scan,turkiye-083_03,turkiye,box-derived
train,train.csv,train/attack/digital_1/scan/turkiye-086_03.jpg,generated_masks/train/attack/digital_1/scan/turkiye-086_03.png,1,face_text,scan,turkiye-086_03,turkiye,box-derived
train,train.csv,train/attack/digital_1/scan/turkiye-092_03.jpg,generated_masks/train/attack/digital_1/scan/turkiye-092_03.png,1,face_text,scan,turkiye-092_03,turkiye,box-derived
train,train.csv,train/attack/digital_1/scan/turkiye-126_03.jpg,generated_masks/train/attack/digital_1/scan/turkiye-126_03.png,1,face_text,scan,turkiye-126_03,turkiye,box-derived
train,train.csv,train/attack/digital_1/scan/turkiye-127_03.jpg,generated_masks/train/attack/digital_1/scan/turkiye-127_03.png,1,face_text,scan,turkiye-127_03,turkiye,box-derived
train,train.csv,train/attack/digital_1/scan/turkiye-129_03.jpg,generated_masks/train/attack/digital_1/scan/turkiye-129_03.png,1,face_text,scan,turkiye-129_03,turkiye,box-derived
train,train.csv,train/attack/digital_1/scan/turkiye-130_03.jpg,generated_masks/train/attack/digital_1/scan/turkiye-130_03.png,1,face_text,scan,turkiye-130_03,turkiye,box-derived
train,train.csv,train/attack/digital_1/scan/turkiye-138_03.jpg,generated_masks/train/attack/digital_1/scan/turkiye-138_03.png,1,face_text,scan,turkiye-138_03,turkiye,box-derived
train,train.csv,train/attack/digital_1/scan/turkiye-NF-1002.jpg,generated_masks/train/attack/digital_1/scan/turkiye-NF-1002.png,1,face_text,scan,turkiye-NF-1002,turkiye,box-derived
train,train.csv,train/attack/digital_1/scan/turkiye-NF-1054.jpg,generated_masks/train/attack/digital_1/scan/turkiye-NF-1054.png,1,face_text,scan,turkiye-NF-1054,turkiye,box-derived
train,train.csv,train/attack/digital_1/scan/turkiye-NF-1103.jpg,generated_masks/train/attack/digital_1/scan/turkiye-NF-1103.png,1,face_text,scan,turkiye-NF-1103,turkiye,box-derived
train,train.csv,train/attack/digital_1/scan/turkiye-NM-1011.jpg,generated_masks/train/attack/digital_1/scan/turkiye-NM-1011.png,1,face_text,scan,turkiye-NM-1011,turkiye,box-derived
train,train.csv,train/attack/digital_1/scan/turkiye-NM-1019.jpg,generated_masks/train/attack/digital_1/scan/turkiye-NM-1019.png,1,face_text,scan,turkiye-NM-1019,turkiye,box-derived
train,train.csv,train/attack/digital_1/scan/turkiye-NM-1033.jpg,generated_masks/train/attack/digital_1/scan/turkiye-NM-1033.png,1,face_text,scan,turkiye-NM-1033,turkiye,box-derived
train,train.csv,train/attack/digital_1/scan/turkiye-NM-1055.jpg,generated_masks/train/attack/digital_1/scan/turkiye-NM-1055.png,1,face_text,scan,turkiye-NM-1055,turkiye,box-derived
train,train.csv,train/attack/digital_1/scan/ukraine-006_03.jpg,generated_masks/train/attack/digital_1/scan/ukraine-006_03.png,1,face_text,scan,ukraine-006_03,ukraine,box-derived
train,train.csv,train/attack/digital_1/scan/ukraine-030_03.jpg,generated_masks/train/attack/digital_1/scan/ukraine-030_03.png,1,face_text,scan,ukraine-030_03,ukraine,box-derived
train,train.csv,train/attack/digital_1/scan/ukraine-103_03.jpg,generated_masks/train/attack/digital_1/scan/ukraine-103_03.png,1,face_text,scan,ukraine-103_03,ukraine,box-derived
train,train.csv,train/attack/digital_1/scan/ukraine-NF-1005.jpg,generated_masks/train/attack/digital_1/scan/ukraine-NF-1005.png,1,face_text,scan,ukraine-NF-1005,ukraine,box-derived
train,train.csv,train/attack/digital_1/scan/ukraine-NF-1015.jpg,generated_masks/train/attack/digital_1/scan/ukraine-NF-1015.png,1,face_text,scan,ukraine-NF-1015,ukraine,box-derived
train,train.csv,train/attack/digital_1/scan/ukraine-NF-1021.jpg,generated_masks/train/attack/digital_1/scan/ukraine-NF-1021.png,1,face_text,scan,ukraine-NF-1021,ukraine,box-derived
train,train.csv,train/attack/digital_1/scan/ukraine-NF-1032.jpg,generated_masks/train/attack/digital_1/scan/ukraine-NF-1032.png,1,face_text,scan,ukraine-NF-1032,ukraine,box-derived
train,train.csv,train/attack/digital_1/scan/ukraine-NF-1068.jpg,generated_masks/train/attack/digital_1/scan/ukraine-NF-1068.png,1,face_text,scan,ukraine-NF-1068,ukraine,box-derived
train,train.csv,train/attack/digital_1/scan/ukraine-NF-1073.jpg,generated_masks/train/attack/digital_1/scan/ukraine-NF-1073.png,1,face_text,scan,ukraine-NF-1073,ukraine,box-derived
train,train.csv,train/attack/digital_1/scan/ukraine-NF-1087.jpg,generated_masks/train/attack/digital_1/scan/ukraine-NF-1087.png,1,face_text,scan,ukraine-NF-1087,ukraine,box-derived
train,train.csv,train/attack/digital_1/scan/ukraine-NF-1106.jpg,generated_masks/train/attack/digital_1/scan/ukraine-NF-1106.png,1,face_text,scan,ukraine-NF-1106,ukraine,box-derived
train,train.csv,train/attack/digital_1/scan/ukraine-NM-1007.jpg,generated_masks/train/attack/digital_1/scan/ukraine-NM-1007.png,1,face_text,scan,ukraine-NM-1007,ukraine,box-derived
train,train.csv,train/attack/digital_1/scan/usa-009_03.jpg,generated_masks/train/attack/digital_1/scan/usa-009_03.png,1,face_text,scan,usa-009_03,usa,box-derived
train,train.csv,train/attack/digital_1/scan/usa-011_03.jpg,generated_masks/train/attack/digital_1/scan/usa-011_03.png,1,face_text,scan,usa-011_03,usa,box-derived
train,train.csv,train/attack/digital_1/scan/usa-016_03.jpg,generated_masks/train/attack/digital_1/scan/usa-016_03.png,1,face_text,scan,usa-016_03,usa,box-derived
train,train.csv,train/attack/digital_1/scan/usa-034_03.jpg,generated_masks/train/attack/digital_1/scan/usa-034_03.png,1,face_text,scan,usa-034_03,usa,box-derived
train,train.csv,train/attack/digital_1/scan/usa-043_03.jpg,generated_masks/train/attack/digital_1/scan/usa-043_03.png,1,face_text,scan,usa-043_03,usa,box-derived
train,train.csv,train/attack/digital_1/scan/usa-063_03.jpg,generated_masks/train/attack/digital_1/scan/usa-063_03.png,1,face_text,scan,usa-063_03,usa,box-derived
train,train.csv,train/attack/digital_1/scan/usa-067_03.jpg,generated_masks/train/attack/digital_1/scan/usa-067_03.png,1,face_text,scan,usa-067_03,usa,box-derived
train,train.csv,train/attack/digital_1/scan/usa-136_03.jpg,generated_masks/train/attack/digital_1/scan/usa-136_03.png,1,face_text,scan,usa-136_03,usa,box-derived
train,train.csv,train/attack/digital_1/scan/usa-137_03.jpg,generated_masks/train/attack/digital_1/scan/usa-137_03.png,1,face_text,scan,usa-137_03,usa,box-derived
train,train.csv,train/attack/digital_1/scan/usa-NF-1004.jpg,generated_masks/train/attack/digital_1/scan/usa-NF-1004.png,1,face_text,scan,usa-NF-1004,usa,box-derived
train,train.csv,train/attack/digital_1/scan/usa-NF-1017.jpg,generated_masks/train/attack/digital_1/scan/usa-NF-1017.png,1,face_text,scan,usa-NF-1017,usa,box-derived
train,train.csv,train/attack/digital_1/scan/usa-NF-1036.jpg,generated_masks/train/attack/digital_1/scan/usa-NF-1036.png,1,face_text,scan,usa-NF-1036,usa,box-derived
train,train.csv,train/attack/digital_1/scan/usa-NF-1044.jpg,generated_masks/train/attack/digital_1/scan/usa-NF-1044.png,1,face_text,scan,usa-NF-1044,usa,box-derived
train,train.csv,train/attack/digital_1/scan/usa-NF-1046.jpg,generated_masks/train/attack/digital_1/scan/usa-NF-1046.png,1,face_text,scan,usa-NF-1046,usa,box-derived
train,train.csv,train/attack/digital_1/scan/usa-NF-1051.jpg,generated_masks/train/attack/digital_1/scan/usa-NF-1051.png,1,face_text,scan,usa-NF-1051,usa,box-derived
train,train.csv,train/attack/digital_1/scan/usa-NF-1062.jpg,generated_masks/train/attack/digital_1/scan/usa-NF-1062.png,1,face_text,scan,usa-NF-1062,usa,box-derived
train,train.csv,train/attack/digital_1/scan/usa-NF-1076.jpg,generated_masks/train/attack/digital_1/scan/usa-NF-1076.png,1,face_text,scan,usa-NF-1076,usa,box-derived
train,train.csv,train/attack/digital_1/scan/usa-NF-1093.jpg,generated_masks/train/attack/digital_1/scan/usa-NF-1093.png,1,face_text,scan,usa-NF-1093,usa,box-derived
train,train.csv,train/attack/digital_1/scan/french-090_03.jpg,generated_masks/train/attack/digital_1/scan/french-090_03.png,1,face_text,scan,french-090_03,french,box-derived
train,train.csv,train/attack/digital_1/scan/french-091_03.jpg,generated_masks/train/attack/digital_1/scan/french-091_03.png,1,face_text,scan,french-091_03,french,box-derived
train,train.csv,train/attack/digital_1/scan/french-097_03.jpg,generated_masks/train/attack/digital_1/scan/french-097_03.png,1,face_text,scan,french-097_03,french,box-derived
train,train.csv,train/attack/digital_1/scan/french-100_03.jpg,generated_masks/train/attack/digital_1/scan/french-100_03.png,1,face_text,scan,french-100_03,french,box-derived
train,train.csv,train/attack/digital_1/scan/french-118_03.jpg,generated_masks/train/attack/digital_1/scan/french-118_03.png,1,face_text,scan,french-118_03,french,box-derived
train,train.csv,train/attack/digital_1/scan/french-124_03.jpg,generated_masks/train/attack/digital_1/scan/french-124_03.png,1,face_text,scan,french-124_03,french,box-derived
train,train.csv,train/attack/digital_1/scan/french-135_03.jpg,generated_masks/train/attack/digital_1/scan/french-135_03.png,1,face_text,scan,french-135_03,french,box-derived
train,train.csv,train/attack/digital_1/scan/french-NF-1020.jpg,generated_masks/train/attack/digital_1/scan/french-NF-1020.png,1,face_text,scan,french-NF-1020,french,box-derived
train,train.csv,train/attack/digital_1/scan/french-NF-1047.jpg,generated_masks/train/attack/digital_1/scan/french-NF-1047.png,1,face_text,scan,french-NF-1047,french,box-derived
train,train.csv,train/attack/digital_1/scan/french-NF-1056.jpg,generated_masks/train/attack/digital_1/scan/french-NF-1056.png,1,face_text,scan,french-NF-1056,french,box-derived
train,train.csv,train/attack/digital_1/scan/french-NF-1082.jpg,generated_masks/train/attack/digital_1/scan/french-NF-1082.png,1,face_text,scan,french-NF-1082,french,box-derived
train,train.csv,train/attack/digital_1/scan/arabic-003_03.jpg,generated_masks/train/attack/digital_1/scan/arabic-003_03.png,1,face_text,scan,arabic-003_03,arabic,box-derived
