split,source_csv,path,mask,label,attack_type,device,group_key,template_stratum,mask_provenance
conditional_localization_only,test.csv,test/attack/digital_3/scan/russian-NF-1099.jpg,generated_masks/test/attack/digital_3/scan/russian-NF-1099.png,1,text,scan,russian-NF-1099,russian,box-derived
conditional_localization_only,test.csv,test/attack/digital_3/scan/persian-087_03.jpg,generated_masks/test/attack/digital_3/scan/persian-087_03.png,1,text,scan,persian-087_03,persian,box-derived
conditional_localization_only,test.csv,test/attack/digital_3/scan/ukraine-006_03.jpg,generated_masks/test/attack/digital_3/scan/ukraine-006_03.png,1,text,scan,ukraine-006_03,ukraine,box-derived
conditional_localization_only,test.csv,test/attack/digital_3/scan/chinese-01_0034_000-9b26d58c_0.jpg,generated_masks/test/attack/digital_3/scan/chinese-01_0034_000-9b26d58c_0.png,1,text,scan,chinese-01_0034_000-9b26d58c_0,chinese,box-derived
conditional_localization_only,test.csv,test/attack/digital_3/scan/french-NF-1020.jpg,generated_masks/test/attack/digital_3/scan/french-NF-1020.png,1,text,scan,french-NF-1020,french,box-derived
conditional_localization_only,test.csv,test/attack/digital_3/scan/usa-01_0038_000-0ee87df5_0.jpg,generated_masks/test/attack/digital_3/scan/usa-01_0038_000-0ee87df5_0.png,1,text,scan,usa-01_0038_000-0ee87df5_0,usa,box-derived
conditional_localization_only,test.csv,test/attack/digital_3/scan/arabic-120_03.jpg,generated_masks/test/attack/digital_3/scan/arabic-120_03.png,1,text,scan,arabic-120_03,arabic,box-derived
conditional_localization_only,test.csv,test/attack/digital_3/scan/chinese-01_0003_000-98e8eaef_0.jpg,generated_masks/test/attack/digital_3/scan/chinese-01_0003_000-98e8eaef_0.png,1,text,scan,chinese-01_0003_000-98e8eaef_0,chinese,box-derived
conditional_localization_only,test.csv,test/attack/digital_3/scan/french-135_03.jpg,generated_masks/test/attack/digital_3/scan/french-135_03.png,1,text,scan,french-135_03,french,box-derived
conditional_localization_only,test.csv,test/attack/digital_3/scan/indian-01_0004_000-2423feb1_0.jpg,generated_masks/test/attack/digital_3/scan/indian-01_0004_000-2423feb1_0.png,1,text,scan,indian-01_0004_000-2423feb1_0,indian,box-derived
conditional_localization_only,test.csv,test/attack/digital_3/scan/usa-NF-1017.jpg,generated_masks/test/attack/digital_3/scan/usa-NF-1017.png,1,text,scan,usa-NF-1017,usa,box-derived
conditional_localization_only,test.csv,test/attack/digital_3/scan/ukraine-030_03.jpg,generated_masks/test/attack/digital_3/scan/ukraine-030_03.png,1,text,scan,ukraine-030_03,ukraine,box-derived
conditional_localization_only,test.csv,test/attack/digital_3/scan/french-044_03.jpg,generated_masks/test/attack/digital_3/scan/french-044_03.png,1,text,scan,french-044_03,french,box-derived
conditional_localization_only,test.csv,test/attack/digital_3/scan/chinese-NF-1085.jpg,generated_masks/test/attack/digital_3/scan/chinese-NF-1085.png,1,text,scan,chinese-NF-1085,chinese,box-derived
conditional_localization_only,test.csv,test/attack/digital_3/scan/usa-043_03.jpg,generated_masks/test/attack/digital_3/scan/usa-043_03.png,1,text,scan,usa-043_03,usa,box-derived
conditional_localization_only,test.csv,test/attack/digital_3/scan/chinese-NF-1050.jpg,generated_masks/test/attack/digital_3/scan/chinese-NF-1050.png,1,text,scan,chinese-NF-1050,chinese,box-derived
conditional_localization_only,test.csv,test/attack/digital_3/scan/indian-01_0005_000-59069fdd_1.jpg,generated_masks/test/attack/digital_3/scan/indian-01_0005_000-59069fdd_1.png,1,text,scan,indian-01_0005_000-59069fdd_1,indian,box-derived
conditional_localization_only,test.csv,test/attack/digital_3/scan/persian-01_0064_000-daacc8f3_0.jpg,generated_masks/test/attack/digital_3/scan/persian-01_0064_000-daacc8f3_0.png,1,text,scan,persian-01_0064_000-daacc8f3_0,persian,box-derived
conditional_localization_only,test.csv,test/attack/digital_3/scan/french-01_0029_000-d00491e2_1.jpg,generated_masks/test/attack/digital_3/scan/french-01_0029_000-d00491e2_1.png,1,text,scan,french-01_0029_000-d00491e2_1,french,box-derived
conditional_localization_only,test.csv,test/attack/digital_3/scan/ukraine-NF-1068.jpg,generated_masks/test/attack/digital_3/scan/ukraine-NF-1068.png,1,text,scan,ukraine-NF-1068,ukraine,box-derived
conditional_localization_only,test.csv,test/attack/digital_3/scan/portugal-NM-1102.jpg,generated_masks/test/attack/digital_3/scan/portugal-NM-1102.png,1,text,scan,portugal-NM-1102,portugal,box-derived
conditional_localization_only,test.csv,test/attack/digital_3/scan/persian-01_0096_000-75b0e83b_0.jpg,generated_masks/test/attack/digital_3/scan/persian-01_0096_000-75b0e83b_0.png,1,text,scan,persian-01_0096_000-75b0e83b_0,persian,box-derived
conditional_localization_only,test.csv,test/attack/digital_3/scan/usa-067_03.jpg,generated_masks/test/attack/digital_3/scan/usa-067_03.png,1,text,scan,usa-067_03,usa,box-derived
conditional_localization_only,test.csv,test/attack/digital_3/scan/turkiye-NF-1002.jpg,generated_masks/test/attack/digital_3/scan/turkiye-NF-1002.png,1,text,scan,turkiye-NF-1002,turkiye,box-derived
conditional_localization_only,test.csv,test/attack/digital_3/scan/chinese-001_03.jpg,generated_masks/test/attack/digital_3/scan/chinese-001_03.png,1,text,scan,chinese-001_03,chinese,box-derived
conditional_localization_only,test.csv,test/attack/digital_3/scan/turkiye-130_03.jpg,generated_masks/test/attack/digital_3/scan/turkiye-130_03.png,1,text,scan,turkiye-130_03,turkiye,box-derived
conditional_localization_only,test.csv,test/attack/digital_3/scan/chinese-113_03.jpg,generated_masks/test/attack/digital_3/scan/chinese-113_03.png,1,text,scan,chinese-113_03,chinese,box-derived
conditional_localization_only,test.csv,test/attack/digital_3/scan/usa-016_03.jpg,generated_masks/test/attack/digital_3/scan/usa-016_03.png,1,text,scan,usa-016_03,usa,box-derived
conditional_localization_only,test.csv,test/attack/digital_3/scan/chinese-01_0084_000-ba83f345_1.jpg,generated_masks/test/attack/digital_3/scan/chinese-01_0084_000-ba83f345_1.png,1,text,scan,chinese-01_0084_000-ba83f345_1,chinese,box-derived
conditional_localization_only,test.csv,test/attack/digital_3/scan/indian-01_0071_000-73870eac_1.jpg,generated_masks/test/attack/digital_3/scan/indian-01_0071_000-73870eac_1.png,1,text,scan,indian-01_0071_000-73870eac_1,indian,box-derived
conditional_localization_only,test.csv,test/attack/digital_3/scan/turkiye-NM-1011.jpg,generated_masks/test/attack/digital_3/scan/turkiye-NM-1011.png,1,text,scan,turkiye-NM-1011,turkiye,box-derived
conditional_localization_only,test.csv,test/attack/digital_3/scan/arabic-NF-1049.jpg,generated_masks/test/attack/digital_3/scan/arabic-NF-1049.png,1,text,scan,arabic-NF-1049,arabic,box-derived
conditional_localization_only,test.csv,test/attack/digital_3/scan/russian-062_03.jpg,generated_masks/test/attack/digital_3/scan/russian-062_03.png,1,text,scan,russian-062_03,russian,box-derived
conditional_localization_only,test.csv,test/attack/digital_3/scan/usa-NF-1004.jpg,generated_masks/test/attack/digital_3/scan/usa-NF-1004.png,1,text,scan,usa-NF-1004,usa,box-derived
conditional_localization_only,test.csv,test/attack/digital_3/scan/turkiye-01_0078_000-cfc6a96f_1.jpg,generated_masks/test/attack/digital_3/scan/turkiye-01_0078_000-cfc6a96f_1.png,1,text,scan,turkiye-01_0078_000-cfc6a96f_1,turkiye,box-derived
conditional_localization_only,test.csv,test/attack/digital_3/scan/turkiye-008_03.jpg,generated_masks/test/attack/digital_3/scan/turkiye-008_03.png,1,text,scan,turkiye-008_03,turkiye,box-derived
conditional_localization_only,test.csv,test/attack/digital_3/scan/french-091_03.jpg,generated_masks/test/attack/digital_3/scan/french-091_03.png,1,text,scan,french-091_03,french,box-derived
conditional_localization_only,test.csv,test/attack/digital_3/scan/indian-NF-1006.jpg,generated_masks/test/attack/digital_3/scan/indian-NF-1006.png,1,text,scan,indian-NF-1006,indian,box-derived
conditional_localization_only,test.csv,test/attack/digital_3/scan/arabic-NF-1100.jpg,generated_masks/test/attack/digital_3/scan/arabic-NF-1100.png,1,text,scan,arabic-NF-1100,arabic,box-derived
conditional_localization_only,test.csv,test/attack/digital_3/scan/indian-037_03.jpg,generated_masks/test/attack/digital_3/scan/indian-037_03.png,1,text,scan,indian-037_03,indian,box-derived
conditional_localization_only,test.csv,test/attack/digital_3/scan/ukraine-NF-1087.jpg,generated_masks/test/attack/digital_3/scan/ukraine-NF-1087.png,1,text,scan,ukraine-NF-1087,ukraine,box-derived
conditional_localization_only,test.csv,test/attack/digital_3/scan/portugal-NF-1105.jpg,generated_masks/test/attack/digital_3/scan/portugal-NF-1105.png,1,text,scan,portugal-NF-1105,portugal,box-derived
conditional_localization_only,test.csv,test/attack/digital_3/scan/arabic-NF-1048.jpg,generated_masks/test/attack/digital_3/scan/arabic-NF-1048.png,1,text,scan,arabic-NF-1048,arabic,box-derived
conditional_localization_only,test.csv,test/attack/digital_3/scan/chinese-NF-1042.jpg,generated_masks/test/attack/digital_3/scan/chinese-NF-1042.png,1,text,scan,chinese-NF-1042,chinese,box-derived
conditional_localization_only,test.csv,test/attack/digital_3/scan/indian-01_0087_000-7edaffe9_0.jpg,generated_masks/test/attack/digital_3/scan/indian-01_0087_000-7edaffe9_0.png,1,text,scan,indian-01_0087_000-7edaffe9_0,indian,box-derived
conditional_localization_only,test.csv,test/attack/digital_3/scan/portugal-NF-1107.jpg,generated_masks/test/attack/digital_3/scan/portugal-NF-1107.png,1,text,scan,portugal-NF-1107,portugal,box-derived
conditional_localization_only,test.csv,test/attack/digital_3/scan/turkiye-01_0093_000-330a7661_0.jpg,generated_masks/test/attack/digital_3/scan/turkiye-01_0093_000-330a7661_0.png,1,text,scan,turkiye-01_0093_000-330a7661_0,turkiye,box-derived
conditional_localization_only,test.csv,test/attack/digital_3/scan/indian-NF-1039.jpg,generated_masks/test/attack/digital_3/scan/indian-NF-1039.png,1,text,scan,indian-NF-1039,indian,box-derived
conditional_localization_only,test.csv,test/attack/digital_3/scan/turkiye-086_03.jpg,generated_masks/test/attack/digital_3/scan/turkiye-086_03.png,1,text,scan,turkiye-086_03,turkiye,box-derived
conditional_localization_only,test.csv,test/attack/digital_3/scan/portugal-143_03.jpg,generated_masks/test/attack/digital_3/scan/portugal-143_03.png,1,text,scan,portugal-143_03,portugal,box-derived
conditional_localization_only,test.csv,test/attack/digital_3/scan/turkiye-01_0079_000-01a48f56_0.jpg,generated_masks/test/attack/digital_3/scan/turkiye-01_0079_000-01a48f56_0.png,1,text,scan,turkiye-01_0079_000-01a48f56_0,turkiye,box-derived
conditional_localization_only,test.csv,test/attack/digital_3/scan/portugal-NF-1066.jpg,generated_masks/test/attack/digital_3/scan/portugal-NF-1066.png,1,text,scan,portugal-NF-1066,portugal,box-derived
conditional_localization_only,test.csv,test/attack/digital_3/scan/turkiye-01_0081_000-e5c4342a_1.jpg,generated_masks/test/attack/digital_3/scan/turkiye-01_0081_000-e5c4342a_1.png,1,text,scan,turkiye-01_0081_000-e5c4342a_1,turkiye,box-derived
conditional_localization_only,test.csv,test/attack/digital_3/scan/indian-01_0068_000-1b9539d8_0.jpg,generated_masks/test/attack/digital_3/scan/indian-01_0068_000-1b9539d8_0.png,1,text,scan,indian-01_0068_000-1b9539d8_0,indian,box-derived
conditional_localization_only,test.csv,test/attack/digital_3/scan/chinese-081_03.jpg,generated_masks/test/attack/digital_3/scan/chinese-081_03.png,1,text,scan,chinese-081_03,chinese,box-derived
conditional_localization_only,test.csv,test/attack/digital_3/scan/russian-NF-1089.jpg,generated_masks/test/attack/digital_3/scan/russian-NF-1089.png,1,text,scan,russian-NF-1089,russian,box-derived
conditional_localization_only,test.csv,test/attack/digital_3/scan/usa-01_0080_000-0c832328_1.jpg,generated_masks/test/attack/digital_3/scan/usa-01_0080_000-0c832328_1.png,1,text,scan,usa-01_0080_000-0c832328_1,usa,box-derived
conditional_localization_only,test.csv,test/attack/digital_3/scan/ukraine-01_0091_000-2d8a528b_1.jpg,generated_masks/test/attack/digital_3/scan/ukraine-01_0091_000-2d8a528b_1.png,1,text,scan,ukraine-01_0091_000-2d8a528b_1,ukraine,box-derived
conditional_localization_only,test.csv,test/attack/digital_3/scan/portugal-004_03.jpg,generated_masks/test/attack/digital_3/scan/portugal-004_03.png,1,text,scan,portugal-004_03,portugal,box-derived
conditional_localization_only,test.csv,test/attack/digital_3/scan/turkiye-NF-1103.jpg,generated_masks/test/attack/digital_3/scan/turkiye-NF-1103.png,1,text,scan,turkiye-NF-1103,turkiye,box-derived
conditional_localization_only,test.csv,test/attack/digital_3/scan/chinese-107_03.jpg,generated_masks/test/attack/digital_3/scan/chinese-107_03.png,1,text,scan,chinese-107_03,chinese,box-derived
conditional_localization_only,test.csv,test/attack/digital_3/scan/persian-144_03.jpg,generated_masks/test/attack/digital_3/scan/persian-144_03.png,1,text,scan,persian-144_03,persian,box-derived
conditional_localization_only,test.csv,test/attack/digital_3/scan/indian-021_03.jpg,generated_masks/test/attack/digital_3/scan/indian-021_03.png,1,text,scan,indian-021_03,indian,box-derived
conditional_localization_only,test.csv,test/attack/digital_3/scan/chinese-01_0022_000-3b9715ed_0.jpg,generated_masks/test/attack/digital_3/scan/chinese-01_0022_000-3b9715ed_0.png,1,text,scan,chinese-01_0022_000-3b9715ed_0,chinese,box-derived
conditional_localization_only,test.csv,test/attack/digital_3/scan/turkiye-036_03.jpg,generated_masks/test/attack/digital_3/scan/turkiye-036_03.png,1,text,scan,turkiye-036_03,turkiye,box-derived
conditional_localization_only,test.csv,test/attack/digital_3/scan/ukraine-NF-1021.jpg,generated_masks/test/attack/digital_3/scan/ukraine-NF-1021.png,1,text,scan,ukraine-NF-1021,ukraine,box-derived
conditional_localization_only,test.csv,test/attack/digital_3/scan/french-NF-1095.jpg,generated_masks/test/attack/digital_3/scan/french-NF-1095.png,1,text,scan,french-NF-1095,french,box-derived
conditional_localization_only,test.csv,test/attack/digital_3/scan/french-NF-1056.jpg,generated_masks/test/attack/digital_3/scan/french-NF-1056.png,1,text,scan,french-NF-1056,french,box-derived
conditional_localization_only,test.csv,test/attack/digital_3/scan/usa-034_03.jpg,generated_masks/test/attack/digital_3/scan/usa-034_03.png,1,text,scan,usa-034_03,usa,box-derived
conditional_localization_only,test.csv,test/attack/digital_3/scan/persian-01_0092_000-fad05fcd_1.jpg,generated_masks/test/attack/digital_3/scan/persian-01_0092_000-fad05fcd_1.png,1,text,scan,persian-01_0092_000-fad05fcd_1,persian,box-derived
conditional_localization_only,test.csv,test/attack/digital_3/scan/ukraine-01_0073_000-d23bdbae_1.jpg,generated_masks/test/attack/digital_3/scan/ukraine-01_0073_000-d23bdbae_1.png,1,text,scan,ukraine-01_0073_000-d23bdbae_1,ukraine,box-derived
conditional_localization_only,test.csv,test/attack/digital_3/scan/usa-NF-1076.jpg,generated_masks/test/attack/digital_3/scan/usa-NF-1076.png,1,text,scan,usa-NF-1076,usa,box-derived
conditional_localization_only,test.csv,test/attack/digital_3/scan/usa-NF-1062.jpg,generated_masks/test/attack/digital_3/scan/usa-NF-1062.png,1,text,scan,usa-NF-1062,usa,box-derived
conditional_localization_only,test.csv,test/attack/digital_3/scan/chinese-01_0086_000-5a7ac9e6_1.jpg,generated_masks/test/attack/digital_3/scan/chinese-01_0086_000-5a7ac9e6_1.png,1,text,scan,chinese-01_0086_000-5a7ac9e6_1,chinese,box-derived
conditional_localization_only,test.csv,test/attack/digital_3/scan/portugal-NF-1016.jpg,generated_masks/test/attack/digital_3/scan/portugal-NF-1016.png,1,text,scan,portugal-NF-1016,portugal,box-derived
conditional_localization_only,test.csv,test/attack/digital_3/scan/french-01_0094_000-51fbbc37_0.jpg,generated_masks/test/attack/digital_3/scan/french-01_0094_000-51fbbc37_0.png,1,text,scan,french-01_0094_000-51fbbc37_0,french,box-derived
conditional_localization_only,test.csv,test/attack/digital_3/scan/french-NF-1082.jpg,generated_masks/test/attack/digital_3/scan/french-NF-1082.png,1,text,scan,french-NF-1082,french,box-derived
conditional_localization_only,test.csv,test/attack/digital_3/scan/indian-NF-1075.jpg,generated_masks/test/attack/digital_3/scan/indian-NF-1075.png,1,text,scan,indian-NF-1075,indian,box-derived
conditional_localization_only,test.csv,test/attack/digital_3/scan/arabic-173_03.jpg,generated_masks/test/attack/digital_3/scan/arabic-173_03.png,1,text,scan,arabic-173_03,arabic,box-derived
conditional_localization_only,test.csv,test/attack/digital_3/scan/russian-NF-1013.jpg,generated_masks/test/attack/digital_3/scan/russian-NF-1013.png,1,text,scan,russian-NF-1013,russian,box-derived
conditional_localization_only,test.csv,test/attack/digital_3/scan/arabic-024_03.jpg,generated_masks/test/attack/digital_3/scan/arabic-024_03.png,1,text,scan,arabic-024_03,arabic,box-derived
conditional_localization_only,test.csv,test/attack/digital_3/scan/persian-NF-1001.jpg,generated_masks/test/attack/digital_3/scan/persian-NF-1001.png,1,text,scan,persian-NF-1001,persian,box-derived
conditional_localization_only,test.csv,test/attack/digital_3/scan/ukraine-NF-1032.jpg,generated_masks/test/attack/digital_3/scan/ukraine-NF-1032.png,1,text,scan,ukraine-NF-1032,ukraine,box-derived
conditional_localization_only,test.csv,test/attack/digital_3/scan/arabic-NM-1029.jpg,generated_masks/test/attack/digital_3/scan/arabic-NM-1029.png,1,text,scan,arabic-NM-1029,arabic,box-derived
conditional_localization_only,test.csv,test/attack/digital_3/scan/arabic-112_03.jpg,generated_masks/test/attack/digital_3/scan/arabic-112_03.png,1,text,scan,arabic-112_03,arabic,box-derived
conditional_localization_only,test.csv,test/attack/digital_3/scan/turkiye-092_03.jpg,generated_masks/test/attack/digital_3/scan/turkiye-092_03.png,1,text,scan,turkiye-092_03,turkiye,box-derived
conditional_localization_only,test.csv,test/attack/digital_3/scan/portugal-026_03.jpg,generated_masks/test/attack/digital_3/scan/portugal-026_03.png,1,text,scan,portugal-026_03,portugal,box-derived
conditional_localization_only,test.csv,test/attack/digital_3/scan/indian-01_0089_000-f38cdec4_1.jpg,generated_masks/test/attack/digital_3/scan/indian-01_0089_000-f38cdec4_1.png,1,text,scan,indian-01_0089_000-f38cdec4_1,indian,box-derived
conditional_localization_only,test.csv,test/attack/digital_3/scan/chinese-NF-1023.jpg,generated_masks/test/attack/digital_3/scan/chinese-NF-1023.png,1,text,scan,chinese-NF-1023,chinese,box-derived
conditional_localization_only,test.csv,test/attack/digital_3/scan/arabic-NF-1003.jpg,generated_masks/test/attack/digital_3/scan/arabic-NF-1003.png,1,text,scan,arabic-NF-1003,arabic,box-derived
conditional_localization_only,test.csv,test/attack/digital_3/scan/russian-NF-1028.jpg,generated_masks/test/attack/digital_3/scan/russian-NF-1028.png,1,text,scan,russian-NF-1028,russian,box-derived
conditional_localization_only,test.csv,test/attack/digital_3/scan/russian-123_03.jpg,generated_masks/test/attack/digital_3/scan/russian-123_03.png,1,text,scan,russian-123_03,russian,box-derived
conditional_localization_only,test.csv,test/attack/digital_3/scan/usa-063_03.jpg,generated_masks/test/attack/digital_3/scan/usa-063_03.png,1,text,scan,usa-063_03,usa,box-derived
conditional_localization_only,test.csv,test/attack/digital_3/scan/chinese-01_0012_000-48c56e4b_0.jpg,generated_masks/test/attack/digital_3/scan/chinese-01_0012_000-48c56e4b_0.png,1,text,scan,chinese-01_0012_000-48c56e4b_0,chinese,box-derived
conditional_localization_only,test.csv,test/attack/digital_3/scan/turkiye-138_03.jpg,generated_masks/test/attack/digital_3/scan/turkiye-138_03.png,1,text,scan,turkiye-138_03,turkiye,box-derived
conditional_localization_only,test.csv,test/attack/digital_3/scan/turkiye-126_03.jpg,generated_masks/test/attack/digital_3/scan/turkiye-126_03.png,1,text,scan,turkiye-126_03,turkiye,box-derived
conditional_localization_only,test.csv,test/attack/digital_3/scan/usa-136_03.jpg,generated_masks/test/attack/digital_3/scan/usa-136_03.png,1,text,scan,usa-136_03,usa,box-derived
conditional_localization_only,test.csv,test/attack/digital_3/scan/french-NF-1047.jpg,generated_masks/test/attack/digital_3/scan/french-NF-1047.png,1,text,scan,french-NF-1047,french,box-derived
conditional_localization_only,test.csv,test/attack/digital_3/scan/french-097_03.jpg,generated_masks/test/attack/digital_3/scan/french-097_03.png,1,text,scan,french-097_03,french,box-derived
conditional_localization_only,test.csv,test/attack/digital_3/scan/turkiye-NM-1055.jpg,generated_masks/test/attack/digital_3/scan/turkiye-NM-1055.png,1,text,scan,turkiye-NM-1055,turkiye,box-derived
conditional_localization_only,test.csv,test/attack/digital_3/scan/russian-01_0001_000-ff703650_1.jpg,generated_masks/test/attack/digital_3/scan/russian-01_0001_000-ff703650_1.png,1,text,scan,russian-01_0001_000-ff703650_1,russian,box-derived
conditional_localization_only,test.csv,test/attack/digital_3/scan/ukraine-NF-1015.jpg,generated_masks/test/attack/digital_3/scan/ukraine-NF-1015.png,1,text,scan,ukraine-NF-1015,ukraine,box-derived
conditional_localization_only,test.csv,test/attack/digital_3/scan/usa-009_03.jpg,generated_masks/test/attack/digital_3/scan/usa-009_03.png,1,text,scan,usa-009_03,usa,box-derived
conditional_localization_only,test.csv,test/attack/digital_3/scan/russian-01_0201_000-2ea0ec28_0.jpg,generated_masks/test/attack/digital_3/scan/russian-01_0201_000-2ea0ec28_0.png,1,text,scan,russian-01_0201_000-2ea0ec28_0,russian,box-derived
conditional_localization_only,test.csv,test/attack/digital_3/scan/russian-NM-1027.jpg,generated_masks/test/attack/digital_3/scan/russian-NM-1027.png,1,text,scan,russian-NM-1027,russian,box-derived
conditional_localization_only,test.csv,test/attack/digital_3/scan/turkiye-01_0088_000-3739c168_0.jpg,generated_masks/test/attack/digital_3/scan/turkiye-01_0088_000-3739c168_0.png,1,text,scan,turkiye-01_0088_000-3739c168_0,turkiye,box-derived
conditional_localization_only,test.csv,test/attack/digital_3/scan/russian-01_0030_000-0bc18d73_0.jpg,generated_masks/test/attack/digital_3/scan/russian-01_0030_000-0bc18d73_0.png,1,text,scan,russian-01_0030_000-0bc18d73_0,russian,box-derived
conditional_localization_only,test.csv,test/attack/digital_3/scan/russian-002_03.jpg,generated_masks/test/attack/digital_3/scan/russian-002_03.png,1,text,scan,russian-002_03,russian,box-derived
conditional_localization_only,test.csv,test/attack/digital_3/scan/turkiye-01_0035_000-d4764bf3_0.jpg,generated_masks/test/attack/digital_3/scan/turkiye-01_0035_000-d4764bf3_0.png,1,text,scan,turkiye-01_0035_000-d4764bf3_0,turkiye,box-derived
conditional_localization_only,test.csv,test/attack/digital_3/scan/persian-NF-1031.jpg,generated_masks/test/attack/digital_3/scan/persian-NF-1031.png,1,text,scan,persian-NF-1031,persian,box-derived
conditional_localization_only,test.csv,test/attack/digital_3/scan/indian-NF-1096.jpg,generated_masks/test/attack/digital_3/scan/indian-NF-1096.png,1,text,scan,indian-NF-1096,indian,box-derived
conditional_localization_only,test.csv,test/attack/digital_3/scan/turkiye-NF-1054.jpg,generated_masks/test/attack/digital_3/scan/turkiye-NF-1054.png,1,text,scan,turkiye-NF-1054,turkiye,box-derived
conditional_localization_only,test.csv,test/attack/digital_3/scan/indian-01_0082_000-1b935c0e_0.jpg,generated_masks/test/attack/digital_3/scan/indian-01_0082_000-1b935c0e_0.png,1,text,scan,indian-01_0082_000-1b935c0e_0,indian,box-derived
conditional_localization_only,test.csv,test/attack/digital_3/scan/persian-NF-1018.jpg,generated_masks/test/attack/digital_3/scan/persian-NF-1018.png,1,text,scan,persian-NF-1018,persian,box-derived
conditional_localization_only,test.csv,test/attack/digital_3/scan/arabic-01_0076_000-fd5000df_1.jpg,generated_masks/test/attack/digital_3/scan/arabic-01_0076_000-fd5000df_1.png,1,text,scan,arabic-01_0076_000-fd5000df_1,arabic,box-derived
conditional_localization_only,test.csv,test/attack/digital_3/scan/ukraine-01_0083_000-21b44038_0.jpg,generated_masks/test/attack/digital_3/scan/ukraine-01_0083_000-21b44038_0.png,1,text,scan,ukraine-01_0083_000-21b44038_0,ukraine,box-derived
conditional_localization_only,test.csv,test/attack/digital_3/scan/arabic-131_03.jpg,generated_masks/test/attack/digital_3/scan/arabic-131_03.png,1,text,scan,arabic-131_03,arabic,box-derived
conditional_localization_only,test.csv,test/attack/digital_3/scan/portugal-017_03.jpg,generated_masks/test/attack/digital_3/scan/portugal-017_03.png,1,text,scan,portugal-017_03,portugal,box-derived
conditional_localization_only,test.csv,test/attack/digital_3/scan/usa-NF-1046.jpg,generated_masks/test/attack/digital_3/scan/usa-NF-1046.png,1,text,scan,usa-NF-1046,usa,box-derived
conditional_localization_only,test.csv,test/attack/digital_3/scan/french-NF-1110.jpg,generated_masks/test/attack/digital_3/scan/french-NF-1110.png,1,text,scan,french-NF-1110,french,box-derived
conditional_localization_only,test.csv,test/attack/digital_3/scan/french-124_03.jpg,generated_masks/test/attack/digital_3/scan/french-124_03.png,1,text,scan,french-124_03,french,box-derived
conditional_localization_only,test.csv,test/attack/digital_3/scan/persian-NF-1034.jpg,generated_masks/test/attack/digital_3/scan/persian-NF-1034.png,1,text,scan,persian-NF-1034,persian,box-derived
conditional_localization_only,test.csv,test/attack/digital_3/scan/portugal-105_03.jpg,generated_masks/test/attack/digital_3/scan/portugal-105_03.png,1,text,scan,portugal-105_03,portugal,box-derived
conditional_localization_only,test.csv,test/attack/digital_3/scan/portugal-066_03.jpg,generated_masks/test/attack/digital_3/scan/portugal-066_03.png,1,text,scan,portugal-066_03,portugal,box-derived
conditional_localization_only,test.csv,test/attack/digital_3/scan/portugal-NF-1026.jpg,generated_masks/test/attack/digital_3/scan/portugal-NF-1026.png,1,text,scan,portugal-NF-1026,portugal,box-derived
conditional_localization_only,test.csv,test/attack/digital_3/scan/russian-082_03.jpg,generated_masks/test/attack/digital_3/scan/russian-082_03.png,1,text,scan,russian-082_03,russian,box-derived
conditional_localization_only,test.csv,test/attack/digital_3/scan/french-100_03.jpg,generated_masks/test/attack/digital_3/scan/french-100_03.png,1,text,scan,french-100_03,french,box-derived
conditional_localization_only,test.csv,test/attack/digital_3/scan/chinese-01_0007_000-08f07a73_0.jpg,generated_masks/test/attack/digital_3/scan/chinese-01_0007_000-08f07a73_0.png,1,text,scan,chinese-01_0007_000-08f07a73_0,chinese,box-derived
conditional_localization_only,test.csv,test/attack/digital_3/scan/portugal-01_0014_000-6f7ea414_0.jpg,generated_masks/test/attack/digital_3/scan/portugal-01_0014_000-6f7ea414_0.png,1,text,scan,portugal-01_0014_000-6f7ea414_0,portugal,box-derived
conditional_localization_only,test.csv,test/attack/digital_3/scan/portugal-042_03.jpg,generated_masks/test/attack/digital_3/scan/portugal-042_03.png,1,text,scan,portugal-042_03,portugal,box-derived
conditional_localization_only,test.csv,test/attack/digital_3/scan/chinese-NF-1014.jpg,generated_masks/test/attack/digital_3/scan/chinese-NF-1014.png,1,text,scan,chinese-NF-1014,chinese,box-derived
conditional_localization_only,test.csv,test/attack/digital_3/scan/persian-01_0200_000-78393150_0.jpg,generated_masks/test/attack/digital_3/scan/persian-01_0200_000-78393150_0.png,1,text,scan,persian-01_0200_000-78393150_0,persian,box-derived
conditional_localization_only,test.csv,test/attack/digital_3/scan/usa-NF-1051.jpg,generated_masks/test/attack/digital_3/scan/usa-NF-1051.png,1,text,scan,usa-NF-1051,usa,box-derived
conditional_localization_only,test.csv,test/attack/digital_3/scan/ukraine-NM-1007.jpg,generated_masks/test/attack/digital_3/scan/ukraine-NM-1007.png,1,text,scan,ukraine-NM-1007,ukraine,box-derived
conditional_localization_only,test.csv,test/attack/digital_3/scan/french-NM-1070.jpg,generated_masks/test/attack/digital_3/scan/french-NM-1070.png,1,text,scan,french-NM-1070,french,box-derived
conditional_localization_only,test.csv,test/attack/digital_3/scan/french-NM-1104.jpg,generated_masks/test/attack/digital_3/scan/french-NM-1104.png,1,text,scan,french-NM-1104,french,box-derived
conditional_localization_only,test.csv,test/attack/digital_3/scan/chinese-102_03.jpg,generated_masks/test/attack/digital_3/scan/chinese-102_03.png,1,text,scan,chinese-102_03,chinese,box-derived
conditional_localization_only,test.csv,test/attack/digital_3/scan/indian-012_03.jpg,generated_masks/test/attack/digital_3/scan/indian-012_03.png,1,text,scan,indian-012_03,indian,box-derived
conditional_localization_only,test.csv,test/attack/digital_3/scan/persian-069_03.jpg,generated_masks/test/attack/digital_3/scan/persian-069_03.png,1,text,scan,persian-069_03,persian,box-derived
conditional_localization_only,test.csv,test/attack/digital_3/scan/ukraine-NF-1005.jpg,generated_masks/test/attack/digital_3/scan/ukraine-NF-1005.png,1,text,scan,ukraine-NF-1005,ukraine,box-derived
conditional_localization_only,test.csv,test/attack/digital_3/scan/persian-NM-1035.jpg,generated_masks/test/attack/digital_3/scan/persian-NM-1035.png,1,text,scan,persian-NM-1035,persian,box-derived
conditional_localization_only,test.csv,test/attack/digital_3/scan/usa-NF-1093.jpg,generated_masks/test/attack/digital_3/scan/usa-NF-1093.png,1,text,scan,usa-NF-1093,usa,box-derived
conditional_localization_only,test.csv,test/attack/digital_3/scan/usa-NF-1044.jpg,generated_masks/test/attack/digital_3/scan/usa-NF-1044.png,1,text,scan,usa-NF-1044,usa,box-derived
conditional_localization_only,test.csv,test/attack/digital_3/scan/french-090_03.jpg,generated_masks/test/attack/digital_3/scan/french-090_03.png,1,text,scan,french-090_03,french,box-derived
conditional_localization_only,test.csv,test/attack/digital_3/scan/chinese-NF-1072.jpg,generated_masks/test/attack/digital_3/scan/chinese-NF-1072.png,1,text,scan,chinese-NF-1072,chinese,box-derived
conditional_localization_only,test.csv,test/attack/digital_3/scan/portugal-125_03.jpg,generated_masks/test/attack/digital_3/scan/portugal-125_03.png,1,text,scan,portugal-125_03,portugal,box-derived
conditional_localization_only,test.csv,test/attack/digital_3/scan/chinese-01_0019_000-06d51424_0.jpg,generated_masks/test/attack/digital_3/scan/chinese-01_0019_000-06d51424_0.png,1,text,scan,chinese-01_0019_000-06d51424_0,chinese,box-derived
conditional_localization_only,test.csv,test/attack/digital_3/scan/arabic-003_03.jpg,generated_masks/test/attack/digital_3/scan/arabic-003_03.png,1,text,scan,arabic-003_03,arabic,box-derived
conditional_localization_only,test.csv,test/attack/digital_3/scan/turkiye-083_03.jpg,generated_masks/test/attack/digital_3/scan/turkiye-083_03.png,1,text,scan,turkiye-083_03,turkiye,box-derived
conditional_localization_only,test.csv,test/attack/digital_3/scan/persian-NF-1079.jpg,generated_masks/test/attack/digital_3/scan/persian-NF-1079.png,1,text,scan,persian-NF-1079,persian,box-derived
conditional_localization_only,test.csv,test/attack/digital_3/scan/indian-01_0097_000-b71b0c19_0.jpg,generated_masks/test/attack/digital_3/scan/indian-01_0097_000-b71b0c19_0.png,1,text,scan,indian-01_0097_000-b71b0c19_0,indian,box-derived
conditional_localization_only,test.csv,test/attack/digital_3/scan/arabic-01_0095_000-18471808_1.jpg,generated_masks/test/attack/digital_3/scan/arabic-01_0095_000-18471808_1.png,1,text,scan,arabic-01_0095_000-18471808_1,arabic,box-derived
conditional_localization_only,test.csv,test/attack/digital_3/scan/portugal-029_03.jpg,generated_masks/test/attack/digital_3/scan/portugal-029_03.png,1,text,scan,portugal-029_03,portugal,box-derived
conditional_localization_only,test.csv,test/attack/digital_3/scan/arabic-139_03.jpg,generated_masks/test/attack/digital_3/scan/arabic-139_03.png,1,text,scan,arabic-139_03,arabic,box-derived
conditional_localization_only,test.csv,test/attack/digital_3/scan/usa-NF-1036.jpg,generated_masks/test/attack/digital_3/scan/usa-NF-1036.png,1,text,scan,usa-NF-1036,usa,box-derived
conditional_localization_only,test.csv,test/attack/digital_3/scan/portugal-013_03.jpg,generated_masks/test/attack/digital_3/scan/portugal-013_03.png,1,text,scan,portugal-013_03,portugal,box-derived
conditional_localization_only,test.csv,test/attack/digital_3/scan/chinese-096_03.jpg,generated_masks/test/attack/digital_3/scan/chinese-096_03.png,1,text,scan,chinese-096_03,chinese,box-derived
conditional_localization_only,test.csv,test/attack/digital_3/scan/arabic-NF-1053.jpg,generated_masks/test/attack/digital_3/scan/arabic-NF-1053.png,1,text,scan,arabic-NF-1053,arabic,box-derived
conditional_localization_only,test.csv,test/attack/digital_3/scan/chinese-NF-1067.jpg,generated_masks/test/attack/digital_3/scan/chinese-NF-1067.png,1,text,scan,chinese-NF-1067,chinese,box-derived
conditional_localization_only,test.csv,test/attack/digital_3/scan/persian-010_03.jpg,generated_masks/test/attack/digital_3/scan/persian-010_03.png,1,text,scan,persian-010_03,persian,box-derived
conditional_localization_only,test.csv,test/attack/digital_3/scan/indian-108_03.jpg,generated_masks/test/attack/digital_3/scan/indian-108_03.png,1,text,scan,indian-108_03,indian,box-derived
conditional_localization_only,test.csv,test/attack/digital_3/scan/chinese-018_03.jpg,generated_masks/test/attack/digital_3/scan/chinese-018_03.png,1,text,scan,chinese-018_03,chinese,box-derived
conditional_localization_only,test.csv,test/attack/digital_3/scan/portugal-NF-1041.jpg,generated_masks/test/attack/digital_3/scan/portugal-NF-1041.png,1,text,scan,portugal-NF-1041,portugal,box-derived
conditional_localization_only,test.csv,test/attack/digital_3/scan/turkiye-01_0090_000-6238b878_0.jpg,generated_masks/test/attack/digital_3/scan/turkiye-01_0090_000-6238b878_0.png,1,text,scan,turkiye-01_0090_000-6238b878_0,turkiye,box-derived
conditional_localization_only,test.csv,test/attack/digital_3/scan/arabic-NM-1090.jpg,generated_masks/test/attack/digital_3/scan/arabic-NM-1090.png,1,text,scan,arabic-NM-1090,arabic,box-derived
conditional_localization_only,test.csv,test/attack/digital_3/scan/turkiye-129_03.jpg,generated_masks/test/attack/digital_3/scan/turkiye-129_03.png,1,text,scan,turkiye-129_03,turkiye,box-derived
conditional_localization_only,test.csv,test/attack/digital_3/scan/portugal-NF-1109.jpg,generated_masks/test/attack/digital_3/scan/portugal-NF-1109.png,1,text,scan,portugal-NF-1109,portugal,box-derived
conditional_localization_only,test.csv,test/attack/digital_3/scan/arabic-01_0002_000-c7338db1_1.jpg,generated_masks/test/attack/digital_3/scan/arabic-01_0002_000-c7338db1_1.png,1,text,scan,arabic-01_0002_000-c7338db1_1,arabic,box-derived
conditional_localization_only,test.csv,test/attack/digital_3/scan/usa-011_03.jpg,generated_masks/test/attack/digital_3/scan/usa-011_03.png,1,text,scan,usa-011_03,usa,box-derived
conditional_localization_only,test.csv,test/attack/digital_3/scan/arabic-NF-1040.jpg,generated_masks/test/attack/digital_3/scan/arabic-NF-1040.png,1,text,scan,arabic-NF-1040,arabic,box-derived
conditional_localization_only,test.csv,test/attack/digital_3/scan/portugal-NM-1091.jpg,generated_masks/test/attack/digital_3/scan/portugal-NM-1091.png,1,text,scan,portugal-NM-1091,portugal,box-derived
conditional_localization_only,test.csv,test/attack/digital_3/scan/usa-137_03.jpg,generated_masks/test/attack/digital_3/scan/usa-137_03.png,1,text,scan,usa-137_03,usa,box-derived
conditional_localization_only,test.csv,test/attack/digital_3/scan/indian-014_03.jpg,generated_masks/test/attack/digital_3/scan/indian-014_03.png,1,text,scan,indian-014_03,indian,box-derived
conditional_localization_only,test.csv,test/attack/digital_3/scan/persian-NF-1043.jpg,generated_masks/test/attack/digital_3/scan/persian-NF-1043.png,1,text,scan,persian-NF-1043,persian,box-derived
conditional_localization_only,test.csv,test/attack/digital_3/scan/russian-01_0075_000-9bed189a_0.jpg,generated_masks/test/attack/digital_3/scan/russian-01_0075_000-9bed189a_0.png,1,text,scan,russian-01_0075_000-9bed189a_0,russian,box-derived
conditional_localization_only,test.csv,test/attack/digital_3/scan/portugal-NF-1086.jpg,generated_masks/test/attack/digital_3/scan/portugal-NF-1086.png,1,text,scan,portugal-NF-1086,portugal,box-derived
conditional_localization_only,test.csv,test/attack/digital_3/scan/chinese-NF-1101.jpg,generated_masks/test/attack/digital_3/scan/chinese-NF-1101.png,1,text,scan,chinese-NF-1101,chinese,box-derived
conditional_localization_only,test.csv,test/attack/digital_3/scan/turkiye-127_03.jpg,generated_masks/test/attack/digital_3/scan/turkiye-127_03.png,1,text,scan,turkiye-127_03,turkiye,box-derived
conditional_localization_only,test.csv,test/attack/digital_3/scan/indian-01_0062_000-c236043f_0.jpg,generated_masks/test/attack/digital_3/scan/indian-01_0062_000-c236043f_0.png,1,text,scan,indian-01_0062_000-c236043f_0,indian,box-derived
conditional_localization_only,test.csv,test/attack/digital_3/scan/turkiye-NM-1019.jpg,generated_masks/test/attack/digital_3/scan/turkiye-NM-1019.png,1,text,scan,turkiye-NM-1019,turkiye,box-derived
conditional_localization_only,test.csv,test/attack/digital_3/scan/chinese-01_0028_000-611e103a_0.jpg,generated_masks/test/attack/digital_3/scan/chinese-01_0028_000-611e103a_0.png,1,text,scan,chinese-01_0028_000-611e103a_0,chinese,box-derived
conditional_localization_only,test.csv,test/attack/digital_3/scan/turkiye-NM-1033.jpg,generated_masks/test/attack/digital_3/scan/turkiye-NM-1033.png,1,text,scan,turkiye-NM-1033,turkiye,box-derived
conditional_localization_only,test.csv,test/attack/digital_3/scan/russian-NF-1081.jpg,generated_masks/test/attack/digital_3/scan/russian-NF-1081.png,1,text,scan,russian-NF-1081,russian,box-derived
conditional_localization_only,test.csv,test/attack/digital_3/scan/persian-01_0065_000-763dd95b_0.jpg,generated_masks/test/attack/digital_3/scan/persian-01_0065_000-763dd95b_0.png,1,text,scan,persian-01_0065_000-763dd95b_0,persian,box-derived
conditional_localization_only,test.csv,test/attack/digital_3/scan/chinese-NF-1088.jpg,generated_masks/test/attack/digital_3/scan/chinese-NF-1088.png,1,text,scan,chinese-NF-1088,chinese,box-derived
conditional_localization_only,test.csv,test/attack/digital_3/scan/ukraine-01_0018_000-aad4322e_0.jpg,generated_masks/test/attack/digital_3/scan/ukraine-01_0018_000-aad4322e_0.png,1,text,scan,ukraine-01_0018_000-aad4322e_0,ukraine,box-derived
conditional_localization_only,test.csv,test/attack/digital_3/scan/french-118_03.jpg,generated_masks/test/attack/digital_3/scan/french-118_03.png,1,text,scan,french-118_03,french,box-derived
conditional_localization_only,test.csv,test/attack/digital_3/scan/persian-NF-1108.jpg,generated_masks/test/attack/digital_3/scan/persian-NF-1108.png,1,text,scan,persian-NF-1108,persian,box-derived
conditional_localization_only,test.csv,test/attack/digital_3/scan/turkiye-01_0074_000-c54807ec_1.jpg,generated_masks/test/attack/digital_3/scan/turkiye-01_0074_000-c54807ec_1.png,1,text,scan,turkiye-01_0074_000-c54807ec_1,turkiye,box-derived
conditional_localization_only,test.csv,test/attack/digital_3/scan/ukraine-NF-1073.jpg,generated_masks/test/attack/digital_3/scan/ukraine-NF-1073.png,1,text,scan,ukraine-NF-1073,ukraine,box-derived
conditional_localization_only,test.csv,test/attack/digital_3/scan/ukraine-01_0077_000-a3228552_1.jpg,generated_masks/test/attack/digital_3/scan/ukraine-01_0077_000-a3228552_1.png,1,text,scan,ukraine-01_0077_000-a3228552_1,ukraine,box-derived
conditional_localization_only,test.csv,test/attack/digital_3/scan/ukraine-103_03.jpg,generated_masks/test/attack/digital_3/scan/ukraine-103_03.png,1,text,scan,ukraine-103_03,ukraine,box-derived
conditional_localization_only,test.csv,test/attack/digital_3/scan/french-01_0070_000-a4a25cda_0.jpg,generated_masks/test/attack/digital_3/scan/french-01_0070_000-a4a25cda_0.png,1,text,scan,french-01_0070_000-a4a25cda_0,french,box-derived
conditional_localization_only,test.csv,test/attack/digital_3/scan/french-01_0006_000-f9f1aca7_0.jpg,generated_masks/test/attack/digital_3/scan/french-01_0006_000-f9f1aca7_0.png,1,text,scan,french-01_0006_000-f9f1aca7_0,french,box-derived
conditional_localization_only,test.csv,test/attack/digital_3/scan/indian-NF-1025.jpg,generated_masks/test/attack/digital_3/scan/indian-NF-1025.png,1,text,scan,indian-NF-1025,indian,box-derived
conditional_localization_only,test.csv,test/attack/digital_3/scan/ukraine-NF-1106.jpg,generated_masks/test/attack/digital_3/scan/ukraine-NF-1106.png,1,text,scan,ukraine-NF-1106,ukraine,box-derived
conditional_localization_only,test.csv,test/attack/digital_3/scan/russian-NF-1080.jpg,generated_masks/test/attack/digital_3/scan/russian-NF-1080.png,1,text,scan,russian-NF-1080,russian,box-derived
conditional_localization_only,test.csv,test/attack/digital_3/scan/turkiye-01_0085_000-65296866_0.jpg,generated_masks/test/attack/digital_3/scan/turkiye-01_0085_000-65296866_0.png,1,text,scan,turkiye-01_0085_000-65296866_0,turkiye,box-derived
conditional_localization_only,test.csv,test/attack/digital_3/huawei/russian-NF-1099.jpg,generated_masks/test/attack/digital_3/huawei/russian-NF-1099.png,1,text,huawei,russian-NF-1099,russian,box-derived
conditional_localization_only,test.csv,test/attack/digital_3/huawei/persian-087_03.jpg,generated_masks/test/attack/digital_3/huawei/persian-087_03.png,1,text,huawei,persian-087_03,persian,box-derived
conditional_localization_only,test.csv,test/attack/digital_3/huawei/ukraine-006_03.jpg,generated_masks/test/attack/digital_3/huawei/ukraine-006_03.png,1,text,huawei,ukraine-006_03,ukraine,box-derived
conditional_localization_only,test.csv,test/attack/digital_3/huawei/chinese-01_0034_000-9b26d58c_0.jpg,generated_masks/test/attack/digital_3/huawei/chinese-01_0034_000-9b26d58c_0.png,1,text,huawei,chinese-01_0034_000-9b26d58c_0,chinese,box-derived
conditional_localization_only,test.csv,test/attack/digital_3/huawei/french-NF-1020.jpg,generated_masks/test/attack/digital_3/huawei/french-NF-1020.png,1,text,huawei,french-NF-1020,french,box-derived
conditional_localization_only,test.csv,test/attack/digital_3/huawei/usa-01_0038_000-0ee87df5_0.jpg,generated_masks/test/attack/digital_3/huawei/usa-01_0038_000-0ee87df5_0.png,1,text,huawei,usa-01_0038_000-0ee87df5_0,usa,box-derived
conditional_localization_only,test.csv,test/attack/digital_3/huawei/arabic-120_03.jpg,generated_masks/test/attack/digital_3/huawei/arabic-120_03.png,1,text,huawei,arabic-120_03,arabic,box-derived
conditional_localization_only,test.csv,test/attack/digital_3/huawei/chinese-01_0003_000-98e8eaef_0.jpg,generated_masks/test/attack/digital_3/huawei/chinese-01_0003_000-98e8eaef_0.png,1,text,huawei,chinese-01_0003_000-98e8eaef_0,chinese,box-derived
conditional_localization_only,test.csv,test/attack/digital_3/huawei/french-135_03.jpg,generated_masks/test/attack/digital_3/huawei/french-135_03.png,1,text,huawei,french-135_03,french,box-derived
conditional_localization_only,test.csv,test/attack/digital_3/huawei/indian-01_0004_000-2423feb1_0.jpg,generated_masks/test/attack/digital_3/huawei/indian-01_0004_000-2423feb1_0.png,1,text,huawei,indian-01_0004_000-2423feb1_0,indian,box-derived
conditional_localization_only,test.csv,test/attack/digital_3/huawei/usa-NF-1017.jpg,generated_masks/test/attack/digital_3/huawei/usa-NF-1017.png,1,text,huawei,usa-NF-1017,usa,box-derived
conditional_localization_only,test.csv,test/attack/digital_3/huawei/ukraine-030_03.jpg,generated_masks/test/attack/digital_3/huawei/ukraine-030_03.png,1,text,huawei,ukraine-030_03,ukraine,box-derived
conditional_localization_only,test.csv,test/attack/digital_3/huawei/french-044_03.jpg,generated_masks/test/attack/digital_3/huawei/french-044_03.png,1,text,huawei,french-044_03,french,box-derived
conditional_localization_only,test.csv,test/attack/digital_3/huawei/chinese-NF-1085.jpg,generated_masks/test/attack/digital_3/huawei/chinese-NF-1085.png,1,text,huawei,chinese-NF-1085,chinese,box-derived
conditional_localization_only,test.csv,test/attack/digital_3/huawei/usa-043_03.jpg,generated_masks/test/attack/digital_3/huawei/usa-043_03.png,1,text,huawei,usa-043_03,usa,box-derived
conditional_localization_only,test.csv,test/attack/digital_3/huawei/chinese-NF-1050.jpg,generated_masks/test/attack/digital_3/huawei/chinese-NF-1050.png,1,text,huawei,chinese-NF-1050,chinese,box-derived
conditional_localization_only,test.csv,test/attack/digital_3/huawei/indian-01_0005_000-59069fdd_1.jpg,generated_masks/test/attack/digital_3/huawei/indian-01_0005_000-59069fdd_1.png,1,text,huawei,indian-01_0005_000-59069fdd_1,indian,box-derived
conditional_localization_only,test.csv,test/attack/digital_3/huawei/persian-01_0064_000-daacc8f3_0.jpg,generated_masks/test/attack/digital_3/huawei/persian-01_0064_000-daacc8f3_0.png,1,text,huawei,persian-01_0064_000-daacc8f3_0,persian,box-derived
conditional_localization_only,test.csv,test/attack/digital_3/huawei/french-01_0029_000-d00491e2_1.jpg,generated_masks/test/attack/digital_3/huawei/french-01_0029_000-d00491e2_1.png,1,text,huawei,french-01_0029_000-d00491e2_1,french,box-derived
conditional_localization_only,test.csv,test/attack/digital_3/huawei/ukraine-NF-1068.jpg,generated_masks/test/attack/digital_3/huawei/ukraine-NF-1068.png,1,text,huawei,ukraine-NF-1068,ukraine,box-derived
conditional_localization_only,test.csv,test/attack/digital_3/huawei/portugal-NM-1102.jpg,generated_masks/test/attack/digital_3/huawei/portugal-NM-1102.png,1,text,huawei,portugal-NM-1102,portugal,box-derived
conditional_localization_only,test.csv,test/attack/digital_3/huawei/persian-01_0096_000-75b0e83b_0.jpg,generated_masks/test/attack/digital_3/huawei/persian-01_0096_000-75b0e83b_0.png,1,text,huawei,persian-01_0096_000-75b0e83b_0,persian,box-derived
conditional_localization_only,test.csv,test/attack/digital_3/huawei/usa-067_03.jpg,generated_masks/test/attack/digital_3/huawei/usa-067_03.png,1,text,huawei,usa-067_03,usa,box-derived
conditional_localization_only,test.csv,test/attack/digital_3/huawei/turkiye-NF-1002.jpg,generated_masks/test/attack/digital_3/huawei/turkiye-NF-1002.png,1,text,huawei,turkiye-NF-1002,turkiye,box-derived
conditional_localization_only,test.csv,test/attack/digital_3/huawei/chinese-001_03.jpg,generated_masks/test/attack/digital_3/huawei/chinese-001_03.png,1,text,huawei,chinese-001_03,chinese,box-derived
conditional_localization_only,test.csv,test/attack/digital_3/huawei/turkiye-130_03.jpg,generated_masks/test/attack/digital_3/huawei/turkiye-130_03.png,1,text,huawei,turkiye-130_03,turkiye,box-derived
conditional_localization_only,test.csv,test/attack/digital_3/huawei/chinese-113_03.jpg,generated_masks/test/attack/digital_3/huawei/chinese-113_03.png,1,text,huawei,chinese-113_03,chinese,box-derived
conditional_localization_only,test.csv,test/attack/digital_3/huawei/usa-016_03.jpg,generated_masks/test/attack/digital_3/huawei/usa-016_03.png,1,text,huawei,usa-016_03,usa,box-derived
conditional_localization_only,test.csv,test/attack/digital_3/huawei/chinese-01_0084_000-ba83f345_1.jpg,generated_masks/test/attack/digital_3/huawei/chinese-01_0084_000-ba83f345_1.png,1,text,huawei,chinese-01_0084_000-ba83f345_1,chinese,box-derived
conditional_localization_only,test.csv,test/attack/digital_3/huawei/indian-01_0071_000-73870eac_1.jpg,generated_masks/test/attack/digital_3/huawei/indian-01_0071_000-73870eac_1.png,1,text,huawei,indian-01_0071_000-73870eac_1,indian,box-derived
conditional_localization_only,test.csv,test/attack/digital_3/huawei/turkiye-NM-1011.jpg,generated_masks/test/attack/digital_3/huawei/turkiye-NM-1011.png,1,text,huawei,turkiye-NM-1011,turkiye,box-derived
conditional_localization_only,test.csv,test/attack/digital_3/huawei/arabic-NF-1049.jpg,generated_masks/test/attack/digital_3/huawei/arabic-NF-1049.png,1,text,huawei,arabic-NF-1049,arabic,box-derived
conditional_localization_only,test.csv,test/attack/digital_3/huawei/russian-062_03.jpg,generated_masks/test/attack/digital_3/huawei/russian-062_03.png,1,text,huawei,russian-062_03,russian,box-derived
conditional_localization_only,test.csv,test/attack/digital_3/huawei/usa-NF-1004.jpg,generated_masks/test/attack/digital_3/huawei/usa-NF-1004.png,1,text,huawei,usa-NF-1004,usa,box-derived
conditional_localization_only,test.csv,test/attack/digital_3/huawei/turkiye-01_0078_000-cfc6a96f_1.jpg,generated_masks/test/attack/digital_3/huawei/turkiye-01_0078_000-cfc6a96f_1.png,1,text,huawei,turkiye-01_0078_000-cfc6a96f_1,turkiye,box-derived
conditional_localization_only,test.csv,test/attack/digital_3/huawei/turkiye-008_03.jpg,generated_masks/test/attack/digital_3/huawei/turkiye-008_03.png,1,text,huawei,turkiye-008_03,turkiye,box-derived
conditional_localization_only,test.csv,test/attack/digital_3/huawei/french-091_03.jpg,generated_masks/test/attack/digital_3/huawei/french-091_03.png,1,text,huawei,french-091_03,french,box-derived
conditional_localization_only,test.csv,test/attack/digital_3/huawei/indian-NF-1006.jpg,generated_masks/test/attack/digital_3/huawei/indian-NF-1006.png,1,text,huawei,indian-NF-1006,indian,box-derived
conditional_localization_only,test.csv,test/attack/digital_3/huawei/arabic-NF-1100.jpg,generated_masks/test/attack/digital_3/huawei/arabic-NF-1100.png,1,text,huawei,arabic-NF-1100,arabic,box-derived
conditional_localization_only,test.csv,test/attack/digital_3/huawei/indian-037_03.jpg,generated_masks/test/attack/digital_3/huawei/indian-037_03.png,1,text,huawei,indian-037_03,indian,box-derived
conditional_localization_only,test.csv,test/attack/digital_3/huawei/ukraine-NF-1087.jpg,generated_masks/test/attack/digital_3/huawei/ukraine-NF-1087.png,1,text,huawei,ukraine-NF-1087,ukraine,box-derived
conditional_localization_only,test.csv,test/attack/digital_3/huawei/portugal-NF-1105.jpg,generated_masks/test/attack/digital_3/huawei/portugal-NF-1105.png,1,text,huawei,portugal-NF-1105,portugal,box-derived
conditional_localization_only,test.csv,test/attack/digital_3/huawei/arabic-NF-1048.jpg,generated_masks/test/attack/digital_3/huawei/arabic-NF-1048.png,1,text,huawei,arabic-NF-1048,arabic,box-derived
conditional_localization_only,test.csv,test/attack/digital_3/huawei/chinese-NF-1042.jpg,generated_masks/test/attack/digital_3/huawei/chinese-NF-1042.png,1,text,huawei,chinese-NF-1042,chinese,box-derived
conditional_localization_only,test.csv,test/attack/digital_3/huawei/indian-01_0087_000-7edaffe9_0.jpg,generated_masks/test/attack/digital_3/huawei/indian-01_0087_000-7edaffe9_0.png,1,text,huawei,indian-01_0087_000-7edaffe9_0,indian,box-derived
conditional_localization_only,test.csv,test/attack/digital_3/huawei/portugal-NF-1107.jpg,generated_masks/test/attack/digital_3/huawei/portugal-NF-1107.png,1,text,huawei,portugal-NF-1107,portugal,box-derived
conditional_localization_only,test.csv,test/attack/digital_3/huawei/turkiye-01_0093_000-330a7661_0.jpg,generated_masks/test/attack/digital_3/huawei/turkiye-01_0093_000-330a7661_0.png,1,text,huawei,turkiye-01_0093_000-330a7661_0,turkiye,box-derived
conditional_localization_only,test.csv,test/attack/digital_3/huawei/indian-NF-1039.jpg,generated_masks/test/attack/digital_3/huawei/indian-NF-1039.png,1,text,huawei,indian-NF-1039,indian,box-derived
conditional_localization_only,test.csv,test/attack/digital_3/huawei/turkiye-086_03.jpg,generated_masks/test/attack/digital_3/huawei/turkiye-086_03.png,1,text,huawei,turkiye-086_03,turkiye,box-derived
conditional_localization_only,test.csv,test/attack/digital_3/huawei/portugal-143_03.jpg,generated_masks/test/attack/digital_3/huawei/portugal-143_03.png,1,text,huawei,portugal-143_03,portugal,box-derived
conditional_localization_only,test.csv,test/attack/digital_3/huawei/turkiye-01_0079_000-01a48f56_0.jpg,generated_masks/test/attack/digital_3/huawei/turkiye-01_0079_000-01a48f56_0.png,1,text,huawei,turkiye-01_0079_000-01a48f56_0,turkiye,box-derived
conditional_localization_only,test.csv,test/attack/digital_3/huawei/portugal-NF-1066.jpg,generated_masks/test/attack/digital_3/huawei/portugal-NF-1066.png,1,text,huawei,portugal-NF-1066,portugal,box-derived
conditional_localization_only,test.csv,test/attack/digital_3/huawei/turkiye-01_0081_000-e5c4342a_1.jpg,generated_masks/test/attack/digital_3/huawei/turkiye-01_0081_000-e5c4342a_1.png,1,text,huawei,turkiye-01_0081_000-e5c4342a_1,turkiye,box-derived
conditional_localization_only,test.csv,test/attack/digital_3/huawei/indian-01_0068_000-1b9539d8_0.jpg,generated_masks/test/attack/digital_3/huawei/indian-01_0068_000-1b9539d8_0.png,1,text,huawei,indian-01_0068_000-1b9539d8_0,indian,box-derived
conditional_localization_only,test.csv,test/attack/digital_3/huawei/chinese-081_03.jpg,generated_masks/test/attack/digital_3/huawei/chinese-081_03.png,1,text,huawei,chinese-081_03,chinese,box-derived
conditional_localization_only,test.csv,test/attack/digital_3/huawei/russian-NF-1089.jpg,generated_masks/test/attack/digital_3/huawei/russian-NF-1089.png,1,text,huawei,russian-NF-1089,russian,box-derived
conditional_localization_only,test.csv,test/attack/digital_3/huawei/usa-01_0080_000-0c832328_1.jpg,generated_masks/test/attack/digital_3/huawei/usa-01_0080_000-0c832328_1.png,1,text,huawei,usa-01_0080_000-0c832328_1,usa,box-derived
conditional_localization_only,test.csv,test/attack/digital_3/huawei/ukraine-01_0091_000-2d8a528b_1.jpg,generated_masks/test/attack/digital_3/huawei/ukraine-01_0091_000-2d8a528b_1.png,1,text,huawei,ukraine-01_0091_000-2d8a528b_1,ukraine,box-derived
conditional_localization_only,test.csv,test/attack/digital_3/huawei/portugal-004_03.jpg,generated_masks/test/attack/digital_3/huawei/portugal-004_03.png,1,text,huawei,portugal-004_03,portugal,box-derived
conditional_localization_only,test.csv,test/attack/digital_3/huawei/turkiye-NF-1103.jpg,generated_masks/test/attack/digital_3/huawei/turkiye-NF-1103.png,1,text,huawei,turkiye-NF-1103,turkiye,box-derived
conditional_localization_only,test.csv,test/attack/digital_3/huawei/chinese-107_03.jpg,generated_masks/test/attack/digital_3/huawei/chinese-107_03.png,1,text,huawei,chinese-107_03,chinese,box-derived
conditional_localization_only,test.csv,test/attack/digital_3/huawei/persian-144_03.jpg,generated_masks/test/attack/digital_3/huawei/persian-144_03.png,1,text,huawei,persian-144_03,persian,box-derived
conditional_localization_only,test.csv,test/attack/digital_3/huawei/indian-021_03.jpg,generated_masks/test/attack/digital_3/huawei/indian-021_03.png,1,text,huawei,indian-021_03,indian,box-derived
conditional_localization_only,test.csv,test/attack/digital_3/huawei/chinese-01_0022_000-3b9715ed_0.jpg,generated_masks/test/attack/digital_3/huawei/chinese-01_0022_000-3b9715ed_0.png,1,text,huawei,chinese-01_0022_000-3b9715ed_0,chinese,box-derived
conditional_localization_only,test.csv,test/attack/digital_3/huawei/turkiye-036_03.jpg,generated_masks/test/attack/digital_3/huawei/turkiye-036_03.png,1,text,huawei,turkiye-036_03,turkiye,box-derived
conditional_localization_only,test.csv,test/attack/digital_3/huawei/ukraine-NF-1021.jpg,generated_masks/test/attack/digital_3/huawei/ukraine-NF-1021.png,1,text,huawei,ukraine-NF-1021,ukraine,box-derived
conditional_localization_only,test.csv,test/attack/digital_3/huawei/french-NF-1095.jpg,generated_masks/test/attack/digital_3/huawei/french-NF-1095.png,1,text,huawei,french-NF-1095,french,box-derived
conditional_localization_only,test.csv,test/attack/digital_3/huawei/french-NF-1056.jpg,generated_masks/test/attack/digital_3/huawei/french-NF-1056.png,1,text,huawei,french-NF-1056,french,box-derived
conditional_localization_only,test.csv,test/attack/digital_3/huawei/usa-034_03.jpg,generated_masks/test/attack/digital_3/huawei/usa-034_03.png,1,text,huawei,usa-034_03,usa,box-derived
conditional_localization_only,test.csv,test/attack/digital_3/huawei/persian-01_0092_000-fad05fcd_1.jpg,generated_masks/test/attack/digital_3/huawei/persian-01_0092_000-fad05fcd_1.png,1,text,huawei,persian-01_0092_000-fad05fcd_1,persian,box-derived
conditional_localization_only,test.csv,test/attack/digital_3/huawei/ukraine-01_0073_000-d23bdbae_1.jpg,generated_masks/test/attack/digital_3/huawei/ukraine-01_0073_000-d23bdbae_1.png,1,text,huawei,ukraine-01_0073_000-d23bdbae_1,ukraine,box-derived
conditional_localization_only,test.csv,test/attack/digital_3/huawei/usa-NF-1076.jpg,generated_masks/test/attack/digital_3/huawei/usa-NF-1076.png,1,text,huawei,usa-NF-1076,usa,box-derived
conditional_localization_only,test.csv,test/attack/digital_3/huawei/usa-NF-1062.jpg,generated_masks/test/attack/digital_3/huawei/usa-NF-1062.png,1,text,huawei,usa-NF-1062,usa,box-derived
conditional_localization_only,test.csv,test/attack/digital_3/huawei/chinese-01_0086_000-5a7ac9e6_1.jpg,generated_masks/test/attack/digital_3/huawei/chinese-01_0086_000-5a7ac9e6_1.png,1,text,huawei,chinese-01_0086_000-5a7ac9e6_1,chinese,box-derived
conditional_localization_only,test.csv,test/attack/digital_3/huawei/portugal-NF-1016.jpg,generated_masks/test/attack/digital_3/huawei/portugal-NF-1016.png,1,text,huawei,portugal-NF-1016,portugal,box-derived
conditional_localization_only,test.csv,test/attack/digital_3/huawei/french-01_0094_000-51fbbc37_0.jpg,generated_masks/test/attack/digital_3/huawei/french-01_0094_000-51fbbc37_0.png,1,text,huawei,french-01_0094_000-51fbbc37_0,french,box-derived
conditional_localization_only,test.csv,test/attack/digital_3/huawei/french-NF-1082.jpg,generated_masks/test/attack/digital_3/huawei/french-NF-1082.png,1,text,huawei,french-NF-1082,french,box-derived
conditional_localization_only,test.csv,test/attack/digital_3/huawei/indian-NF-1075.jpg,generated_masks/test/attack/digital_3/huawei/indian-NF-1075.png,1,text,huawei,indian-NF-1075,indian,box-derived
conditional_localization_only,test.csv,test/attack/digital_3/huawei/arabic-173_03.jpg,generated_masks/test/attack/digital_3/huawei/arabic-173_03.png,1,text,huawei,arabic-173_03,arabic,box-derived
conditional_localization_only,test.csv,test/attack/digital_3/huawei/russian-NF-1013.jpg,generated_masks/test/attack/digital_3/huawei/russian-NF-1013.png,1,text,huawei,russian-NF-1013,russian,box-derived
conditional_localization_only,test.csv,test/attack/digital_3/huawei/arabic-024_03.jpg,generated_masks/test/attack/digital_3/huawei/arabic-024_03.png,1,text,huawei,arabic-024_03,arabic,box-derived
conditional_localization_only,test.csv,test/attack/digital_3/huawei/persian-NF-1001.jpg,generated_masks/test/attack/digital_3/huawei/persian-NF-1001.png,1,text,huawei,persian-NF-1001,persian,box-derived
conditional_localization_only,test.csv,test/attack/digital_3/huawei/ukraine-NF-1032.jpg,generated_masks/test/attack/digital_3/huawei/ukraine-NF-1032.png,1,text,huawei,ukraine-NF-1032,ukraine,box-derived
conditional_localization_only,test.csv,test/attack/digital_3/huawei/arabic-NM-1029.jpg,generated_masks/test/attack/digital_3/huawei/arabic-NM-1029.png,1,text,huawei,arabic-NM-1029,arabic,box-derived
conditional_localization_only,test.csv,test/attack/digital_3/huawei/arabic-112_03.jpg,generated_masks/test/attack/digital_3/huawei/arabic-112_03.png,1,text,huawei,arabic-112_03,arabic,box-derived
conditional_localization_only,test.csv,test/attack/digital_3/huawei/turkiye-092_03.jpg,generated_masks/test/attack/digital_3/huawei/turkiye-092_03.png,1,text,huawei,turkiye-092_03,turkiye,box-derived
conditional_localization_only,test.csv,test/attack/digital_3/huawei/portugal-026_03.jpg,generated_masks/test/attack/digital_3/huawei/portugal-026_03.png,1,text,huawei,portugal-026_03,portugal,box-derived
conditional_localization_only,test.csv,test/attack/digital_3/huawei/indian-01_0089_000-f38cdec4_1.jpg,generated_masks/test/attack/digital_3/huawei/indian-01_0089_000-f38cdec4_1.png,1,text,huawei,indian-01_0089_000-f38cdec4_1,indian,box-derived
conditional_localization_only,test.csv,test/attack/digital_3/huawei/chinese-NF-1023.jpg,generated_masks/test/attack/digital_3/huawei/chinese-NF-1023.png,1,text,huawei,chinese-NF-1023,chinese,box-derived
conditional_localization_only,test.csv,test/attack/digital_3/huawei/arabic-NF-1003.jpg,generated_masks/test/attack/digital_3/huawei/arabic-NF-1003.png,1,text,huawei,arabic-NF-1003,arabic,box-derived
conditional_localization_only,test.csv,test/attack/digital_3/huawei/russian-NF-1028.jpg,generated_masks/test/attack/digital_3/huawei/russian-NF-1028.png,1,text,huawei,russian-NF-1028,russian,box-derived
conditional_localization_only,test.csv,test/attack/digital_3/huawei/russian-123_03.jpg,generated_masks/test/attack/digital_3/huawei/russian-123_03.png,1,text,huawei,russian-123_03,russian,box-derived
conditional_localization_only,test.csv,test/attack/digital_3/huawei/usa-063_03.jpg,generated_masks/test/attack/digital_3/huawei/usa-063_03.png,1,text,huawei,usa-063_03,usa,box-derived
conditional_localization_only,test.csv,test/attack/digital_3/huawei/chinese-01_0012_000-48c56e4b_0.jpg,generated_masks/test/attack/digital_3/huawei/chinese-01_0012_000-48c56e4b_0.png,1,text,huawei,chinese-01_0012_000-48c56e4b_0,chinese,box-derived
conditional_localization_only,test.csv,test/attack/digital_3/huawei/turkiye-138_03.jpg,generated_masks/test/attack/digital_3/huawei/turkiye-138_03.png,1,text,huawei,turkiye-138_03,turkiye,box-derived
conditional_localization_only,test.csv,test/attack/digital_3/huawei/turkiye-126_03.jpg,generated_masks/test/attack/digital_3/huawei/turkiye-126_03.png,1,text,huawei,turkiye-126_03,turkiye,box-derived
conditional_localization_only,test.csv,test/attack/digital_3/huawei/usa-136_03.jpg,generated_masks/test/attack/digital_3/huawei/usa-136_03.png,1,text,huawei,usa-136_03,usa,box-derived
conditional_localization_only,test.csv,test/attack/digital_3/huawei/french-NF-1047.jpg,generated_masks/test/attack/digital_3/huawei/french-NF-1047.png,1,text,huawei,french-NF-1047,french,box-derived
conditional_localization_only,test.csv,test/attack/digital_3/huawei/french-097_03.jpg,generated_masks/test/attack/digital_3/huawei/french-097_03.png,1,text,huawei,french-097_03,french,box-derived
conditional_localization_only,test.csv,test/attack/digital_3/huawei/turkiye-NM-1055.jpg,generated_masks/test/attack/digital_3/huawei/turkiye-NM-1055.png,1,text,huawei,turkiye-NM-1055,turkiye,box-derived
conditional_localization_only,test.csv,test/attack/digital_3/huawei/russian-01_0001_000-ff703650_1.jpg,generated_masks/test/attack/digital_3/huawei/russian-01_0001_000-ff703650_1.png,1,text,huawei,russian-01_0001_000-ff703650_1,russian,box-derived
conditional_localization_only,test.csv,test/attack/digital_3/huawei/ukraine-NF-1015.jpg,generated_masks/test/attack/digital_3/huawei/ukraine-NF-1015.png,1,text,huawei,ukraine-NF-1015,ukraine,box-derived
conditional_localization_only,test.csv,test/attack/digital_3/huawei/usa-009_03.jpg,generated_masks/test/attack/digital_3/huawei/usa-009_03.png,1,text,huawei,usa-009_03,usa,box-derived
conditional_localization_only,test.csv,test/attack/digital_3/huawei/russian-01_0201_000-2ea0ec28_0.jpg,generated_masks/test/attack/digital_3/huawei/russian-01_0201_000-2ea0ec28_0.png,1,text,huawei,russian-01_0201_000-2ea0ec28_0,russian,box-derived
conditional_localization_only,test.csv,test/attack/digital_3/huawei/russian-NM-1027.jpg,generated_masks/test/attack/digital_3/huawei/russian-NM-1027.png,1,text,huawei,russian-NM-1027,russian,box-derived
conditional_localization_only,test.csv,test/attack/digital_3/huawei/turkiye-01_0088_000-3739c168_0.jpg,generated_masks/test/attack/digital_3/huawei/turkiye-01_0088_000-3739c168_0.png,1,text,huawei,turkiye-01_0088_000-3739c168_0,turkiye,box-derived
conditional_localization_only,test.csv,test/attack/digital_3/huawei/russian-01_0030_000-0bc18d73_0.jpg,generated_masks/test/attack/digital_3/huawei/russian-01_0030_000-0bc18d73_0.png,1,text,huawei,russian-01_0030_000-0bc18d73_0,russian,box-derived
conditional_localization_only,test.csv,test/attack/digital_3/huawei/russian-002_03.jpg,generated_masks/test/attack/digital_3/huawei/russian-002_03.png,1,text,huawei,russian-002_03,russian,box-derived
conditional_localization_only,test.csv,test/attack/digital_3/huawei/turkiye-01_0035_000-d4764bf3_0.jpg,generated_masks/test/attack/digital_3/huawei/turkiye-01_0035_000-d4764bf3_0.png,1,text,huawei,turkiye-01_0035_000-d4764bf3_0,turkiye,box-derived
conditional_localization_only,test.csv,test/attack/digital_3/huawei/persian-NF-1031.jpg,generated_masks/test/attack/digital_3/huawei/persian-NF-1031.png,1,text,huawei,persian-NF-1031,persian,box-derived
conditional_localization_only,test.csv,test/attack/digital_3/huawei/indian-NF-1096.jpg,generated_masks/test/attack/digital_3/huawei/indian-NF-1096.png,1,text,huawei,indian-NF-1096,indian,box-derived
conditional_localization_only,test.csv,test/attack/digital_3/huawei/turkiye-NF-1054.jpg,generated_masks/test/attack/digital_3/huawei/turkiye-NF-1054.png,1,text,huawei,turkiye-NF-1054,turkiye,box-derived
conditional_localization_only,test.csv,test/attack/digital_3/huawei/indian-01_0082_000-1b935c0e_0.jpg,generated_masks/test/attack/digital_3/huawei/indian-01_0082_000-1b935c0e_0.png,1,text,huawei,indian-01_0082_000-1b935c0e_0,indian,box-derived
conditional_localization_only,test.csv,test/attack/digital_3/huawei/persian-NF-1018.jpg,generated_masks/test/attack/digital_3/huawei/persian-NF-1018.png,1,text,huawei,persian-NF-1018,persian,box-derived
conditional_localization_only,test.csv,test/attack/digital_3/huawei/arabic-01_0076_000-fd5000df_1.jpg,generated_masks/test/attack/digital_3/huawei/arabic-01_0076_000-fd5000df_1.png,1,text,huawei,arabic-01_0076_000-fd5000df_1,arabic,box-derived
conditional_localization_only,test.csv,test/attack/digital_3/huawei/ukraine-01_0083_000-21b44038_0.jpg,generated_masks/test/attack/digital_3/huawei/ukraine-01_0083_000-21b44038_0.png,1,text,huawei,ukraine-01_0083_000-21b44038_0,ukraine,box-derived
conditional_localization_only,test.csv,test/attack/digital_3/huawei/arabic-131_03.jpg,generated_masks/test/attack/digital_3/huawei/arabic-131_03.png,1,text,huawei,arabic-131_03,arabic,box-derived
conditional_localization_only,test.csv,test/attack/digital_3/huawei/portugal-017_03.jpg,generated_masks/test/attack/digital_3/huawei/portugal-017_03.png,1,text,huawei,portugal-017_03,portugal,box-derived
conditional_localization_only,test.csv,test/attack/digital_3/huawei/usa-NF-1046.jpg,generated_masks/test/attack/digital_3/huawei/usa-NF-1046.png,1,text,huawei,usa-NF-1046,usa,box-derived
conditional_localization_only,test.csv,test/attack/digital_3/huawei/french-NF-1110.jpg,generated_masks/test/attack/digital_3/huawei/french-NF-1110.png,1,text,huawei,french-NF-1110,french,box-derived
conditional_localization_only,test.csv,test/attack/digital_3/huawei/french-124_03.jpg,generated_masks/test/attack/digital_3/huawei/french-124_03.png,1,text,huawei,french-124_03,french,box-derived
conditional_localization_only,test.csv,test/attack/digital_3/huawei/persian-NF-1034.jpg,generated_masks/test/attack/digital_3/huawei/persian-NF-1034.png,1,text,huawei,persian-NF-1034,persian,box-derived
conditional_localization_only,test.csv,test/attack/digital_3/huawei/portugal-105_03.jpg,generated_masks/test/attack/digital_3/huawei/portugal-105_03.png,1,text,huawei,portugal-105_03,portugal,box-derived
conditional_localization_only,test.csv,test/attack/digital_3/huawei/portugal-066_03.jpg,generated_masks/test/attack/digital_3/huawei/portugal-066_03.png,1,text,huawei,portugal-066_03,portugal,box-derived
conditional_localization_only,test.csv,test/attack/digital_3/huawei/portugal-NF-1026.jpg,generated_masks/test/attack/digital_3/huawei/portugal-NF-1026.png,1,text,huawei,portugal-NF-1026,portugal,box-derived
conditional_localization_only,test.csv,test/attack/digital_3/huawei/russian-082_03.jpg,generated_masks/test/attack/digital_3/huawei/russian-082_03.png,1,text,huawei,russian-082_03,russian,box-derived
conditional_localization_only,test.csv,test/attack/digital_3/huawei/french-100_03.jpg,generated_masks/test/attack/digital_3/huawei/french-100_03.png,1,text,huawei,french-100_03,french,box-derived
conditional_localization_only,test.csv,test/attack/digital_3/huawei/chinese-01_0007_000-08f07a73_0.jpg,generated_masks/test/attack/digital_3/huawei/chinese-01_0007_000-08f07a73_0.png,1,text,huawei,chinese-01_0007_000-08f07a73_0,chinese,box-derived
conditional_localization_only,test.csv,test/attack/digital_3/huawei/portugal-01_0014_000-6f7ea414_0.jpg,generated_masks/test/attack/digital_3/huawei/portugal-01_0014_000-6f7ea414_0.png,1,text,huawei,portugal-01_0014_000-6f7ea414_0,portugal,box-derived
conditional_localization_only,test.csv,test/attack/digital_3/huawei/portugal-042_03.jpg,generated_masks/test/attack/digital_3/huawei/portugal-042_03.png,1,text,huawei,portugal-042_03,portugal,box-derived
conditional_localization_only,test.csv,test/attack/digital_3/huawei/chinese-NF-1014.jpg,generated_masks/test/attack/digital_3/huawei/chinese-NF-1014.png,1,text,huawei,chinese-NF-1014,chinese,box-derived
conditional_localization_only,test.csv,test/attack/digital_3/huawei/persian-01_0200_000-78393150_0.jpg,generated_masks/test/attack/digital_3/huawei/persian-01_0200_000-78393150_0.png,1,text,huawei,persian-01_0200_000-78393150_0,persian,box-derived
conditional_localization_only,test.csv,test/attack/digital_3/huawei/usa-NF-1051.jpg,generated_masks/test/attack/digital_3/huawei/usa-NF-1051.png,1,text,huawei,usa-NF-1051,usa,box-derived
conditional_localization_only,test.csv,test/attack/digital_3/huawei/ukraine-NM-1007.jpg,generated_masks/test/attack/digital_3/huawei/ukraine-NM-1007.png,1,text,huawei,ukraine-NM-1007,ukraine,box-derived
conditional_localization_only,test.csv,test/attack/digital_3/huawei/french-NM-1070.jpg,generated_masks/test/attack/digital_3/huawei/french-NM-1070.png,1,text,huawei,french-NM-1070,french,box-derived
conditional_localization_only,test.csv,test/attack/digital_3/huawei/french-NM-1104.jpg,generated_masks/test/attack/digital_3/huawei/french-NM-1104.png,1,text,huawei,french-NM-1104,french,box-derived
conditional_localization_only,test.csv,test/attack/digital_3/huawei/chinese-102_03.jpg,generated_masks/test/attack/digital_3/huawei/chinese-102_03.png,1,text,huawei,chinese-102_03,chinese,box-derived
conditional_localization_only,test.csv,test/attack/digital_3/huawei/indian-012_03.jpg,generated_masks/test/attack/digital_3/huawei/indian-012_03.png,1,text,huawei,indian-012_03,indian,box-derived
conditional_localization_only,test.csv,test/attack/digital_3/huawei/persian-069_03.jpg,generated_masks/test/attack/digital_3/huawei/persian-069_03.png,1,text,huawei,persian-069_03,persian,box-derived
conditional_localization_only,test.csv,test/attack/digital_3/huawei/ukraine-NF-1005.jpg,generated_masks/test/attack/digital_3/huawei/ukraine-NF-1005.png,1,text,huawei,ukraine-NF-1005,ukraine,box-derived
conditional_localization_only,test.csv,test/attack/digital_3/huawei/persian-NM-1035.jpg,generated_masks/test/attack/digital_3/huawei/persian-NM-1035.png,1,text,huawei,persian-NM-1035,persian,box-derived
conditional_localization_only,test.csv,test/attack/digital_3/huawei/usa-NF-1093.jpg,generated_masks/test/attack/digital_3/huawei/usa-NF-1093.png,1,text,huawei,usa-NF-1093,usa,box-derived
conditional_localization_only,test.csv,test/attack/digital_3/huawei/usa-NF-1044.jpg,generated_masks/test/attack/digital_3/huawei/usa-NF-1044.png,1,text,huawei,usa-NF-1044,usa,box-derived
conditional_localization_only,test.csv,test/attack/digital_3/huawei/french-090_03.jpg,generated_masks/test/attack/digital_3/huawei/french-090_03.png,1,text,huawei,french-090_03,french,box-derived
conditional_localization_only,test.csv,test/attack/digital_3/huawei/chinese-NF-1072.jpg,generated_masks/test/attack/digital_3/huawei/chinese-NF-1072.png,1,text,huawei,chinese-NF-1072,chinese,box-derived
conditional_localization_only,test.csv,test/attack/digital_3/huawei/portugal-125_03.jpg,generated_masks/test/attack/digital_3/huawei/portugal-125_03.png,1,text,huawei,portugal-125_03,portugal,box-derived
conditional_localization_only,test.csv,test/attack/digital_3/huawei/chinese-01_0019_000-06d51424_0.jpg,generated_masks/test/attack/digital_3/huawei/chinese-01_0019_000-06d51424_0.png,1,text,huawei,chinese-01_0019_000-06d51424_0,chinese,box-derived
conditional_localization_only,test.csv,test/attack/digital_3/huawei/arabic-003_03.jpg,generated_masks/test/attack/digital_3/huawei/arabic-003_03.png,1,text,huawei,arabic-003_03,arabic,box-derived
conditional_localization_only,test.csv,test/attack/digital_3/huawei/turkiye-083_03.jpg,generated_masks/test/attack/digital_3/huawei/turkiye-083_03.png,1,text,huawei,turkiye-083_03,turkiye,box-derived
conditional_localization_only,test.csv,test/attack/digital_3/huawei/persian-NF-1079.jpg,generated_masks/test/attack/digital_3/huawei/persian-NF-1079.png,1,text,huawei,persian-NF-1079,persian,box-derived
conditional_localization_only,test.csv,test/attack/digital_3/huawei/indian-01_0097_000-b71b0c19_0.jpg,generated_masks/test/attack/digital_3/huawei/indian-01_0097_000-b71b0c19_0.png,1,text,huawei,indian-01_0097_000-b71b0c19_0,indian,box-derived
conditional_localization_only,test.csv,test/attack/digital_3/huawei/arabic-01_0095_000-18471808_1.jpg,generated_masks/test/attack/digital_3/huawei/arabic-01_0095_000-18471808_1.png,1,text,huawei,arabic-01_0095_000-18471808_1,arabic,box-derived
conditional_localization_only,test.csv,test/attack/digital_3/huawei/portugal-029_03.jpg,generated_masks/test/attack/digital_3/huawei/portugal-029_03.png,1,text,huawei,portugal-029_03,portugal,box-derived
conditional_localization_only,test.csv,test/attack/digital_3/huawei/arabic-139_03.jpg,generated_masks/test/attack/digital_3/huawei/arabic-139_03.png,1,text,huawei,arabic-139_03,arabic,box-derived
conditional_localization_only,test.csv,test/attack/digital_3/huawei/usa-NF-1036.jpg,generated_masks/test/attack/digital_3/huawei/usa-NF-1036.png,1,text,huawei,usa-NF-1036,usa,box-derived
conditional_localization_only,test.csv,test/attack/digital_3/huawei/portugal-013_03.jpg,generated_masks/test/attack/digital_3/huawei/portugal-013_03.png,1,text,huawei,portugal-013_03,portugal,box-derived
conditional_localization_only,test.csv,test/attack/digital_3/huawei/chinese-096_03.jpg,generated_masks/test/attack/digital_3/huawei/chinese-096_03.png,1,text,huawei,chinese-096_03,chinese,box-derived
conditional_localization_only,test.csv,test/attack/digital_3/huawei/arabic-NF-1053.jpg,generated_masks/test/attack/digital_3/huawei/arabic-NF-1053.png,1,text,huawei,arabic-NF-1053,arabic,box-derived
conditional_localization_only,test.csv,test/attack/digital_3/huawei/chinese-NF-1067.jpg,generated_masks/test/attack/digital_3/huawei/chinese-NF-1067.png,1,text,huawei,chinese-NF-1067,chinese,box-derived
conditional_localization_only,test.csv,test/attack/digital_3/huawei/persian-010_03.jpg,generated_masks/test/attack/digital_3/huawei/persian-010_03.png,1,text,huawei,persian-010_03,persian,box-derived
conditional_localization_only,test.csv,test/attack/digital_3/huawei/indian-108_03.jpg,generated_masks/test/attack/digital_3/huawei/indian-108_03.png,1,text,huawei,indian-108_03,indian,box-derived
conditional_localization_only,test.csv,test/attack/digital_3/huawei/chinese-018_03.jpg,generated_masks/test/attack/digital_3/huawei/chinese-018_03.png,1,text,huawei,chinese-018_03,chinese,box-derived
conditional_localization_only,test.csv,test/attack/digital_3/huawei/portugal-NF-1041.jpg,generated_masks/test/attack/digital_3/huawei/portugal-NF-1041.png,1,text,huawei,portugal-NF-1041,portugal,box-derived
conditional_localization_only,test.csv,test/attack/digital_3/huawei/turkiye-01_0090_000-6238b878_0.jpg,generated_masks/test/attack/digital_3/huawei/turkiye-01_0090_000-6238b878_0.png,1,text,huawei,turkiye-01_0090_000-6238b878_0,turkiye,box-derived
conditional_localization_only,test.csv,test/attack/digital_3/huawei/arabic-NM-1090.jpg,generated_masks/test/attack/digital_3/huawei/arabic-NM-1090.png,1,text,huawei,arabic-NM-1090,arabic,box-derived
conditional_localization_only,test.csv,test/attack/digital_3/huawei/turkiye-129_03.jpg,generated_masks/test/attack/digital_3/huawei/turkiye-129_03.png,1,text,huawei,turkiye-129_03,turkiye,box-derived
conditional_localization_only,test.csv,test/attack/digital_3/huawei/portugal-NF-1109.jpg,generated_masks/test/attack/digital_3/huawei/portugal-NF-1109.png,1,text,huawei,portugal-NF-1109,portugal,box-derived
conditional_localization_only,test.csv,test/attack/digital_3/huawei/arabic-01_0002_000-c7338db1_1.jpg,generated_masks/test/attack/digital_3/huawei/arabic-01_0002_000-c7338db1_1.png,1,text,huawei,arabic-01_0002_000-c7338db1_1,arabic,box-derived
conditional_localization_only,test.csv,test/attack/digital_3/huawei/usa-011_03.jpg,generated_masks/test/attack/digital_3/huawei/usa-011_03.png,1,text,huawei,usa-011_03,usa,box-derived
conditional_localization_only,test.csv,test/attack/digital_3/huawei/arabic-NF-1040.jpg,generated_masks/test/attack/digital_3/huawei/arabic-NF-1040.png,1,text,huawei,arabic-NF-1040,arabic,box-derived
conditional_localization_only,test.csv,test/attack/digital_3/huawei/portugal-NM-1091.jpg,generated_masks/test/attack/digital_3/huawei/portugal-NM-1091.png,1,text,huawei,portugal-NM-1091,portugal,box-derived
conditional_localization_only,test.csv,test/attack/digital_3/huawei/usa-137_03.jpg,generated_masks/test/attack/digital_3/huawei/usa-137_03.png,1,text,huawei,usa-137_03,usa,box-derived
conditional_localization_only,test.csv,test/attack/digital_3/huawei/indian-014_03.jpg,generated_masks/test/attack/digital_3/huawei/indian-014_03.png,1,text,huawei,indian-014_03,indian,box-derived
conditional_localization_only,test.csv,test/attack/digital_3/huawei/persian-NF-1043.jpg,generated_masks/test/attack/digital_3/huawei/persian-NF-1043.png,1,text,huawei,persian-NF-1043,persian,box-derived
conditional_localization_only,test.csv,test/attack/digital_3/huawei/russian-01_0075_000-9bed189a_0.jpg,generated_masks/test/attack/digital_3/huawei/russian-01_0075_000-9bed189a_0.png,1,text,huawei,russian-01_0075_000-9bed189a_0,russian,box-derived
conditional_localization_only,test.csv,test/attack/digital_3/huawei/portugal-NF-1086.jpg,generated_masks/test/attack/digital_3/huawei/portugal-NF-1086.png,1,text,huawei,portugal-NF-1086,portugal,box-derived
conditional_localization_only,test.csv,test/attack/digital_3/huawei/chinese-NF-1101.jpg,generated_masks/test/attack/digital_3/huawei/chinese-NF-1101.png,1,text,huawei,chinese-NF-1101,chinese,box-derived
conditional_localization_only,test.csv,test/attack/digital_3/huawei/turkiye-127_03.jpg,generated_masks/test/attack/digital_3/huawei/turkiye-127_03.png,1,text,huawei,turkiye-127_03,turkiye,box-derived
conditional_localization_only,test.csv,test/attack/digital_3/huawei/indian-01_0062_000-c236043f_0.jpg,generated_masks/test/attack/digital_3/huawei/indian-01_0062_000-c236043f_0.png,1,text,huawei,indian-01_0062_000-c236043f_0,indian,box-derived
conditional_localization_only,test.csv,test/attack/digital_3/huawei/turkiye-NM-1019.jpg,generated_masks/test/attack/digital_3/huawei/turkiye-NM-1019.png,1,text,huawei,turkiye-NM-1019,turkiye,box-derived
conditional_localization_only,test.csv,test/attack/digital_3/huawei/chinese-01_0028_000-611e103a_0.jpg,generated_masks/test/attack/digital_3/huawei/chinese-01_0028_000-611e103a_0.png,1,text,huawei,chinese-01_0028_000-611e103a_0,chinese,box-derived
conditional_localization_only,test.csv,test/attack/digital_3/huawei/turkiye-NM-1033.jpg,generated_masks/test/attack/digital_3/huawei/turkiye-NM-1033.png,1,text,huawei,turkiye-NM-1033,turkiye,box-derived
conditional_localization_only,test.csv,test/attack/digital_3/huawei/russian-NF-1081.jpg,generated_masks/test/attack/digital_3/huawei/russian-NF-1081.png,1,text,huawei,russian-NF-1081,russian,box-derived
conditional_localization_only,test.csv,test/attack/digital_3/huawei/persian-01_0065_000-763dd95b_0.jpg,generated_masks/test/attack/digital_3/huawei/persian-01_0065_000-763dd95b_0.png,1,text,huawei,persian-01_0065_000-763dd95b_0,persian,box-derived
conditional_localization_only,test.csv,test/attack/digital_3/huawei/chinese-NF-1088.jpg,generated_masks/test/attack/digital_3/huawei/chinese-NF-1088.png,1,text,huawei,chinese-NF-1088,chinese,box-derived
conditional_localization_only,test.csv,test/attack/digital_3/huawei/ukraine-01_0018_000-aad4322e_0.jpg,generated_masks/test/attack/digital_3/huawei/ukraine-01_0018_000-aad4322e_0.png,1,text,huawei,ukraine-01_0018_000-aad4322e_0,ukraine,box-derived
conditional_localization_only,test.csv,test/attack/digital_3/huawei/french-118_03.jpg,generated_masks/test/attack/digital_3/huawei/french-118_03.png,1,text,huawei,french-118_03,french,box-derived
conditional_localization_only,test.csv,test/attack/digital_3/huawei/persian-NF-1108.jpg,generated_masks/test/attack/digital_3/huawei/persian-NF-1108.png,1,text,huawei,persian-NF-1108,persian,box-derived
conditional_localization_only,test.csv,test/attack/digital_3/huawei/turkiye-01_0074_000-c54807ec_1.jpg,generated_masks/test/attack/digital_3/huawei/turkiye-01_0074_000-c54807ec_1.png,1,text,huawei,turkiye-01_0074_000-c54807ec_1,turkiye,box-derived
conditional_localization_only,test.csv,test/attack/digital_3/huawei/ukraine-NF-1073.jpg,generated_masks/test/attack/digital_3/huawei/ukraine-NF-1073.png,1,text,huawei,ukraine-NF-1073,ukraine,box-derived
conditional_localization_only,test.csv,test/attack/digital_3/huawei/ukraine-01_0077_000-a3228552_1.jpg,generated_masks/test/attack/digital_3/huawei/ukraine-01_0077_000-a3228552_1.png,1,text,huawei,ukraine-01_0077_000-a3228552_1,ukraine,box-derived
conditional_localization_only,test.csv,test/attack/digital_3/huawei/ukraine-103_03.jpg,generated_masks/test/attack/digital_3/huawei/ukraine-103_03.png,1,text,huawei,ukraine-103_03,ukraine,box-derived
conditional_localization_only,test.csv,test/attack/digital_3/huawei/french-01_0070_000-a4a25cda_0.jpg,generated_masks/test/attack/digital_3/huawei/french-01_0070_000-a4a25cda_0.png,1,text,huawei,french-01_0070_000-a4a25cda_0,french,box-derived
conditional_localization_only,test.csv,test/attack/digital_3/huawei/french-01_0006_000-f9f1aca7_0.jpg,generated_masks/test/attack/digital_3/huawei/french-01_0006_000-f9f1aca7_0.png,1,text,huawei,french-01_0006_000-f9f1aca7_0,french,box-derived
conditional_localization_only,test.csv,test/attack/digital_3/huawei/indian-NF-1025.jpg,generated_masks/test/attack/digital_3/huawei/indian-NF-1025.png,1,text,huawei,indian-NF-1025,indian,box-derived
conditional_localization_only,test.csv,test/attack/digital_3/huawei/ukraine-NF-1106.jpg,generated_masks/test/attack/digital_3/huawei/ukraine-NF-1106.png,1,text,huawei,ukraine-NF-1106,ukraine,box-derived
conditional_localization_only,test.csv,test/attack/digital_3/huawei/russian-NF-1080.jpg,generated_masks/test/attack/digital_3/huawei/russian-NF-1080.png,1,text,huawei,russian-NF-1080,russian,box-derived
conditional_localization_only,test.csv,test/attack/digital_3/huawei/turkiye-01_0085_000-65296866_0.jpg,generated_masks/test/attack/digital_3/huawei/turkiye-01_0085_000-65296866_0.png,1,text,huawei,turkiye-01_0085_000-65296866_0,turkiye,box-derived
conditional_localization_only,test.csv,test/attack/digital_3/iphone15pro/chinese-018_03.jpg,generated_masks/test/attack/digital_3/iphone15pro/chinese-018_03.png,1,text,iphone15pro,chinese-018_03,chinese,box-derived
conditional_localization_only,test.csv,test/attack/digital_3/iphone15pro/portugal-NF-1041.jpg,generated_masks/test/attack/digital_3/iphone15pro/portugal-NF-1041.png,1,text,iphone15pro,portugal-NF-1041,portugal,box-derived
conditional_localization_only,test.csv,test/attack/digital_3/iphone15pro/turkiye-01_0090_000-6238b878_0.jpg,generated_masks/test/attack/digital_3/iphone15pro/turkiye-01_0090_000-6238b878_0.png,1,text,iphone15pro,turkiye-01_0090_000-6238b878_0,turkiye,box-derived
conditional_localization_only,test.csv,test/attack/digital_3/iphone15pro/arabic-NM-1090.jpg,generated_masks/test/attack/digital_3/iphone15pro/arabic-NM-1090.png,1,text,iphone15pro,arabic-NM-1090,arabic,box-derived
conditional_localization_only,test.csv,test/attack/digital_3/iphone15pro/turkiye-129_03.jpg,generated_masks/test/attack/digital_3/iphone15pro/turkiye-129_03.png,1,text,iphone15pro,turkiye-129_03,turkiye,box-derived
conditional_localization_only,test.csv,test/attack/digital_3/iphone15pro/portugal-NF-1109.jpg,generated_masks/test/attack/digital_3/iphone15pro/portugal-NF-1109.png,1,text,iphone15pro,portugal-NF-1109,portugal,box-derived
conditional_localization_only,test.csv,test/attack/digital_3/iphone15pro/arabic-01_0002_000-c7338db1_1.jpg,generated_masks/test/attack/digital_3/iphone15pro/arabic-01_0002_000-c7338db1_1.png,1,text,iphone15pro,arabic-01_0002_000-c7338db1_1,arabic,box-derived
conditional_localization_only,test.csv,test/attack/digital_3/iphone15pro/usa-011_03.jpg,generated_masks/test/attack/digital_3/iphone15pro/usa-011_03.png,1,text,iphone15pro,usa-011_03,usa,box-derived
conditional_localization_only,test.csv,test/attack/digital_3/iphone15pro/arabic-NF-1040.jpg,generated_masks/test/attack/digital_3/iphone15pro/arabic-NF-1040.png,1,text,iphone15pro,arabic-NF-1040,arabic,box-derived
conditional_localization_only,test.csv,test/attack/digital_3/iphone15pro/portugal-NM-1091.jpg,generated_masks/test/attack/digital_3/iphone15pro/portugal-NM-1091.png,1,text,iphone15pro,portugal-NM-1091,portugal,box-derived
conditional_localization_only,test.csv,test/attack/digital_3/iphone15pro/usa-137_03.jpg,generated_masks/test/attack/digital_3/iphone15pro/usa-137_03.png,1,text,iphone15pro,usa-137_03,usa,box-derived
conditional_localization_only,test.csv,test/attack/digital_3/iphone15pro/indian-014_03.jpg,generated_masks/test/attack/digital_3/iphone15pro/indian-014_03.png,1,text,iphone15pro,indian-014_03,indian,box-derived
conditional_localization_only,test.csv,test/attack/digital_3/iphone15pro/persian-NF-1043.jpg,generated_masks/test/attack/digital_3/iphone15pro/persian-NF-1043.png,1,text,iphone15pro,persian-NF-1043,persian,box-derived
conditional_localization_only,test.csv,test/attack/digital_3/iphone15pro/russian-01_0075_000-9bed189a_0.jpg,generated_masks/test/attack/digital_3/iphone15pro/russian-01_0075_000-9bed189a_0.png,1,text,iphone15pro,russian-01_0075_000-9bed189a_0,russian,box-derived
conditional_localization_only,test.csv,test/attack/digital_3/iphone15pro/portugal-NF-1086.jpg,generated_masks/test/attack/digital_3/iphone15pro/portugal-NF-1086.png,1,text,iphone15pro,portugal-NF-1086,portugal,box-derived
conditional_localization_only,test.csv,test/attack/digital_3/iphone15pro/chinese-NF-1101.jpg,generated_masks/test/attack/digital_3/iphone15pro/chinese-NF-1101.png,1,text,iphone15pro,chinese-NF-1101,chinese,box-derived
conditional_localization_only,test.csv,test/attack/digital_3/iphone15pro/turkiye-127_03.jpg,generated_masks/test/attack/digital_3/iphone15pro/turkiye-127_03.png,1,text,iphone15pro,turkiye-127_03,turkiye,box-derived
conditional_localization_only,test.csv,test/attack/digital_3/iphone15pro/indian-01_0062_000-c236043f_0.jpg,generated_masks/test/attack/digital_3/iphone15pro/indian-01_0062_000-c236043f_0.png,1,text,iphone15pro,indian-01_0062_000-c236043f_0,indian,box-derived
conditional_localization_only,test.csv,test/attack/digital_3/iphone15pro/turkiye-NM-1019.jpg,generated_masks/test/attack/digital_3/iphone15pro/turkiye-NM-1019.png,1,text,iphone15pro,turkiye-NM-1019,turkiye,box-derived
conditional_localization_only,test.csv,test/attack/digital_3/iphone15pro/chinese-01_0028_000-611e103a_0.jpg,generated_masks/test/attack/digital_3/iphone15pro/chinese-01_0028_000-611e103a_0.png,1,text,iphone15pro,chinese-01_0028_000-611e103a_0,chinese,box-derived
conditional_localization_only,test.csv,test/attack/digital_3/iphone15pro/turkiye-NM-1033.jpg,generated_masks/test/attack/digital_3/iphone15pro/turkiye-NM-1033.png,1,text,iphone15pro,turkiye-NM-1033,turkiye,box-derived
conditional_localization_only,test.csv,test/attack/digital_3/iphone15pro/russian-NF-1081.jpg,generated_masks/test/attack/digital_3/iphone15pro/russian-NF-1081.png,1,text,iphone15pro,russian-NF-1081,russian,box-derived
conditional_localization_only,test.csv,test/attack/digital_3/iphone15pro/persian-01_0065_000-763dd95b_0.jpg,generated_masks/test/attack/digital_3/iphone15pro/persian-01_0065_000-763dd95b_0.png,1,text,iphone15pro,persian-01_0065_000-763dd95b_0,persian,box-derived
conditional_localization_only,test.csv,test/attack/digital_3/iphone15pro/chinese-NF-1088.jpg,generated_masks/test/attack/digital_3/iphone15pro/chinese-NF-1088.png,1,text,iphone15pro,chinese-NF-1088,chinese,box-derived
conditional_localization_only,test.csv,test/attack/digital_3/iphone15pro/ukraine-01_0018_000-aad4322e_0.jpg,generated_masks/test/attack/digital_3/iphone15pro/ukraine-01_0018_000-aad4322e_0.png,1,text,iphone15pro,ukraine-01_0018_000-aad4322e_0,ukraine,box-derived
conditional_localization_only,test.csv,test/attack/digital_3/iphone15pro/french-118_03.jpg,generated_masks/test/attack/digital_3/iphone15pro/french-118_03.png,1,text,iphone15pro,french-118_03,french,box-derived
conditional_localization_only,test.csv,test/attack/digital_3/iphone15pro/persian-NF-1108.jpg,generated_masks/test/attack/digital_3/iphone15pro/persian-NF-1108.png,1,text,iphone15pro,persian-NF-1108,persian,box-derived
conditional_localization_only,test.csv,test/attack/digital_3/iphone15pro/turkiye-01_0074_000-c54807ec_1.jpg,generated_masks/test/attack/digital_3/iphone15pro/turkiye-01_0074_000-c54807ec_1.png,1,text,iphone15pro,turkiye-01_0074_000-c54807ec_1,turkiye,box-derived
conditional_localization_only,test.csv,test/attack/digital_3/iphone15pro/ukraine-NF-1073.jpg,generated_masks/test/attack/digital_3/iphone15pro/ukraine-NF-1073.png,1,text,iphone15pro,ukraine-NF-1073,ukraine,box-derived
conditional_localization_only,test.csv,test/attack/digital_3/iphone15pro/ukraine-01_0077_000-a3228552_1.jpg,generated_masks/test/attack/digital_3/iphone15pro/ukraine-01_0077_000-a3228552_1.png,1,text,iphone15pro,ukraine-01_0077_000-a3228552_1,ukraine,box-derived
conditional_localization_only,test.csv,test/attack/digital_3/iphone15pro/ukraine-103_03.jpg,generated_masks/test/attack/digital_3/iphone15pro/ukraine-103_03.png,1,text,iphone15pro,ukraine-103_03,ukraine,box-derived
conditional_localization_only,test.csv,test/attack/digital_3/iphone15pro/french-01_0070_000-a4a25cda_0.jpg,generated_masks/test/attack/digital_3/iphone15pro/french-01_0070_000-a4a25cda_0.png,1,text,iphone15pro,french-01_0070_000-a4a25cda_0,french,box-derived
conditional_localization_only,test.csv,test/attack/digital_3/iphone15pro/french-01_0006_000-f9f1aca7_0.jpg,generated_masks/test/attack/digital_3/iphone15pro/french-01_0006_000-f9f1aca7_0.png,1,text,iphone15pro,french-01_0006_000-f9f1aca7_0,french,box-derived
conditional_localization_only,test.csv,test/attack/digital_3/iphone15pro/indian-NF-1025.jpg,generated_masks/test/attack/digital_3/iphone15pro/indian-NF-1025.png,1,text,iphone15pro,indian-NF-1025,indian,box-derived
conditional_localization_only,test.csv,test/attack/digital_3/iphone15pro/ukraine-NF-1106.jpg,generated_masks/test/attack/digital_3/iphone15pro/ukraine-NF-1106.png,1,text,iphone15pro,ukraine-NF-1106,ukraine,box-derived
conditional_localization_only,test.csv,test/attack/digital_3/iphone15pro/russian-NF-1080.jpg,generated_masks/test/attack/digital_3/iphone15pro/russian-NF-1080.png,1,text,iphone15pro,russian-NF-1080,russian,box-derived
conditional_localization_only,test.csv,test/attack/digital_3/iphone15pro/turkiye-01_0085_000-65296866_0.jpg,generated_masks/test/attack/digital_3/iphone15pro/turkiye-01_0085_000-65296866_0.png,1,text,iphone15pro,turkiye-01_0085_000-65296866_0,turkiye,box-derived
conditional_localization_only,test.csv,test/attack/digital_3/iphone15pro/russian-NF-1099.jpg,generated_masks/test/attack/digital_3/iphone15pro/russian-NF-1099.png,1,text,iphone15pro,russian-NF-1099,russian,box-derived
conditional_localization_only,test.csv,test/attack/digital_3/iphone15pro/persian-087_03.jpg,generated_masks/test/attack/digital_3/iphone15pro/persian-087_03.png,1,text,iphone15pro,persian-087_03,persian,box-derived
conditional_localization_only,test.csv,test/attack/digital_3/iphone15pro/ukraine-006_03.jpg,generated_masks/test/attack/digital_3/iphone15pro/ukraine-006_03.png,1,text,iphone15pro,ukraine-006_03,ukraine,box-derived
conditional_localization_only,test.csv,test/attack/digital_3/iphone15pro/chinese-01_0034_000-9b26d58c_0.jpg,generated_masks/test/attack/digital_3/iphone15pro/chinese-01_0034_000-9b26d58c_0.png,1,text,iphone15pro,chinese-01_0034_000-9b26d58c_0,chinese,box-derived
conditional_localization_only,test.csv,test/attack/digital_3/iphone15pro/french-NF-1020.jpg,generated_masks/test/attack/digital_3/iphone15pro/french-NF-1020.png,1,text,iphone15pro,french-NF-1020,french,box-derived
conditional_localization_only,test.csv,test/attack/digital_3/iphone15pro/usa-01_0038_000-0ee87df5_0.jpg,generated_masks/test/attack/digital_3/iphone15pro/usa-01_0038_000-0ee87df5_0.png,1,text,iphone15pro,usa-01_0038_000-0ee87df5_0,usa,box-derived
conditional_localization_only,test.csv,test/attack/digital_3/iphone15pro/arabic-120_03.jpg,generated_masks/test/attack/digital_3/iphone15pro/arabic-120_03.png,1,text,iphone15pro,arabic-120_03,arabic,box-derived
conditional_localization_only,test.csv,test/attack/digital_3/iphone15pro/chinese-01_0003_000-98e8eaef_0.jpg,generated_masks/test/attack/digital_3/iphone15pro/chinese-01_0003_000-98e8eaef_0.png,1,text,iphone15pro,chinese-01_0003_000-98e8eaef_0,chinese,box-derived
conditional_localization_only,test.csv,test/attack/digital_3/iphone15pro/french-135_03.jpg,generated_masks/test/attack/digital_3/iphone15pro/french-135_03.png,1,text,iphone15pro,french-135_03,french,box-derived
conditional_localization_only,test.csv,test/attack/digital_3/iphone15pro/indian-01_0004_000-2423feb1_0.jpg,generated_masks/test/attack/digital_3/iphone15pro/indian-01_0004_000-2423feb1_0.png,1,text,iphone15pro,indian-01_0004_000-2423feb1_0,indian,box-derived
conditional_localization_only,test.csv,test/attack/digital_3/iphone15pro/usa-NF-1017.jpg,generated_masks/test/attack/digital_3/iphone15pro/usa-NF-1017.png,1,text,iphone15pro,usa-NF-1017,usa,box-derived
conditional_localization_only,test.csv,test/attack/digital_3/iphone15pro/ukraine-030_03.jpg,generated_masks/test/attack/digital_3/iphone15pro/ukraine-030_03.png,1,text,iphone15pro,ukraine-030_03,ukraine,box-derived
conditional_localization_only,test.csv,test/attack/digital_3/iphone15pro/french-044_03.jpg,generated_masks/test/attack/digital_3/iphone15pro/french-044_03.png,1,text,iphone15pro,french-044_03,french,box-derived
conditional_localization_only,test.csv,test/attack/digital_3/iphone15pro/chinese-NF-1085.jpg,generated_masks/test/attack/digital_3/iphone15pro/chinese-NF-1085.png,1,text,iphone15pro,chinese-NF-1085,chinese,box-derived
conditional_localization_only,test.csv,test/attack/digital_3/iphone15pro/usa-043_03.jpg,generated_masks/test/attack/digital_3/iphone15pro/usa-043_03.png,1,text,iphone15pro,usa-043_03,usa,box-derived
conditional_localization_only,test.csv,test/attack/digital_3/iphone15pro/chinese-NF-1050.jpg,generated_masks/test/attack/digital_3/iphone15pro/chinese-NF-1050.png,1,text,iphone15pro,chinese-NF-1050,chinese,box-derived
conditional_localization_only,test.csv,test/attack/digital_3/iphone15pro/indian-01_0005_000-59069fdd_1.jpg,generated_masks/test/attack/digital_3/iphone15pro/indian-01_0005_000-59069fdd_1.png,1,text,iphone15pro,indian-01_0005_000-59069fdd_1,indian,box-derived
conditional_localization_only,test.csv,test/attack/digital_3/iphone15pro/persian-01_0064_000-daacc8f3_0.jpg,generated_masks/test/attack/digital_3/iphone15pro/persian-01_0064_000-daacc8f3_0.png,1,text,iphone15pro,persian-01_0064_000-daacc8f3_0,persian,box-derived
conditional_localization_only,test.csv,test/attack/digital_3/iphone15pro/french-01_0029_000-d00491e2_1.jpg,generated_masks/test/attack/digital_3/iphone15pro/french-01_0029_000-d00491e2_1.png,1,text,iphone15pro,french-01_0029_000-d00491e2_1,french,box-derived
conditional_localization_only,test.csv,test/attack/digital_3/iphone15pro/ukraine-NF-1068.jpg,generated_masks/test/attack/digital_3/iphone15pro/ukraine-NF-1068.png,1,text,iphone15pro,ukraine-NF-1068,ukraine,box-derived
conditional_localization_only,test.csv,test/attack/digital_3/iphone15pro/portugal-NM-1102.jpg,generated_masks/test/attack/digital_3/iphone15pro/portugal-NM-1102.png,1,text,iphone15pro,portugal-NM-1102,portugal,box-derived
conditional_localization_only,test.csv,test/attack/digital_3/iphone15pro/persian-01_0096_000-75b0e83b_0.jpg,generated_masks/test/attack/digital_3/iphone15pro/persian-01_0096_000-75b0e83b_0.png,1,text,iphone15pro,persian-01_0096_000-75b0e83b_0,persian,box-derived
conditional_localization_only,test.csv,test/attack/digital_3/iphone15pro/usa-067_03.jpg,generated_masks/test/attack/digital_3/iphone15pro/usa-067_03.png,1,text,iphone15pro,usa-067_03,usa,box-derived
conditional_localization_only,test.csv,test/attack/digital_3/iphone15pro/turkiye-NF-1002.jpg,generated_masks/test/attack/digital_3/iphone15pro/turkiye-NF-1002.png,1,text,iphone15pro,turkiye-NF-1002,turkiye,box-derived
conditional_localization_only,test.csv,test/attack/digital_3/iphone15pro/chinese-001_03.jpg,generated_masks/test/attack/digital_3/iphone15pro/chinese-001_03.png,1,text,iphone15pro,chinese-001_03,chinese,box-derived
conditional_localization_only,test.csv,test/attack/digital_3/iphone15pro/turkiye-130_03.jpg,generated_masks/test/attack/digital_3/iphone15pro/turkiye-130_03.png,1,text,iphone15pro,turkiye-130_03,turkiye,box-derived
conditional_localization_only,test.csv,test/attack/digital_3/iphone15pro/chinese-113_03.jpg,generated_masks/test/attack/digital_3/iphone15pro/chinese-113_03.png,1,text,iphone15pro,chinese-113_03,chinese,box-derived
conditional_localization_only,test.csv,test/attack/digital_3/iphone15pro/usa-016_03.jpg,generated_masks/test/attack/digital_3/iphone15pro/usa-016_03.png,1,text,iphone15pro,usa-016_03,usa,box-derived
conditional_localization_only,test.csv,test/attack/digital_3/iphone15pro/chinese-01_0084_000-ba83f345_1.jpg,generated_masks/test/attack/digital_3/iphone15pro/chinese-01_0084_000-ba83f345_1.png,1,text,iphone15pro,chinese-01_0084_000-ba83f345_1,chinese,box-derived
conditional_localization_only,test.csv,test/attack/digital_3/iphone15pro/indian-01_0071_000-73870eac_1.jpg,generated_masks/test/attack/digital_3/iphone15pro/indian-01_0071_000-73870eac_1.png,1,text,iphone15pro,indian-01_0071_000-73870eac_1,indian,box-derived
conditional_localization_only,test.csv,test/attack/digital_3/iphone15pro/turkiye-NM-1011.jpg,generated_masks/test/attack/digital_3/iphone15pro/turkiye-NM-1011.png,1,text,iphone15pro,turkiye-NM-1011,turkiye,box-derived
conditional_localization_only,test.csv,test/attack/digital_3/iphone15pro/arabic-NF-1049.jpg,generated_masks/test/attack/digital_3/iphone15pro/arabic-NF-1049.png,1,text,iphone15pro,arabic-NF-1049,arabic,box-derived
conditional_localization_only,test.csv,test/attack/digital_3/iphone15pro/russian-062_03.jpg,generated_masks/test/attack/digital_3/iphone15pro/russian-062_03.png,1,text,iphone15pro,russian-062_03,russian,box-derived
conditional_localization_only,test.csv,test/attack/digital_3/iphone15pro/usa-NF-1004.jpg,generated_masks/test/attack/digital_3/iphone15pro/usa-NF-1004.png,1,text,iphone15pro,usa-NF-1004,usa,box-derived
conditional_localization_only,test.csv,test/attack/digital_3/iphone15pro/turkiye-01_0078_000-cfc6a96f_1.jpg,generated_masks/test/attack/digital_3/iphone15pro/turkiye-01_0078_000-cfc6a96f_1.png,1,text,iphone15pro,turkiye-01_0078_000-cfc6a96f_1,turkiye,box-derived
conditional_localization_only,test.csv,test/attack/digital_3/iphone15pro/turkiye-008_03.jpg,generated_masks/test/attack/digital_3/iphone15pro/turkiye-008_03.png,1,text,iphone15pro,turkiye-008_03,turkiye,box-derived
conditional_localization_only,test.csv,test/attack/digital_3/iphone15pro/french-091_03.jpg,generated_masks/test/attack/digital_3/iphone15pro/french-091_03.png,1,text,iphone15pro,french-091_03,french,box-derived
conditional_localization_only,test.csv,test/attack/digital_3/iphone15pro/indian-NF-1006.jpg,generated_masks/test/attack/digital_3/iphone15pro/indian-NF-1006.png,1,text,iphone15pro,indian-NF-1006,indian,box-derived
conditional_localization_only,test.csv,test/attack/digital_3/iphone15pro/arabic-NF-1100.jpg,generated_masks/test/attack/digital_3/iphone15pro/arabic-NF-1100.png,1,text,iphone15pro,arabic-NF-1100,arabic,box-derived
conditional_localization_only,test.csv,test/attack/digital_3/iphone15pro/indian-037_03.jpg,generated_masks/test/attack/digital_3/iphone15pro/indian-037_03.png,1,text,iphone15pro,indian-037_03,indian,box-derived
conditional_localization_only,test.csv,test/attack/digital_3/iphone15pro/ukraine-NF-1087.jpg,generated_masks/test/attack/digital_3/iphone15pro/ukraine-NF-1087.png,1,text,iphone15pro,ukraine-NF-1087,ukraine,box-derived
conditional_localization_only,test.csv,test/attack/digital_3/iphone15pro/portugal-NF-1105.jpg,generated_masks/test/attack/digital_3/iphone15pro/portugal-NF-1105.png,1,text,iphone15pro,portugal-NF-1105,portugal,box-derived
conditional_localization_only,test.csv,test/attack/digital_3/iphone15pro/arabic-NF-1048.jpg,generated_masks/test/attack/digital_3/iphone15pro/arabic-NF-1048.png,1,text,iphone15pro,arabic-NF-1048,arabic,box-derived
conditional_localization_only,test.csv,test/attack/digital_3/iphone15pro/chinese-NF-1042.jpg,generated_masks/test/attack/digital_3/iphone15pro/chinese-NF-1042.png,1,text,iphone15pro,chinese-NF-1042,chinese,box-derived
conditional_localization_only,test.csv,test/attack/digital_3/iphone15pro/indian-01_0087_000-7edaffe9_0.jpg,generated_masks/test/attack/digital_3/iphone15pro/indian-01_0087_000-7edaffe9_0.png,1,text,iphone15pro,indian-01_0087_000-7edaffe9_0,indian,box-derived
conditional_localization_only,test.csv,test/attack/digital_3/iphone15pro/portugal-NF-1107.jpg,generated_masks/test/attack/digital_3/iphone15pro/portugal-NF-1107.png,1,text,iphone15pro,portugal-NF-1107,portugal,box-derived
conditional_localization_only,test.csv,test/attack/digital_3/iphone15pro/turkiye-01_0093_000-330a7661_0.jpg,generated_masks/test/attack/digital_3/iphone15pro/turkiye-01_0093_000-330a7661_0.png,1,text,iphone15pro,turkiye-01_0093_000-330a7661_0,turkiye,box-derived
conditional_localization_only,test.csv,test/attack/digital_3/iphone15pro/indian-NF-1039.jpg,generated_masks/test/attack/digital_3/iphone15pro/indian-NF-1039.png,1,text,iphone15pro,indian-NF-1039,indian,box-derived
conditional_localization_only,test.csv,test/attack/digital_3/iphone15pro/turkiye-086_03.jpg,generated_masks/test/attack/digital_3/iphone15pro/turkiye-086_03.png,1,text,iphone15pro,turkiye-086_03,turkiye,box-derived
conditional_localization_only,test.csv,test/attack/digital_3/iphone15pro/portugal-143_03.jpg,generated_masks/test/attack/digital_3/iphone15pro/portugal-143_03.png,1,text,iphone15pro,portugal-143_03,portugal,box-derived
conditional_localization_only,test.csv,test/attack/digital_3/iphone15pro/turkiye-01_0079_000-01a48f56_0.jpg,generated_masks/test/attack/digital_3/iphone15pro/turkiye-01_0079_000-01a48f56_0.png,1,text,iphone15pro,turkiye-01_0079_000-01a48f56_0,turkiye,box-derived
conditional_localization_only,test.csv,test/attack/digital_3/iphone15pro/portugal-NF-1066.jpg,generated_masks/test/attack/digital_3/iphone15pro/portugal-NF-1066.png,1,text,iphone15pro,portugal-NF-1066,portugal,box-derived
conditional_localization_only,test.csv,test/attack/digital_3/iphone15pro/turkiye-01_0081_000-e5c4342a_1.jpg,generated_masks/test/attack/digital_3/iphone15pro/turkiye-01_0081_000-e5c4342a_1.png,1,text,iphone15pro,turkiye-01_0081_000-e5c4342a_1,turkiye,box-derived
conditional_localization_only,test.csv,test/attack/digital_3/iphone15pro/indian-01_0068_000-1b9539d8_0.jpg,generated_masks/test/attack/digital_3/iphone15pro/indian-01_0068_000-1b9539d8_0.png,1,text,iphone15pro,indian-01_0068_000-1b9539d8_0,indian,box-derived
conditional_localization_only,test.csv,test/attack/digital_3/iphone15pro/chinese-081_03.jpg,generated_masks/test/attack/digital_3/iphone15pro/chinese-081_03.png,1,text,iphone15pro,chinese-081_03,chinese,box-derived
conditional_localization_only,test.csv,test/attack/digital_3/iphone15pro/russian-NF-1089.jpg,generated_masks/test/attack/digital_3/iphone15pro/russian-NF-1089.png,1,text,iphone15pro,russian-NF-1089,russian,box-derived
conditional_localization_only,test.csv,test/attack/digital_3/iphone15pro/usa-01_0080_000-0c832328_1.jpg,generated_masks/test/attack/digital_3/iphone15pro/usa-01_0080_000-0c832328_1.png,1,text,iphone15pro,usa-01_0080_000-0c832328_1,usa,box-derived
conditional_localization_only,test.csv,test/attack/digital_3/iphone15pro/ukraine-01_0091_000-2d8a528b_1.jpg,generated_masks/test/attack/digital_3/iphone15pro/ukraine-01_0091_000-2d8a528b_1.png,1,text,iphone15pro,ukraine-01_0091_000-2d8a528b_1,ukraine,box-derived
conditional_localization_only,test.csv,test/attack/digital_3/iphone15pro/portugal-004_03.jpg,generated_masks/test/attack/digital_3/iphone15pro/portugal-004_03.png,1,text,iphone15pro,portugal-004_03,portugal,box-derived
conditional_localization_only,test.csv,test/attack/digital_3/iphone15pro/turkiye-NF-1103.jpg,generated_masks/test/attack/digital_3/iphone15pro/turkiye-NF-1103.png,1,text,iphone15pro,turkiye-NF-1103,turkiye,box-derived
conditional_localization_only,test.csv,test/attack/digital_3/iphone15pro/chinese-107_03.jpg,generated_masks/test/attack/digital_3/iphone15pro/chinese-107_03.png,1,text,iphone15pro,chinese-107_03,chinese,box-derived
conditional_localization_only,test.csv,test/attack/digital_3/iphone15pro/persian-144_03.jpg,generated_masks/test/attack/digital_3/iphone15pro/persian-144_03.png,1,text,iphone15pro,persian-144_03,persian,box-derived
conditional_localization_only,test.csv,test/attack/digital_3/iphone15pro/indian-021_03.jpg,generated_masks/test/attack/digital_3/iphone15pro/indian-021_03.png,1,text,iphone15pro,indian-021_03,indian,box-derived
conditional_localization_only,test.csv,test/attack/digital_3/iphone15pro/chinese-01_0022_000-3b9715ed_0.jpg,generated_masks/test/attack/digital_3/iphone15pro/chinese-01_0022_000-3b9715ed_0.png,1,text,iphone15pro,chinese-01_0022_000-3b9715ed_0,chinese,box-derived
conditional_localization_only,test.csv,test/attack/digital_3/iphone15pro/turkiye-036_03.jpg,generated_masks/test/attack/digital_3/iphone15pro/turkiye-036_03.png,1,text,iphone15pro,turkiye-036_03,turkiye,box-derived
conditional_localization_only,test.csv,test/attack/digital_3/iphone15pro/ukraine-NF-1021.jpg,generated_masks/test/attack/digital_3/iphone15pro/ukraine-NF-1021.png,1,text,iphone15pro,ukraine-NF-1021,ukraine,box-derived
conditional_localization_only,test.csv,test/attack/digital_3/iphone15pro/french-NF-1095.jpg,generated_masks/test/attack/digital_3/iphone15pro/french-NF-1095.png,1,text,iphone15pro,french-NF-1095,french,box-derived
conditional_localization_only,test.csv,test/attack/digital_3/iphone15pro/french-NF-1056.jpg,generated_masks/test/attack/digital_3/iphone15pro/french-NF-1056.png,1,text,iphone15pro,french-NF-1056,french,box-derived
conditional_localization_only,test.csv,test/attack/digital_3/iphone15pro/usa-034_03.jpg,generated_masks/test/attack/digital_3/iphone15pro/usa-034_03.png,1,text,iphone15pro,usa-034_03,usa,box-derived
conditional_localization_only,test.csv,test/attack/digital_3/iphone15pro/persian-01_0092_000-fad05fcd_1.jpg,generated_masks/test/attack/digital_3/iphone15pro/persian-01_0092_000-fad05fcd_1.png,1,text,iphone15pro,persian-01_0092_000-fad05fcd_1,persian,box-derived
conditional_localization_only,test.csv,test/attack/digital_3/iphone15pro/ukraine-01_0073_000-d23bdbae_1.jpg,generated_masks/test/attack/digital_3/iphone15pro/ukraine-01_0073_000-d23bdbae_1.png,1,text,iphone15pro,ukraine-01_0073_000-d23bdbae_1,ukraine,box-derived
conditional_localization_only,test.csv,test/attack/digital_3/iphone15pro/usa-NF-1076.jpg,generated_masks/test/attack/digital_3/iphone15pro/usa-NF-1076.png,1,text,iphone15pro,usa-NF-1076,usa,box-derived
conditional_localization_only,test.csv,test/attack/digital_3/iphone15pro/usa-NF-1062.jpg,generated_masks/test/attack/digital_3/iphone15pro/usa-NF-1062.png,1,text,iphone15pro,usa-NF-1062,usa,box-derived
conditional_localization_only,test.csv,test/attack/digital_3/iphone15pro/chinese-01_0086_000-5a7ac9e6_1.jpg,generated_masks/test/attack/digital_3/iphone15pro/chinese-01_0086_000-5a7ac9e6_1.png,1,text,iphone15pro,chinese-01_0086_000-5a7ac9e6_1,chinese,box-derived
conditional_localization_only,test.csv,test/attack/digital_3/iphone15pro/portugal-NF-1016.jpg,generated_masks/test/attack/digital_3/iphone15pro/portugal-NF-1016.png,1,text,iphone15pro,portugal-NF-1016,portugal,box-derived
conditional_localization_only,test.csv,test/attack/digital_3/iphone15pro/french-01_0094_000-51fbbc37_0.jpg,generated_masks/test/attack/digital_3/iphone15pro/french-01_0094_000-51fbbc37_0.png,1,text,iphone15pro,french-01_0094_000-51fbbc37_0,french,box-derived
conditional_localization_only,test.csv,test/attack/digital_3/iphone15pro/french-NF-1082.jpg,generated_masks/test/attack/digital_3/iphone15pro/french-NF-1082.png,1,text,iphone15pro,french-NF-1082,french,box-derived
conditional_localization_only,test.csv,test/attack/digital_3/iphone15pro/indian-NF-1075.jpg,generated_masks/test/attack/digital_3/iphone15pro/indian-NF-1075.png,1,text,iphone15pro,indian-NF-1075,indian,box-derived
conditional_localization_only,test.csv,test/attack/digital_3/iphone15pro/arabic-173_03.jpg,generated_masks/test/attack/digital_3/iphone15pro/arabic-173_03.png,1,text,iphone15pro,arabic-173_03,arabic,box-derived
conditional_localization_only,test.csv,test/attack/digital_3/iphone15pro/russian-NF-1013.jpg,generated_masks/test/attack/digital_3/iphone15pro/russian-NF-1013.png,1,text,iphone15pro,russian-NF-1013,russian,box-derived
conditional_localization_only,test.csv,test/attack/digital_3/iphone15pro/arabic-024_03.jpg,generated_masks/test/attack/digital_3/iphone15pro/arabic-024_03.png,1,text,iphone15pro,arabic-024_03,arabic,box-derived
conditional_localization_only,test.csv,test/attack/digital_3/iphone15pro/persian-NF-1001.jpg,generated_masks/test/attack/digital_3/iphone15pro/persian-NF-1001.png,1,text,iphone15pro,persian-NF-1001,persian,box-derived
conditional_localization_only,test.csv,test/attack/digital_3/iphone15pro/ukraine-NF-1032.jpg,generated_masks/test/attack/digital_3/iphone15pro/ukraine-NF-1032.png,1,text,iphone15pro,ukraine-NF-1032,ukraine,box-derived
conditional_localization_only,test.csv,test/attack/digital_3/iphone15pro/arabic-NM-1029.jpg,generated_masks/test/attack/digital_3/iphone15pro/arabic-NM-1029.png,1,text,iphone15pro,arabic-NM-1029,arabic,box-derived
conditional_localization_only,test.csv,test/attack/digital_3/iphone15pro/arabic-112_03.jpg,generated_masks/test/attack/digital_3/iphone15pro/arabic-112_03.png,1,text,iphone15pro,arabic-112_03,arabic,box-derived
conditional_localization_only,test.csv,test/attack/digital_3/iphone15pro/turkiye-092_03.jpg,generated_masks/test/attack/digital_3/iphone15pro/turkiye-092_03.png,1,text,iphone15pro,turkiye-092_03,turkiye,box-derived
conditional_localization_only,test.csv,test/attack/digital_3/iphone15pro/portugal-026_03.jpg,generated_masks/test/attack/digital_3/iphone15pro/portugal-026_03.png,1,text,iphone15pro,portugal-026_03,portugal,box-derived
conditional_localization_only,test.csv,test/attack/digital_3/iphone15pro/indian-01_0089_000-f38cdec4_1.jpg,generated_masks/test/attack/digital_3/iphone15pro/indian-01_0089_000-f38cdec4_1.png,1,text,iphone15pro,indian-01_0089_000-f38cdec4_1,indian,box-derived
conditional_localization_only,test.csv,test/attack/digital_3/iphone15pro/chinese-NF-1023.jpg,generated_masks/test/attack/digital_3/iphone15pro/chinese-NF-1023.png,1,text,iphone15pro,chinese-NF-1023,chinese,box-derived
conditional_localization_only,test.csv,test/attack/digital_3/iphone15pro/arabic-NF-1003.jpg,generated_masks/test/attack/digital_3/iphone15pro/arabic-NF-1003.png,1,text,iphone15pro,arabic-NF-1003,arabic,box-derived
conditional_localization_only,test.csv,test/attack/digital_3/iphone15pro/russian-NF-1028.jpg,generated_masks/test/attack/digital_3/iphone15pro/russian-NF-1028.png,1,text,iphone15pro,russian-NF-1028,russian,box-derived
conditional_localization_only,test.csv,test/attack/digital_3/iphone15pro/russian-123_03.jpg,generated_masks/test/attack/digital_3/iphone15pro/russian-123_03.png,1,text,iphone15pro,russian-123_03,russian,box-derived
conditional_localization_only,test.csv,test/attack/digital_3/iphone15pro/usa-063_03.jpg,generated_masks/test/attack/digital_3/iphone15pro/usa-063_03.png,1,text,iphone15pro,usa-063_03,usa,box-derived
conditional_localization_only,test.csv,test/attack/digital_3/iphone15pro/chinese-01_0012_000-48c56e4b_0.jpg,generated_masks/test/attack/digital_3/iphone15pro/chinese-01_0012_000-48c56e4b_0.png,1,text,iphone15pro,chinese-01_0012_000-48c56e4b_0,chinese,box-derived
conditional_localization_only,test.csv,test/attack/digital_3/iphone15pro/turkiye-138_03.jpg,generated_masks/test/attack/digital_3/iphone15pro/turkiye-138_03.png,1,text,iphone15pro,turkiye-138_03,turkiye,box-derived
conditional_localization_only,test.csv,test/attack/digital_3/iphone15pro/turkiye-126_03.jpg,generated_masks/test/attack/digital_3/iphone15pro/turkiye-126_03.png,1,text,iphone15pro,turkiye-126_03,turkiye,box-derived
conditional_localization_only,test.csv,test/attack/digital_3/iphone15pro/usa-136_03.jpg,generated_masks/test/attack/digital_3/iphone15pro/usa-136_03.png,1,text,iphone15pro,usa-136_03,usa,box-derived
conditional_localization_only,test.csv,test/attack/digital_3/iphone15pro/french-NF-1047.jpg,generated_masks/test/attack/digital_3/iphone15pro/french-NF-1047.png,1,text,iphone15pro,french-NF-1047,french,box-derived
conditional_localization_only,test.csv,test/attack/digital_3/iphone15pro/french-097_03.jpg,generated_masks/test/attack/digital_3/iphone15pro/french-097_03.png,1,text,iphone15pro,french-097_03,french,box-derived
conditional_localization_only,test.csv,test/attack/digital_3/iphone15pro/turkiye-NM-1055.jpg,generated_masks/test/attack/digital_3/iphone15pro/turkiye-NM-1055.png,1,text,iphone15pro,turkiye-NM-1055,turkiye,box-derived
conditional_localization_only,test.csv,test/attack/digital_3/iphone15pro/russian-01_0001_000-ff703650_1.jpg,generated_masks/test/attack/digital_3/iphone15pro/russian-01_0001_000-ff703650_1.png,1,text,iphone15pro,russian-01_0001_000-ff703650_1,russian,box-derived
conditional_localization_only,test.csv,test/attack/digital_3/iphone15pro/ukraine-NF-1015.jpg,generated_masks/test/attack/digital_3/iphone15pro/ukraine-NF-1015.png,1,text,iphone15pro,ukraine-NF-1015,ukraine,box-derived
conditional_localization_only,test.csv,test/attack/digital_3/iphone15pro/usa-009_03.jpg,generated_masks/test/attack/digital_3/iphone15pro/usa-009_03.png,1,text,iphone15pro,usa-009_03,usa,box-derived
conditional_localization_only,test.csv,test/attack/digital_3/iphone15pro/russian-01_0201_000-2ea0ec28_0.jpg,generated_masks/test/attack/digital_3/iphone15pro/russian-01_0201_000-2ea0ec28_0.png,1,text,iphone15pro,russian-01_0201_000-2ea0ec28_0,russian,box-derived
conditional_localization_only,test.csv,test/attack/digital_3/iphone15pro/russian-NM-1027.jpg,generated_masks/test/attack/digital_3/iphone15pro/russian-NM-1027.png,1,text,iphone15pro,russian-NM-1027,russian,box-derived
conditional_localization_only,test.csv,test/attack/digital_3/iphone15pro/turkiye-01_0088_000-3739c168_0.jpg,generated_masks/test/attack/digital_3/iphone15pro/turkiye-01_0088_000-3739c168_0.png,1,text,iphone15pro,turkiye-01_0088_000-3739c168_0,turkiye,box-derived
conditional_localization_only,test.csv,test/attack/digital_3/iphone15pro/russian-01_0030_000-0bc18d73_0.jpg,generated_masks/test/attack/digital_3/iphone15pro/russian-01_0030_000-0bc18d73_0.png,1,text,iphone15pro,russian-01_0030_000-0bc18d73_0,russian,box-derived
conditional_localization_only,test.csv,test/attack/digital_3/iphone15pro/russian-002_03.jpg,generated_masks/test/attack/digital_3/iphone15pro/russian-002_03.png,1,text,iphone15pro,russian-002_03,russian,box-derived
conditional_localization_only,test.csv,test/attack/digital_3/iphone15pro/turkiye-01_0035_000-d4764bf3_0.jpg,generated_masks/test/attack/digital_3/iphone15pro/turkiye-01_0035_000-d4764bf3_0.png,1,text,iphone15pro,turkiye-01_0035_000-d4764bf3_0,turkiye,box-derived
conditional_localization_only,test.csv,test/attack/digital_3/iphone15pro/persian-NF-1031.jpg,generated_masks/test/attack/digital_3/iphone15pro/persian-NF-1031.png,1,text,iphone15pro,persian-NF-1031,persian,box-derived
conditional_localization_only,test.csv,test/attack/digital_3/iphone15pro/indian-NF-1096.jpg,generated_masks/test/attack/digital_3/iphone15pro/indian-NF-1096.png,1,text,iphone15pro,indian-NF-1096,indian,box-derived
conditional_localization_only,test.csv,test/attack/digital_3/iphone15pro/turkiye-NF-1054.jpg,generated_masks/test/attack/digital_3/iphone15pro/turkiye-NF-1054.png,1,text,iphone15pro,turkiye-NF-1054,turkiye,box-derived
conditional_localization_only,test.csv,test/attack/digital_3/iphone15pro/indian-01_0082_000-1b935c0e_0.jpg,generated_masks/test/attack/digital_3/iphone15pro/indian-01_0082_000-1b935c0e_0.png,1,text,iphone15pro,indian-01_0082_000-1b935c0e_0,indian,box-derived
conditional_localization_only,test.csv,test/attack/digital_3/iphone15pro/persian-NF-1018.jpg,generated_masks/test/attack/digital_3/iphone15pro/persian-NF-1018.png,1,text,iphone15pro,persian-NF-1018,persian,box-derived
conditional_localization_only,test.csv,test/attack/digital_3/iphone15pro/arabic-01_0076_000-fd5000df_1.jpg,generated_masks/test/attack/digital_3/iphone15pro/arabic-01_0076_000-fd5000df_1.png,1,text,iphone15pro,arabic-01_0076_000-fd5000df_1,arabic,box-derived
conditional_localization_only,test.csv,test/attack/digital_3/iphone15pro/ukraine-01_0083_000-21b44038_0.jpg,generated_masks/test/attack/digital_3/iphone15pro/ukraine-01_0083_000-21b44038_0.png,1,text,iphone15pro,ukraine-01_0083_000-21b44038_0,ukraine,box-derived
conditional_localization_only,test.csv,test/attack/digital_3/iphone15pro/arabic-131_03.jpg,generated_masks/test/attack/digital_3/iphone15pro/arabic-131_03.png,1,text,iphone15pro,arabic-131_03,arabic,box-derived
conditional_localization_only,test.csv,test/attack/digital_3/iphone15pro/portugal-017_03.jpg,generated_masks/test/attack/digital_3/iphone15pro/portugal-017_03.png,1,text,iphone15pro,portugal-017_03,portugal,box-derived
conditional_localization_only,test.csv,test/attack/digital_3/iphone15pro/usa-NF-1046.jpg,generated_masks/test/attack/digital_3/iphone15pro/usa-NF-1046.png,1,text,iphone15pro,usa-NF-1046,usa,box-derived
conditional_localization_only,test.csv,test/attack/digital_3/iphone15pro/french-NF-1110.jpg,generated_masks/test/attack/digital_3/iphone15pro/french-NF-1110.png,1,text,iphone15pro,french-NF-1110,french,box-derived
conditional_localization_only,test.csv,test/attack/digital_3/iphone15pro/french-124_03.jpg,generated_masks/test/attack/digital_3/iphone15pro/french-124_03.png,1,text,iphone15pro,french-124_03,french,box-derived
conditional_localization_only,test.csv,test/attack/digital_3/iphone15pro/persian-NF-1034.jpg,generated_masks/test/attack/digital_3/iphone15pro/persian-NF-1034.png,1,text,iphone15pro,persian-NF-1034,persian,box-derived
conditional_localization_only,test.csv,test/attack/digital_3/iphone15pro/portugal-105_03.jpg,generated_masks/test/attack/digital_3/iphone15pro/portugal-105_03.png,1,text,iphone15pro,portugal-105_03,portugal,box-derived
conditional_localization_only,test.csv,test/attack/digital_3/iphone15pro/portugal-066_03.jpg,generated_masks/test/attack/digital_3/iphone15pro/portugal-066_03.png,1,text,iphone15pro,portugal-066_03,portugal,box-derived
conditional_localization_only,test.csv,test/attack/digital_3/iphone15pro/portugal-NF-1026.jpg,generated_masks/test/attack/digital_3/iphone15pro/portugal-NF-1026.png,1,text,iphone15pro,portugal-NF-1026,portugal,box-derived
conditional_localization_only,test.csv,test/attack/digital_3/iphone15pro/russian-082_03.jpg,generated_masks/test/attack/digital_3/iphone15pro/russian-082_03.png,1,text,iphone15pro,russian-082_03,russian,box-derived
conditional_localization_only,test.csv,test/attack/digital_3/iphone15pro/french-100_03.jpg,generated_masks/test/attack/digital_3/iphone15pro/french-100_03.png,1,text,iphone15pro,french-100_03,french,box-derived
conditional_localization_only,test.csv,test/attack/digital_3/iphone15pro/chinese-01_0007_000-08f07a73_0.jpg,generated_masks/test/attack/digital_3/iphone15pro/chinese-01_0007_000-08f07a73_0.png,1,text,iphone15pro,chinese-01_0007_000-08f07a73_0,chinese,box-derived
conditional_localization_only,test.csv,test/attack/digital_3/iphone15pro/portugal-01_0014_000-6f7ea414_0.jpg,generated_masks/test/attack/digital_3/iphone15pro/portugal-01_0014_000-6f7ea414_0.png,1,text,iphone15pro,portugal-01_0014_000-6f7ea414_0,portugal,box-derived
conditional_localization_only,test.csv,test/attack/digital_3/iphone15pro/portugal-042_03.jpg,generated_masks/test/attack/digital_3/iphone15pro/portugal-042_03.png,1,text,iphone15pro,portugal-042_03,portugal,box-derived
conditional_localization_only,test.csv,test/attack/digital_3/iphone15pro/chinese-NF-1014.jpg,generated_masks/test/attack/digital_3/iphone15pro/chinese-NF-1014.png,1,text,iphone15pro,chinese-NF-1014,chinese,box-derived
conditional_localization_only,test.csv,test/attack/digital_3/iphone15pro/persian-01_0200_000-78393150_0.jpg,generated_masks/test/attack/digital_3/iphone15pro/persian-01_0200_000-78393150_0.png,1,text,iphone15pro,persian-01_0200_000-78393150_0,persian,box-derived
conditional_localization_only,test.csv,test/attack/digital_3/iphone15pro/usa-NF-1051.jpg,generated_masks/test/attack/digital_3/iphone15pro/usa-NF-1051.png,1,text,iphone15pro,usa-NF-1051,usa,box-derived
conditional_localization_only,test.csv,test/attack/digital_3/iphone15pro/ukraine-NM-1007.jpg,generated_masks/test/attack/digital_3/iphone15pro/ukraine-NM-1007.png,1,text,iphone15pro,ukraine-NM-1007,ukraine,box-derived
conditional_localization_only,test.csv,test/attack/digital_3/iphone15pro/french-NM-1070.jpg,generated_masks/test/attack/digital_3/iphone15pro/french-NM-1070.png,1,text,iphone15pro,french-NM-1070,french,box-derived
conditional_localization_only,test.csv,test/attack/digital_3/iphone15pro/french-NM-1104.jpg,generated_masks/test/attack/digital_3/iphone15pro/french-NM-1104.png,1,text,iphone15pro,french-NM-1104,french,box-derived
conditional_localization_only,test.csv,test/attack/digital_3/iphone15pro/chinese-102_03.jpg,generated_masks/test/attack/digital_3/iphone15pro/chinese-102_03.png,1,text,iphone15pro,chinese-102_03,chinese,box-derived
conditional_localization_only,test.csv,test/attack/digital_3/iphone15pro/indian-012_03.jpg,generated_masks/test/attack/digital_3/iphone15pro/indian-012_03.png,1,text,iphone15pro,indian-012_03,indian,box-derived
conditional_localization_only,test.csv,test/attack/digital_3/iphone15pro/persian-069_03.jpg,generated_masks/test/attack/digital_3/iphone15pro/persian-069_03.png,1,text,iphone15pro,persian-069_03,persian,box-derived
conditional_localization_only,test.csv,test/attack/digital_3/iphone15pro/ukraine-NF-1005.jpg,generated_masks/test/attack/digital_3/iphone15pro/ukraine-NF-1005.png,1,text,iphone15pro,ukraine-NF-1005,ukraine,box-derived
conditional_localization_only,test.csv,test/attack/digital_3/iphone15pro/persian-NM-1035.jpg,generated_masks/test/attack/digital_3/iphone15pro/persian-NM-1035.png,1,text,iphone15pro,persian-NM-1035,persian,box-derived
conditional_localization_only,test.csv,test/attack/digital_3/iphone15pro/usa-NF-1093.jpg,generated_masks/test/attack/digital_3/iphone15pro/usa-NF-1093.png,1,text,iphone15pro,usa-NF-1093,usa,box-derived
conditional_localization_only,test.csv,test/attack/digital_3/iphone15pro/usa-NF-1044.jpg,generated_masks/test/attack/digital_3/iphone15pro/usa-NF-1044.png,1,text,iphone15pro,usa-NF-1044,usa,box-derived
conditional_localization_only,test.csv,test/attack/digital_3/iphone15pro/french-090_03.jpg,generated_masks/test/attack/digital_3/iphone15pro/french-090_03.png,1,text,iphone15pro,french-090_03,french,box-derived
conditional_localization_only,test.csv,test/attack/digital_3/iphone15pro/chinese-NF-1072.jpg,generated_masks/test/attack/digital_3/iphone15pro/chinese-NF-1072.png,1,text,iphone15pro,chinese-NF-1072,chinese,box-derived
conditional_localization_only,test.csv,test/attack/digital_3/iphone15pro/portugal-125_03.jpg,generated_masks/test/attack/digital_3/iphone15pro/portugal-125_03.png,1,text,iphone15pro,portugal-125_03,portugal,box-derived
conditional_localization_only,test.csv,test/attack/digital_3/iphone15pro/chinese-01_0019_000-06d51424_0.jpg,generated_masks/test/attack/digital_3/iphone15pro/chinese-01_0019_000-06d51424_0.png,1,text,iphone15pro,chinese-01_0019_000-06d51424_0,chinese,box-derived
conditional_localization_only,test.csv,test/attack/digital_3/iphone15pro/arabic-003_03.jpg,generated_masks/test/attack/digital_3/iphone15pro/arabic-003_03.png,1,text,iphone15pro,arabic-003_03,arabic,box-derived
conditional_localization_only,test.csv,test/attack/digital_3/iphone15pro/turkiye-083_03.jpg,generated_masks/test/attack/digital_3/iphone15pro/turkiye-083_03.png,1,text,iphone15pro,turkiye-083_03,turkiye,box-derived
conditional_localization_only,test.csv,test/attack/digital_3/iphone15pro/persian-NF-1079.jpg,generated_masks/test/attack/digital_3/iphone15pro/persian-NF-1079.png,1,text,iphone15pro,persian-NF-1079,persian,box-derived
conditional_localization_only,test.csv,test/attack/digital_3/iphone15pro/indian-01_0097_000-b71b0c19_0.jpg,generated_masks/test/attack/digital_3/iphone15pro/indian-01_0097_000-b71b0c19_0.png,1,text,iphone15pro,indian-01_0097_000-b71b0c19_0,indian,box-derived
conditional_localization_only,test.csv,test/attack/digital_3/iphone15pro/arabic-01_0095_000-18471808_1.jpg,generated_masks/test/attack/digital_3/iphone15pro/arabic-01_0095_000-18471808_1.png,1,text,iphone15pro,arabic-01_0095_000-18471808_1,arabic,box-derived
conditional_localization_only,test.csv,test/attack/digital_3/iphone15pro/portugal-029_03.jpg,generated_masks/test/attack/digital_3/iphone15pro/portugal-029_03.png,1,text,iphone15pro,portugal-029_03,portugal,box-derived
conditional_localization_only,test.csv,test/attack/digital_3/iphone15pro/arabic-139_03.jpg,generated_masks/test/attack/digital_3/iphone15pro/arabic-139_03.png,1,text,iphone15pro,arabic-139_03,arabic,box-derived
conditional_localization_only,test.csv,test/attack/digital_3/iphone15pro/usa-NF-1036.jpg,generated_masks/test/attack/digital_3/iphone15pro/usa-NF-1036.png,1,text,iphone15pro,usa-NF-1036,usa,box-derived
conditional_localization_only,test.csv,test/attack/digital_3/iphone15pro/portugal-013_03.jpg,generated_masks/test/attack/digital_3/iphone15pro/portugal-013_03.png,1,text,iphone15pro,portugal-013_03,portugal,box-derived
conditional_localization_only,test.csv,test/attack/digital_3/iphone15pro/chinese-096_03.jpg,generated_masks/test/attack/digital_3/iphone15pro/chinese-096_03.png,1,text,iphone15pro,chinese-096_03,chinese,box-derived
conditional_localization_only,test.csv,test/attack/digital_3/iphone15pro/arabic-NF-1053.jpg,generated_masks/test/attack/digital_3/iphone15pro/arabic-NF-1053.png,1,text,iphone15pro,arabic-NF-1053,arabic,box-derived
conditional_localization_only,test.csv,test/attack/digital_3/iphone15pro/chinese-NF-1067.jpg,generated_masks/test/attack/digital_3/iphone15pro/chinese-NF-1067.png,1,text,iphone15pro,chinese-NF-1067,chinese,box-derived
conditional_localization_only,test.csv,test/attack/digital_3/iphone15pro/persian-010_03.jpg,generated_masks/test/attack/digital_3/iphone15pro/persian-010_03.png,1,text,iphone15pro,persian-010_03,persian,box-derived
conditional_localization_only,test.csv,test/attack/digital_3/iphone15pro/indian-108_03.jpg,generated_masks/test/attack/digital_3/iphone15pro/indian-108_03.png,1,text,iphone15pro,indian-108_03,indian,box-derived
